{
	"parent": "item/handheld",
	"textures": {
		"layer0": "item/carrot_on_a_stick"
	},
	
	"overrides": [
		{"predicate": {"custom_model_data":1}, "model": "item/carrot_on_a_stick/1"},
		{"predicate": {"custom_model_data":14}, "model": "item/carrot_on_a_stick/14"},
		{"predicate": {"custom_model_data":26}, "model": "item/carrot_on_a_stick/26"},
		{"predicate": {"custom_model_data":28}, "model": "item/carrot_on_a_stick/28"},
		{"predicate": {"custom_model_data":42}, "model": "item/carrot_on_a_stick/42"},
		{"predicate": {"custom_model_data":51}, "model": "item/carrot_on_a_stick/51"},
		{"predicate": {"custom_model_data":57}, "model": "item/carrot_on_a_stick/57"},
		{"predicate": {"custom_model_data":63}, "model": "item/carrot_on_a_stick/63"},
		{"predicate": {"custom_model_data":78}, "model": "item/carrot_on_a_stick/78"},
		{"predicate": {"custom_model_data":79}, "model": "item/carrot_on_a_stick/79"},
		{"predicate": {"custom_model_data":84}, "model": "item/carrot_on_a_stick/84"},
		{"predicate": {"custom_model_data":89}, "model": "item/carrot_on_a_stick/89"},
		{"predicate": {"custom_model_data":93}, "model": "item/carrot_on_a_stick/93"},
		{"predicate": {"custom_model_data":100}, "model": "item/carrot_on_a_stick/100"}
	]
}