{
	"parent": "item/handheld",
	"textures": {
		"layer0": "item/diamond_sword"
	},
	
	"overrides": [
		{"predicate": {"custom_model_data":2}, "model": "item/diamond_sword/2"},
		{"predicate": {"custom_model_data":5}, "model": "item/diamond_sword/5"},
		{"predicate": {"custom_model_data":6}, "model": "item/diamond_sword/6"},
		{"predicate": {"custom_model_data":8}, "model": "item/diamond_sword/8"},
		{"predicate": {"custom_model_data":9}, "model": "item/diamond_sword/9"},
		{"predicate": {"custom_model_data":10}, "model": "item/diamond_sword/10"},
		{"predicate": {"custom_model_data":11}, "model": "item/diamond_sword/11"},
		{"predicate": {"custom_model_data":12}, "model": "item/diamond_sword/12"},
		{"predicate": {"custom_model_data":13}, "model": "item/diamond_sword/13"},
		{"predicate": {"custom_model_data":14}, "model": "item/diamond_sword/14"},
		{"predicate": {"custom_model_data":15}, "model": "item/diamond_sword/15"},
		{"predicate": {"custom_model_data":16}, "model": "item/diamond_sword/16"},
		{"predicate": {"custom_model_data":17}, "model": "item/diamond_sword/17"},
		{"predicate": {"custom_model_data":18}, "model": "item/diamond_sword/18"},
		{"predicate": {"custom_model_data":19}, "model": "item/diamond_sword/19"},
		{"predicate": {"custom_model_data":20}, "model": "item/diamond_sword/20"},
		{"predicate": {"custom_model_data":21}, "model": "item/diamond_sword/21"},
		{"predicate": {"custom_model_data":22}, "model": "item/diamond_sword/22"},
		{"predicate": {"custom_model_data":23}, "model": "item/diamond_sword/23"},
		{"predicate": {"custom_model_data":24}, "model": "item/diamond_sword/24"},
		{"predicate": {"custom_model_data":25}, "model": "item/diamond_sword/25"},
		{"predicate": {"custom_model_data":27}, "model": "item/diamond_sword/27"},
		{"predicate": {"custom_model_data":28}, "model": "item/diamond_sword/28"},
		{"predicate": {"custom_model_data":29}, "model": "item/diamond_sword/29"},
		{"predicate": {"custom_model_data":30}, "model": "item/diamond_sword/30"},
		{"predicate": {"custom_model_data":31}, "model": "item/diamond_sword/31"},
		{"predicate": {"custom_model_data":32}, "model": "item/diamond_sword/32"},
		{"predicate": {"custom_model_data":33}, "model": "item/diamond_sword/33"},
		{"predicate": {"custom_model_data":34}, "model": "item/diamond_sword/34"},
		{"predicate": {"custom_model_data":35}, "model": "item/diamond_sword/35"},
		{"predicate": {"custom_model_data":36}, "model": "item/diamond_sword/36"},
		{"predicate": {"custom_model_data":37}, "model": "item/diamond_sword/37"},
		{"predicate": {"custom_model_data":38}, "model": "item/diamond_sword/38"},
		{"predicate": {"custom_model_data":39}, "model": "item/diamond_sword/39"},
		{"predicate": {"custom_model_data":40}, "model": "item/diamond_sword/40"},
		{"predicate": {"custom_model_data":41}, "model": "item/diamond_sword/41"},
		{"predicate": {"custom_model_data":42}, "model": "item/diamond_sword/42"},
		{"predicate": {"custom_model_data":43}, "model": "item/diamond_sword/43"},
		{"predicate": {"custom_model_data":44}, "model": "item/diamond_sword/44"},
		{"predicate": {"custom_model_data":45}, "model": "item/diamond_sword/45"},
		{"predicate": {"custom_model_data":46}, "model": "item/diamond_sword/46"},
		{"predicate": {"custom_model_data":47}, "model": "item/diamond_sword/47"},
		{"predicate": {"custom_model_data":48}, "model": "item/diamond_sword/48"},
		{"predicate": {"custom_model_data":49}, "model": "item/diamond_sword/49"},
		{"predicate": {"custom_model_data":50}, "model": "item/diamond_sword/50"},
		{"predicate": {"custom_model_data":51}, "model": "item/diamond_sword/51"},
		{"predicate": {"custom_model_data":52}, "model": "item/diamond_sword/52"},
		{"predicate": {"custom_model_data":53}, "model": "item/diamond_sword/53"},
		{"predicate": {"custom_model_data":54}, "model": "item/diamond_sword/54"},
		{"predicate": {"custom_model_data":55}, "model": "item/diamond_sword/55"},
		{"predicate": {"custom_model_data":56}, "model": "item/diamond_sword/56"},
		{"predicate": {"custom_model_data":58}, "model": "item/diamond_sword/58"},
		{"predicate": {"custom_model_data":59}, "model": "item/diamond_sword/59"},
		{"predicate": {"custom_model_data":60}, "model": "item/diamond_sword/60"},
		{"predicate": {"custom_model_data":61}, "model": "item/diamond_sword/61"},
		{"predicate": {"custom_model_data":62}, "model": "item/diamond_sword/62"},
		{"predicate": {"custom_model_data":63}, "model": "item/diamond_sword/63"},
		{"predicate": {"custom_model_data":64}, "model": "item/diamond_sword/64"},
		{"predicate": {"custom_model_data":65}, "model": "item/diamond_sword/65"},
		{"predicate": {"custom_model_data":66}, "model": "item/diamond_sword/66"},
		{"predicate": {"custom_model_data":67}, "model": "item/diamond_sword/67"},
		{"predicate": {"custom_model_data":68}, "model": "item/diamond_sword/68"},
		{"predicate": {"custom_model_data":69}, "model": "item/diamond_sword/69"},
		{"predicate": {"custom_model_data":70}, "model": "item/diamond_sword/70"},
		{"predicate": {"custom_model_data":71}, "model": "item/diamond_sword/71"},
		{"predicate": {"custom_model_data":72}, "model": "item/diamond_sword/72"},
		{"predicate": {"custom_model_data":73}, "model": "item/diamond_sword/73"},
		{"predicate": {"custom_model_data":74}, "model": "item/diamond_sword/74"},
		{"predicate": {"custom_model_data":75}, "model": "item/diamond_sword/75"},
		{"predicate": {"custom_model_data":80}, "model": "item/diamond_sword/80"},
		{"predicate": {"custom_model_data":81}, "model": "item/diamond_sword/81"},
		{"predicate": {"custom_model_data":82}, "model": "item/diamond_sword/82"},
		{"predicate": {"custom_model_data":83}, "model": "item/diamond_sword/83"},
		{"predicate": {"custom_model_data":84}, "model": "item/diamond_sword/84"},
		{"predicate": {"custom_model_data":85}, "model": "item/diamond_sword/85"},
		{"predicate": {"custom_model_data":86}, "model": "item/diamond_sword/86"},
		{"predicate": {"custom_model_data":87}, "model": "item/diamond_sword/87"},
		{"predicate": {"custom_model_data":88}, "model": "item/diamond_sword/88"},
		{"predicate": {"custom_model_data":89}, "model": "item/diamond_sword/89"},
		{"predicate": {"custom_model_data":90}, "model": "item/diamond_sword/90"},
		{"predicate": {"custom_model_data":91}, "model": "item/diamond_sword/91"},
		{"predicate": {"custom_model_data":92}, "model": "item/diamond_sword/92"},
		{"predicate": {"custom_model_data":93}, "model": "item/diamond_sword/93"},
		{"predicate": {"custom_model_data":94}, "model": "item/diamond_sword/94"},
		{"predicate": {"custom_model_data":95}, "model": "item/diamond_sword/95"},
		{"predicate": {"custom_model_data":96}, "model": "item/diamond_sword/96"},
		{"predicate": {"custom_model_data":97}, "model": "item/diamond_sword/97"},
		{"predicate": {"custom_model_data":98}, "model": "item/diamond_sword/98"},
		{"predicate": {"custom_model_data":99}, "model": "item/diamond_sword/99"},
		{"predicate": {"custom_model_data":100}, "model": "item/diamond_sword/100"},
		{"predicate": {"custom_model_data":101}, "model": "item/diamond_sword/101"},
		{"predicate": {"custom_model_data":102}, "model": "item/diamond_sword/102"},
		{"predicate": {"custom_model_data":103}, "model": "item/diamond_sword/103"},
		{"predicate": {"custom_model_data":104}, "model": "item/diamond_sword/104"},
		{"predicate": {"custom_model_data":105}, "model": "item/diamond_sword/105"},
		{"predicate": {"custom_model_data":106}, "model": "item/diamond_sword/106"},
		{"predicate": {"custom_model_data":107}, "model": "item/diamond_sword/107"},
		{"predicate": {"custom_model_data":108}, "model": "item/diamond_sword/108"},
		{"predicate": {"custom_model_data":109}, "model": "item/diamond_sword/109"},
		{"predicate": {"custom_model_data":110}, "model": "item/diamond_sword/110"},
		{"predicate": {"custom_model_data":111}, "model": "item/diamond_sword/111"},
		{"predicate": {"custom_model_data":114}, "model": "item/diamond_sword/114"},
		{"predicate": {"custom_model_data":115}, "model": "item/diamond_sword/115"},
		{"predicate": {"custom_model_data":116}, "model": "item/diamond_sword/116"},
		{"predicate": {"custom_model_data":117}, "model": "item/diamond_sword/117"},
		{"predicate": {"custom_model_data":118}, "model": "item/diamond_sword/118"},
		{"predicate": {"custom_model_data":119}, "model": "item/diamond_sword/119"},
		{"predicate": {"custom_model_data":120}, "model": "item/diamond_sword/120"},
		{"predicate": {"custom_model_data":121}, "model": "item/diamond_sword/121"},
		{"predicate": {"custom_model_data":122}, "model": "item/diamond_sword/122"},
		{"predicate": {"custom_model_data":123}, "model": "item/diamond_sword/123"},
		{"predicate": {"custom_model_data":124}, "model": "item/diamond_sword/124"}
	]
}