{
	"parent": "item/handheld",
	"textures": {
		"layer0": "item/warped_fungus_on_a_stick"
	},
	
	"overrides": [
		{"predicate": {"custom_model_data":1}, "model": "item/warped_fungus_on_a_stick/1"},
		{"predicate": {"custom_model_data":8}, "model": "item/warped_fungus_on_a_stick/8"},
		{"predicate": {"custom_model_data":20}, "model": "item/warped_fungus_on_a_stick/20"},
		{"predicate": {"custom_model_data":31}, "model": "item/warped_fungus_on_a_stick/31"},
		{"predicate": {"custom_model_data":47}, "model": "item/warped_fungus_on_a_stick/47"},
		{"predicate": {"custom_model_data":50}, "model": "item/warped_fungus_on_a_stick/50"},
		{"predicate": {"custom_model_data":59}, "model": "item/warped_fungus_on_a_stick/59"},
		{"predicate": {"custom_model_data":75}, "model": "item/warped_fungus_on_a_stick/75"},
		{"predicate": {"custom_model_data":76}, "model": "item/warped_fungus_on_a_stick/76"},
		{"predicate": {"custom_model_data":90}, "model": "item/warped_fungus_on_a_stick/90"},
		{"predicate": {"custom_model_data":101}, "model": "item/warped_fungus_on_a_stick/101"},
		{"predicate": {"custom_model_data":112}, "model": "item/warped_fungus_on_a_stick/112"},
		{"predicate": {"custom_model_data":113}, "model": "item/warped_fungus_on_a_stick/113"},
		{"predicate": {"custom_model_data":116}, "model": "item/warped_fungus_on_a_stick/116"},
		{"predicate": {"custom_model_data":120}, "model": "item/warped_fungus_on_a_stick/120"}
	]
}