{
	"credit": "Made with Blockbench",
	"parent": "1",
	"textures": {
		"1": "minecraft:block/soul_lantern",
		"2": "minecraft:block/black_concrete",
		"3": "minecraft:block/blast_furnace_side",
		"4": "minecraft:block/dispenser_front_vertical",
		"5": "minecraft:block/blast_furnace_front",
		"6": "minecraft:block/hay_block_top",
		"particle": "minecraft:block/sea_lantern"
	},
	"elements": [
		{
			"from": [7, 2.2, 6.4],
			"to": [9, 4.8, 7.2],
			"faces": {
				"north": {"uv": [0, 0, 16, 16], "texture": "#2"},
				"east": {"uv": [0, 0, 16, 16], "texture": "#2"},
				"south": {"uv": [0, 0, 16, 16], "texture": "#2"},
				"west": {"uv": [0, 0, 16, 16], "texture": "#2"},
				"up": {"uv": [0, 0, 16, 16], "texture": "#2"},
				"down": {"uv": [0, 0, 16, 16], "texture": "#2"}
			}
		},
		{
			"from": [7, 2.2, 2.2],
			"to": [9, 3.4, 6.4],
			"rotation": {"angle": 0, "axis": "y", "origin": [0, -0.1, 0.2]},
			"faces": {
				"north": {"uv": [0, 0, 16, 16], "texture": "#2"},
				"east": {"uv": [0, 0, 16, 16], "texture": "#2"},
				"south": {"uv": [0, 0, 16, 16], "texture": "#2"},
				"west": {"uv": [0, 0, 16, 16], "texture": "#2"},
				"up": {"uv": [0, 0, 16, 16], "texture": "#2"},
				"down": {"uv": [0, 0, 16, 16], "texture": "#2"}
			}
		},
		{
			"from": [7.2, 1.9, 0.6],
			"to": [8.8, 4.4, 1.4],
			"rotation": {"angle": 0, "axis": "y", "origin": [0, -0.1, 0.2]},
			"faces": {
				"north": {"uv": [1, 3, 5, 8], "texture": "#1"},
				"east": {"uv": [1, 3, 5, 8], "texture": "#1"},
				"south": {"uv": [1, 3, 5, 8], "texture": "#1"},
				"west": {"uv": [1, 3, 5, 8], "texture": "#1"},
				"up": {"uv": [1, 3, 5, 8], "texture": "#1"},
				"down": {"uv": [1, 3, 5, 8], "texture": "#1"}
			}
		},
		{
			"from": [7, 7.6, 1.8],
			"to": [9, 8.4, 2.8],
			"rotation": {"angle": 45, "axis": "x", "origin": [0, 0, 0]},
			"faces": {
				"north": {"uv": [0, 0, 16, 16], "texture": "#2"},
				"east": {"uv": [0, 0, 16, 16], "texture": "#2"},
				"south": {"uv": [0, 0, 16, 16], "texture": "#2"},
				"west": {"uv": [0, 0, 16, 16], "texture": "#2"},
				"up": {"uv": [0, 0, 16, 16], "texture": "#2"},
				"down": {"uv": [0, 0, 16, 16], "texture": "#2"}
			}
		},
		{
			"from": [7, 2.2, 7.2],
			"to": [9, 4, 7.9],
			"faces": {
				"north": {"uv": [0, 0, 16, 16], "texture": "#2"},
				"east": {"uv": [0, 0, 16, 16], "texture": "#2"},
				"south": {"uv": [0, 0, 16, 16], "texture": "#2"},
				"west": {"uv": [0, 0, 16, 16], "texture": "#2"},
				"up": {"uv": [0, 0, 16, 16], "texture": "#2"},
				"down": {"uv": [0, 0, 16, 16], "texture": "#2"}
			}
		},
		{
			"from": [7.3, 2, 0],
			"to": [8.7, 4.4, 0.4],
			"rotation": {"angle": 0, "axis": "y", "origin": [0, -0.1, 0.2]},
			"faces": {
				"north": {"uv": [1, 10, 15, 15], "texture": "#3"},
				"east": {"uv": [1, 10, 15, 15], "texture": "#3"},
				"south": {"uv": [1, 10, 15, 15], "texture": "#3"},
				"west": {"uv": [1, 10, 15, 15], "texture": "#3"},
				"up": {"uv": [1, 10, 15, 15], "texture": "#3"},
				"down": {"uv": [1, 10, 15, 15], "texture": "#3"}
			}
		},
		{
			"from": [7.1, 4.5, 1.3],
			"to": [8.9, 4.7, 2.5],
			"rotation": {"angle": 0, "axis": "y", "origin": [0, -0.1, 0.2]},
			"faces": {
				"north": {"uv": [1, 10, 15, 15], "texture": "#3"},
				"east": {"uv": [1, 10, 15, 15], "texture": "#3"},
				"south": {"uv": [1, 10, 15, 15], "texture": "#3"},
				"west": {"uv": [1, 10, 15, 15], "texture": "#3"},
				"up": {"uv": [1, 10, 15, 15], "texture": "#3"},
				"down": {"uv": [1, 10, 15, 15], "texture": "#3"}
			}
		},
		{
			"from": [7, 1.7, 1.3],
			"to": [9, 3.6, 2.2],
			"rotation": {"angle": 0, "axis": "y", "origin": [0, -0.1, 0.2]},
			"faces": {
				"north": {"uv": [1, 10, 15, 15], "texture": "#3"},
				"east": {"uv": [1, 10, 15, 15], "texture": "#3"},
				"south": {"uv": [1, 10, 15, 15], "texture": "#3"},
				"west": {"uv": [1, 10, 15, 15], "texture": "#3"},
				"up": {"uv": [1, 10, 15, 15], "texture": "#3"},
				"down": {"uv": [1, 10, 15, 15], "texture": "#3"}
			}
		},
		{
			"from": [7.1, 3.9, 0.5],
			"to": [8.9, 4.5, 1.4],
			"rotation": {"angle": 0, "axis": "y", "origin": [0, -0.1, 0.2]},
			"faces": {
				"north": {"uv": [1, 10, 15, 15], "texture": "#3"},
				"east": {"uv": [1, 10, 15, 15], "texture": "#3"},
				"south": {"uv": [1, 10, 15, 15], "texture": "#3"},
				"west": {"uv": [1, 10, 15, 15], "texture": "#3"},
				"up": {"uv": [1, 10, 15, 15], "texture": "#3"},
				"down": {"uv": [1, 10, 15, 15], "texture": "#3"}
			}
		},
		{
			"from": [7.1, 3.2, 0.5],
			"to": [8.9, 3.5, 1.4],
			"rotation": {"angle": 0, "axis": "y", "origin": [0, -0.1, 0.2]},
			"faces": {
				"north": {"uv": [1, 10, 15, 15], "texture": "#3"},
				"east": {"uv": [1, 10, 15, 15], "texture": "#3"},
				"south": {"uv": [1, 10, 15, 15], "texture": "#3"},
				"west": {"uv": [1, 10, 15, 15], "texture": "#3"},
				"up": {"uv": [1, 10, 15, 15], "texture": "#3"},
				"down": {"uv": [1, 10, 15, 15], "texture": "#3"}
			}
		},
		{
			"from": [7.1, 1.9, 0.5],
			"to": [8.9, 2.2, 1.4],
			"rotation": {"angle": 0, "axis": "y", "origin": [0, -0.1, 0.2]},
			"faces": {
				"north": {"uv": [1, 10, 15, 15], "texture": "#3"},
				"east": {"uv": [1, 10, 15, 15], "texture": "#3"},
				"south": {"uv": [1, 10, 15, 15], "texture": "#3"},
				"west": {"uv": [1, 10, 15, 15], "texture": "#3"},
				"up": {"uv": [1, 10, 15, 15], "texture": "#3"},
				"down": {"uv": [1, 10, 15, 15], "texture": "#3"}
			}
		},
		{
			"from": [7.1, 2.5, 0.5],
			"to": [8.9, 2.8, 1.4],
			"rotation": {"angle": 0, "axis": "y", "origin": [0, -0.1, 0.2]},
			"faces": {
				"north": {"uv": [1, 10, 15, 15], "texture": "#3"},
				"east": {"uv": [1, 10, 15, 15], "texture": "#3"},
				"south": {"uv": [1, 10, 15, 15], "texture": "#3"},
				"west": {"uv": [1, 10, 15, 15], "texture": "#3"},
				"up": {"uv": [1, 10, 15, 15], "texture": "#3"},
				"down": {"uv": [1, 10, 15, 15], "texture": "#3"}
			}
		},
		{
			"from": [7.1, 1.9, 0.3],
			"to": [8.9, 4.5, 0.6],
			"rotation": {"angle": 0, "axis": "y", "origin": [0, -0.1, 0.2]},
			"faces": {
				"north": {"uv": [1, 10, 15, 15], "texture": "#3"},
				"east": {"uv": [1, 10, 15, 15], "texture": "#3"},
				"south": {"uv": [1, 10, 15, 15], "texture": "#3"},
				"west": {"uv": [1, 10, 15, 15], "texture": "#3"},
				"up": {"uv": [1, 10, 15, 15], "texture": "#3"},
				"down": {"uv": [1, 10, 15, 15], "texture": "#3"}
			}
		},
		{
			"from": [7.1, 3.4, 3],
			"to": [8.9, 4.6, 3.4],
			"rotation": {"angle": 0, "axis": "y", "origin": [0, -0.1, 0.2]},
			"faces": {
				"north": {"uv": [1, 3, 5, 8], "texture": "#1"},
				"east": {"uv": [1, 3, 5, 8], "texture": "#1"},
				"south": {"uv": [1, 3, 5, 8], "texture": "#1"},
				"west": {"uv": [1, 3, 5, 8], "texture": "#1"},
				"up": {"uv": [1, 3, 5, 8], "texture": "#1"},
				"down": {"uv": [1, 3, 5, 8], "texture": "#1"}
			}
		},
		{
			"from": [7.1, 3.4, 3.5],
			"to": [8.9, 4.6, 3.9],
			"rotation": {"angle": 0, "axis": "y", "origin": [0, -0.1, 0.2]},
			"faces": {
				"north": {"uv": [1, 3, 5, 8], "texture": "#1"},
				"east": {"uv": [1, 3, 5, 8], "texture": "#1"},
				"south": {"uv": [1, 3, 5, 8], "texture": "#1"},
				"west": {"uv": [1, 3, 5, 8], "texture": "#1"},
				"up": {"uv": [1, 3, 5, 8], "texture": "#1"},
				"down": {"uv": [1, 3, 5, 8], "texture": "#1"}
			}
		},
		{
			"from": [7.1, 3.4, 4],
			"to": [8.9, 4.6, 4.4],
			"rotation": {"angle": 0, "axis": "y", "origin": [0, -0.1, 0.2]},
			"faces": {
				"north": {"uv": [1, 3, 5, 8], "texture": "#1"},
				"east": {"uv": [1, 3, 5, 8], "texture": "#1"},
				"south": {"uv": [1, 3, 5, 8], "texture": "#1"},
				"west": {"uv": [1, 3, 5, 8], "texture": "#1"},
				"up": {"uv": [1, 3, 5, 8], "texture": "#1"},
				"down": {"uv": [1, 3, 5, 8], "texture": "#1"}
			}
		},
		{
			"from": [7.1, 3.4, 4.5],
			"to": [8.9, 4.6, 4.9],
			"rotation": {"angle": 0, "axis": "y", "origin": [0, -0.1, 0.2]},
			"faces": {
				"north": {"uv": [1, 3, 5, 8], "texture": "#1"},
				"east": {"uv": [1, 3, 5, 8], "texture": "#1"},
				"south": {"uv": [1, 3, 5, 8], "texture": "#1"},
				"west": {"uv": [1, 3, 5, 8], "texture": "#1"},
				"up": {"uv": [1, 3, 5, 8], "texture": "#1"},
				"down": {"uv": [1, 3, 5, 8], "texture": "#1"}
			}
		},
		{
			"from": [7.1, 3.4, 5],
			"to": [8.9, 4.6, 5.4],
			"rotation": {"angle": 0, "axis": "y", "origin": [0, -0.1, 0.2]},
			"faces": {
				"north": {"uv": [1, 3, 5, 8], "texture": "#1"},
				"east": {"uv": [1, 3, 5, 8], "texture": "#1"},
				"south": {"uv": [1, 3, 5, 8], "texture": "#1"},
				"west": {"uv": [1, 3, 5, 8], "texture": "#1"},
				"up": {"uv": [1, 3, 5, 8], "texture": "#1"},
				"down": {"uv": [1, 3, 5, 8], "texture": "#1"}
			}
		},
		{
			"from": [7.1, 3.4, 5.5],
			"to": [8.9, 4.6, 5.9],
			"rotation": {"angle": 0, "axis": "y", "origin": [0, -0.1, 0.2]},
			"faces": {
				"north": {"uv": [1, 3, 5, 8], "texture": "#1"},
				"east": {"uv": [1, 3, 5, 8], "texture": "#1"},
				"south": {"uv": [1, 3, 5, 8], "texture": "#1"},
				"west": {"uv": [1, 3, 5, 8], "texture": "#1"},
				"up": {"uv": [1, 3, 5, 8], "texture": "#1"},
				"down": {"uv": [1, 3, 5, 8], "texture": "#1"}
			}
		},
		{
			"from": [7.1, 3.4, 6],
			"to": [8.9, 4.6, 6.4],
			"rotation": {"angle": 0, "axis": "y", "origin": [0, -0.1, 0.2]},
			"faces": {
				"north": {"uv": [1, 3, 5, 8], "texture": "#1"},
				"east": {"uv": [1, 3, 5, 8], "texture": "#1"},
				"south": {"uv": [1, 3, 5, 8], "texture": "#1"},
				"west": {"uv": [1, 3, 5, 8], "texture": "#1"},
				"up": {"uv": [1, 3, 5, 8], "texture": "#1"},
				"down": {"uv": [1, 3, 5, 8], "texture": "#1"}
			}
		},
		{
			"from": [7.6, 1.1, 4.4],
			"to": [8.4, 1.4, 5.2],
			"faces": {
				"north": {"uv": [1, 10, 15, 15], "texture": "#3"},
				"east": {"uv": [1, 10, 15, 15], "texture": "#3"},
				"south": {"uv": [1, 10, 15, 15], "texture": "#3"},
				"west": {"uv": [1, 10, 15, 15], "texture": "#3"},
				"up": {"uv": [1, 10, 15, 15], "texture": "#3"},
				"down": {"uv": [1, 10, 15, 15], "texture": "#3"}
			}
		},
		{
			"from": [7, 1.7, 2.2],
			"to": [9, 2.2, 4.2],
			"rotation": {"angle": 0, "axis": "y", "origin": [0, -0.1, 1.3]},
			"faces": {
				"north": {"uv": [0, 0, 16, 16], "texture": "#2"},
				"east": {"uv": [0, 0, 16, 16], "texture": "#2"},
				"south": {"uv": [0, 0, 16, 16], "texture": "#2"},
				"west": {"uv": [0, 0, 16, 16], "texture": "#2"},
				"up": {"uv": [0, 0, 16, 16], "texture": "#2"},
				"down": {"uv": [0, 0, 16, 16], "texture": "#2"}
			}
		},
		{
			"from": [7.7, -2.2, 6.1],
			"to": [8.3, 0, 6.6],
			"rotation": {"angle": -22.5, "axis": "x", "origin": [0, 0, 0]},
			"faces": {
				"north": {"uv": [1, 10, 15, 15], "texture": "#3"},
				"east": {"uv": [1, 10, 15, 15], "texture": "#3"},
				"south": {"uv": [1, 10, 15, 15], "texture": "#3"},
				"west": {"uv": [1, 10, 15, 15], "texture": "#3"},
				"up": {"uv": [1, 10, 15, 15], "texture": "#3"},
				"down": {"uv": [1, 10, 15, 15], "texture": "#3"}
			}
		},
		{
			"from": [7.6, 1.4, 5.4],
			"to": [8.4, 1.6, 6.4],
			"faces": {
				"north": {"uv": [1, 10, 15, 15], "texture": "#3"},
				"east": {"uv": [1, 10, 15, 15], "texture": "#3"},
				"south": {"uv": [1, 10, 15, 15], "texture": "#3"},
				"west": {"uv": [1, 10, 15, 15], "texture": "#3"},
				"up": {"uv": [1, 10, 15, 15], "texture": "#3"},
				"down": {"uv": [1, 10, 15, 15], "texture": "#3"}
			}
		},
		{
			"from": [7.7, 3.6, 4.4],
			"to": [8.2, 4.3, 4.6],
			"rotation": {"angle": 22.5, "axis": "x", "origin": [0, 0, 0.3]},
			"faces": {
				"north": {"uv": [1, 10, 15, 15], "texture": "#3"},
				"east": {"uv": [1, 10, 15, 15], "texture": "#3"},
				"south": {"uv": [1, 10, 15, 15], "texture": "#3"},
				"west": {"uv": [1, 10, 15, 15], "texture": "#3"},
				"up": {"uv": [1, 10, 15, 15], "texture": "#3"},
				"down": {"uv": [1, 10, 15, 15], "texture": "#3"}
			}
		},
		{
			"from": [7.6, 3.2, -0.2],
			"to": [8.4, 4, 0],
			"rotation": {"angle": 0, "axis": "y", "origin": [0, -0.1, 0.2]},
			"faces": {
				"north": {"uv": [5, 5, 11, 11], "texture": "#4"},
				"east": {"uv": [1, 10, 15, 15], "texture": "#3"},
				"south": {"uv": [1, 10, 15, 15], "texture": "#3"},
				"west": {"uv": [1, 10, 15, 15], "texture": "#3"},
				"up": {"uv": [1, 10, 15, 15], "texture": "#3"},
				"down": {"uv": [1, 10, 15, 15], "texture": "#3"}
			}
		},
		{
			"from": [7.1, 3.4, 3.4],
			"to": [8.9, 4.6, 3.5],
			"rotation": {"angle": 0, "axis": "y", "origin": [0, -0.1, 0.2]},
			"faces": {
				"north": {"uv": [1, 3, 2, 4], "texture": "#1"},
				"east": {"uv": [1, 3, 2, 4], "texture": "#1"},
				"south": {"uv": [1, 3, 2, 4], "texture": "#1"},
				"west": {"uv": [1, 3, 2, 4], "texture": "#1"},
				"up": {"uv": [1, 3, 2, 4], "texture": "#1"},
				"down": {"uv": [1, 3, 2, 4], "texture": "#1"}
			}
		},
		{
			"from": [7.1, 3.4, 3.9],
			"to": [8.9, 4.6, 4],
			"rotation": {"angle": 0, "axis": "y", "origin": [0, -0.1, 0.2]},
			"faces": {
				"north": {"uv": [1, 3, 2, 4], "texture": "#1"},
				"east": {"uv": [1, 3, 2, 4], "texture": "#1"},
				"south": {"uv": [1, 3, 2, 4], "texture": "#1"},
				"west": {"uv": [1, 3, 2, 4], "texture": "#1"},
				"up": {"uv": [1, 3, 2, 4], "texture": "#1"},
				"down": {"uv": [1, 3, 2, 4], "texture": "#1"}
			}
		},
		{
			"from": [7.1, 3.4, 4.4],
			"to": [8.9, 4.6, 4.5],
			"rotation": {"angle": 0, "axis": "y", "origin": [0, -0.1, 0.2]},
			"faces": {
				"north": {"uv": [1, 3, 2, 4], "texture": "#1"},
				"east": {"uv": [1, 3, 2, 4], "texture": "#1"},
				"south": {"uv": [1, 3, 2, 4], "texture": "#1"},
				"west": {"uv": [1, 3, 2, 4], "texture": "#1"},
				"up": {"uv": [1, 3, 2, 4], "texture": "#1"},
				"down": {"uv": [1, 3, 2, 4], "texture": "#1"}
			}
		},
		{
			"from": [7.1, 3.4, 4.9],
			"to": [8.9, 4.6, 5],
			"rotation": {"angle": 0, "axis": "y", "origin": [0, -0.1, 0.2]},
			"faces": {
				"north": {"uv": [1, 3, 2, 4], "texture": "#1"},
				"east": {"uv": [1, 3, 2, 4], "texture": "#1"},
				"south": {"uv": [1, 3, 2, 4], "texture": "#1"},
				"west": {"uv": [1, 3, 2, 4], "texture": "#1"},
				"up": {"uv": [1, 3, 2, 4], "texture": "#1"},
				"down": {"uv": [1, 3, 2, 4], "texture": "#1"}
			}
		},
		{
			"from": [7.1, 3.4, 5.4],
			"to": [8.9, 4.6, 5.5],
			"rotation": {"angle": 0, "axis": "y", "origin": [0, -0.1, 0.2]},
			"faces": {
				"north": {"uv": [1, 3, 2, 4], "texture": "#1"},
				"east": {"uv": [1, 3, 2, 4], "texture": "#1"},
				"south": {"uv": [1, 3, 2, 4], "texture": "#1"},
				"west": {"uv": [1, 3, 2, 4], "texture": "#1"},
				"up": {"uv": [1, 3, 2, 4], "texture": "#1"},
				"down": {"uv": [1, 3, 2, 4], "texture": "#1"}
			}
		},
		{
			"from": [7.1, 3.4, 5.9],
			"to": [8.9, 4.6, 6],
			"rotation": {"angle": 0, "axis": "y", "origin": [0, -0.1, 0.2]},
			"faces": {
				"north": {"uv": [1, 3, 2, 4], "texture": "#1"},
				"east": {"uv": [1, 3, 2, 4], "texture": "#1"},
				"south": {"uv": [1, 3, 2, 4], "texture": "#1"},
				"west": {"uv": [1, 3, 2, 4], "texture": "#1"},
				"up": {"uv": [1, 3, 2, 4], "texture": "#1"},
				"down": {"uv": [1, 3, 2, 4], "texture": "#1"}
			}
		},
		{
			"from": [7.6, -2.3, 5.8],
			"to": [8.4, -2.2, 7],
			"rotation": {"angle": -22.5, "axis": "x", "origin": [0, 0, 0]},
			"faces": {
				"north": {"uv": [1, 10, 15, 15], "texture": "#3"},
				"east": {"uv": [1, 10, 15, 15], "texture": "#3"},
				"south": {"uv": [1, 10, 15, 15], "texture": "#3"},
				"west": {"uv": [1, 10, 15, 15], "texture": "#3"},
				"up": {"uv": [1, 10, 15, 15], "texture": "#3"},
				"down": {"uv": [1, 10, 15, 15], "texture": "#3"}
			}
		},
		{
			"from": [7.3, 8.4, 1.8],
			"to": [8.7, 8.9, 2.3],
			"rotation": {"angle": 45, "axis": "x", "origin": [0, 0, 0]},
			"faces": {
				"north": {"uv": [0, 0, 16, 16], "texture": "#2"},
				"east": {"uv": [0, 0, 16, 16], "texture": "#2"},
				"south": {"uv": [0, 0, 16, 16], "texture": "#2"},
				"west": {"uv": [0, 0, 16, 16], "texture": "#2"},
				"up": {"uv": [0, 0, 16, 16], "texture": "#2"},
				"down": {"uv": [0, 0, 16, 16], "texture": "#2"}
			}
		},
		{
			"from": [7, 2.7, 3.1],
			"to": [9, 3.3, 3.3],
			"rotation": {"angle": 22.5, "axis": "x", "origin": [0, -0.1, 1.3]},
			"faces": {
				"north": {"uv": [0, 0, 16, 16], "rotation": 270, "texture": "#2"},
				"east": {"uv": [0, 0, 16, 16], "rotation": 270, "texture": "#2"},
				"south": {"uv": [0, 0, 16, 16], "rotation": 270, "texture": "#2"},
				"west": {"uv": [0, 0, 16, 16], "rotation": 270, "texture": "#2"},
				"up": {"uv": [0, 0, 16, 16], "rotation": 270, "texture": "#2"},
				"down": {"uv": [0, 0, 16, 16], "rotation": 270, "texture": "#2"}
			}
		},
		{
			"from": [7.6, 1.2, 5.2],
			"to": [8.4, 1.4, 5.4],
			"faces": {
				"north": {"uv": [1, 10, 15, 15], "texture": "#3"},
				"east": {"uv": [1, 10, 15, 15], "texture": "#3"},
				"south": {"uv": [1, 10, 15, 15], "texture": "#3"},
				"west": {"uv": [1, 10, 15, 15], "texture": "#3"},
				"up": {"uv": [1, 10, 15, 15], "texture": "#3"},
				"down": {"uv": [1, 10, 15, 15], "texture": "#3"}
			}
		},
		{
			"from": [7.6, 1.2, 4.2],
			"to": [8.4, 1.4, 4.4],
			"faces": {
				"north": {"uv": [1, 10, 15, 15], "texture": "#3"},
				"east": {"uv": [1, 10, 15, 15], "texture": "#3"},
				"south": {"uv": [1, 10, 15, 15], "texture": "#3"},
				"west": {"uv": [1, 10, 15, 15], "texture": "#3"},
				"up": {"uv": [1, 10, 15, 15], "texture": "#3"},
				"down": {"uv": [1, 10, 15, 15], "texture": "#3"}
			}
		},
		{
			"from": [7.6, 1, 4.7],
			"to": [8.4, 1.1, 4.9],
			"faces": {
				"north": {"uv": [1, 10, 15, 15], "texture": "#3"},
				"east": {"uv": [1, 10, 15, 15], "texture": "#3"},
				"south": {"uv": [1, 10, 15, 15], "texture": "#3"},
				"west": {"uv": [1, 10, 15, 15], "texture": "#3"},
				"up": {"uv": [1, 10, 15, 15], "texture": "#3"},
				"down": {"uv": [1, 10, 15, 15], "texture": "#3"}
			}
		},
		{
			"from": [7.6, 1.4, 4.2],
			"to": [8.4, 2.2, 5.4],
			"faces": {
				"north": {"uv": [1, 10, 15, 15], "texture": "#3"},
				"east": {"uv": [1, 10, 15, 15], "texture": "#3"},
				"south": {"uv": [1, 10, 15, 15], "texture": "#3"},
				"west": {"uv": [1, 10, 15, 15], "texture": "#3"},
				"up": {"uv": [1, 10, 15, 15], "texture": "#3"},
				"down": {"uv": [1, 10, 15, 15], "texture": "#3"}
			}
		},
		{
			"from": [7.7, 1.9, 5.5],
			"to": [8.2, 2.2, 5.8],
			"rotation": {"angle": 0, "axis": "y", "origin": [0, 0, 0.3]},
			"faces": {
				"north": {"uv": [1, 10, 15, 15], "texture": "#3"},
				"east": {"uv": [1, 10, 15, 15], "texture": "#3"},
				"south": {"uv": [1, 10, 15, 15], "texture": "#3"},
				"west": {"uv": [1, 10, 15, 15], "texture": "#3"},
				"up": {"uv": [1, 10, 15, 15], "texture": "#3"},
				"down": {"uv": [1, 10, 15, 15], "texture": "#3"}
			}
		},
		{
			"from": [7.1, 1.5, 2.2],
			"to": [8.9, 1.7, 2.4],
			"rotation": {"angle": 0, "axis": "y", "origin": [0, -0.1, 0.2]},
			"faces": {
				"north": {"uv": [0, 0, 16, 16], "texture": "#2"},
				"east": {"uv": [0, 0, 16, 16], "texture": "#2"},
				"south": {"uv": [0, 0, 16, 16], "texture": "#2"},
				"west": {"uv": [0, 0, 16, 16], "texture": "#2"},
				"up": {"uv": [0, 0, 16, 16], "texture": "#2"},
				"down": {"uv": [0, 0, 16, 16], "texture": "#2"}
			}
		},
		{
			"from": [7.2, 1.7, 0.5],
			"to": [8.8, 1.9, 1.3],
			"rotation": {"angle": 0, "axis": "y", "origin": [0, -0.1, 0.2]},
			"faces": {
				"north": {"uv": [1, 10, 15, 15], "texture": "#3"},
				"east": {"uv": [1, 10, 15, 15], "texture": "#3"},
				"south": {"uv": [1, 10, 15, 15], "texture": "#3"},
				"west": {"uv": [1, 10, 15, 15], "texture": "#3"},
				"up": {"uv": [1, 10, 15, 15], "texture": "#3"},
				"down": {"uv": [1, 10, 15, 15], "texture": "#3"}
			}
		},
		{
			"from": [7, 3.4, 2.5],
			"to": [9, 4.7, 3],
			"rotation": {"angle": 0, "axis": "y", "origin": [0, -0.1, 0.2]},
			"faces": {
				"north": {"uv": [0, 0, 16, 16], "texture": "#2"},
				"east": {"uv": [0, 0, 16, 16], "texture": "#2"},
				"south": {"uv": [0, 0, 16, 16], "texture": "#2"},
				"west": {"uv": [0, 0, 16, 16], "texture": "#2"},
				"up": {"uv": [0, 0, 16, 16], "texture": "#2"},
				"down": {"uv": [0, 0, 16, 16], "texture": "#2"}
			}
		},
		{
			"from": [7.1, 1.5, 1.3],
			"to": [8.9, 1.7, 2.2],
			"rotation": {"angle": 0, "axis": "y", "origin": [0, -0.1, 0.2]},
			"faces": {
				"north": {"uv": [1, 10, 15, 15], "texture": "#3"},
				"east": {"uv": [1, 10, 15, 15], "texture": "#3"},
				"south": {"uv": [1, 10, 15, 15], "texture": "#3"},
				"west": {"uv": [1, 10, 15, 15], "texture": "#3"},
				"up": {"uv": [1, 10, 15, 15], "texture": "#3"},
				"down": {"uv": [1, 10, 15, 15], "texture": "#3"}
			}
		},
		{
			"from": [7.4, 1.2, 2.4],
			"to": [8.6, 1.7, 4.1],
			"rotation": {"angle": 0, "axis": "y", "origin": [0, -0.1, 0.2]},
			"faces": {
				"north": {"uv": [0, 5, 16, 15], "texture": "#5"},
				"east": {"uv": [0, 5, 16, 15], "texture": "#5"},
				"south": {"uv": [0, 5, 16, 15], "texture": "#5"},
				"west": {"uv": [0, 5, 16, 15], "texture": "#5"},
				"up": {"uv": [0, 5, 16, 15], "texture": "#5"},
				"down": {"uv": [0, 5, 16, 15], "texture": "#5"}
			}
		},
		{
			"from": [7, 4.6, 3],
			"to": [9, 4.7, 3.2],
			"rotation": {"angle": 0, "axis": "y", "origin": [0, -0.1, 0.2]},
			"faces": {
				"north": {"uv": [0, 0, 16, 16], "texture": "#2"},
				"east": {"uv": [0, 0, 16, 16], "texture": "#2"},
				"south": {"uv": [0, 0, 16, 16], "texture": "#2"},
				"west": {"uv": [0, 0, 16, 16], "texture": "#2"},
				"up": {"uv": [0, 0, 16, 16], "texture": "#2"},
				"down": {"uv": [0, 0, 16, 16], "texture": "#2"}
			}
		},
		{
			"from": [7.6, 1.4, 6.4],
			"to": [8.4, 2.2, 6.8],
			"faces": {
				"north": {"uv": [1, 10, 15, 15], "texture": "#3"},
				"east": {"uv": [1, 10, 15, 15], "texture": "#3"},
				"south": {"uv": [1, 10, 15, 15], "texture": "#3"},
				"west": {"uv": [1, 10, 15, 15], "texture": "#3"},
				"up": {"uv": [1, 10, 15, 15], "texture": "#3"},
				"down": {"uv": [1, 10, 15, 15], "texture": "#3"}
			}
		},
		{
			"from": [7.6, -2.2, 6.6],
			"to": [8.4, 0, 6.9],
			"rotation": {"angle": -22.5, "axis": "x", "origin": [0, 0, 0]},
			"faces": {
				"north": {"uv": [1, 10, 15, 15], "texture": "#3"},
				"east": {"uv": [1, 10, 15, 15], "texture": "#3"},
				"south": {"uv": [1, 10, 15, 15], "texture": "#3"},
				"west": {"uv": [1, 10, 15, 15], "texture": "#3"},
				"up": {"uv": [1, 10, 15, 15], "texture": "#3"},
				"down": {"uv": [1, 10, 15, 15], "texture": "#3"}
			}
		},
		{
			"from": [7.6, -2.2, 5.9],
			"to": [8.4, -2.1, 6.1],
			"rotation": {"angle": -22.5, "axis": "x", "origin": [0, 0, 0]},
			"faces": {
				"north": {"uv": [1, 10, 15, 15], "texture": "#3"},
				"east": {"uv": [1, 10, 15, 15], "texture": "#3"},
				"south": {"uv": [1, 10, 15, 15], "texture": "#3"},
				"west": {"uv": [1, 10, 15, 15], "texture": "#3"},
				"up": {"uv": [1, 10, 15, 15], "texture": "#3"},
				"down": {"uv": [1, 10, 15, 15], "texture": "#3"}
			}
		},
		{
			"from": [7.1, 4.5, 1.3],
			"to": [8.9, 4.7, 2.5],
			"rotation": {"angle": 0, "axis": "y", "origin": [0, -0.1, 0.2]},
			"faces": {
				"north": {"uv": [1, 10, 15, 15], "texture": "#3"},
				"east": {"uv": [1, 10, 15, 15], "texture": "#3"},
				"south": {"uv": [1, 10, 15, 15], "texture": "#3"},
				"west": {"uv": [1, 10, 15, 15], "texture": "#3"},
				"up": {"uv": [1, 10, 15, 15], "texture": "#3"},
				"down": {"uv": [1, 10, 15, 15], "texture": "#3"}
			}
		},
		{
			"from": [7, 3.4, 1.4],
			"to": [9, 4.5, 2.5],
			"rotation": {"angle": 0, "axis": "y", "origin": [0, -0.1, 0.2]},
			"faces": {
				"north": {"uv": [1, 10, 15, 15], "texture": "#3"},
				"east": {"uv": [1, 10, 15, 15], "texture": "#3"},
				"south": {"uv": [1, 10, 15, 15], "texture": "#3"},
				"west": {"uv": [1, 10, 15, 15], "texture": "#3"},
				"up": {"uv": [1, 10, 15, 15], "texture": "#3"},
				"down": {"uv": [1, 10, 15, 15], "texture": "#3"}
			}
		},
		{
			"from": [6.9, 3.1, 4.9],
			"to": [7, 3.2, 6.1],
			"rotation": {"angle": 0, "axis": "y", "origin": [1.7, -8.2, -1.4]},
			"faces": {
				"north": {"uv": [0, 0, 16, 16], "texture": "#6"},
				"east": {"uv": [0, 0, 16, 16], "texture": "#6"},
				"south": {"uv": [0, 0, 16, 16], "texture": "#6"},
				"west": {"uv": [0, 0, 16, 16], "texture": "#6"},
				"up": {"uv": [0, 0, 16, 16], "texture": "#6"},
				"down": {"uv": [0, 0, 16, 16], "texture": "#6"}
			}
		},
		{
			"from": [6.9, 3, 5.9],
			"to": [7, 3.1, 6],
			"rotation": {"angle": 0, "axis": "y", "origin": [1.7, -8.2, -1.4]},
			"faces": {
				"north": {"uv": [0, 0, 16, 16], "texture": "#6"},
				"east": {"uv": [0, 0, 16, 16], "texture": "#6"},
				"south": {"uv": [0, 0, 16, 16], "texture": "#6"},
				"west": {"uv": [0, 0, 16, 16], "texture": "#6"},
				"up": {"uv": [0, 0, 16, 16], "texture": "#6"},
				"down": {"uv": [0, 0, 16, 16], "texture": "#6"}
			}
		},
		{
			"from": [6.9, 3, 6.7],
			"to": [7, 3.1, 6.8],
			"rotation": {"angle": 0, "axis": "y", "origin": [1.7, -8.2, -1.4]},
			"faces": {
				"north": {"uv": [0, 0, 16, 16], "texture": "#6"},
				"east": {"uv": [0, 0, 16, 16], "texture": "#6"},
				"south": {"uv": [0, 0, 16, 16], "texture": "#6"},
				"west": {"uv": [0, 0, 16, 16], "texture": "#6"},
				"up": {"uv": [0, 0, 16, 16], "texture": "#6"},
				"down": {"uv": [0, 0, 16, 16], "texture": "#6"}
			}
		},
		{
			"from": [6.9, 3.1, 6.6],
			"to": [7, 3.2, 7.8],
			"rotation": {"angle": 0, "axis": "y", "origin": [1.7, -8.2, -1.4]},
			"faces": {
				"north": {"uv": [0, 0, 16, 16], "texture": "#6"},
				"east": {"uv": [0, 0, 16, 16], "texture": "#6"},
				"south": {"uv": [0, 0, 16, 16], "texture": "#6"},
				"west": {"uv": [0, 0, 16, 16], "texture": "#6"},
				"up": {"uv": [0, 0, 16, 16], "texture": "#6"},
				"down": {"uv": [0, 0, 16, 16], "texture": "#6"}
			}
		},
		{
			"from": [6.9, 3, 6.2],
			"to": [7, 3.1, 6.5],
			"rotation": {"angle": 0, "axis": "y", "origin": [1.7, -8.2, -1.4]},
			"faces": {
				"north": {"uv": [0, 0, 16, 16], "texture": "#6"},
				"east": {"uv": [0, 0, 16, 16], "texture": "#6"},
				"south": {"uv": [0, 0, 16, 16], "texture": "#6"},
				"west": {"uv": [0, 0, 16, 16], "texture": "#6"},
				"up": {"uv": [0, 0, 16, 16], "texture": "#6"},
				"down": {"uv": [0, 0, 16, 16], "texture": "#6"}
			}
		},
		{
			"from": [6.9, 2.9, 6.3],
			"to": [7, 3, 6.4],
			"rotation": {"angle": 0, "axis": "y", "origin": [1.7, -8.2, -1.4]},
			"faces": {
				"north": {"uv": [0, 0, 16, 16], "texture": "#6"},
				"east": {"uv": [0, 0, 16, 16], "texture": "#6"},
				"south": {"uv": [0, 0, 16, 16], "texture": "#6"},
				"west": {"uv": [0, 0, 16, 16], "texture": "#6"},
				"up": {"uv": [0, 0, 16, 16], "texture": "#6"},
				"down": {"uv": [0, 0, 16, 16], "texture": "#6"}
			}
		},
		{
			"from": [6.9, 2.9, 6.7],
			"to": [7, 3, 7.6],
			"rotation": {"angle": 0, "axis": "y", "origin": [1.7, -8.2, -1.4]},
			"faces": {
				"north": {"uv": [0, 0, 16, 16], "texture": "#6"},
				"east": {"uv": [0, 0, 16, 16], "texture": "#6"},
				"south": {"uv": [0, 0, 16, 16], "texture": "#6"},
				"west": {"uv": [0, 0, 16, 16], "texture": "#6"},
				"up": {"uv": [0, 0, 16, 16], "texture": "#6"},
				"down": {"uv": [0, 0, 16, 16], "texture": "#6"}
			}
		},
		{
			"from": [6.9, 2.9, 5.1],
			"to": [7, 3, 6],
			"rotation": {"angle": 0, "axis": "y", "origin": [1.7, -8.2, -1.4]},
			"faces": {
				"north": {"uv": [0, 0, 16, 16], "texture": "#6"},
				"east": {"uv": [0, 0, 16, 16], "texture": "#6"},
				"south": {"uv": [0, 0, 16, 16], "texture": "#6"},
				"west": {"uv": [0, 0, 16, 16], "texture": "#6"},
				"up": {"uv": [0, 0, 16, 16], "texture": "#6"},
				"down": {"uv": [0, 0, 16, 16], "texture": "#6"}
			}
		},
		{
			"from": [6.9, 2.8, 6],
			"to": [7, 2.9, 6.2],
			"rotation": {"angle": 0, "axis": "y", "origin": [1.7, -8.2, -1.4]},
			"faces": {
				"north": {"uv": [0, 0, 16, 16], "texture": "#6"},
				"east": {"uv": [0, 0, 16, 16], "texture": "#6"},
				"south": {"uv": [0, 0, 16, 16], "texture": "#6"},
				"west": {"uv": [0, 0, 16, 16], "texture": "#6"},
				"up": {"uv": [0, 0, 16, 16], "texture": "#6"},
				"down": {"uv": [0, 0, 16, 16], "texture": "#6"}
			}
		},
		{
			"from": [6.9, 5, 1.8],
			"to": [7, 5.1, 2.4],
			"rotation": {"angle": 22.5, "axis": "x", "origin": [1.7, -8.2, -1.4]},
			"faces": {
				"north": {"uv": [0, 0, 16, 16], "texture": "#6"},
				"east": {"uv": [0, 0, 16, 16], "texture": "#6"},
				"south": {"uv": [0, 0, 16, 16], "texture": "#6"},
				"west": {"uv": [0, 0, 16, 16], "texture": "#6"},
				"up": {"uv": [0, 0, 16, 16], "texture": "#6"},
				"down": {"uv": [0, 0, 16, 16], "texture": "#6"}
			}
		},
		{
			"from": [6.9, 2.7, 6.8],
			"to": [7, 2.8, 7.4],
			"rotation": {"angle": 0, "axis": "y", "origin": [1.7, -8.2, -1.4]},
			"faces": {
				"north": {"uv": [0, 0, 16, 16], "texture": "#6"},
				"east": {"uv": [0, 0, 16, 16], "texture": "#6"},
				"south": {"uv": [0, 0, 16, 16], "texture": "#6"},
				"west": {"uv": [0, 0, 16, 16], "texture": "#6"},
				"up": {"uv": [0, 0, 16, 16], "texture": "#6"},
				"down": {"uv": [0, 0, 16, 16], "texture": "#6"}
			}
		},
		{
			"from": [6.9, -0.9, 9.1],
			"to": [7, -0.8, 9.7],
			"rotation": {"angle": -22.5, "axis": "x", "origin": [1.7, -8.2, -1.4]},
			"faces": {
				"north": {"uv": [0, 0, 16, 16], "texture": "#6"},
				"east": {"uv": [0, 0, 16, 16], "texture": "#6"},
				"south": {"uv": [0, 0, 16, 16], "texture": "#6"},
				"west": {"uv": [0, 0, 16, 16], "texture": "#6"},
				"up": {"uv": [0, 0, 16, 16], "texture": "#6"},
				"down": {"uv": [0, 0, 16, 16], "texture": "#6"}
			}
		},
		{
			"from": [6.9, 2.7, 5.3],
			"to": [7, 2.8, 5.9],
			"rotation": {"angle": 0, "axis": "y", "origin": [1.7, -8.2, -1.4]},
			"faces": {
				"north": {"uv": [0, 0, 16, 16], "texture": "#6"},
				"east": {"uv": [0, 0, 16, 16], "texture": "#6"},
				"south": {"uv": [0, 0, 16, 16], "texture": "#6"},
				"west": {"uv": [0, 0, 16, 16], "texture": "#6"},
				"up": {"uv": [0, 0, 16, 16], "texture": "#6"},
				"down": {"uv": [0, 0, 16, 16], "texture": "#6"}
			}
		},
		{
			"from": [6.9, 2.8, 6.5],
			"to": [7, 2.9, 6.7],
			"rotation": {"angle": 0, "axis": "y", "origin": [1.7, -8.2, -1.4]},
			"faces": {
				"north": {"uv": [0, 0, 16, 16], "texture": "#6"},
				"east": {"uv": [0, 0, 16, 16], "texture": "#6"},
				"south": {"uv": [0, 0, 16, 16], "texture": "#6"},
				"west": {"uv": [0, 0, 16, 16], "texture": "#6"},
				"up": {"uv": [0, 0, 16, 16], "texture": "#6"},
				"down": {"uv": [0, 0, 16, 16], "texture": "#6"}
			}
		},
		{
			"from": [6.9, 2.6, 6.2],
			"to": [7, 2.9, 6.5],
			"rotation": {"angle": 0, "axis": "y", "origin": [1.7, -8.2, -1.4]},
			"faces": {
				"north": {"uv": [0, 0, 16, 16], "texture": "#6"},
				"east": {"uv": [0, 0, 16, 16], "texture": "#6"},
				"south": {"uv": [0, 0, 16, 16], "texture": "#6"},
				"west": {"uv": [0, 0, 16, 16], "texture": "#6"},
				"up": {"uv": [0, 0, 16, 16], "texture": "#6"},
				"down": {"uv": [0, 0, 16, 16], "texture": "#6"}
			}
		},
		{
			"from": [6.9, 2.4, 6.5],
			"to": [7, 2.6, 6.6],
			"rotation": {"angle": 0, "axis": "y", "origin": [1.7, -8.2, -1.4]},
			"faces": {
				"north": {"uv": [0, 0, 16, 16], "texture": "#6"},
				"east": {"uv": [0, 0, 16, 16], "texture": "#6"},
				"south": {"uv": [0, 0, 16, 16], "texture": "#6"},
				"west": {"uv": [0, 0, 16, 16], "texture": "#6"},
				"up": {"uv": [0, 0, 16, 16], "texture": "#6"},
				"down": {"uv": [0, 0, 16, 16], "texture": "#6"}
			}
		},
		{
			"from": [6.9, 2.5, 6.3],
			"to": [7, 2.6, 6.4],
			"rotation": {"angle": 0, "axis": "y", "origin": [1.7, -8.2, -1.4]},
			"faces": {
				"north": {"uv": [0, 0, 16, 16], "texture": "#6"},
				"east": {"uv": [0, 0, 16, 16], "texture": "#6"},
				"south": {"uv": [0, 0, 16, 16], "texture": "#6"},
				"west": {"uv": [0, 0, 16, 16], "texture": "#6"},
				"up": {"uv": [0, 0, 16, 16], "texture": "#6"},
				"down": {"uv": [0, 0, 16, 16], "texture": "#6"}
			}
		},
		{
			"from": [6.9, 2.4, 6.1],
			"to": [7, 2.6, 6.2],
			"rotation": {"angle": 0, "axis": "y", "origin": [1.7, -8.2, -1.4]},
			"faces": {
				"north": {"uv": [0, 0, 16, 16], "texture": "#6"},
				"east": {"uv": [0, 0, 16, 16], "texture": "#6"},
				"south": {"uv": [0, 0, 16, 16], "texture": "#6"},
				"west": {"uv": [0, 0, 16, 16], "texture": "#6"},
				"up": {"uv": [0, 0, 16, 16], "texture": "#6"},
				"down": {"uv": [0, 0, 16, 16], "texture": "#6"}
			}
		},
		{
			"from": [9, 3.1, 4.9],
			"to": [9.1, 3.2, 6.1],
			"rotation": {"angle": 0, "axis": "y", "origin": [3.8, -8.2, -1.4]},
			"faces": {
				"north": {"uv": [0, 0, 16, 16], "texture": "#6"},
				"east": {"uv": [0, 0, 16, 16], "texture": "#6"},
				"south": {"uv": [0, 0, 16, 16], "texture": "#6"},
				"west": {"uv": [0, 0, 16, 16], "texture": "#6"},
				"up": {"uv": [0, 0, 16, 16], "texture": "#6"},
				"down": {"uv": [0, 0, 16, 16], "texture": "#6"}
			}
		},
		{
			"from": [9, 3, 5.9],
			"to": [9.1, 3.1, 6],
			"rotation": {"angle": 0, "axis": "y", "origin": [3.8, -8.2, -1.4]},
			"faces": {
				"north": {"uv": [0, 0, 16, 16], "texture": "#6"},
				"east": {"uv": [0, 0, 16, 16], "texture": "#6"},
				"south": {"uv": [0, 0, 16, 16], "texture": "#6"},
				"west": {"uv": [0, 0, 16, 16], "texture": "#6"},
				"up": {"uv": [0, 0, 16, 16], "texture": "#6"},
				"down": {"uv": [0, 0, 16, 16], "texture": "#6"}
			}
		},
		{
			"from": [9, 3.1, 6.6],
			"to": [9.1, 3.2, 7.8],
			"rotation": {"angle": 0, "axis": "y", "origin": [3.8, -8.2, -1.4]},
			"faces": {
				"north": {"uv": [0, 0, 16, 16], "texture": "#6"},
				"east": {"uv": [0, 0, 16, 16], "texture": "#6"},
				"south": {"uv": [0, 0, 16, 16], "texture": "#6"},
				"west": {"uv": [0, 0, 16, 16], "texture": "#6"},
				"up": {"uv": [0, 0, 16, 16], "texture": "#6"},
				"down": {"uv": [0, 0, 16, 16], "texture": "#6"}
			}
		},
		{
			"from": [9, 3, 6.2],
			"to": [9.1, 3.1, 6.5],
			"rotation": {"angle": 0, "axis": "y", "origin": [3.8, -8.2, -1.4]},
			"faces": {
				"north": {"uv": [0, 0, 16, 16], "texture": "#6"},
				"east": {"uv": [0, 0, 16, 16], "texture": "#6"},
				"south": {"uv": [0, 0, 16, 16], "texture": "#6"},
				"west": {"uv": [0, 0, 16, 16], "texture": "#6"},
				"up": {"uv": [0, 0, 16, 16], "texture": "#6"},
				"down": {"uv": [0, 0, 16, 16], "texture": "#6"}
			}
		},
		{
			"from": [9, 3, 6.7],
			"to": [9.1, 3.1, 6.8],
			"rotation": {"angle": 0, "axis": "y", "origin": [3.8, -8.2, -1.4]},
			"faces": {
				"north": {"uv": [0, 0, 16, 16], "texture": "#6"},
				"east": {"uv": [0, 0, 16, 16], "texture": "#6"},
				"south": {"uv": [0, 0, 16, 16], "texture": "#6"},
				"west": {"uv": [0, 0, 16, 16], "texture": "#6"},
				"up": {"uv": [0, 0, 16, 16], "texture": "#6"},
				"down": {"uv": [0, 0, 16, 16], "texture": "#6"}
			}
		},
		{
			"from": [9, 2.9, 6.3],
			"to": [9.1, 3, 6.4],
			"rotation": {"angle": 0, "axis": "y", "origin": [3.8, -8.2, -1.4]},
			"faces": {
				"north": {"uv": [0, 0, 16, 16], "texture": "#6"},
				"east": {"uv": [0, 0, 16, 16], "texture": "#6"},
				"south": {"uv": [0, 0, 16, 16], "texture": "#6"},
				"west": {"uv": [0, 0, 16, 16], "texture": "#6"},
				"up": {"uv": [0, 0, 16, 16], "texture": "#6"},
				"down": {"uv": [0, 0, 16, 16], "texture": "#6"}
			}
		},
		{
			"from": [9, 2.9, 6.7],
			"to": [9.1, 3, 7.6],
			"rotation": {"angle": 0, "axis": "y", "origin": [3.8, -8.2, -1.4]},
			"faces": {
				"north": {"uv": [0, 0, 16, 16], "texture": "#6"},
				"east": {"uv": [0, 0, 16, 16], "texture": "#6"},
				"south": {"uv": [0, 0, 16, 16], "texture": "#6"},
				"west": {"uv": [0, 0, 16, 16], "texture": "#6"},
				"up": {"uv": [0, 0, 16, 16], "texture": "#6"},
				"down": {"uv": [0, 0, 16, 16], "texture": "#6"}
			}
		},
		{
			"from": [9, 5, 1.8],
			"to": [9.1, 5.1, 2.4],
			"rotation": {"angle": 22.5, "axis": "x", "origin": [3.8, -8.2, -1.4]},
			"faces": {
				"north": {"uv": [0, 0, 16, 16], "texture": "#6"},
				"east": {"uv": [0, 0, 16, 16], "texture": "#6"},
				"south": {"uv": [0, 0, 16, 16], "texture": "#6"},
				"west": {"uv": [0, 0, 16, 16], "texture": "#6"},
				"up": {"uv": [0, 0, 16, 16], "texture": "#6"},
				"down": {"uv": [0, 0, 16, 16], "texture": "#6"}
			}
		},
		{
			"from": [9, 2.9, 5.1],
			"to": [9.1, 3, 6],
			"rotation": {"angle": 0, "axis": "y", "origin": [3.8, -8.2, -1.4]},
			"faces": {
				"north": {"uv": [0, 0, 16, 16], "texture": "#6"},
				"east": {"uv": [0, 0, 16, 16], "texture": "#6"},
				"south": {"uv": [0, 0, 16, 16], "texture": "#6"},
				"west": {"uv": [0, 0, 16, 16], "texture": "#6"},
				"up": {"uv": [0, 0, 16, 16], "texture": "#6"},
				"down": {"uv": [0, 0, 16, 16], "texture": "#6"}
			}
		},
		{
			"from": [9, 2.8, 6],
			"to": [9.1, 2.9, 6.2],
			"rotation": {"angle": 0, "axis": "y", "origin": [3.8, -8.2, -1.4]},
			"faces": {
				"north": {"uv": [0, 0, 16, 16], "texture": "#6"},
				"east": {"uv": [0, 0, 16, 16], "texture": "#6"},
				"south": {"uv": [0, 0, 16, 16], "texture": "#6"},
				"west": {"uv": [0, 0, 16, 16], "texture": "#6"},
				"up": {"uv": [0, 0, 16, 16], "texture": "#6"},
				"down": {"uv": [0, 0, 16, 16], "texture": "#6"}
			}
		},
		{
			"from": [9, 2.7, 6.8],
			"to": [9.1, 2.8, 7.4],
			"rotation": {"angle": 0, "axis": "y", "origin": [3.8, -8.2, -1.4]},
			"faces": {
				"north": {"uv": [0, 0, 16, 16], "texture": "#6"},
				"east": {"uv": [0, 0, 16, 16], "texture": "#6"},
				"south": {"uv": [0, 0, 16, 16], "texture": "#6"},
				"west": {"uv": [0, 0, 16, 16], "texture": "#6"},
				"up": {"uv": [0, 0, 16, 16], "texture": "#6"},
				"down": {"uv": [0, 0, 16, 16], "texture": "#6"}
			}
		},
		{
			"from": [9, -0.9, 9.1],
			"to": [9.1, -0.8, 9.7],
			"rotation": {"angle": -22.5, "axis": "x", "origin": [3.8, -8.2, -1.4]},
			"faces": {
				"north": {"uv": [0, 0, 16, 16], "texture": "#6"},
				"east": {"uv": [0, 0, 16, 16], "texture": "#6"},
				"south": {"uv": [0, 0, 16, 16], "texture": "#6"},
				"west": {"uv": [0, 0, 16, 16], "texture": "#6"},
				"up": {"uv": [0, 0, 16, 16], "texture": "#6"},
				"down": {"uv": [0, 0, 16, 16], "texture": "#6"}
			}
		},
		{
			"from": [9, 2.7, 5.3],
			"to": [9.1, 2.8, 5.9],
			"rotation": {"angle": 0, "axis": "y", "origin": [3.8, -8.2, -1.4]},
			"faces": {
				"north": {"uv": [0, 0, 16, 16], "texture": "#6"},
				"east": {"uv": [0, 0, 16, 16], "texture": "#6"},
				"south": {"uv": [0, 0, 16, 16], "texture": "#6"},
				"west": {"uv": [0, 0, 16, 16], "texture": "#6"},
				"up": {"uv": [0, 0, 16, 16], "texture": "#6"},
				"down": {"uv": [0, 0, 16, 16], "texture": "#6"}
			}
		},
		{
			"from": [9, 2.8, 6.5],
			"to": [9.1, 2.9, 6.7],
			"rotation": {"angle": 0, "axis": "y", "origin": [3.8, -8.2, -1.4]},
			"faces": {
				"north": {"uv": [0, 0, 16, 16], "texture": "#6"},
				"east": {"uv": [0, 0, 16, 16], "texture": "#6"},
				"south": {"uv": [0, 0, 16, 16], "texture": "#6"},
				"west": {"uv": [0, 0, 16, 16], "texture": "#6"},
				"up": {"uv": [0, 0, 16, 16], "texture": "#6"},
				"down": {"uv": [0, 0, 16, 16], "texture": "#6"}
			}
		},
		{
			"from": [9, 2.6, 6.2],
			"to": [9.1, 2.9, 6.5],
			"rotation": {"angle": 0, "axis": "y", "origin": [3.8, -8.2, -1.4]},
			"faces": {
				"north": {"uv": [0, 0, 16, 16], "texture": "#6"},
				"east": {"uv": [0, 0, 16, 16], "texture": "#6"},
				"south": {"uv": [0, 0, 16, 16], "texture": "#6"},
				"west": {"uv": [0, 0, 16, 16], "texture": "#6"},
				"up": {"uv": [0, 0, 16, 16], "texture": "#6"},
				"down": {"uv": [0, 0, 16, 16], "texture": "#6"}
			}
		},
		{
			"from": [9, 2.4, 6.5],
			"to": [9.1, 2.6, 6.6],
			"rotation": {"angle": 0, "axis": "y", "origin": [3.8, -8.2, -1.4]},
			"faces": {
				"north": {"uv": [0, 0, 16, 16], "texture": "#6"},
				"east": {"uv": [0, 0, 16, 16], "texture": "#6"},
				"south": {"uv": [0, 0, 16, 16], "texture": "#6"},
				"west": {"uv": [0, 0, 16, 16], "texture": "#6"},
				"up": {"uv": [0, 0, 16, 16], "texture": "#6"},
				"down": {"uv": [0, 0, 16, 16], "texture": "#6"}
			}
		},
		{
			"from": [9, 2.5, 6.3],
			"to": [9.1, 2.6, 6.4],
			"rotation": {"angle": 0, "axis": "y", "origin": [3.8, -8.2, -1.4]},
			"faces": {
				"north": {"uv": [0, 0, 16, 16], "texture": "#6"},
				"east": {"uv": [0, 0, 16, 16], "texture": "#6"},
				"south": {"uv": [0, 0, 16, 16], "texture": "#6"},
				"west": {"uv": [0, 0, 16, 16], "texture": "#6"},
				"up": {"uv": [0, 0, 16, 16], "texture": "#6"},
				"down": {"uv": [0, 0, 16, 16], "texture": "#6"}
			}
		},
		{
			"from": [9, 2.4, 6.1],
			"to": [9.1, 2.6, 6.2],
			"rotation": {"angle": 0, "axis": "y", "origin": [3.8, -8.2, -1.4]},
			"faces": {
				"north": {"uv": [0, 0, 16, 16], "texture": "#6"},
				"east": {"uv": [0, 0, 16, 16], "texture": "#6"},
				"south": {"uv": [0, 0, 16, 16], "texture": "#6"},
				"west": {"uv": [0, 0, 16, 16], "texture": "#6"},
				"up": {"uv": [0, 0, 16, 16], "texture": "#6"},
				"down": {"uv": [0, 0, 16, 16], "texture": "#6"}
			}
		},
		{
			"from": [7.7, 2.3, -0.2],
			"to": [8.3, 2.9, 0],
			"rotation": {"angle": 0, "axis": "y", "origin": [0, -0.1, 0.2]},
			"faces": {
				"north": {"uv": [5, 5, 11, 11], "texture": "#4"},
				"east": {"uv": [1, 10, 15, 15], "texture": "#3"},
				"south": {"uv": [1, 10, 15, 15], "texture": "#3"},
				"west": {"uv": [1, 10, 15, 15], "texture": "#3"},
				"up": {"uv": [1, 10, 15, 15], "texture": "#3"},
				"down": {"uv": [1, 10, 15, 15], "texture": "#3"}
			}
		},
		{
			"from": [7, -4, 6],
			"to": [9, 1, 8.4],
			"faces": {
				"north": {"uv": [0, 0, 2.4, 5], "texture": "#2"},
				"east": {"uv": [0, 0, 2.4, 5], "texture": "#2"},
				"south": {"uv": [0, 0, 2.4, 5], "texture": "#2"},
				"west": {"uv": [0, 0, 2.4, 5], "texture": "#2"},
				"up": {"uv": [0, 0, 2.4, 5], "texture": "#2"},
				"down": {"uv": [0, 0, 2.4, 5], "texture": "#2"}
			}
		}
	],
	"display": {
		"thirdperson_righthand": {
			"rotation": [68, 0, 0],
			"translation": [-0.25, 2.5, 10.75],
			"scale": [0.97, 0.93, 1.15]
		},
		"firstperson_righthand": {
			"translation": [3.75, 9.75, 4.25],
			"scale": [3, 3, 3]
		},
		"firstperson_lefthand": {
			"translation": [0, 6.75, 0]
		},
		"ground": {
			"translation": [0, 0.25, 0]
		},
		"gui": {
			"rotation": [0, 85, 0],
			"translation": [6, 9, 0],
			"scale": [1.42, 1.44, 1.69]
		}
	}
}