{
	"credit": "Made with Blockbench",
	"parent": "59",
	"textures": {
		"0": "minecraft:block/green_shulker_box",
		"1": "minecraft:block/green_terracotta",
		"2": "minecraft:block/lodestone_side",
		"3": "minecraft:block/observer_back_on",
		"4": "minecraft:block/observer_side",
		"particle": "minecraft:block/green_shulker_box"
	},
	"elements": [
		{
			"from": [6.9, 7.3, -3.1],
			"to": [8.9, 9, 6],
			"rotation": {"angle": -22.5, "axis": "x", "origin": [0, 0, 0]},
			"faces": {
				"north": {"uv": [16, 0, 0, 16], "rotation": 90, "texture": "#0"},
				"east": {"uv": [16, 0, 0, 16], "rotation": 90, "texture": "#0"},
				"south": {"uv": [16, 0, 0, 16], "rotation": 90, "texture": "#0"},
				"west": {"uv": [16, 0, 0, 16], "rotation": 90, "texture": "#0"},
				"up": {"uv": [16, 0, 0, 16], "rotation": 90, "texture": "#0"},
				"down": {"uv": [16, 0, 0, 16], "rotation": 90, "texture": "#0"}
			}
		},
		{
			"from": [11, 7.8, 4.1],
			"to": [11.9, 8.8, 6.9],
			"rotation": {"angle": -22.5, "axis": "x", "origin": [0, 0, 0]},
			"faces": {
				"north": {"uv": [0, 0, 16, 16], "texture": "#1"},
				"east": {"uv": [0, 0, 16, 16], "texture": "#1"},
				"south": {"uv": [0, 0, 16, 16], "texture": "#1"},
				"west": {"uv": [0, 0, 16, 16], "texture": "#1"},
				"up": {"uv": [0, 0, 16, 16], "texture": "#1"},
				"down": {"uv": [0, 0, 16, 16], "texture": "#1"}
			}
		},
		{
			"from": [0.2, 12.8, 0.5],
			"to": [2.8, 13.6, 3.8],
			"rotation": {"angle": 22.5, "axis": "z", "origin": [16, 0, 0]},
			"faces": {
				"north": {"uv": [16, 0, 0, 16], "texture": "#0"},
				"east": {"uv": [16, 0, 0, 16], "texture": "#0"},
				"south": {"uv": [16, 0, 0, 16], "texture": "#0"},
				"west": {"uv": [16, 0, 0, 16], "texture": "#0"},
				"up": {"uv": [16, 0, 0, 16], "texture": "#0"},
				"down": {"uv": [16, 0, 0, 16], "texture": "#0"}
			}
		},
		{
			"from": [11, 9.6, 2.5],
			"to": [11.9, 10.8, 11.9],
			"faces": {
				"north": {"uv": [0, 0, 16, 16], "texture": "#1"},
				"east": {"uv": [0, 0, 16, 16], "texture": "#1"},
				"south": {"uv": [0, 0, 16, 16], "texture": "#1"},
				"west": {"uv": [0, 0, 16, 16], "texture": "#1"},
				"up": {"uv": [0, 0, 16, 16], "texture": "#1"},
				"down": {"uv": [0, 0, 16, 16], "texture": "#1"}
			}
		},
		{
			"from": [4.1, 10.2, 13.6],
			"to": [5, 11.6, 14.5],
			"rotation": {"angle": 0, "axis": "x", "origin": [16, 0, 0]},
			"faces": {
				"north": {"uv": [16, 0, 0, 16], "texture": "#1"},
				"east": {"uv": [16, 0, 0, 16], "texture": "#1"},
				"south": {"uv": [16, 0, 0, 16], "texture": "#1"},
				"west": {"uv": [16, 0, 0, 16], "texture": "#1"},
				"up": {"uv": [16, 0, 0, 16], "texture": "#1"},
				"down": {"uv": [16, 0, 0, 16], "texture": "#1"}
			}
		},
		{
			"from": [11.9, 8.1, 8.2],
			"to": [12.2, 9.1, 9.3],
			"faces": {
				"north": {"uv": [0, 0, 16, 16], "texture": "#0"},
				"east": {"uv": [0, 0, 16, 16], "texture": "#0"},
				"south": {"uv": [0, 0, 16, 16], "texture": "#0"},
				"west": {"uv": [0, 0, 16, 16], "texture": "#0"},
				"up": {"uv": [0, 0, 16, 16], "texture": "#0"},
				"down": {"uv": [0, 0, 16, 16], "texture": "#0"}
			}
		},
		{
			"from": [4.1, 8, 0.5],
			"to": [5.1, 9, 7.5],
			"rotation": {"angle": 0, "axis": "x", "origin": [16, 0, 0]},
			"faces": {
				"north": {"uv": [16, 0, 0, 16], "texture": "#1"},
				"east": {"uv": [16, 0, 0, 16], "texture": "#1"},
				"south": {"uv": [16, 0, 0, 16], "texture": "#1"},
				"west": {"uv": [16, 0, 0, 16], "texture": "#1"},
				"up": {"uv": [16, 0, 0, 16], "texture": "#1"},
				"down": {"uv": [16, 0, 0, 16], "texture": "#1"}
			}
		},
		{
			"from": [9.2, 12.8, 0.5],
			"to": [13.2, 13.6, 5.4],
			"rotation": {"angle": -22.5, "axis": "z", "origin": [0, 0, 0]},
			"faces": {
				"north": {"uv": [0, 0, 16, 16], "texture": "#0"},
				"east": {"uv": [0, 0, 16, 16], "texture": "#0"},
				"south": {"uv": [0, 0, 16, 16], "texture": "#0"},
				"west": {"uv": [0, 0, 16, 16], "texture": "#0"},
				"up": {"uv": [0, 0, 16, 16], "texture": "#0"},
				"down": {"uv": [0, 0, 16, 16], "texture": "#0"}
			}
		},
		{
			"from": [2.2, 8.1, 0.5],
			"to": [4.1, 9.1, 6.8],
			"rotation": {"angle": 0, "axis": "y", "origin": [16, 0, 0]},
			"faces": {
				"north": {"uv": [16, 0, 0, 16], "texture": "#0"},
				"east": {"uv": [16, 0, 0, 16], "texture": "#0"},
				"south": {"uv": [16, 0, 0, 16], "texture": "#0"},
				"west": {"uv": [16, 0, 0, 16], "texture": "#0"},
				"up": {"uv": [16, 0, 0, 16], "texture": "#0"},
				"down": {"uv": [16, 0, 0, 16], "texture": "#0"}
			}
		},
		{
			"from": [13.2, 12.7, 2.5],
			"to": [16.2, 13.7, 3.3],
			"rotation": {"angle": -22.5, "axis": "z", "origin": [0, 0, 0]},
			"faces": {
				"north": {"uv": [0, 0, 16, 16], "texture": "#0"},
				"east": {"uv": [0, 0, 16, 16], "texture": "#0"},
				"south": {"uv": [0, 0, 16, 16], "texture": "#0"},
				"west": {"uv": [0, 0, 16, 16], "texture": "#0"},
				"up": {"uv": [0, 0, 16, 16], "texture": "#0"},
				"down": {"uv": [0, 0, 16, 16], "texture": "#0"}
			}
		},
		{
			"from": [17.4, 12.3, 14.6],
			"to": [19, 13.1, 15.5],
			"rotation": {"angle": 22.5, "axis": "z", "origin": [16, 0, 0]},
			"faces": {
				"north": {"uv": [0, 0, 16, 16], "texture": "#0"},
				"east": {"uv": [0, 0, 16, 16], "texture": "#0"},
				"south": {"uv": [0, 0, 16, 16], "texture": "#0"},
				"west": {"uv": [0, 0, 16, 16], "texture": "#0"},
				"up": {"uv": [0, 0, 16, 16], "texture": "#0"},
				"down": {"uv": [0, 0, 16, 16], "texture": "#0"}
			}
		},
		{
			"from": [6.9, 5.5, -5.6],
			"to": [8.9, 7.4, 1.6],
			"faces": {
				"north": {"uv": [0, 0, 16, 16], "texture": "#0"},
				"east": {"uv": [0, 0, 16, 16], "texture": "#0"},
				"south": {"uv": [0, 0, 16, 16], "texture": "#0"},
				"west": {"uv": [0, 0, 16, 16], "texture": "#0"},
				"up": {"uv": [0, 0, 16, 16], "texture": "#0"},
				"down": {"uv": [0, 0, 16, 16], "texture": "#0"}
			}
		},
		{
			"from": [8.9, 8.8, 0],
			"to": [10.9, 10.8, 9.2],
			"faces": {
				"north": {"uv": [6, 6, 9.9, 9.9], "texture": "#2"},
				"east": {"uv": [0, 0, 7.3, 2], "texture": "#0"},
				"south": {"uv": [0, 0, 7.3, 2], "texture": "#0"},
				"west": {"uv": [0, 0, 7.3, 2], "texture": "#0"},
				"up": {"uv": [0, 0, 7.3, 2], "texture": "#0"},
				"down": {"uv": [0, 0, 7.3, 2], "texture": "#0"}
			}
		},
		{
			"from": [15, 13, 0],
			"to": [17, 15, 9.2],
			"rotation": {"angle": 45, "axis": "z", "origin": [16, 0, 0]},
			"faces": {
				"north": {"uv": [9.9, 6, 6, 9.9], "texture": "#2"},
				"east": {"uv": [7.3, 0, 0, 2], "texture": "#0"},
				"south": {"uv": [7.3, 0, 0, 2], "texture": "#0"},
				"west": {"uv": [7.3, 0, 0, 2], "texture": "#0"},
				"up": {"uv": [7.3, 0, 0, 2], "texture": "#0"},
				"down": {"uv": [7.3, 0, 0, 2], "texture": "#0"}
			}
		},
		{
			"from": [-1, 13, 0],
			"to": [1, 15, 9.2],
			"rotation": {"angle": -45, "axis": "z", "origin": [0, 0, 0]},
			"faces": {
				"north": {"uv": [6, 6, 9.9, 9.9], "texture": "#2"},
				"east": {"uv": [0, 0, 7.3, 2], "texture": "#0"},
				"south": {"uv": [0, 0, 7.3, 2], "texture": "#0"},
				"west": {"uv": [0, 0, 7.3, 2], "texture": "#0"},
				"up": {"uv": [0, 0, 7.3, 2], "texture": "#0"},
				"down": {"uv": [0, 0, 7.3, 2], "texture": "#0"}
			}
		},
		{
			"from": [6.1, 6.7, 2.4],
			"to": [7.1, 8.7, 4.7],
			"rotation": {"angle": -22.5, "axis": "y", "origin": [16, 0, 0]},
			"faces": {
				"north": {"uv": [7.3, 0, 0, 2], "texture": "#0"},
				"east": {"uv": [7.3, 0, 0, 2], "texture": "#0"},
				"south": {"uv": [7.3, 0, 0, 2], "texture": "#0"},
				"west": {"uv": [7.3, 0, 0, 2], "texture": "#0"},
				"up": {"uv": [7.3, 0, 0, 2], "texture": "#0"},
				"down": {"uv": [7.3, 0, 0, 2], "texture": "#0"}
			}
		},
		{
			"from": [10.9, 8, 0.5],
			"to": [11.9, 9, 7.5],
			"faces": {
				"north": {"uv": [0, 0, 16, 16], "texture": "#1"},
				"east": {"uv": [0, 0, 16, 16], "texture": "#1"},
				"south": {"uv": [0, 0, 16, 16], "texture": "#1"},
				"west": {"uv": [0, 0, 16, 16], "texture": "#1"},
				"up": {"uv": [0, 0, 16, 16], "texture": "#1"},
				"down": {"uv": [0, 0, 16, 16], "texture": "#1"}
			}
		},
		{
			"from": [4.1, 9, 0.5],
			"to": [5.1, 9.6, 8.8],
			"rotation": {"angle": 0, "axis": "y", "origin": [16, 0, 0]},
			"faces": {
				"north": {"uv": [16, 0, 0, 16], "texture": "#1"},
				"east": {"uv": [16, 0, 0, 16], "texture": "#1"},
				"south": {"uv": [16, 0, 0, 16], "texture": "#1"},
				"west": {"uv": [16, 0, 0, 16], "texture": "#1"},
				"up": {"uv": [16, 0, 0, 16], "texture": "#1"},
				"down": {"uv": [16, 0, 0, 16], "texture": "#1"}
			}
		},
		{
			"from": [5.3, 3.3, 9.7],
			"to": [7, 4.9, 11.7],
			"rotation": {"angle": -22.5, "axis": "x", "origin": [16, 0, 0]},
			"faces": {
				"north": {"uv": [7.3, 0, 0, 2], "texture": "#0"},
				"east": {"uv": [7.3, 0, 0, 2], "texture": "#0"},
				"south": {"uv": [7.3, 0, 0, 2], "texture": "#0"},
				"west": {"uv": [7.3, 0, 0, 2], "texture": "#0"},
				"up": {"uv": [7.3, 0, 0, 2], "texture": "#0"},
				"down": {"uv": [7.3, 0, 0, 2], "texture": "#0"}
			}
		},
		{
			"from": [14.8, 2.5, 14.7],
			"to": [15.3, 6.9, 15.5],
			"rotation": {"angle": 22.5, "axis": "z", "origin": [0, 0, 0]},
			"faces": {
				"north": {"uv": [0, 0, 16, 16], "texture": "#0"},
				"east": {"uv": [0, 0, 16, 16], "texture": "#0"},
				"south": {"uv": [0, 0, 16, 16], "texture": "#0"},
				"west": {"uv": [0, 0, 16, 16], "texture": "#0"},
				"up": {"uv": [0, 0, 16, 16], "texture": "#0"},
				"down": {"uv": [0, 0, 16, 16], "texture": "#0"}
			}
		},
		{
			"from": [0.7, 4.6, 14],
			"to": [1.2, 6.9, 14.2],
			"rotation": {"angle": -22.5, "axis": "z", "origin": [16, 0, 0]},
			"faces": {
				"north": {"uv": [16, 0, 0, 16], "texture": "#0"},
				"east": {"uv": [16, 0, 0, 16], "texture": "#0"},
				"south": {"uv": [16, 0, 0, 16], "texture": "#0"},
				"west": {"uv": [16, 0, 0, 16], "texture": "#0"},
				"up": {"uv": [16, 0, 0, 16], "texture": "#0"},
				"down": {"uv": [16, 0, 0, 16], "texture": "#0"}
			}
		},
		{
			"from": [11, 10.2, 13.6],
			"to": [11.9, 11.6, 14.5],
			"faces": {
				"north": {"uv": [0, 0, 16, 16], "texture": "#1"},
				"east": {"uv": [0, 0, 16, 16], "texture": "#1"},
				"south": {"uv": [0, 0, 16, 16], "texture": "#1"},
				"west": {"uv": [0, 0, 16, 16], "texture": "#1"},
				"up": {"uv": [0, 0, 16, 16], "texture": "#1"},
				"down": {"uv": [0, 0, 16, 16], "texture": "#1"}
			}
		},
		{
			"from": [-1.4, 12.3, 14],
			"to": [0, 13.1, 15.5],
			"rotation": {"angle": -22.5, "axis": "z", "origin": [0, 0, 0]},
			"faces": {
				"north": {"uv": [16, 0, 0, 16], "texture": "#0"},
				"east": {"uv": [16, 0, 0, 16], "texture": "#0"},
				"south": {"uv": [16, 0, 0, 16], "texture": "#0"},
				"west": {"uv": [16, 0, 0, 16], "texture": "#0"},
				"up": {"uv": [16, 0, 0, 16], "texture": "#0"},
				"down": {"uv": [16, 0, 0, 16], "texture": "#0"}
			}
		},
		{
			"from": [2.8, 12.8, 0.5],
			"to": [6.8, 13.6, 5.4],
			"rotation": {"angle": 22.5, "axis": "z", "origin": [16, 0, 0]},
			"faces": {
				"north": {"uv": [16, 0, 0, 16], "texture": "#0"},
				"east": {"uv": [16, 0, 0, 16], "texture": "#0"},
				"south": {"uv": [16, 0, 0, 16], "texture": "#0"},
				"west": {"uv": [16, 0, 0, 16], "texture": "#0"},
				"up": {"uv": [16, 0, 0, 16], "texture": "#0"},
				"down": {"uv": [16, 0, 0, 16], "texture": "#0"}
			}
		},
		{
			"from": [-3, 12.3, 14.6],
			"to": [-1.4, 13.1, 15.5],
			"rotation": {"angle": -22.5, "axis": "z", "origin": [0, 0, 0]},
			"faces": {
				"north": {"uv": [16, 0, 0, 16], "texture": "#0"},
				"east": {"uv": [16, 0, 0, 16], "texture": "#0"},
				"south": {"uv": [16, 0, 0, 16], "texture": "#0"},
				"west": {"uv": [16, 0, 0, 16], "texture": "#0"},
				"up": {"uv": [16, 0, 0, 16], "texture": "#0"},
				"down": {"uv": [16, 0, 0, 16], "texture": "#0"}
			}
		},
		{
			"from": [16, 12.3, 14],
			"to": [17.4, 13.1, 15.5],
			"rotation": {"angle": 22.5, "axis": "z", "origin": [16, 0, 0]},
			"faces": {
				"north": {"uv": [0, 0, 16, 16], "texture": "#0"},
				"east": {"uv": [0, 0, 16, 16], "texture": "#0"},
				"south": {"uv": [0, 0, 16, 16], "texture": "#0"},
				"west": {"uv": [0, 0, 16, 16], "texture": "#0"},
				"up": {"uv": [0, 0, 16, 16], "texture": "#0"},
				"down": {"uv": [0, 0, 16, 16], "texture": "#0"}
			}
		},
		{
			"from": [8.9, 6.7, 0.4],
			"to": [10.9, 8.7, 7.7],
			"faces": {
				"north": {"uv": [0, 0, 7.3, 2], "texture": "#0"},
				"east": {"uv": [0, 0, 7.3, 2], "texture": "#0"},
				"south": {"uv": [0, 0, 7.3, 2], "texture": "#0"},
				"west": {"uv": [0, 0, 7.3, 2], "texture": "#0"},
				"up": {"uv": [0, 0, 7.3, 2], "texture": "#0"},
				"down": {"uv": [0, 0, 7.3, 2], "texture": "#0"}
			}
		},
		{
			"from": [5.1, 8.8, 0],
			"to": [7.1, 10.8, 9.2],
			"rotation": {"angle": 0, "axis": "y", "origin": [16, 0, 0]},
			"faces": {
				"north": {"uv": [9.9, 6, 6, 9.9], "texture": "#2"},
				"east": {"uv": [7.3, 0, 0, 2], "texture": "#0"},
				"south": {"uv": [7.3, 0, 0, 2], "texture": "#0"},
				"west": {"uv": [7.3, 0, 0, 2], "texture": "#0"},
				"up": {"uv": [7.3, 0, 0, 2], "texture": "#0"},
				"down": {"uv": [7.3, 0, 0, 2], "texture": "#0"}
			}
		},
		{
			"from": [9, 3.3, 9.7],
			"to": [10.7, 4.9, 11.7],
			"rotation": {"angle": -22.5, "axis": "x", "origin": [0, 0, 0]},
			"faces": {
				"north": {"uv": [0, 0, 7.3, 2], "texture": "#0"},
				"east": {"uv": [0, 0, 7.3, 2], "texture": "#0"},
				"south": {"uv": [0, 0, 7.3, 2], "texture": "#0"},
				"west": {"uv": [0, 0, 7.3, 2], "texture": "#0"},
				"up": {"uv": [0, 0, 7.3, 2], "texture": "#0"},
				"down": {"uv": [0, 0, 7.3, 2], "texture": "#0"}
			}
		},
		{
			"from": [4.3, 5.3, 9],
			"to": [4.9, 5.5, 18.7],
			"rotation": {"angle": -22.5, "axis": "x", "origin": [16, 0, 0]},
			"faces": {
				"north": {"uv": [16, 0, 0, 16], "texture": "#1"},
				"east": {"uv": [16, 0, 0, 16], "texture": "#1"},
				"south": {"uv": [16, 0, 0, 16], "texture": "#1"},
				"west": {"uv": [16, 0, 0, 16], "texture": "#1"},
				"up": {"uv": [16, 0, 0, 16], "texture": "#1"},
				"down": {"uv": [16, 0, 0, 16], "texture": "#1"}
			}
		},
		{
			"from": [11.1, 5.3, 9],
			"to": [11.7, 5.5, 18.7],
			"rotation": {"angle": -22.5, "axis": "x", "origin": [0, 0, 0]},
			"faces": {
				"north": {"uv": [0, 0, 16, 16], "texture": "#1"},
				"east": {"uv": [0, 0, 16, 16], "texture": "#1"},
				"south": {"uv": [0, 0, 16, 16], "texture": "#1"},
				"west": {"uv": [0, 0, 16, 16], "texture": "#1"},
				"up": {"uv": [0, 0, 16, 16], "texture": "#1"},
				"down": {"uv": [0, 0, 16, 16], "texture": "#1"}
			}
		},
		{
			"from": [6.2, 8.4, -0.8],
			"to": [6.6, 8.5, -0.6],
			"rotation": {"angle": -22.5, "axis": "x", "origin": [16, 0, 0]},
			"faces": {
				"north": {"uv": [9.2, 7, 6.8, 9.1], "texture": "#3"},
				"east": {"uv": [4.2, 11, 1.8, 13.1], "texture": "#3"},
				"south": {"uv": [4.2, 11, 1.8, 13.1], "texture": "#3"},
				"west": {"uv": [4.2, 11, 1.8, 13.1], "texture": "#3"},
				"up": {"uv": [4.2, 11, 1.8, 13.1], "texture": "#3"},
				"down": {"uv": [4.2, 11, 1.8, 13.1], "texture": "#3"}
			}
		},
		{
			"from": [8.9, 6.7, 2.4],
			"to": [9.9, 8.7, 4.7],
			"rotation": {"angle": 22.5, "axis": "y", "origin": [0, 0, 0]},
			"faces": {
				"north": {"uv": [0, 0, 7.3, 2], "texture": "#0"},
				"east": {"uv": [0, 0, 7.3, 2], "texture": "#0"},
				"south": {"uv": [0, 0, 7.3, 2], "texture": "#0"},
				"west": {"uv": [0, 0, 7.3, 2], "texture": "#0"},
				"up": {"uv": [0, 0, 7.3, 2], "texture": "#0"},
				"down": {"uv": [0, 0, 7.3, 2], "texture": "#0"}
			}
		},
		{
			"from": [6.2, 7.2, -3.8],
			"to": [6.6, 7.6, -1.6],
			"rotation": {"angle": 0, "axis": "y", "origin": [16, 0, 0]},
			"faces": {
				"north": {"uv": [2.4, 11, 0, 13.4], "texture": "#3"},
				"east": {"uv": [2.4, 11, 0, 13.4], "texture": "#3"},
				"south": {"uv": [2.4, 11, 0, 13.4], "texture": "#3"},
				"west": {"uv": [2.4, 11, 0, 13.4], "texture": "#3"},
				"up": {"uv": [2.4, 11, 0, 13.4], "texture": "#3"},
				"down": {"uv": [2.4, 11, 0, 13.4], "texture": "#3"}
			}
		},
		{
			"from": [8.9, 6.7, -1.6],
			"to": [10.1, 8.7, 0.4],
			"faces": {
				"north": {"uv": [0, 0, 7.3, 2], "texture": "#0"},
				"east": {"uv": [0, 0, 7.3, 2], "texture": "#0"},
				"south": {"uv": [0, 0, 7.3, 2], "texture": "#0"},
				"west": {"uv": [0, 0, 7.3, 2], "texture": "#0"},
				"up": {"uv": [0, 0, 7.3, 2], "texture": "#0"},
				"down": {"uv": [0, 0, 7.3, 2], "texture": "#0"}
			}
		},
		{
			"from": [5.1, 6.7, 0.4],
			"to": [7.1, 8.7, 7.7],
			"rotation": {"angle": 0, "axis": "y", "origin": [16, 0, 0]},
			"faces": {
				"north": {"uv": [7.3, 0, 0, 2], "texture": "#0"},
				"east": {"uv": [7.3, 0, 0, 2], "texture": "#0"},
				"south": {"uv": [7.3, 0, 0, 2], "texture": "#0"},
				"west": {"uv": [7.3, 0, 0, 2], "texture": "#0"},
				"up": {"uv": [7.3, 0, 0, 2], "texture": "#0"},
				"down": {"uv": [7.3, 0, 0, 2], "texture": "#0"}
			}
		},
		{
			"from": [6.9, 7, 1.4],
			"to": [8.9, 10.9, 8.6],
			"faces": {
				"north": {"uv": [0, 0, 2, 7.2], "texture": "#0"},
				"east": {"uv": [0, 0, 2, 7.2], "texture": "#0"},
				"south": {"uv": [0, 0, 2, 7.2], "texture": "#0"},
				"west": {"uv": [0, 0, 2, 7.2], "texture": "#0"},
				"up": {"uv": [0, 0, 2, 7.2], "texture": "#0"},
				"down": {"uv": [0, 0, 2, 7.2], "texture": "#0"}
			}
		},
		{
			"from": [3.1, 8.1, 6.8],
			"to": [4.1, 9.1, 8.2],
			"rotation": {"angle": 0, "axis": "y", "origin": [16, 0, 0]},
			"faces": {
				"north": {"uv": [16, 0, 0, 16], "texture": "#0"},
				"east": {"uv": [16, 0, 0, 16], "texture": "#0"},
				"south": {"uv": [16, 0, 0, 16], "texture": "#0"},
				"west": {"uv": [16, 0, 0, 16], "texture": "#0"},
				"up": {"uv": [16, 0, 0, 16], "texture": "#0"},
				"down": {"uv": [16, 0, 0, 16], "texture": "#0"}
			}
		},
		{
			"from": [11.9, 8.1, 0.5],
			"to": [13.8, 9.1, 6.8],
			"faces": {
				"north": {"uv": [0, 0, 16, 16], "texture": "#0"},
				"east": {"uv": [0, 0, 16, 16], "texture": "#0"},
				"south": {"uv": [0, 0, 16, 16], "texture": "#0"},
				"west": {"uv": [0, 0, 16, 16], "texture": "#0"},
				"up": {"uv": [0, 0, 16, 16], "texture": "#0"},
				"down": {"uv": [0, 0, 16, 16], "texture": "#0"}
			}
		},
		{
			"from": [3.8, 8.1, 8.2],
			"to": [4.1, 9.1, 9.3],
			"rotation": {"angle": 0, "axis": "y", "origin": [16, 0, 0]},
			"faces": {
				"north": {"uv": [16, 0, 0, 16], "texture": "#0"},
				"east": {"uv": [16, 0, 0, 16], "texture": "#0"},
				"south": {"uv": [16, 0, 0, 16], "texture": "#0"},
				"west": {"uv": [16, 0, 0, 16], "texture": "#0"},
				"up": {"uv": [16, 0, 0, 16], "texture": "#0"},
				"down": {"uv": [16, 0, 0, 16], "texture": "#0"}
			}
		},
		{
			"from": [11.9, 8.1, 6.8],
			"to": [12.9, 9.1, 8.2],
			"faces": {
				"north": {"uv": [0, 0, 16, 16], "texture": "#0"},
				"east": {"uv": [0, 0, 16, 16], "texture": "#0"},
				"south": {"uv": [0, 0, 16, 16], "texture": "#0"},
				"west": {"uv": [0, 0, 16, 16], "texture": "#0"},
				"up": {"uv": [0, 0, 16, 16], "texture": "#0"},
				"down": {"uv": [0, 0, 16, 16], "texture": "#0"}
			}
		},
		{
			"from": [4.1, 9.6, 2.5],
			"to": [5, 10.8, 11.9],
			"rotation": {"angle": 0, "axis": "x", "origin": [16, 0, 0]},
			"faces": {
				"north": {"uv": [16, 0, 0, 16], "texture": "#1"},
				"east": {"uv": [16, 0, 0, 16], "texture": "#1"},
				"south": {"uv": [16, 0, 0, 16], "texture": "#1"},
				"west": {"uv": [16, 0, 0, 16], "texture": "#1"},
				"up": {"uv": [16, 0, 0, 16], "texture": "#1"},
				"down": {"uv": [16, 0, 0, 16], "texture": "#1"}
			}
		},
		{
			"from": [10.9, 9, 0.5],
			"to": [11.9, 9.6, 8.8],
			"faces": {
				"north": {"uv": [0, 0, 16, 16], "texture": "#1"},
				"east": {"uv": [0, 0, 16, 16], "texture": "#1"},
				"south": {"uv": [0, 0, 16, 16], "texture": "#1"},
				"west": {"uv": [0, 0, 16, 16], "texture": "#1"},
				"up": {"uv": [0, 0, 16, 16], "texture": "#1"},
				"down": {"uv": [0, 0, 16, 16], "texture": "#1"}
			}
		},
		{
			"from": [5, 11.3, 14.2],
			"to": [11.1, 11.9, 15.1],
			"faces": {
				"north": {"uv": [1.8, 0, 7.9, 0.9], "texture": "#0"},
				"east": {"uv": [1.8, 0, 7.9, 0.9], "texture": "#0"},
				"south": {"uv": [1.8, 0, 7.9, 0.9], "texture": "#0"},
				"west": {"uv": [1.8, 0, 7.9, 0.9], "texture": "#0"},
				"up": {"uv": [1.8, 0, 7.9, 0.9], "texture": "#0"},
				"down": {"uv": [1.8, 0, 7.9, 0.9], "texture": "#0"}
			}
		},
		{
			"from": [5, 11.3, 15.1],
			"to": [11.1, 11.7, 15.5],
			"faces": {
				"north": {"uv": [1.8, 0, 7.9, 0.4], "texture": "#0"},
				"east": {"uv": [1.8, 0, 7.9, 0.4], "texture": "#0"},
				"south": {"uv": [1.8, 0, 7.9, 0.4], "texture": "#0"},
				"west": {"uv": [1.8, 0, 7.9, 0.4], "texture": "#0"},
				"up": {"uv": [1.8, 0, 7.9, 0.4], "texture": "#0"},
				"down": {"uv": [1.8, 0, 7.9, 0.4], "texture": "#0"}
			}
		},
		{
			"from": [14.8, 3.2, 14.2],
			"to": [15.3, 6.9, 14.7],
			"rotation": {"angle": 22.5, "axis": "z", "origin": [0, 0, 0]},
			"faces": {
				"north": {"uv": [0, 0, 16, 16], "texture": "#0"},
				"east": {"uv": [0, 0, 16, 16], "texture": "#0"},
				"south": {"uv": [0, 0, 16, 16], "texture": "#0"},
				"west": {"uv": [0, 0, 16, 16], "texture": "#0"},
				"up": {"uv": [0, 0, 16, 16], "texture": "#0"},
				"down": {"uv": [0, 0, 16, 16], "texture": "#0"}
			}
		},
		{
			"from": [0.7, 2.5, 14.7],
			"to": [1.2, 6.9, 15.5],
			"rotation": {"angle": -22.5, "axis": "z", "origin": [16, 0, 0]},
			"faces": {
				"north": {"uv": [16, 0, 0, 16], "texture": "#0"},
				"east": {"uv": [16, 0, 0, 16], "texture": "#0"},
				"south": {"uv": [16, 0, 0, 16], "texture": "#0"},
				"west": {"uv": [16, 0, 0, 16], "texture": "#0"},
				"up": {"uv": [16, 0, 0, 16], "texture": "#0"},
				"down": {"uv": [16, 0, 0, 16], "texture": "#0"}
			}
		},
		{
			"from": [14.8, 4.6, 14],
			"to": [15.3, 6.9, 14.2],
			"rotation": {"angle": 22.5, "axis": "z", "origin": [0, 0, 0]},
			"faces": {
				"north": {"uv": [0, 0, 16, 16], "texture": "#0"},
				"east": {"uv": [0, 0, 16, 16], "texture": "#0"},
				"south": {"uv": [0, 0, 16, 16], "texture": "#0"},
				"west": {"uv": [0, 0, 16, 16], "texture": "#0"},
				"up": {"uv": [0, 0, 16, 16], "texture": "#0"},
				"down": {"uv": [0, 0, 16, 16], "texture": "#0"}
			}
		},
		{
			"from": [0.7, 3.2, 14.2],
			"to": [1.2, 6.9, 14.7],
			"rotation": {"angle": -22.5, "axis": "z", "origin": [16, 0, 0]},
			"faces": {
				"north": {"uv": [16, 0, 0, 16], "texture": "#0"},
				"east": {"uv": [16, 0, 0, 16], "texture": "#0"},
				"south": {"uv": [16, 0, 0, 16], "texture": "#0"},
				"west": {"uv": [16, 0, 0, 16], "texture": "#0"},
				"up": {"uv": [16, 0, 0, 16], "texture": "#0"},
				"down": {"uv": [16, 0, 0, 16], "texture": "#0"}
			}
		},
		{
			"from": [9.4, 7.8, -4.6],
			"to": [9.8, 8.2, -1.6],
			"faces": {
				"north": {"uv": [0, 11, 2.4, 13.4], "texture": "#3"},
				"east": {"uv": [0, 11, 2.4, 13.4], "texture": "#3"},
				"south": {"uv": [0, 11, 2.4, 13.4], "texture": "#3"},
				"west": {"uv": [0, 11, 2.4, 13.4], "texture": "#3"},
				"up": {"uv": [0, 11, 2.4, 13.4], "texture": "#3"},
				"down": {"uv": [0, 11, 2.4, 13.4], "texture": "#3"}
			}
		},
		{
			"from": [5.9, 6.7, -1.6],
			"to": [7.1, 8.7, 0.4],
			"rotation": {"angle": 0, "axis": "y", "origin": [16, 0, 0]},
			"faces": {
				"north": {"uv": [7.3, 0, 0, 2], "texture": "#0"},
				"east": {"uv": [7.3, 0, 0, 2], "texture": "#0"},
				"south": {"uv": [7.3, 0, 0, 2], "texture": "#0"},
				"west": {"uv": [7.3, 0, 0, 2], "texture": "#0"},
				"up": {"uv": [7.3, 0, 0, 2], "texture": "#0"},
				"down": {"uv": [7.3, 0, 0, 2], "texture": "#0"}
			}
		},
		{
			"from": [9.4, 7.2, -3.8],
			"to": [9.8, 7.6, -1.6],
			"faces": {
				"north": {"uv": [0, 11, 2.4, 13.4], "texture": "#3"},
				"east": {"uv": [0, 11, 2.4, 13.4], "texture": "#3"},
				"south": {"uv": [0, 11, 2.4, 13.4], "texture": "#3"},
				"west": {"uv": [0, 11, 2.4, 13.4], "texture": "#3"},
				"up": {"uv": [0, 11, 2.4, 13.4], "texture": "#3"},
				"down": {"uv": [0, 11, 2.4, 13.4], "texture": "#3"}
			}
		},
		{
			"from": [6.2, 7.8, -4.6],
			"to": [6.6, 8.2, -1.6],
			"rotation": {"angle": 0, "axis": "y", "origin": [16, 0, 0]},
			"faces": {
				"north": {"uv": [2.4, 11, 0, 13.4], "texture": "#3"},
				"east": {"uv": [2.4, 11, 0, 13.4], "texture": "#3"},
				"south": {"uv": [2.4, 11, 0, 13.4], "texture": "#3"},
				"west": {"uv": [2.4, 11, 0, 13.4], "texture": "#3"},
				"up": {"uv": [2.4, 11, 0, 13.4], "texture": "#3"},
				"down": {"uv": [2.4, 11, 0, 13.4], "texture": "#3"}
			}
		},
		{
			"from": [9.4, 9, -1.3],
			"to": [9.8, 9.3, -1],
			"rotation": {"angle": -22.5, "axis": "x", "origin": [0, 0, 0]},
			"faces": {
				"north": {"uv": [6.8, 7, 9.2, 9.3], "texture": "#3"},
				"east": {"uv": [1.8, 11, 4.2, 13.3], "texture": "#3"},
				"south": {"uv": [1.8, 11, 4.2, 13.3], "texture": "#3"},
				"west": {"uv": [1.8, 11, 4.2, 13.3], "texture": "#3"},
				"up": {"uv": [1.8, 11, 4.2, 13.3], "texture": "#3"},
				"down": {"uv": [1.8, 11, 4.2, 13.3], "texture": "#3"}
			}
		},
		{
			"from": [4.1, 4.3, 9],
			"to": [5, 5.3, 18.7],
			"rotation": {"angle": -22.5, "axis": "x", "origin": [16, 0, 0]},
			"faces": {
				"north": {"uv": [16, 0, 0, 16], "texture": "#1"},
				"east": {"uv": [16, 0, 0, 16], "texture": "#1"},
				"south": {"uv": [16, 0, 0, 16], "texture": "#1"},
				"west": {"uv": [16, 0, 0, 16], "texture": "#1"},
				"up": {"uv": [16, 0, 0, 16], "texture": "#1"},
				"down": {"uv": [16, 0, 0, 16], "texture": "#1"}
			}
		},
		{
			"from": [9.4, 8.1, -0.8],
			"to": [9.8, 8.4, -0.5],
			"rotation": {"angle": -22.5, "axis": "x", "origin": [0, 0, 0]},
			"faces": {
				"north": {"uv": [6.8, 7, 9.2, 9.3], "texture": "#3"},
				"east": {"uv": [1.8, 11, 4.2, 13.3], "texture": "#3"},
				"south": {"uv": [1.8, 11, 4.2, 13.3], "texture": "#3"},
				"west": {"uv": [1.8, 11, 4.2, 13.3], "texture": "#3"},
				"up": {"uv": [1.8, 11, 4.2, 13.3], "texture": "#3"},
				"down": {"uv": [1.8, 11, 4.2, 13.3], "texture": "#3"}
			}
		},
		{
			"from": [6.2, 9.3, -1.3],
			"to": [6.6, 9.4, -1.1],
			"rotation": {"angle": -22.5, "axis": "x", "origin": [16, 0, 0]},
			"faces": {
				"north": {"uv": [9.2, 7, 6.8, 9.1], "texture": "#3"},
				"east": {"uv": [4.2, 11, 1.8, 13.1], "texture": "#3"},
				"south": {"uv": [4.2, 11, 1.8, 13.1], "texture": "#3"},
				"west": {"uv": [4.2, 11, 1.8, 13.1], "texture": "#3"},
				"up": {"uv": [4.2, 11, 1.8, 13.1], "texture": "#3"},
				"down": {"uv": [4.2, 11, 1.8, 13.1], "texture": "#3"}
			}
		},
		{
			"from": [9.4, 8.4, -0.8],
			"to": [9.8, 8.5, -0.6],
			"rotation": {"angle": -22.5, "axis": "x", "origin": [0, 0, 0]},
			"faces": {
				"north": {"uv": [6.8, 7, 9.2, 9.1], "texture": "#3"},
				"east": {"uv": [1.8, 11, 4.2, 13.1], "texture": "#3"},
				"south": {"uv": [1.8, 11, 4.2, 13.1], "texture": "#3"},
				"west": {"uv": [1.8, 11, 4.2, 13.1], "texture": "#3"},
				"up": {"uv": [1.8, 11, 4.2, 13.1], "texture": "#3"},
				"down": {"uv": [1.8, 11, 4.2, 13.1], "texture": "#3"}
			}
		},
		{
			"from": [9.4, 9.3, -1.3],
			"to": [9.8, 9.4, -1.1],
			"rotation": {"angle": -22.5, "axis": "x", "origin": [0, 0, 0]},
			"faces": {
				"north": {"uv": [6.8, 7, 9.2, 9.1], "texture": "#3"},
				"east": {"uv": [1.8, 11, 4.2, 13.1], "texture": "#3"},
				"south": {"uv": [1.8, 11, 4.2, 13.1], "texture": "#3"},
				"west": {"uv": [1.8, 11, 4.2, 13.1], "texture": "#3"},
				"up": {"uv": [1.8, 11, 4.2, 13.1], "texture": "#3"},
				"down": {"uv": [1.8, 11, 4.2, 13.1], "texture": "#3"}
			}
		},
		{
			"from": [6.2, 8.1, -0.8],
			"to": [6.6, 8.4, -0.5],
			"rotation": {"angle": -22.5, "axis": "x", "origin": [16, 0, 0]},
			"faces": {
				"north": {"uv": [9.2, 7, 6.8, 9.3], "texture": "#3"},
				"east": {"uv": [4.2, 11, 1.8, 13.3], "texture": "#3"},
				"south": {"uv": [4.2, 11, 1.8, 13.3], "texture": "#3"},
				"west": {"uv": [4.2, 11, 1.8, 13.3], "texture": "#3"},
				"up": {"uv": [4.2, 11, 1.8, 13.3], "texture": "#3"},
				"down": {"uv": [4.2, 11, 1.8, 13.3], "texture": "#3"}
			}
		},
		{
			"from": [6.2, 9, -1.3],
			"to": [6.6, 9.3, -1],
			"rotation": {"angle": -22.5, "axis": "x", "origin": [16, 0, 0]},
			"faces": {
				"north": {"uv": [9.2, 7, 6.8, 9.3], "texture": "#3"},
				"east": {"uv": [4.2, 11, 1.8, 13.3], "texture": "#3"},
				"south": {"uv": [4.2, 11, 1.8, 13.3], "texture": "#3"},
				"west": {"uv": [4.2, 11, 1.8, 13.3], "texture": "#3"},
				"up": {"uv": [4.2, 11, 1.8, 13.3], "texture": "#3"},
				"down": {"uv": [4.2, 11, 1.8, 13.3], "texture": "#3"}
			}
		},
		{
			"from": [6.9, 4.7, 3.6],
			"to": [8.9, 5.6, 7.5],
			"rotation": {"angle": -22.5, "axis": "x", "origin": [0, 0, 0]},
			"faces": {
				"north": {"uv": [0, 0, 2, 3.9], "texture": "#0"},
				"east": {"uv": [0, 0, 2, 3.9], "texture": "#0"},
				"south": {"uv": [0, 0, 2, 3.9], "texture": "#0"},
				"west": {"uv": [0, 0, 2, 3.9], "texture": "#0"},
				"up": {"uv": [0, 0, 2, 3.9], "texture": "#0"},
				"down": {"uv": [0, 0, 2, 3.9], "texture": "#0"}
			}
		},
		{
			"from": [7, 9, -1.4],
			"to": [8.8, 9.3, 6],
			"rotation": {"angle": -22.5, "axis": "x", "origin": [0, 0, 0]},
			"faces": {
				"north": {"uv": [0, 0, 2, 1.7], "texture": "#2"},
				"east": {"uv": [0, 0, 2, 1.7], "texture": "#2"},
				"south": {"uv": [0, 0, 2, 1.7], "texture": "#2"},
				"west": {"uv": [0, 0, 2, 1.7], "texture": "#2"},
				"up": {"uv": [16, 0, 0, 16], "rotation": 90, "texture": "#4"},
				"down": {"uv": [0, 0, 2, 1.7], "texture": "#2"}
			}
		},
		{
			"from": [4.1, 7.8, 4.1],
			"to": [5, 8.8, 6.9],
			"rotation": {"angle": -22.5, "axis": "x", "origin": [16, 0, 0]},
			"faces": {
				"north": {"uv": [16, 0, 0, 16], "texture": "#1"},
				"east": {"uv": [16, 0, 0, 16], "texture": "#1"},
				"south": {"uv": [16, 0, 0, 16], "texture": "#1"},
				"west": {"uv": [16, 0, 0, 16], "texture": "#1"},
				"up": {"uv": [16, 0, 0, 16], "texture": "#1"},
				"down": {"uv": [16, 0, 0, 16], "texture": "#1"}
			}
		},
		{
			"from": [11, 4.3, 9],
			"to": [11.9, 5.3, 18.7],
			"rotation": {"angle": -22.5, "axis": "x", "origin": [0, 0, 0]},
			"faces": {
				"north": {"uv": [0, 0, 16, 16], "texture": "#1"},
				"east": {"uv": [0, 0, 16, 16], "texture": "#1"},
				"south": {"uv": [0, 0, 16, 16], "texture": "#1"},
				"west": {"uv": [0, 0, 16, 16], "texture": "#1"},
				"up": {"uv": [0, 0, 16, 16], "texture": "#1"},
				"down": {"uv": [0, 0, 16, 16], "texture": "#1"}
			}
		},
		{
			"from": [-0.2, 12.7, 1],
			"to": [2.8, 13.7, 1.8],
			"rotation": {"angle": 22.5, "axis": "z", "origin": [16, 0, 0]},
			"faces": {
				"north": {"uv": [16, 0, 0, 16], "texture": "#0"},
				"east": {"uv": [16, 0, 0, 16], "texture": "#0"},
				"south": {"uv": [16, 0, 0, 16], "texture": "#0"},
				"west": {"uv": [16, 0, 0, 16], "texture": "#0"},
				"up": {"uv": [16, 0, 0, 16], "texture": "#0"},
				"down": {"uv": [16, 0, 0, 16], "texture": "#0"}
			}
		},
		{
			"from": [13.2, 12.8, 0.5],
			"to": [15.8, 13.6, 3.8],
			"rotation": {"angle": -22.5, "axis": "z", "origin": [0, 0, 0]},
			"faces": {
				"north": {"uv": [0, 0, 16, 16], "texture": "#0"},
				"east": {"uv": [0, 0, 16, 16], "texture": "#0"},
				"south": {"uv": [0, 0, 16, 16], "texture": "#0"},
				"west": {"uv": [0, 0, 16, 16], "texture": "#0"},
				"up": {"uv": [0, 0, 16, 16], "texture": "#0"},
				"down": {"uv": [0, 0, 16, 16], "texture": "#0"}
			}
		},
		{
			"from": [-0.2, 12.7, 2.5],
			"to": [2.8, 13.7, 3.3],
			"rotation": {"angle": 22.5, "axis": "z", "origin": [16, 0, 0]},
			"faces": {
				"north": {"uv": [16, 0, 0, 16], "texture": "#0"},
				"east": {"uv": [16, 0, 0, 16], "texture": "#0"},
				"south": {"uv": [16, 0, 0, 16], "texture": "#0"},
				"west": {"uv": [16, 0, 0, 16], "texture": "#0"},
				"up": {"uv": [16, 0, 0, 16], "texture": "#0"},
				"down": {"uv": [16, 0, 0, 16], "texture": "#0"}
			}
		},
		{
			"from": [13.2, 12.7, 1],
			"to": [16.2, 13.7, 1.8],
			"rotation": {"angle": -22.5, "axis": "z", "origin": [0, 0, 0]},
			"faces": {
				"north": {"uv": [0, 0, 16, 16], "texture": "#0"},
				"east": {"uv": [0, 0, 16, 16], "texture": "#0"},
				"south": {"uv": [0, 0, 16, 16], "texture": "#0"},
				"west": {"uv": [0, 0, 16, 16], "texture": "#0"},
				"up": {"uv": [0, 0, 16, 16], "texture": "#0"},
				"down": {"uv": [0, 0, 16, 16], "texture": "#0"}
			}
		}
	],
	"display": {
		"thirdperson_righthand": {
			"rotation": [66, 0, 0],
			"translation": [-5.75, -16.75, 0],
			"scale": [4, 4, 4]
		},
		"thirdperson_lefthand": {
			"rotation": [66, 0, 0],
			"translation": [-6.25, -16.75, 0],
			"scale": [4, 4, 4]
		},
		"firstperson_righthand": {
			"translation": [0, 0, 2.5]
		},
		"firstperson_lefthand": {
			"translation": [0, 0, 2.5]
		},
		"ground": {
			"translation": [0, 0, 3.5]
		},
		"gui": {
			"rotation": [84, -125, 0],
			"translation": [-2.25, 2.75, 0]
		}
	}
}