{
	"credit": "Made with Blockbench",
	"parent": "103",
	"textures": {
		"0": "minecraft:block/fire_coral_block",
		"1": "minecraft:block/anvil",
		"particle": "minecraft:block/fire_coral_block"
	},
	"elements": [
		{
			"from": [10, 9, 0],
			"to": [12, 11, 2],
			"rotation": {"angle": 22.5, "axis": "z", "origin": [0, 0, 0]},
			"faces": {
				"north": {"uv": [0, 0, 2, 2], "texture": "#0"},
				"east": {"uv": [0, 0, 2, 2], "texture": "#0"},
				"south": {"uv": [0, 0, 2, 2], "texture": "#0"},
				"west": {"uv": [0, 0, 2, 2], "texture": "#0"},
				"up": {"uv": [0, 0, 2, 2], "texture": "#0"},
				"down": {"uv": [0, 0, 2, 2], "texture": "#0"}
			}
		},
		{
			"from": [3.9, 12.1, 0],
			"to": [5.9, 14.1, 2],
			"faces": {
				"north": {"uv": [0, 0, 2, 2], "texture": "#0"},
				"east": {"uv": [0, 0, 2, 2], "texture": "#0"},
				"south": {"uv": [0, 0, 2, 2], "texture": "#0"},
				"west": {"uv": [0, 0, 2, 2], "texture": "#0"},
				"up": {"uv": [0, 0, 2, 2], "texture": "#0"},
				"down": {"uv": [0, 0, 2, 2], "texture": "#0"}
			}
		},
		{
			"from": [2, 12.1, 0.1],
			"to": [4, 13.4, 1.9],
			"faces": {
				"north": {"uv": [0, 0, 2, 1.3], "texture": "#0"},
				"east": {"uv": [0, 0, 2, 1.3], "texture": "#0"},
				"south": {"uv": [0, 0, 2, 1.3], "texture": "#0"},
				"west": {"uv": [0, 0, 2, 1.3], "texture": "#0"},
				"up": {"uv": [0, 0, 2, 1.3], "texture": "#0"},
				"down": {"uv": [0, 0, 2, 1.3], "texture": "#0"}
			}
		},
		{
			"from": [4.8, 13.9, 0.2],
			"to": [6.4, 15.6, 1.9],
			"faces": {
				"north": {"uv": [0, 0, 2.1, 1.4], "texture": "#1"},
				"east": {"uv": [0, 0, 2.1, 1.4], "texture": "#1"},
				"south": {"uv": [0, 0, 2.1, 1.4], "texture": "#1"},
				"west": {"uv": [0, 0, 2.1, 1.4], "texture": "#1"},
				"up": {"uv": [0, 0, 2.1, 1.4], "texture": "#1"},
				"down": {"uv": [0, 0, 2.1, 1.4], "texture": "#1"}
			}
		},
		{
			"from": [12, 9.6, 0.4],
			"to": [14.1, 11, 1.4],
			"rotation": {"angle": 22.5, "axis": "z", "origin": [0, 0, 0]},
			"faces": {
				"north": {"uv": [0, 0, 2.1, 1.4], "texture": "#1"},
				"east": {"uv": [0, 0, 2.1, 1.4], "texture": "#1"},
				"south": {"uv": [0, 0, 2.1, 1.4], "texture": "#1"},
				"west": {"uv": [0, 0, 2.1, 1.4], "texture": "#1"},
				"up": {"uv": [0, 0, 2.1, 1.4], "texture": "#1"},
				"down": {"uv": [0, 0, 2.1, 1.4], "texture": "#1"}
			}
		},
		{
			"from": [11.2, 8.3, 0],
			"to": [12, 9, 2],
			"rotation": {"angle": 22.5, "axis": "z", "origin": [0, 0, 0]},
			"faces": {
				"north": {"uv": [0, 0, 2, 2], "texture": "#0"},
				"east": {"uv": [0, 0, 2, 2], "texture": "#0"},
				"south": {"uv": [0, 0, 2, 2], "texture": "#0"},
				"west": {"uv": [0, 0, 2, 2], "texture": "#0"},
				"up": {"uv": [0, 0, 2, 2], "texture": "#0"},
				"down": {"uv": [0, 0, 2, 2], "texture": "#0"}
			}
		}
	],
	"display": {
		"thirdperson_righthand": {
			"translation": [1, -1.75, 2.75],
			"scale": [0.4, 0.4, 0.4]
		},
		"thirdperson_lefthand": {
			"translation": [-1, -1.75, 2.75],
			"scale": [0.4, 0.4, 0.4]
		},
		"firstperson_righthand": {
			"translation": [9.5, -7, 2.25]
		},
		"firstperson_lefthand": {
			"translation": [2.5, -7, 2.25]
		},
		"gui": {
			"rotation": [0, 180, 11],
			"translation": [-7.25, -11.75, 0],
			"scale": [2, 2, 2]
		}
	}
}