{
	"credit": "Made with Blockbench",
	"parent": "98",
	"textures": {
		"1": "minecraft:block/emerald_block",
		"3": "minecraft:block/coal_block",
		"8": "minecraft:block/gray_wool"
	},
	"elements": [
		{
			"from": [7.7, 12.8, -0.3],
			"to": [8, 14, 1.1],
			"rotation": {"angle": 0, "axis": "y", "origin": [16, 3, 0]},
			"faces": {
				"north": {"uv": [0, 12, 4, 16], "rotation": 180, "texture": "#8"},
				"east": {"uv": [0, 12, 4, 16], "rotation": 180, "texture": "#8"},
				"south": {"uv": [0, 12, 4, 16], "rotation": 180, "texture": "#8"},
				"west": {"uv": [0, 12, 4, 16], "rotation": 180, "texture": "#8"},
				"up": {"uv": [0, 12, 4, 16], "rotation": 180, "texture": "#8"},
				"down": {"uv": [0, 12, 4, 16], "rotation": 180, "texture": "#8"}
			}
		},
		{
			"from": [8, 15.1, -10.2],
			"to": [9.4, 16.3, -8.3],
			"rotation": {"angle": 45, "axis": "x", "origin": [0, 4.3, 0]},
			"faces": {
				"north": {"uv": [0, 12, 4, 16], "rotation": 180, "texture": "#8"},
				"east": {"uv": [0, 12, 4, 16], "rotation": 180, "texture": "#8"},
				"south": {"uv": [0, 12, 4, 16], "rotation": 180, "texture": "#8"},
				"west": {"uv": [0, 12, 4, 16], "rotation": 180, "texture": "#8"},
				"up": {"uv": [0, 12, 4, 16], "rotation": 180, "texture": "#8"},
				"down": {"uv": [0, 12, 4, 16], "rotation": 180, "texture": "#8"}
			}
		},
		{
			"from": [8.8, 5.3, -1],
			"to": [9.9, 10.5, 0.5],
			"rotation": {"angle": 0, "axis": "y", "origin": [16, 3, 0]},
			"faces": {
				"north": {"uv": [0, 12, 4, 16], "rotation": 180, "texture": "#8"},
				"east": {"uv": [0, 12, 4, 16], "rotation": 180, "texture": "#8"},
				"south": {"uv": [0, 12, 4, 16], "rotation": 180, "texture": "#8"},
				"west": {"uv": [0, 12, 4, 16], "rotation": 180, "texture": "#8"},
				"up": {"uv": [0, 12, 4, 16], "rotation": 180, "texture": "#8"},
				"down": {"uv": [0, 12, 4, 16], "rotation": 180, "texture": "#8"}
			}
		},
		{
			"from": [2.3, 9.2, -0.3],
			"to": [4.8, 10, 1.3],
			"rotation": {"angle": -22.5, "axis": "z", "origin": [16, 3, 0]},
			"faces": {
				"north": {"uv": [0, 12, 4, 16], "rotation": 180, "texture": "#8"},
				"east": {"uv": [0, 12, 4, 16], "rotation": 180, "texture": "#8"},
				"south": {"uv": [0, 12, 4, 16], "rotation": 180, "texture": "#8"},
				"west": {"uv": [0, 12, 4, 16], "rotation": 180, "texture": "#8"},
				"up": {"uv": [0, 12, 4, 16], "rotation": 180, "texture": "#8"},
				"down": {"uv": [0, 12, 4, 16], "rotation": 180, "texture": "#8"}
			}
		},
		{
			"from": [6.5, 5, -1.2],
			"to": [8, 10.5, 0.5],
			"rotation": {"angle": 0, "axis": "y", "origin": [0, 3, 0]},
			"faces": {
				"north": {"uv": [0, 12, 4, 16], "rotation": 180, "texture": "#8"},
				"east": {"uv": [0, 12, 4, 16], "rotation": 180, "texture": "#8"},
				"south": {"uv": [0, 12, 4, 16], "rotation": 180, "texture": "#8"},
				"west": {"uv": [0, 12, 4, 16], "rotation": 180, "texture": "#8"},
				"up": {"uv": [0, 12, 4, 16], "rotation": 180, "texture": "#8"},
				"down": {"uv": [0, 12, 4, 16], "rotation": 180, "texture": "#8"}
			}
		},
		{
			"from": [5.6, 11.2, -1.2],
			"to": [6.9, 13.3, 0.6],
			"rotation": {"angle": -22.5, "axis": "z", "origin": [0, 3, 0]},
			"faces": {
				"north": {"uv": [0, 12, 4, 16], "rotation": 180, "texture": "#8"},
				"east": {"uv": [0, 12, 4, 16], "rotation": 180, "texture": "#8"},
				"south": {"uv": [0, 12, 4, 16], "rotation": 180, "texture": "#8"},
				"west": {"uv": [0, 12, 4, 16], "rotation": 180, "texture": "#8"},
				"up": {"uv": [0, 12, 4, 16], "rotation": 180, "texture": "#8"},
				"down": {"uv": [0, 12, 4, 16], "rotation": 180, "texture": "#8"}
			}
		},
		{
			"from": [5.1, 9.9, -0.8],
			"to": [6, 10.3, 0.6],
			"rotation": {"angle": 0, "axis": "z", "origin": [16, 3, 0]},
			"faces": {
				"north": {"uv": [0, 12, 4, 16], "rotation": 180, "texture": "#8"},
				"east": {"uv": [0, 12, 4, 16], "rotation": 180, "texture": "#8"},
				"south": {"uv": [0, 12, 4, 16], "rotation": 180, "texture": "#8"},
				"west": {"uv": [0, 12, 4, 16], "rotation": 180, "texture": "#8"},
				"up": {"uv": [0, 12, 4, 16], "rotation": 180, "texture": "#8"},
				"down": {"uv": [0, 12, 4, 16], "rotation": 180, "texture": "#8"}
			}
		},
		{
			"from": [5.5, 10.4, -0.4],
			"to": [7, 11.3, 1.3],
			"rotation": {"angle": 0, "axis": "y", "origin": [16, 3.7, 0]},
			"faces": {
				"north": {"uv": [0, 12, 4, 16], "rotation": 180, "texture": "#8"},
				"east": {"uv": [0, 12, 4, 16], "rotation": 180, "texture": "#8"},
				"south": {"uv": [0, 12, 4, 16], "rotation": 180, "texture": "#8"},
				"west": {"uv": [0, 12, 4, 16], "rotation": 180, "texture": "#8"},
				"up": {"uv": [0, 12, 4, 16], "rotation": 180, "texture": "#8"},
				"down": {"uv": [0, 12, 4, 16], "rotation": 180, "texture": "#8"}
			}
		},
		{
			"from": [4.5, 10.6, 0.3],
			"to": [4.9, 11.5, 2.1],
			"rotation": {"angle": 0, "axis": "y", "origin": [16, 3.7, 0]},
			"faces": {
				"north": {"uv": [0, 12, 4, 16], "rotation": 180, "texture": "#8"},
				"east": {"uv": [0, 12, 4, 16], "rotation": 180, "texture": "#8"},
				"south": {"uv": [0, 12, 4, 16], "rotation": 180, "texture": "#8"},
				"west": {"uv": [0, 12, 4, 16], "rotation": 180, "texture": "#8"},
				"up": {"uv": [0, 12, 4, 16], "rotation": 180, "texture": "#8"},
				"down": {"uv": [0, 12, 4, 16], "rotation": 180, "texture": "#8"}
			}
		},
		{
			"from": [10.5, 9.2, 2.7],
			"to": [11.1, 10.2, 4.2],
			"rotation": {"angle": -22.5, "axis": "x", "origin": [0, 3.7, 0]},
			"faces": {
				"north": {"uv": [0, 12, 4, 16], "rotation": 180, "texture": "#8"},
				"east": {"uv": [0, 12, 4, 16], "rotation": 180, "texture": "#8"},
				"south": {"uv": [0, 12, 4, 16], "rotation": 180, "texture": "#8"},
				"west": {"uv": [0, 12, 4, 16], "rotation": 180, "texture": "#8"},
				"up": {"uv": [0, 12, 4, 16], "rotation": 180, "texture": "#8"},
				"down": {"uv": [0, 12, 4, 16], "rotation": 180, "texture": "#8"}
			}
		},
		{
			"from": [4.9, 10.5, -0.4],
			"to": [5.5, 11.3, 1.3],
			"rotation": {"angle": 0, "axis": "y", "origin": [16, 3.7, 0]},
			"faces": {
				"north": {"uv": [0, 12, 4, 16], "rotation": 180, "texture": "#8"},
				"east": {"uv": [0, 12, 4, 16], "rotation": 180, "texture": "#8"},
				"south": {"uv": [0, 12, 4, 16], "rotation": 180, "texture": "#8"},
				"west": {"uv": [0, 12, 4, 16], "rotation": 180, "texture": "#8"},
				"up": {"uv": [0, 12, 4, 16], "rotation": 180, "texture": "#8"},
				"down": {"uv": [0, 12, 4, 16], "rotation": 180, "texture": "#8"}
			}
		},
		{
			"from": [4, 10.7, 0.9],
			"to": [4.5, 12.1, 2.1],
			"rotation": {"angle": 0, "axis": "y", "origin": [16, 3.7, 0]},
			"faces": {
				"north": {"uv": [0, 12, 4, 16], "rotation": 180, "texture": "#8"},
				"east": {"uv": [0, 12, 4, 16], "rotation": 180, "texture": "#8"},
				"south": {"uv": [0, 12, 4, 16], "rotation": 180, "texture": "#8"},
				"west": {"uv": [0, 12, 4, 16], "rotation": 180, "texture": "#8"},
				"up": {"uv": [0, 12, 4, 16], "rotation": 180, "texture": "#8"},
				"down": {"uv": [0, 12, 4, 16], "rotation": 180, "texture": "#8"}
			}
		},
		{
			"from": [11.1, 9.2, 3.2],
			"to": [11.5, 9.9, 4.3],
			"rotation": {"angle": -22.5, "axis": "x", "origin": [0, 3.7, 0]},
			"faces": {
				"north": {"uv": [0, 12, 4, 16], "rotation": 180, "texture": "#8"},
				"east": {"uv": [0, 12, 4, 16], "rotation": 180, "texture": "#8"},
				"south": {"uv": [0, 12, 4, 16], "rotation": 180, "texture": "#8"},
				"west": {"uv": [0, 12, 4, 16], "rotation": 180, "texture": "#8"},
				"up": {"uv": [0, 12, 4, 16], "rotation": 180, "texture": "#8"},
				"down": {"uv": [0, 12, 4, 16], "rotation": 180, "texture": "#8"}
			}
		},
		{
			"from": [3.9, 10.9, 0.5],
			"to": [5, 14.8, 2.1],
			"rotation": {"angle": 0, "axis": "y", "origin": [16, 3.7, 0]},
			"faces": {
				"north": {"uv": [0, 12, 4, 16], "rotation": 180, "texture": "#8"},
				"east": {"uv": [0, 12, 4, 16], "rotation": 180, "texture": "#8"},
				"south": {"uv": [0, 12, 4, 16], "rotation": 180, "texture": "#8"},
				"west": {"uv": [0, 12, 4, 16], "rotation": 180, "texture": "#8"},
				"up": {"uv": [0, 12, 4, 16], "rotation": 180, "texture": "#8"},
				"down": {"uv": [0, 12, 4, 16], "rotation": 180, "texture": "#8"}
			}
		},
		{
			"from": [11.5, 9.4, 3.8],
			"to": [12, 10.5, 4.3],
			"rotation": {"angle": -22.5, "axis": "x", "origin": [0, 3.7, 0]},
			"faces": {
				"north": {"uv": [0, 12, 4, 16], "rotation": 180, "texture": "#8"},
				"east": {"uv": [0, 12, 4, 16], "rotation": 180, "texture": "#8"},
				"south": {"uv": [0, 12, 4, 16], "rotation": 180, "texture": "#8"},
				"west": {"uv": [0, 12, 4, 16], "rotation": 180, "texture": "#8"},
				"up": {"uv": [0, 12, 4, 16], "rotation": 180, "texture": "#8"},
				"down": {"uv": [0, 12, 4, 16], "rotation": 180, "texture": "#8"}
			}
		},
		{
			"from": [7.1, 13.8, -0.2],
			"to": [8, 15.3, 1.1],
			"rotation": {"angle": 0, "axis": "y", "origin": [16, 3, 0]},
			"faces": {
				"north": {"uv": [0, 12, 4, 16], "rotation": 180, "texture": "#8"},
				"east": {"uv": [0, 12, 4, 16], "rotation": 180, "texture": "#8"},
				"south": {"uv": [0, 12, 4, 16], "rotation": 180, "texture": "#8"},
				"west": {"uv": [0, 12, 4, 16], "rotation": 180, "texture": "#8"},
				"up": {"uv": [0, 12, 4, 16], "rotation": 180, "texture": "#8"},
				"down": {"uv": [0, 12, 4, 16], "rotation": 180, "texture": "#8"}
			}
		},
		{
			"from": [8, 12.8, -0.3],
			"to": [8.3, 14, 1.1],
			"rotation": {"angle": 0, "axis": "y", "origin": [0, 3, 0]},
			"faces": {
				"north": {"uv": [0, 12, 4, 16], "rotation": 180, "texture": "#8"},
				"east": {"uv": [0, 12, 4, 16], "rotation": 180, "texture": "#8"},
				"south": {"uv": [0, 12, 4, 16], "rotation": 180, "texture": "#8"},
				"west": {"uv": [0, 12, 4, 16], "rotation": 180, "texture": "#8"},
				"up": {"uv": [0, 12, 4, 16], "rotation": 180, "texture": "#8"},
				"down": {"uv": [0, 12, 4, 16], "rotation": 180, "texture": "#8"}
			}
		},
		{
			"from": [8.4, 13.9, -0.2],
			"to": [11.9, 14.7, 1.8],
			"rotation": {"angle": 0, "axis": "z", "origin": [0, 3, 0]},
			"faces": {
				"north": {"uv": [0, 12, 4, 16], "rotation": 180, "texture": "#8"},
				"east": {"uv": [0, 12, 4, 16], "rotation": 180, "texture": "#8"},
				"south": {"uv": [0, 12, 4, 16], "rotation": 180, "texture": "#8"},
				"west": {"uv": [0, 12, 4, 16], "rotation": 180, "texture": "#8"},
				"up": {"uv": [0, 12, 4, 16], "rotation": 180, "texture": "#8"},
				"down": {"uv": [0, 12, 4, 16], "rotation": 180, "texture": "#8"}
			}
		},
		{
			"from": [4.3, 10.3, -0.5],
			"to": [7.7, 12.2, 1.3],
			"rotation": {"angle": 0, "axis": "z", "origin": [16, 3.7, 0]},
			"faces": {
				"north": {"uv": [0, 12, 4, 16], "rotation": 180, "texture": "#8"},
				"east": {"uv": [0, 12, 4, 16], "rotation": 180, "texture": "#8"},
				"south": {"uv": [0, 12, 4, 16], "rotation": 180, "texture": "#8"},
				"west": {"uv": [0, 12, 4, 16], "rotation": 180, "texture": "#8"},
				"up": {"uv": [0, 12, 4, 16], "rotation": 180, "texture": "#8"},
				"down": {"uv": [0, 12, 4, 16], "rotation": 180, "texture": "#8"}
			}
		},
		{
			"from": [8.6, 11.5, 0.3],
			"to": [9.8, 12.3, 1.7],
			"rotation": {"angle": 22.5, "axis": "z", "origin": [0, 3, 0]},
			"faces": {
				"north": {"uv": [0, 12, 4, 16], "rotation": 180, "texture": "#8"},
				"east": {"uv": [0, 12, 4, 16], "rotation": 180, "texture": "#8"},
				"south": {"uv": [0, 12, 4, 16], "rotation": 180, "texture": "#8"},
				"west": {"uv": [0, 12, 4, 16], "rotation": 180, "texture": "#8"},
				"up": {"uv": [0, 12, 4, 16], "rotation": 180, "texture": "#8"},
				"down": {"uv": [0, 12, 4, 16], "rotation": 180, "texture": "#8"}
			}
		},
		{
			"from": [4.1, 13.9, -0.3],
			"to": [7.6, 14.7, 1.7],
			"rotation": {"angle": 0, "axis": "z", "origin": [16, 3, 0]},
			"faces": {
				"north": {"uv": [0, 12, 4, 16], "rotation": 180, "texture": "#8"},
				"east": {"uv": [0, 12, 4, 16], "rotation": 180, "texture": "#8"},
				"south": {"uv": [0, 12, 4, 16], "rotation": 180, "texture": "#8"},
				"west": {"uv": [0, 12, 4, 16], "rotation": 180, "texture": "#8"},
				"up": {"uv": [0, 12, 4, 16], "rotation": 180, "texture": "#8"},
				"down": {"uv": [0, 12, 4, 16], "rotation": 180, "texture": "#8"}
			}
		},
		{
			"from": [4.5, 14.6, 0.3],
			"to": [7.4, 15.5, 1.8],
			"rotation": {"angle": 0, "axis": "y", "origin": [16, 3, 0]},
			"faces": {
				"north": {"uv": [0, 12, 4, 16], "rotation": 180, "texture": "#8"},
				"east": {"uv": [0, 12, 4, 16], "rotation": 180, "texture": "#8"},
				"south": {"uv": [0, 12, 4, 16], "rotation": 180, "texture": "#8"},
				"west": {"uv": [0, 12, 4, 16], "rotation": 180, "texture": "#8"},
				"up": {"uv": [0, 12, 4, 16], "rotation": 180, "texture": "#8"},
				"down": {"uv": [0, 12, 4, 16], "rotation": 180, "texture": "#8"}
			}
		},
		{
			"from": [8, 13.8, -0.2],
			"to": [8.9, 15.3, 1.1],
			"rotation": {"angle": 0, "axis": "y", "origin": [0, 3, 0]},
			"faces": {
				"north": {"uv": [0, 12, 4, 16], "rotation": 180, "texture": "#8"},
				"east": {"uv": [0, 12, 4, 16], "rotation": 180, "texture": "#8"},
				"south": {"uv": [0, 12, 4, 16], "rotation": 180, "texture": "#8"},
				"west": {"uv": [0, 12, 4, 16], "rotation": 180, "texture": "#8"},
				"up": {"uv": [0, 12, 4, 16], "rotation": 180, "texture": "#8"},
				"down": {"uv": [0, 12, 4, 16], "rotation": 180, "texture": "#8"}
			}
		},
		{
			"from": [4.5, 15.4, 0.4],
			"to": [6.6, 16.2, 1.8],
			"rotation": {"angle": 0, "axis": "y", "origin": [16, 3, 0]},
			"faces": {
				"north": {"uv": [0, 12, 4, 16], "rotation": 180, "texture": "#8"},
				"east": {"uv": [0, 12, 4, 16], "rotation": 180, "texture": "#8"},
				"south": {"uv": [0, 12, 4, 16], "rotation": 180, "texture": "#8"},
				"west": {"uv": [0, 12, 4, 16], "rotation": 180, "texture": "#8"},
				"up": {"uv": [0, 12, 4, 16], "rotation": 180, "texture": "#8"},
				"down": {"uv": [0, 12, 4, 16], "rotation": 180, "texture": "#8"}
			}
		},
		{
			"from": [8.6, 14.6, 0.3],
			"to": [11.5, 15.5, 1.8],
			"rotation": {"angle": 0, "axis": "y", "origin": [0, 3, 0]},
			"faces": {
				"north": {"uv": [0, 12, 4, 16], "rotation": 180, "texture": "#8"},
				"east": {"uv": [0, 12, 4, 16], "rotation": 180, "texture": "#8"},
				"south": {"uv": [0, 12, 4, 16], "rotation": 180, "texture": "#8"},
				"west": {"uv": [0, 12, 4, 16], "rotation": 180, "texture": "#8"},
				"up": {"uv": [0, 12, 4, 16], "rotation": 180, "texture": "#8"},
				"down": {"uv": [0, 12, 4, 16], "rotation": 180, "texture": "#8"}
			}
		},
		{
			"from": [3.8, 14.5, 1.1],
			"to": [4.5, 16.2, 2.4],
			"rotation": {"angle": 0, "axis": "y", "origin": [16, 3, 0]},
			"faces": {
				"north": {"uv": [0, 12, 4, 16], "rotation": 180, "texture": "#8"},
				"east": {"uv": [0, 12, 4, 16], "rotation": 180, "texture": "#8"},
				"south": {"uv": [0, 12, 4, 16], "rotation": 180, "texture": "#8"},
				"west": {"uv": [0, 12, 4, 16], "rotation": 180, "texture": "#8"},
				"up": {"uv": [0, 12, 4, 16], "rotation": 180, "texture": "#8"},
				"down": {"uv": [0, 12, 4, 16], "rotation": 180, "texture": "#8"}
			}
		},
		{
			"from": [9.4, 15.5, -9.7],
			"to": [10.9, 16.4, -8.7],
			"rotation": {"angle": 45, "axis": "x", "origin": [0, 4.3, 0]},
			"faces": {
				"north": {"uv": [0, 12, 4, 16], "rotation": 180, "texture": "#8"},
				"east": {"uv": [0, 12, 4, 16], "rotation": 180, "texture": "#8"},
				"south": {"uv": [0, 12, 4, 16], "rotation": 180, "texture": "#8"},
				"west": {"uv": [0, 12, 4, 16], "rotation": 180, "texture": "#8"},
				"up": {"uv": [0, 12, 4, 16], "rotation": 180, "texture": "#8"},
				"down": {"uv": [0, 12, 4, 16], "rotation": 180, "texture": "#8"}
			}
		},
		{
			"from": [6.6, 14.5, -0.1],
			"to": [8, 18.4, 1.8],
			"rotation": {"angle": 0, "axis": "y", "origin": [16, 3, 0]},
			"faces": {
				"north": {"uv": [0, 12, 4, 16], "rotation": 180, "texture": "#8"},
				"east": {"uv": [0, 12, 4, 16], "rotation": 180, "texture": "#8"},
				"south": {"uv": [0, 12, 4, 16], "rotation": 180, "texture": "#8"},
				"west": {"uv": [0, 12, 4, 16], "rotation": 180, "texture": "#8"},
				"up": {"uv": [0, 12, 4, 16], "rotation": 180, "texture": "#8"},
				"down": {"uv": [0, 12, 4, 16], "rotation": 180, "texture": "#8"}
			}
		},
		{
			"from": [4.5, 16.2, 0.5],
			"to": [6.6, 18.4, 1.8],
			"rotation": {"angle": 0, "axis": "y", "origin": [16, 3, 0]},
			"faces": {
				"north": {"uv": [0, 12, 4, 16], "rotation": 180, "texture": "#8"},
				"east": {"uv": [0, 12, 4, 16], "rotation": 180, "texture": "#8"},
				"south": {"uv": [0, 12, 4, 16], "rotation": 180, "texture": "#8"},
				"west": {"uv": [0, 12, 4, 16], "rotation": 180, "texture": "#8"},
				"up": {"uv": [0, 12, 4, 16], "rotation": 180, "texture": "#8"},
				"down": {"uv": [0, 12, 4, 16], "rotation": 180, "texture": "#8"}
			}
		},
		{
			"from": [3.9, 15.9, 1.3],
			"to": [4.5, 18.4, 2.4],
			"rotation": {"angle": 0, "axis": "y", "origin": [16, 3, 0]},
			"faces": {
				"north": {"uv": [0, 12, 4, 16], "rotation": 180, "texture": "#8"},
				"east": {"uv": [0, 12, 4, 16], "rotation": 180, "texture": "#8"},
				"south": {"uv": [0, 12, 4, 16], "rotation": 180, "texture": "#8"},
				"west": {"uv": [0, 12, 4, 16], "rotation": 180, "texture": "#8"},
				"up": {"uv": [0, 12, 4, 16], "rotation": 180, "texture": "#8"},
				"down": {"uv": [0, 12, 4, 16], "rotation": 180, "texture": "#8"}
			}
		},
		{
			"from": [9.4, 15.4, 0.4],
			"to": [11.5, 16.2, 1.8],
			"rotation": {"angle": 0, "axis": "y", "origin": [0, 3, 0]},
			"faces": {
				"north": {"uv": [0, 12, 4, 16], "rotation": 180, "texture": "#8"},
				"east": {"uv": [0, 12, 4, 16], "rotation": 180, "texture": "#8"},
				"south": {"uv": [0, 12, 4, 16], "rotation": 180, "texture": "#8"},
				"west": {"uv": [0, 12, 4, 16], "rotation": 180, "texture": "#8"},
				"up": {"uv": [0, 12, 4, 16], "rotation": 180, "texture": "#8"},
				"down": {"uv": [0, 12, 4, 16], "rotation": 180, "texture": "#8"}
			}
		},
		{
			"from": [11.5, 14.5, 1.1],
			"to": [12.2, 16.2, 2.4],
			"rotation": {"angle": 0, "axis": "y", "origin": [0, 3, 0]},
			"faces": {
				"north": {"uv": [0, 12, 4, 16], "rotation": 180, "texture": "#8"},
				"east": {"uv": [0, 12, 4, 16], "rotation": 180, "texture": "#8"},
				"south": {"uv": [0, 12, 4, 16], "rotation": 180, "texture": "#8"},
				"west": {"uv": [0, 12, 4, 16], "rotation": 180, "texture": "#8"},
				"up": {"uv": [0, 12, 4, 16], "rotation": 180, "texture": "#8"},
				"down": {"uv": [0, 12, 4, 16], "rotation": 180, "texture": "#8"}
			}
		},
		{
			"from": [6.6, 17.3, -5.4],
			"to": [8, 18.2, -3.5],
			"rotation": {"angle": 22.5, "axis": "x", "origin": [16, 4.3, 0]},
			"faces": {
				"north": {"uv": [0, 12, 4, 16], "rotation": 180, "texture": "#8"},
				"east": {"uv": [0, 12, 4, 16], "rotation": 180, "texture": "#8"},
				"south": {"uv": [0, 12, 4, 16], "rotation": 180, "texture": "#8"},
				"west": {"uv": [0, 12, 4, 16], "rotation": 180, "texture": "#8"},
				"up": {"uv": [0, 12, 4, 16], "rotation": 180, "texture": "#8"},
				"down": {"uv": [0, 12, 4, 16], "rotation": 180, "texture": "#8"}
			}
		},
		{
			"from": [4.9, 17.6, -4.7],
			"to": [6.6, 18.5, -3.7],
			"rotation": {"angle": 22.5, "axis": "x", "origin": [16, 4.3, 0]},
			"faces": {
				"north": {"uv": [0, 12, 4, 16], "rotation": 180, "texture": "#8"},
				"east": {"uv": [0, 12, 4, 16], "rotation": 180, "texture": "#8"},
				"south": {"uv": [0, 12, 4, 16], "rotation": 180, "texture": "#8"},
				"west": {"uv": [0, 12, 4, 16], "rotation": 180, "texture": "#8"},
				"up": {"uv": [0, 12, 4, 16], "rotation": 180, "texture": "#8"},
				"down": {"uv": [0, 12, 4, 16], "rotation": 180, "texture": "#8"}
			}
		},
		{
			"from": [3.9, 16.1, -4],
			"to": [5.1, 17.3, -2],
			"rotation": {"angle": 22.5, "axis": "x", "origin": [16, 3, 0]},
			"faces": {
				"north": {"uv": [0, 12, 4, 16], "rotation": 180, "texture": "#8"},
				"east": {"uv": [0, 12, 4, 16], "rotation": 180, "texture": "#8"},
				"south": {"uv": [0, 12, 4, 16], "rotation": 180, "texture": "#8"},
				"west": {"uv": [0, 12, 4, 16], "rotation": 180, "texture": "#8"},
				"up": {"uv": [0, 12, 4, 16], "rotation": 180, "texture": "#8"},
				"down": {"uv": [0, 12, 4, 16], "rotation": 180, "texture": "#8"}
			}
		},
		{
			"from": [8, 14.5, -0.1],
			"to": [9.4, 18.4, 1.8],
			"rotation": {"angle": 0, "axis": "y", "origin": [0, 3, 0]},
			"faces": {
				"north": {"uv": [0, 12, 4, 16], "rotation": 180, "texture": "#8"},
				"east": {"uv": [0, 12, 4, 16], "rotation": 180, "texture": "#8"},
				"south": {"uv": [0, 12, 4, 16], "rotation": 180, "texture": "#8"},
				"west": {"uv": [0, 12, 4, 16], "rotation": 180, "texture": "#8"},
				"up": {"uv": [0, 12, 4, 16], "rotation": 180, "texture": "#8"},
				"down": {"uv": [0, 12, 4, 16], "rotation": 180, "texture": "#8"}
			}
		},
		{
			"from": [9.4, 16.2, 0.5],
			"to": [11.5, 18.4, 1.8],
			"rotation": {"angle": 0, "axis": "y", "origin": [0, 3, 0]},
			"faces": {
				"north": {"uv": [0, 12, 4, 16], "rotation": 180, "texture": "#8"},
				"east": {"uv": [0, 12, 4, 16], "rotation": 180, "texture": "#8"},
				"south": {"uv": [0, 12, 4, 16], "rotation": 180, "texture": "#8"},
				"west": {"uv": [0, 12, 4, 16], "rotation": 180, "texture": "#8"},
				"up": {"uv": [0, 12, 4, 16], "rotation": 180, "texture": "#8"},
				"down": {"uv": [0, 12, 4, 16], "rotation": 180, "texture": "#8"}
			}
		},
		{
			"from": [11.5, 15.9, 1.3],
			"to": [12.1, 18.4, 2.4],
			"rotation": {"angle": 0, "axis": "y", "origin": [0, 3, 0]},
			"faces": {
				"north": {"uv": [0, 12, 4, 16], "rotation": 180, "texture": "#8"},
				"east": {"uv": [0, 12, 4, 16], "rotation": 180, "texture": "#8"},
				"south": {"uv": [0, 12, 4, 16], "rotation": 180, "texture": "#8"},
				"west": {"uv": [0, 12, 4, 16], "rotation": 180, "texture": "#8"},
				"up": {"uv": [0, 12, 4, 16], "rotation": 180, "texture": "#8"},
				"down": {"uv": [0, 12, 4, 16], "rotation": 180, "texture": "#8"}
			}
		},
		{
			"from": [6.6, 15.1, -10.2],
			"to": [8, 16.3, -8.3],
			"rotation": {"angle": 45, "axis": "x", "origin": [16, 4.3, 0]},
			"faces": {
				"north": {"uv": [0, 12, 4, 16], "rotation": 180, "texture": "#8"},
				"east": {"uv": [0, 12, 4, 16], "rotation": 180, "texture": "#8"},
				"south": {"uv": [0, 12, 4, 16], "rotation": 180, "texture": "#8"},
				"west": {"uv": [0, 12, 4, 16], "rotation": 180, "texture": "#8"},
				"up": {"uv": [0, 12, 4, 16], "rotation": 180, "texture": "#8"},
				"down": {"uv": [0, 12, 4, 16], "rotation": 180, "texture": "#8"}
			}
		},
		{
			"from": [5.1, 15.5, -9.7],
			"to": [6.6, 16.4, -8.7],
			"rotation": {"angle": 45, "axis": "x", "origin": [16, 4.3, 0]},
			"faces": {
				"north": {"uv": [0, 12, 4, 16], "rotation": 180, "texture": "#8"},
				"east": {"uv": [0, 12, 4, 16], "rotation": 180, "texture": "#8"},
				"south": {"uv": [0, 12, 4, 16], "rotation": 180, "texture": "#8"},
				"west": {"uv": [0, 12, 4, 16], "rotation": 180, "texture": "#8"},
				"up": {"uv": [0, 12, 4, 16], "rotation": 180, "texture": "#8"},
				"down": {"uv": [0, 12, 4, 16], "rotation": 180, "texture": "#8"}
			}
		},
		{
			"from": [4.2, 15.5, -9.2],
			"to": [5.1, 16.7, -7.2],
			"rotation": {"angle": 45, "axis": "x", "origin": [16, 4.3, 0]},
			"faces": {
				"north": {"uv": [0, 12, 4, 16], "rotation": 180, "texture": "#8"},
				"east": {"uv": [0, 12, 4, 16], "rotation": 180, "texture": "#8"},
				"south": {"uv": [0, 12, 4, 16], "rotation": 180, "texture": "#8"},
				"west": {"uv": [0, 12, 4, 16], "rotation": 180, "texture": "#8"},
				"up": {"uv": [0, 12, 4, 16], "rotation": 180, "texture": "#8"},
				"down": {"uv": [0, 12, 4, 16], "rotation": 180, "texture": "#8"}
			}
		},
		{
			"from": [8, 17.3, -5.4],
			"to": [9.4, 18.2, -3.5],
			"rotation": {"angle": 22.5, "axis": "x", "origin": [0, 4.3, 0]},
			"faces": {
				"north": {"uv": [0, 12, 4, 16], "rotation": 180, "texture": "#8"},
				"east": {"uv": [0, 12, 4, 16], "rotation": 180, "texture": "#8"},
				"south": {"uv": [0, 12, 4, 16], "rotation": 180, "texture": "#8"},
				"west": {"uv": [0, 12, 4, 16], "rotation": 180, "texture": "#8"},
				"up": {"uv": [0, 12, 4, 16], "rotation": 180, "texture": "#8"},
				"down": {"uv": [0, 12, 4, 16], "rotation": 180, "texture": "#8"}
			}
		},
		{
			"from": [9.4, 17.6, -4.7],
			"to": [11.1, 18.5, -3.7],
			"rotation": {"angle": 22.5, "axis": "x", "origin": [0, 4.3, 0]},
			"faces": {
				"north": {"uv": [0, 12, 4, 16], "rotation": 180, "texture": "#8"},
				"east": {"uv": [0, 12, 4, 16], "rotation": 180, "texture": "#8"},
				"south": {"uv": [0, 12, 4, 16], "rotation": 180, "texture": "#8"},
				"west": {"uv": [0, 12, 4, 16], "rotation": 180, "texture": "#8"},
				"up": {"uv": [0, 12, 4, 16], "rotation": 180, "texture": "#8"},
				"down": {"uv": [0, 12, 4, 16], "rotation": 180, "texture": "#8"}
			}
		},
		{
			"from": [10.9, 16.1, -4],
			"to": [12.1, 17.3, -2],
			"rotation": {"angle": 22.5, "axis": "x", "origin": [0, 3, 0]},
			"faces": {
				"north": {"uv": [0, 12, 4, 16], "rotation": 180, "texture": "#8"},
				"east": {"uv": [0, 12, 4, 16], "rotation": 180, "texture": "#8"},
				"south": {"uv": [0, 12, 4, 16], "rotation": 180, "texture": "#8"},
				"west": {"uv": [0, 12, 4, 16], "rotation": 180, "texture": "#8"},
				"up": {"uv": [0, 12, 4, 16], "rotation": 180, "texture": "#8"},
				"down": {"uv": [0, 12, 4, 16], "rotation": 180, "texture": "#8"}
			}
		},
		{
			"from": [3.8, 12.6, 2.1],
			"to": [4.1, 17.7, 7.2],
			"rotation": {"angle": 0, "axis": "y", "origin": [16, 3, 0]},
			"faces": {
				"north": {"uv": [0, 12, 4, 16], "rotation": 180, "texture": "#8"},
				"east": {"uv": [0, 12, 4, 16], "rotation": 180, "texture": "#8"},
				"south": {"uv": [0, 12, 4, 16], "rotation": 180, "texture": "#8"},
				"west": {"uv": [0, 12, 4, 16], "rotation": 180, "texture": "#8"},
				"up": {"uv": [0, 12, 4, 16], "rotation": 180, "texture": "#8"},
				"down": {"uv": [0, 12, 4, 16], "rotation": 180, "texture": "#8"}
			}
		},
		{
			"from": [10.9, 15.5, -9.2],
			"to": [11.8, 16.7, -7.2],
			"rotation": {"angle": 45, "axis": "x", "origin": [0, 4.3, 0]},
			"faces": {
				"north": {"uv": [0, 12, 4, 16], "rotation": 180, "texture": "#8"},
				"east": {"uv": [0, 12, 4, 16], "rotation": 180, "texture": "#8"},
				"south": {"uv": [0, 12, 4, 16], "rotation": 180, "texture": "#8"},
				"west": {"uv": [0, 12, 4, 16], "rotation": 180, "texture": "#8"},
				"up": {"uv": [0, 12, 4, 16], "rotation": 180, "texture": "#8"},
				"down": {"uv": [0, 12, 4, 16], "rotation": 180, "texture": "#8"}
			}
		},
		{
			"from": [4, 18.4, 2.1],
			"to": [4.6, 19.1, 7.2],
			"rotation": {"angle": 0, "axis": "y", "origin": [16, 4.3, 0]},
			"faces": {
				"north": {"uv": [0, 12, 4, 16], "rotation": 180, "texture": "#8"},
				"east": {"uv": [0, 12, 4, 16], "rotation": 180, "texture": "#8"},
				"south": {"uv": [0, 12, 4, 16], "rotation": 180, "texture": "#8"},
				"west": {"uv": [0, 12, 4, 16], "rotation": 180, "texture": "#8"},
				"up": {"uv": [0, 12, 4, 16], "rotation": 180, "texture": "#8"},
				"down": {"uv": [0, 12, 4, 16], "rotation": 180, "texture": "#8"}
			}
		},
		{
			"from": [11.8, 10.8, 7.2],
			"to": [12.3, 12.6, 9.1],
			"rotation": {"angle": 0, "axis": "y", "origin": [0, 3, 0]},
			"faces": {
				"north": {"uv": [0, 12, 4, 16], "rotation": 180, "texture": "#8"},
				"east": {"uv": [0, 12, 4, 16], "rotation": 180, "texture": "#8"},
				"south": {"uv": [0, 12, 4, 16], "rotation": 180, "texture": "#8"},
				"west": {"uv": [0, 12, 4, 16], "rotation": 180, "texture": "#8"},
				"up": {"uv": [0, 12, 4, 16], "rotation": 180, "texture": "#8"},
				"down": {"uv": [0, 12, 4, 16], "rotation": 180, "texture": "#8"}
			}
		},
		{
			"from": [4.3, 19.1, 2.1],
			"to": [5.2, 19.5, 8.8],
			"rotation": {"angle": 0, "axis": "y", "origin": [16, 4.3, 0]},
			"faces": {
				"north": {"uv": [0, 12, 4, 16], "rotation": 180, "texture": "#8"},
				"east": {"uv": [0, 12, 4, 16], "rotation": 180, "texture": "#8"},
				"south": {"uv": [0, 12, 4, 16], "rotation": 180, "texture": "#8"},
				"west": {"uv": [0, 12, 4, 16], "rotation": 180, "texture": "#8"},
				"up": {"uv": [0, 12, 4, 16], "rotation": 180, "texture": "#8"},
				"down": {"uv": [0, 12, 4, 16], "rotation": 180, "texture": "#8"}
			}
		},
		{
			"from": [10.7, 19.1, 8.8],
			"to": [11.7, 19.4, 9.4],
			"rotation": {"angle": 0, "axis": "y", "origin": [0, 4.3, 0]},
			"faces": {
				"north": {"uv": [0, 12, 4, 16], "rotation": 180, "texture": "#8"},
				"east": {"uv": [0, 12, 4, 16], "rotation": 180, "texture": "#8"},
				"south": {"uv": [0, 12, 4, 16], "rotation": 180, "texture": "#8"},
				"west": {"uv": [0, 12, 4, 16], "rotation": 180, "texture": "#8"},
				"up": {"uv": [0, 12, 4, 16], "rotation": 180, "texture": "#8"},
				"down": {"uv": [0, 12, 4, 16], "rotation": 180, "texture": "#8"}
			}
		},
		{
			"from": [5.2, 19.1, 1.7],
			"to": [6.8, 19.8, 8.5],
			"rotation": {"angle": 0, "axis": "y", "origin": [16, 4.3, 0]},
			"faces": {
				"north": {"uv": [0, 12, 4, 16], "rotation": 180, "texture": "#8"},
				"east": {"uv": [0, 12, 4, 16], "rotation": 180, "texture": "#8"},
				"south": {"uv": [0, 12, 4, 16], "rotation": 180, "texture": "#8"},
				"west": {"uv": [0, 12, 4, 16], "rotation": 180, "texture": "#8"},
				"up": {"uv": [0, 12, 4, 16], "rotation": 180, "texture": "#8"},
				"down": {"uv": [0, 12, 4, 16], "rotation": 180, "texture": "#8"}
			}
		},
		{
			"from": [10.8, 19.1, 2.1],
			"to": [11.7, 19.5, 8.8],
			"rotation": {"angle": 0, "axis": "y", "origin": [0, 4.3, 0]},
			"faces": {
				"north": {"uv": [0, 12, 4, 16], "rotation": 180, "texture": "#8"},
				"east": {"uv": [0, 12, 4, 16], "rotation": 180, "texture": "#8"},
				"south": {"uv": [0, 12, 4, 16], "rotation": 180, "texture": "#8"},
				"west": {"uv": [0, 12, 4, 16], "rotation": 180, "texture": "#8"},
				"up": {"uv": [0, 12, 4, 16], "rotation": 180, "texture": "#8"},
				"down": {"uv": [0, 12, 4, 16], "rotation": 180, "texture": "#8"}
			}
		},
		{
			"from": [6.8, 19.1, 7.2],
			"to": [8, 19.9, 9],
			"rotation": {"angle": 0, "axis": "y", "origin": [16, 4.3, 0]},
			"faces": {
				"north": {"uv": [0, 12, 4, 16], "rotation": 180, "texture": "#8"},
				"east": {"uv": [0, 12, 4, 16], "rotation": 180, "texture": "#8"},
				"south": {"uv": [0, 12, 4, 16], "rotation": 180, "texture": "#8"},
				"west": {"uv": [0, 12, 4, 16], "rotation": 180, "texture": "#8"},
				"up": {"uv": [0, 12, 4, 16], "rotation": 180, "texture": "#8"},
				"down": {"uv": [0, 12, 4, 16], "rotation": 180, "texture": "#8"}
			}
		},
		{
			"from": [9.2, 17.8, 7.2],
			"to": [10.8, 18.5, 7.2],
			"rotation": {"angle": 0, "axis": "y", "origin": [0, 3, 0]},
			"faces": {
				"north": {"uv": [0, 12, 4, 16], "rotation": 180, "texture": "#8"},
				"east": {"uv": [0, 12, 4, 16], "rotation": 180, "texture": "#8"},
				"south": {"uv": [0, 12, 4, 16], "rotation": 180, "texture": "#8"},
				"west": {"uv": [0, 12, 4, 16], "rotation": 180, "texture": "#8"},
				"up": {"uv": [0, 12, 4, 16], "rotation": 180, "texture": "#8"},
				"down": {"uv": [0, 12, 4, 16], "rotation": 180, "texture": "#8"}
			}
		},
		{
			"from": [3.8, 10.7, 2.1],
			"to": [4.2, 12.6, 7.2],
			"rotation": {"angle": 0, "axis": "y", "origin": [16, 3, 0]},
			"faces": {
				"north": {"uv": [0, 12, 4, 16], "rotation": 180, "texture": "#8"},
				"east": {"uv": [0, 12, 4, 16], "rotation": 180, "texture": "#8"},
				"south": {"uv": [0, 12, 4, 16], "rotation": 180, "texture": "#8"},
				"west": {"uv": [0, 12, 4, 16], "rotation": 180, "texture": "#8"},
				"up": {"uv": [0, 12, 4, 16], "rotation": 180, "texture": "#8"},
				"down": {"uv": [0, 12, 4, 16], "rotation": 180, "texture": "#8"}
			}
		},
		{
			"from": [5.6, 10.9, 13.8],
			"to": [6.6, 12.9, 14.2],
			"rotation": {"angle": 22.5, "axis": "y", "origin": [0, 3, 0]},
			"faces": {
				"north": {"uv": [0, 12, 4, 16], "rotation": 180, "texture": "#8"},
				"east": {"uv": [0, 12, 4, 16], "rotation": 180, "texture": "#8"},
				"south": {"uv": [0, 12, 4, 16], "rotation": 180, "texture": "#8"},
				"west": {"uv": [0, 12, 4, 16], "rotation": 180, "texture": "#8"},
				"up": {"uv": [0, 12, 4, 16], "rotation": 180, "texture": "#8"},
				"down": {"uv": [0, 12, 4, 16], "rotation": 180, "texture": "#8"}
			}
		},
		{
			"from": [7.6, 8, 5.8],
			"to": [8, 10.2, 7.5],
			"rotation": {"angle": -45, "axis": "x", "origin": [16, 3, 0]},
			"faces": {
				"north": {"uv": [0, 12, 4, 16], "rotation": 180, "texture": "#8"},
				"east": {"uv": [0, 12, 4, 16], "rotation": 180, "texture": "#8"},
				"south": {"uv": [0, 12, 4, 16], "rotation": 180, "texture": "#8"},
				"west": {"uv": [0, 12, 4, 16], "rotation": 180, "texture": "#8"},
				"up": {"uv": [0, 12, 4, 16], "rotation": 180, "texture": "#8"},
				"down": {"uv": [0, 12, 4, 16], "rotation": 180, "texture": "#8"}
			}
		},
		{
			"from": [5, 10.9, 9.3],
			"to": [8, 15.1, 11.2],
			"rotation": {"angle": 0, "axis": "y", "origin": [16, 3, 0]},
			"faces": {
				"north": {"uv": [0, 12, 4, 16], "rotation": 180, "texture": "#8"},
				"east": {"uv": [0, 12, 4, 16], "rotation": 180, "texture": "#8"},
				"south": {"uv": [0, 12, 4, 16], "rotation": 180, "texture": "#8"},
				"west": {"uv": [0, 12, 4, 16], "rotation": 180, "texture": "#8"},
				"up": {"uv": [0, 12, 4, 16], "rotation": 180, "texture": "#8"},
				"down": {"uv": [0, 12, 4, 16], "rotation": 180, "texture": "#8"}
			}
		},
		{
			"from": [5.2, 17.8, 7.2],
			"to": [6.8, 18.5, 7.2],
			"rotation": {"angle": 0, "axis": "y", "origin": [16, 3, 0]},
			"faces": {
				"north": {"uv": [0, 12, 4, 16], "rotation": 180, "texture": "#8"},
				"east": {"uv": [0, 12, 4, 16], "rotation": 180, "texture": "#8"},
				"south": {"uv": [0, 12, 4, 16], "rotation": 180, "texture": "#8"},
				"west": {"uv": [0, 12, 4, 16], "rotation": 180, "texture": "#8"},
				"up": {"uv": [0, 12, 4, 16], "rotation": 180, "texture": "#8"},
				"down": {"uv": [0, 12, 4, 16], "rotation": 180, "texture": "#8"}
			}
		},
		{
			"from": [8, 19.1, 7.2],
			"to": [9.2, 19.9, 9],
			"rotation": {"angle": 0, "axis": "y", "origin": [0, 4.3, 0]},
			"faces": {
				"north": {"uv": [0, 12, 4, 16], "rotation": 180, "texture": "#8"},
				"east": {"uv": [0, 12, 4, 16], "rotation": 180, "texture": "#8"},
				"south": {"uv": [0, 12, 4, 16], "rotation": 180, "texture": "#8"},
				"west": {"uv": [0, 12, 4, 16], "rotation": 180, "texture": "#8"},
				"up": {"uv": [0, 12, 4, 16], "rotation": 180, "texture": "#8"},
				"down": {"uv": [0, 12, 4, 16], "rotation": 180, "texture": "#8"}
			}
		},
		{
			"from": [7.9, 11.2, 14.8],
			"to": [9.2, 14, 15.6],
			"rotation": {"angle": -22.5, "axis": "x", "origin": [0, 4.3, 0]},
			"faces": {
				"north": {"uv": [0, 12, 4, 16], "rotation": 180, "texture": "#8"},
				"east": {"uv": [0, 12, 4, 16], "rotation": 180, "texture": "#8"},
				"south": {"uv": [0, 12, 4, 16], "rotation": 180, "texture": "#8"},
				"west": {"uv": [0, 12, 4, 16], "rotation": 180, "texture": "#8"},
				"up": {"uv": [0, 12, 4, 16], "rotation": 180, "texture": "#8"},
				"down": {"uv": [0, 12, 4, 16], "rotation": 180, "texture": "#8"}
			}
		},
		{
			"from": [5.2, 21.2, 1.7],
			"to": [6.8, 21.9, 4.2],
			"rotation": {"angle": 22.5, "axis": "x", "origin": [16, 4.3, 0]},
			"faces": {
				"north": {"uv": [0, 12, 4, 16], "rotation": 180, "texture": "#8"},
				"east": {"uv": [0, 12, 4, 16], "rotation": 180, "texture": "#8"},
				"south": {"uv": [0, 12, 4, 16], "rotation": 180, "texture": "#8"},
				"west": {"uv": [0, 12, 4, 16], "rotation": 180, "texture": "#8"},
				"up": {"uv": [0, 12, 4, 16], "rotation": 180, "texture": "#8"},
				"down": {"uv": [0, 12, 4, 16], "rotation": 180, "texture": "#8"}
			}
		},
		{
			"from": [9.2, 19.1, 1.7],
			"to": [10.8, 19.8, 8.5],
			"rotation": {"angle": 0, "axis": "y", "origin": [0, 4.3, 0]},
			"faces": {
				"north": {"uv": [0, 12, 4, 16], "rotation": 180, "texture": "#8"},
				"east": {"uv": [0, 12, 4, 16], "rotation": 180, "texture": "#8"},
				"south": {"uv": [0, 12, 4, 16], "rotation": 180, "texture": "#8"},
				"west": {"uv": [0, 12, 4, 16], "rotation": 180, "texture": "#8"},
				"up": {"uv": [0, 12, 4, 16], "rotation": 180, "texture": "#8"},
				"down": {"uv": [0, 12, 4, 16], "rotation": 180, "texture": "#8"}
			}
		},
		{
			"from": [6.8, 21.2, 2.2],
			"to": [8.1, 22.1, 4.2],
			"rotation": {"angle": 22.5, "axis": "x", "origin": [16, 4.3, 0]},
			"faces": {
				"north": {"uv": [0, 12, 4, 16], "rotation": 180, "texture": "#8"},
				"east": {"uv": [0, 12, 4, 16], "rotation": 180, "texture": "#8"},
				"south": {"uv": [0, 12, 4, 16], "rotation": 180, "texture": "#8"},
				"west": {"uv": [0, 12, 4, 16], "rotation": 180, "texture": "#8"},
				"up": {"uv": [0, 12, 4, 16], "rotation": 180, "texture": "#8"},
				"down": {"uv": [0, 12, 4, 16], "rotation": 180, "texture": "#8"}
			}
		},
		{
			"from": [9.2, 11.2, 15.3],
			"to": [10.8, 13.6, 15.8],
			"rotation": {"angle": -22.5, "axis": "x", "origin": [0, 3, 0]},
			"faces": {
				"north": {"uv": [0, 12, 4, 16], "rotation": 180, "texture": "#8"},
				"east": {"uv": [0, 12, 4, 16], "rotation": 180, "texture": "#8"},
				"south": {"uv": [0, 12, 4, 16], "rotation": 180, "texture": "#8"},
				"west": {"uv": [0, 12, 4, 16], "rotation": 180, "texture": "#8"},
				"up": {"uv": [0, 12, 4, 16], "rotation": 180, "texture": "#8"},
				"down": {"uv": [0, 12, 4, 16], "rotation": 180, "texture": "#8"}
			}
		},
		{
			"from": [3.5, 12.6, 7.2],
			"to": [4.1, 17.6, 9.1],
			"rotation": {"angle": 0, "axis": "y", "origin": [16, 3, 0]},
			"faces": {
				"north": {"uv": [0, 12, 4, 16], "rotation": 180, "texture": "#8"},
				"east": {"uv": [0, 12, 4, 16], "rotation": 180, "texture": "#8"},
				"south": {"uv": [0, 12, 4, 16], "rotation": 180, "texture": "#8"},
				"west": {"uv": [0, 12, 4, 16], "rotation": 180, "texture": "#8"},
				"up": {"uv": [0, 12, 4, 16], "rotation": 180, "texture": "#8"},
				"down": {"uv": [0, 12, 4, 16], "rotation": 180, "texture": "#8"}
			}
		},
		{
			"from": [11.9, 12.6, 2.1],
			"to": [12.2, 17.7, 7.2],
			"rotation": {"angle": 0, "axis": "y", "origin": [0, 3, 0]},
			"faces": {
				"north": {"uv": [0, 12, 4, 16], "rotation": 180, "texture": "#8"},
				"east": {"uv": [0, 12, 4, 16], "rotation": 180, "texture": "#8"},
				"south": {"uv": [0, 12, 4, 16], "rotation": 180, "texture": "#8"},
				"west": {"uv": [0, 12, 4, 16], "rotation": 180, "texture": "#8"},
				"up": {"uv": [0, 12, 4, 16], "rotation": 180, "texture": "#8"},
				"down": {"uv": [0, 12, 4, 16], "rotation": 180, "texture": "#8"}
			}
		},
		{
			"from": [11.8, 10.7, 2.1],
			"to": [12.2, 12.6, 7.2],
			"rotation": {"angle": 0, "axis": "y", "origin": [0, 3, 0]},
			"faces": {
				"north": {"uv": [0, 12, 4, 16], "rotation": 180, "texture": "#8"},
				"east": {"uv": [0, 12, 4, 16], "rotation": 180, "texture": "#8"},
				"south": {"uv": [0, 12, 4, 16], "rotation": 180, "texture": "#8"},
				"west": {"uv": [0, 12, 4, 16], "rotation": 180, "texture": "#8"},
				"up": {"uv": [0, 12, 4, 16], "rotation": 180, "texture": "#8"},
				"down": {"uv": [0, 12, 4, 16], "rotation": 180, "texture": "#8"}
			}
		},
		{
			"from": [4, 18.4, 7.2],
			"to": [4.6, 19.1, 9.1],
			"rotation": {"angle": 0, "axis": "y", "origin": [16, 4.3, 0]},
			"faces": {
				"north": {"uv": [0, 12, 4, 16], "rotation": 180, "texture": "#8"},
				"east": {"uv": [0, 12, 4, 16], "rotation": 180, "texture": "#8"},
				"south": {"uv": [0, 12, 4, 16], "rotation": 180, "texture": "#8"},
				"west": {"uv": [0, 12, 4, 16], "rotation": 180, "texture": "#8"},
				"up": {"uv": [0, 12, 4, 16], "rotation": 180, "texture": "#8"},
				"down": {"uv": [0, 12, 4, 16], "rotation": 180, "texture": "#8"}
			}
		},
		{
			"from": [11.4, 18.4, 2.1],
			"to": [12, 19.1, 7.2],
			"rotation": {"angle": 0, "axis": "y", "origin": [0, 4.3, 0]},
			"faces": {
				"north": {"uv": [0, 12, 4, 16], "rotation": 180, "texture": "#8"},
				"east": {"uv": [0, 12, 4, 16], "rotation": 180, "texture": "#8"},
				"south": {"uv": [0, 12, 4, 16], "rotation": 180, "texture": "#8"},
				"west": {"uv": [0, 12, 4, 16], "rotation": 180, "texture": "#8"},
				"up": {"uv": [0, 12, 4, 16], "rotation": 180, "texture": "#8"},
				"down": {"uv": [0, 12, 4, 16], "rotation": 180, "texture": "#8"}
			}
		},
		{
			"from": [6.8, 11.2, 14.8],
			"to": [8.1, 14, 15.6],
			"rotation": {"angle": -22.5, "axis": "x", "origin": [16, 4.3, 0]},
			"faces": {
				"north": {"uv": [0, 12, 4, 16], "rotation": 180, "texture": "#8"},
				"east": {"uv": [0, 12, 4, 16], "rotation": 180, "texture": "#8"},
				"south": {"uv": [0, 12, 4, 16], "rotation": 180, "texture": "#8"},
				"west": {"uv": [0, 12, 4, 16], "rotation": 180, "texture": "#8"},
				"up": {"uv": [0, 12, 4, 16], "rotation": 180, "texture": "#8"},
				"down": {"uv": [0, 12, 4, 16], "rotation": 180, "texture": "#8"}
			}
		},
		{
			"from": [5.2, 11.2, 15.3],
			"to": [6.8, 13.6, 15.8],
			"rotation": {"angle": -22.5, "axis": "x", "origin": [16, 3, 0]},
			"faces": {
				"north": {"uv": [0, 12, 4, 16], "rotation": 180, "texture": "#8"},
				"east": {"uv": [0, 12, 4, 16], "rotation": 180, "texture": "#8"},
				"south": {"uv": [0, 12, 4, 16], "rotation": 180, "texture": "#8"},
				"west": {"uv": [0, 12, 4, 16], "rotation": 180, "texture": "#8"},
				"up": {"uv": [0, 12, 4, 16], "rotation": 180, "texture": "#8"},
				"down": {"uv": [0, 12, 4, 16], "rotation": 180, "texture": "#8"}
			}
		},
		{
			"from": [7.9, 21.2, 2.2],
			"to": [9.2, 22.1, 4.2],
			"rotation": {"angle": 22.5, "axis": "x", "origin": [0, 4.3, 0]},
			"faces": {
				"north": {"uv": [0, 12, 4, 16], "rotation": 180, "texture": "#8"},
				"east": {"uv": [0, 12, 4, 16], "rotation": 180, "texture": "#8"},
				"south": {"uv": [0, 12, 4, 16], "rotation": 180, "texture": "#8"},
				"west": {"uv": [0, 12, 4, 16], "rotation": 180, "texture": "#8"},
				"up": {"uv": [0, 12, 4, 16], "rotation": 180, "texture": "#8"},
				"down": {"uv": [0, 12, 4, 16], "rotation": 180, "texture": "#8"}
			}
		},
		{
			"from": [9.2, 21.2, 1.7],
			"to": [10.8, 21.9, 4.2],
			"rotation": {"angle": 22.5, "axis": "x", "origin": [0, 4.3, 0]},
			"faces": {
				"north": {"uv": [0, 12, 4, 16], "rotation": 180, "texture": "#8"},
				"east": {"uv": [0, 12, 4, 16], "rotation": 180, "texture": "#8"},
				"south": {"uv": [0, 12, 4, 16], "rotation": 180, "texture": "#8"},
				"west": {"uv": [0, 12, 4, 16], "rotation": 180, "texture": "#8"},
				"up": {"uv": [0, 12, 4, 16], "rotation": 180, "texture": "#8"},
				"down": {"uv": [0, 12, 4, 16], "rotation": 180, "texture": "#8"}
			}
		},
		{
			"from": [3.6, 12.9, 9.1],
			"to": [4.3, 18.5, 10.1],
			"rotation": {"angle": 0, "axis": "y", "origin": [16, 3, 0]},
			"faces": {
				"north": {"uv": [0, 12, 4, 16], "rotation": 180, "texture": "#8"},
				"east": {"uv": [0, 12, 4, 16], "rotation": 180, "texture": "#8"},
				"south": {"uv": [0, 12, 4, 16], "rotation": 180, "texture": "#8"},
				"west": {"uv": [0, 12, 4, 16], "rotation": 180, "texture": "#8"},
				"up": {"uv": [0, 12, 4, 16], "rotation": 180, "texture": "#8"},
				"down": {"uv": [0, 12, 4, 16], "rotation": 180, "texture": "#8"}
			}
		},
		{
			"from": [11.9, 12.6, 7.2],
			"to": [12.5, 17.6, 9.1],
			"rotation": {"angle": 0, "axis": "y", "origin": [0, 3, 0]},
			"faces": {
				"north": {"uv": [0, 12, 4, 16], "rotation": 180, "texture": "#8"},
				"east": {"uv": [0, 12, 4, 16], "rotation": 180, "texture": "#8"},
				"south": {"uv": [0, 12, 4, 16], "rotation": 180, "texture": "#8"},
				"west": {"uv": [0, 12, 4, 16], "rotation": 180, "texture": "#8"},
				"up": {"uv": [0, 12, 4, 16], "rotation": 180, "texture": "#8"},
				"down": {"uv": [0, 12, 4, 16], "rotation": 180, "texture": "#8"}
			}
		},
		{
			"from": [3.9, 10.9, 9.1],
			"to": [4.3, 12.9, 10.1],
			"rotation": {"angle": 0, "axis": "y", "origin": [16, 3, 0]},
			"faces": {
				"north": {"uv": [0, 12, 4, 16], "rotation": 180, "texture": "#8"},
				"east": {"uv": [0, 12, 4, 16], "rotation": 180, "texture": "#8"},
				"south": {"uv": [0, 12, 4, 16], "rotation": 180, "texture": "#8"},
				"west": {"uv": [0, 12, 4, 16], "rotation": 180, "texture": "#8"},
				"up": {"uv": [0, 12, 4, 16], "rotation": 180, "texture": "#8"},
				"down": {"uv": [0, 12, 4, 16], "rotation": 180, "texture": "#8"}
			}
		},
		{
			"from": [6.6, 11.5, 10.7],
			"to": [8, 16.6, 11.4],
			"rotation": {"angle": 0, "axis": "y", "origin": [0, 3, 0]},
			"faces": {
				"north": {"uv": [0, 12, 4, 16], "rotation": 180, "texture": "#8"},
				"east": {"uv": [0, 12, 4, 16], "rotation": 180, "texture": "#8"},
				"south": {"uv": [0, 12, 4, 16], "rotation": 180, "texture": "#8"},
				"west": {"uv": [0, 12, 4, 16], "rotation": 180, "texture": "#8"},
				"up": {"uv": [0, 12, 4, 16], "rotation": 180, "texture": "#8"},
				"down": {"uv": [0, 12, 4, 16], "rotation": 180, "texture": "#8"}
			}
		},
		{
			"from": [3.6, 12.9, 9.1],
			"to": [4.3, 17.1, 10.1],
			"rotation": {"angle": 0, "axis": "y", "origin": [16, 3, 0]},
			"faces": {
				"north": {"uv": [0, 12, 4, 16], "rotation": 180, "texture": "#8"},
				"east": {"uv": [0, 12, 4, 16], "rotation": 180, "texture": "#8"},
				"south": {"uv": [0, 12, 4, 16], "rotation": 180, "texture": "#8"},
				"west": {"uv": [0, 12, 4, 16], "rotation": 180, "texture": "#8"},
				"up": {"uv": [0, 12, 4, 16], "rotation": 180, "texture": "#8"},
				"down": {"uv": [0, 12, 4, 16], "rotation": 180, "texture": "#8"}
			}
		},
		{
			"from": [3.9, 10.9, 9.1],
			"to": [4.3, 12.9, 10.1],
			"rotation": {"angle": 0, "axis": "y", "origin": [16, 3, 0]},
			"faces": {
				"north": {"uv": [0, 12, 4, 16], "rotation": 180, "texture": "#8"},
				"east": {"uv": [0, 12, 4, 16], "rotation": 180, "texture": "#8"},
				"south": {"uv": [0, 12, 4, 16], "rotation": 180, "texture": "#8"},
				"west": {"uv": [0, 12, 4, 16], "rotation": 180, "texture": "#8"},
				"up": {"uv": [0, 12, 4, 16], "rotation": 180, "texture": "#8"},
				"down": {"uv": [0, 12, 4, 16], "rotation": 180, "texture": "#8"}
			}
		},
		{
			"from": [3.7, 10.8, 7.2],
			"to": [4.2, 12.6, 9.1],
			"rotation": {"angle": 0, "axis": "y", "origin": [16, 3, 0]},
			"faces": {
				"north": {"uv": [0, 12, 4, 16], "rotation": 180, "texture": "#8"},
				"east": {"uv": [0, 12, 4, 16], "rotation": 180, "texture": "#8"},
				"south": {"uv": [0, 12, 4, 16], "rotation": 180, "texture": "#8"},
				"west": {"uv": [0, 12, 4, 16], "rotation": 180, "texture": "#8"},
				"up": {"uv": [0, 12, 4, 16], "rotation": 180, "texture": "#8"},
				"down": {"uv": [0, 12, 4, 16], "rotation": 180, "texture": "#8"}
			}
		},
		{
			"from": [11.7, 12.9, 9.1],
			"to": [12.4, 18.5, 10.1],
			"rotation": {"angle": 0, "axis": "y", "origin": [0, 3, 0]},
			"faces": {
				"north": {"uv": [0, 12, 4, 16], "rotation": 180, "texture": "#8"},
				"east": {"uv": [0, 12, 4, 16], "rotation": 180, "texture": "#8"},
				"south": {"uv": [0, 12, 4, 16], "rotation": 180, "texture": "#8"},
				"west": {"uv": [0, 12, 4, 16], "rotation": 180, "texture": "#8"},
				"up": {"uv": [0, 12, 4, 16], "rotation": 180, "texture": "#8"},
				"down": {"uv": [0, 12, 4, 16], "rotation": 180, "texture": "#8"}
			}
		},
		{
			"from": [11.7, 10.9, 9.1],
			"to": [12.1, 12.9, 10.1],
			"rotation": {"angle": 0, "axis": "y", "origin": [0, 3, 0]},
			"faces": {
				"north": {"uv": [0, 12, 4, 16], "rotation": 180, "texture": "#8"},
				"east": {"uv": [0, 12, 4, 16], "rotation": 180, "texture": "#8"},
				"south": {"uv": [0, 12, 4, 16], "rotation": 180, "texture": "#8"},
				"west": {"uv": [0, 12, 4, 16], "rotation": 180, "texture": "#8"},
				"up": {"uv": [0, 12, 4, 16], "rotation": 180, "texture": "#8"},
				"down": {"uv": [0, 12, 4, 16], "rotation": 180, "texture": "#8"}
			}
		},
		{
			"from": [0.4, 10.9, -1.5],
			"to": [0.8, 12.9, -0.5],
			"rotation": {"angle": 45, "axis": "y", "origin": [16, 3, 0]},
			"faces": {
				"north": {"uv": [0, 12, 4, 16], "rotation": 180, "texture": "#8"},
				"east": {"uv": [0, 12, 4, 16], "rotation": 180, "texture": "#8"},
				"south": {"uv": [0, 12, 4, 16], "rotation": 180, "texture": "#8"},
				"west": {"uv": [0, 12, 4, 16], "rotation": 180, "texture": "#8"},
				"up": {"uv": [0, 12, 4, 16], "rotation": 180, "texture": "#8"},
				"down": {"uv": [0, 12, 4, 16], "rotation": 180, "texture": "#8"}
			}
		},
		{
			"from": [0.1, 12.9, -1.5],
			"to": [0.8, 18.5, -0.5],
			"rotation": {"angle": 45, "axis": "y", "origin": [16, 3, 0]},
			"faces": {
				"north": {"uv": [0, 12, 4, 16], "rotation": 180, "texture": "#8"},
				"east": {"uv": [0, 12, 4, 16], "rotation": 180, "texture": "#8"},
				"south": {"uv": [0, 12, 4, 16], "rotation": 180, "texture": "#8"},
				"west": {"uv": [0, 12, 4, 16], "rotation": 180, "texture": "#8"},
				"up": {"uv": [0, 12, 4, 16], "rotation": 180, "texture": "#8"},
				"down": {"uv": [0, 12, 4, 16], "rotation": 180, "texture": "#8"}
			}
		},
		{
			"from": [11.7, 10.9, 9.1],
			"to": [12.1, 12.9, 10.1],
			"rotation": {"angle": 0, "axis": "y", "origin": [0, 3, 0]},
			"faces": {
				"north": {"uv": [0, 12, 4, 16], "rotation": 180, "texture": "#8"},
				"east": {"uv": [0, 12, 4, 16], "rotation": 180, "texture": "#8"},
				"south": {"uv": [0, 12, 4, 16], "rotation": 180, "texture": "#8"},
				"west": {"uv": [0, 12, 4, 16], "rotation": 180, "texture": "#8"},
				"up": {"uv": [0, 12, 4, 16], "rotation": 180, "texture": "#8"},
				"down": {"uv": [0, 12, 4, 16], "rotation": 180, "texture": "#8"}
			}
		},
		{
			"from": [11.7, 12.9, 9.1],
			"to": [12.4, 17.1, 10.1],
			"rotation": {"angle": 0, "axis": "y", "origin": [0, 3, 0]},
			"faces": {
				"north": {"uv": [0, 12, 4, 16], "rotation": 180, "texture": "#8"},
				"east": {"uv": [0, 12, 4, 16], "rotation": 180, "texture": "#8"},
				"south": {"uv": [0, 12, 4, 16], "rotation": 180, "texture": "#8"},
				"west": {"uv": [0, 12, 4, 16], "rotation": 180, "texture": "#8"},
				"up": {"uv": [0, 12, 4, 16], "rotation": 180, "texture": "#8"},
				"down": {"uv": [0, 12, 4, 16], "rotation": 180, "texture": "#8"}
			}
		},
		{
			"from": [4.1, 18.4, 9.1],
			"to": [5.3, 19.1, 10.5],
			"rotation": {"angle": 0, "axis": "y", "origin": [16, 4.3, 0]},
			"faces": {
				"north": {"uv": [0, 12, 4, 16], "rotation": 180, "texture": "#8"},
				"east": {"uv": [0, 12, 4, 16], "rotation": 180, "texture": "#8"},
				"south": {"uv": [0, 12, 4, 16], "rotation": 180, "texture": "#8"},
				"west": {"uv": [0, 12, 4, 16], "rotation": 180, "texture": "#8"},
				"up": {"uv": [0, 12, 4, 16], "rotation": 180, "texture": "#8"},
				"down": {"uv": [0, 12, 4, 16], "rotation": 180, "texture": "#8"}
			}
		},
		{
			"from": [11.4, 18.4, 7.2],
			"to": [12, 19.1, 9.1],
			"rotation": {"angle": 0, "axis": "y", "origin": [0, 4.3, 0]},
			"faces": {
				"north": {"uv": [0, 12, 4, 16], "rotation": 180, "texture": "#8"},
				"east": {"uv": [0, 12, 4, 16], "rotation": 180, "texture": "#8"},
				"south": {"uv": [0, 12, 4, 16], "rotation": 180, "texture": "#8"},
				"west": {"uv": [0, 12, 4, 16], "rotation": 180, "texture": "#8"},
				"up": {"uv": [0, 12, 4, 16], "rotation": 180, "texture": "#8"},
				"down": {"uv": [0, 12, 4, 16], "rotation": 180, "texture": "#8"}
			}
		},
		{
			"from": [4.3, 19.1, 8.8],
			"to": [5.3, 19.4, 9.4],
			"rotation": {"angle": 0, "axis": "y", "origin": [16, 4.3, 0]},
			"faces": {
				"north": {"uv": [0, 12, 4, 16], "rotation": 180, "texture": "#8"},
				"east": {"uv": [0, 12, 4, 16], "rotation": 180, "texture": "#8"},
				"south": {"uv": [0, 12, 4, 16], "rotation": 180, "texture": "#8"},
				"west": {"uv": [0, 12, 4, 16], "rotation": 180, "texture": "#8"},
				"up": {"uv": [0, 12, 4, 16], "rotation": 180, "texture": "#8"},
				"down": {"uv": [0, 12, 4, 16], "rotation": 180, "texture": "#8"}
			}
		},
		{
			"from": [10.7, 18.4, 9.1],
			"to": [11.9, 19.1, 10.5],
			"rotation": {"angle": 0, "axis": "y", "origin": [0, 4.3, 0]},
			"faces": {
				"north": {"uv": [0, 12, 4, 16], "rotation": 180, "texture": "#8"},
				"east": {"uv": [0, 12, 4, 16], "rotation": 180, "texture": "#8"},
				"south": {"uv": [0, 12, 4, 16], "rotation": 180, "texture": "#8"},
				"west": {"uv": [0, 12, 4, 16], "rotation": 180, "texture": "#8"},
				"up": {"uv": [0, 12, 4, 16], "rotation": 180, "texture": "#8"},
				"down": {"uv": [0, 12, 4, 16], "rotation": 180, "texture": "#8"}
			}
		},
		{
			"from": [9.4, 12.9, 13.8],
			"to": [10.4, 18.5, 14.5],
			"rotation": {"angle": -22.5, "axis": "y", "origin": [16, 3, 0]},
			"faces": {
				"north": {"uv": [0, 12, 4, 16], "rotation": 180, "texture": "#8"},
				"east": {"uv": [0, 12, 4, 16], "rotation": 180, "texture": "#8"},
				"south": {"uv": [0, 12, 4, 16], "rotation": 180, "texture": "#8"},
				"west": {"uv": [0, 12, 4, 16], "rotation": 180, "texture": "#8"},
				"up": {"uv": [0, 12, 4, 16], "rotation": 180, "texture": "#8"},
				"down": {"uv": [0, 12, 4, 16], "rotation": 180, "texture": "#8"}
			}
		},
		{
			"from": [9.4, 10.9, 13.8],
			"to": [10.4, 12.9, 14.2],
			"rotation": {"angle": -22.5, "axis": "y", "origin": [16, 3, 0]},
			"faces": {
				"north": {"uv": [0, 12, 4, 16], "rotation": 180, "texture": "#8"},
				"east": {"uv": [0, 12, 4, 16], "rotation": 180, "texture": "#8"},
				"south": {"uv": [0, 12, 4, 16], "rotation": 180, "texture": "#8"},
				"west": {"uv": [0, 12, 4, 16], "rotation": 180, "texture": "#8"},
				"up": {"uv": [0, 12, 4, 16], "rotation": 180, "texture": "#8"},
				"down": {"uv": [0, 12, 4, 16], "rotation": 180, "texture": "#8"}
			}
		},
		{
			"from": [15.2, 12.9, -1.5],
			"to": [15.9, 18.5, -0.5],
			"rotation": {"angle": -45, "axis": "y", "origin": [0, 3, 0]},
			"faces": {
				"north": {"uv": [0, 12, 4, 16], "rotation": 180, "texture": "#8"},
				"east": {"uv": [0, 12, 4, 16], "rotation": 180, "texture": "#8"},
				"south": {"uv": [0, 12, 4, 16], "rotation": 180, "texture": "#8"},
				"west": {"uv": [0, 12, 4, 16], "rotation": 180, "texture": "#8"},
				"up": {"uv": [0, 12, 4, 16], "rotation": 180, "texture": "#8"},
				"down": {"uv": [0, 12, 4, 16], "rotation": 180, "texture": "#8"}
			}
		},
		{
			"from": [15.2, 10.9, -1.5],
			"to": [15.6, 12.9, -0.5],
			"rotation": {"angle": -45, "axis": "y", "origin": [0, 3, 0]},
			"faces": {
				"north": {"uv": [0, 12, 4, 16], "rotation": 180, "texture": "#8"},
				"east": {"uv": [0, 12, 4, 16], "rotation": 180, "texture": "#8"},
				"south": {"uv": [0, 12, 4, 16], "rotation": 180, "texture": "#8"},
				"west": {"uv": [0, 12, 4, 16], "rotation": 180, "texture": "#8"},
				"up": {"uv": [0, 12, 4, 16], "rotation": 180, "texture": "#8"},
				"down": {"uv": [0, 12, 4, 16], "rotation": 180, "texture": "#8"}
			}
		},
		{
			"from": [9.4, 11.5, 10.6],
			"to": [11, 16.6, 11.3],
			"rotation": {"angle": 0, "axis": "y", "origin": [16, 3, 0]},
			"faces": {
				"north": {"uv": [0, 12, 4, 16], "rotation": 180, "texture": "#8"},
				"east": {"uv": [0, 12, 4, 16], "rotation": 180, "texture": "#8"},
				"south": {"uv": [0, 12, 4, 16], "rotation": 180, "texture": "#8"},
				"west": {"uv": [0, 12, 4, 16], "rotation": 180, "texture": "#8"},
				"up": {"uv": [0, 12, 4, 16], "rotation": 180, "texture": "#8"},
				"down": {"uv": [0, 12, 4, 16], "rotation": 180, "texture": "#8"}
			}
		},
		{
			"from": [5.6, 12.9, 13.8],
			"to": [6.6, 18.5, 14.5],
			"rotation": {"angle": 22.5, "axis": "y", "origin": [0, 3, 0]},
			"faces": {
				"north": {"uv": [0, 12, 4, 16], "rotation": 180, "texture": "#8"},
				"east": {"uv": [0, 12, 4, 16], "rotation": 180, "texture": "#8"},
				"south": {"uv": [0, 12, 4, 16], "rotation": 180, "texture": "#8"},
				"west": {"uv": [0, 12, 4, 16], "rotation": 180, "texture": "#8"},
				"up": {"uv": [0, 12, 4, 16], "rotation": 180, "texture": "#8"},
				"down": {"uv": [0, 12, 4, 16], "rotation": 180, "texture": "#8"}
			}
		},
		{
			"from": [8, 11.5, 10.7],
			"to": [9.4, 16.6, 11.4],
			"rotation": {"angle": 0, "axis": "y", "origin": [16, 3, 0]},
			"faces": {
				"north": {"uv": [0, 12, 4, 16], "rotation": 180, "texture": "#8"},
				"east": {"uv": [0, 12, 4, 16], "rotation": 180, "texture": "#8"},
				"south": {"uv": [0, 12, 4, 16], "rotation": 180, "texture": "#8"},
				"west": {"uv": [0, 12, 4, 16], "rotation": 180, "texture": "#8"},
				"up": {"uv": [0, 12, 4, 16], "rotation": 180, "texture": "#8"},
				"down": {"uv": [0, 12, 4, 16], "rotation": 180, "texture": "#8"}
			}
		},
		{
			"from": [5, 11.5, 10.6],
			"to": [6.6, 16.6, 11.3],
			"rotation": {"angle": 0, "axis": "y", "origin": [0, 3, 0]},
			"faces": {
				"north": {"uv": [0, 12, 4, 16], "rotation": 180, "texture": "#8"},
				"east": {"uv": [0, 12, 4, 16], "rotation": 180, "texture": "#8"},
				"south": {"uv": [0, 12, 4, 16], "rotation": 180, "texture": "#8"},
				"west": {"uv": [0, 12, 4, 16], "rotation": 180, "texture": "#8"},
				"up": {"uv": [0, 12, 4, 16], "rotation": 180, "texture": "#8"},
				"down": {"uv": [0, 12, 4, 16], "rotation": 180, "texture": "#8"}
			}
		},
		{
			"from": [9, 9.1, 2.4],
			"to": [10.5, 10.2, 4.2],
			"rotation": {"angle": -22.5, "axis": "x", "origin": [0, 3.7, 0]},
			"faces": {
				"north": {"uv": [0, 12, 4, 16], "rotation": 180, "texture": "#8"},
				"east": {"uv": [0, 12, 4, 16], "rotation": 180, "texture": "#8"},
				"south": {"uv": [0, 12, 4, 16], "rotation": 180, "texture": "#8"},
				"west": {"uv": [0, 12, 4, 16], "rotation": 180, "texture": "#8"},
				"up": {"uv": [0, 12, 4, 16], "rotation": 180, "texture": "#8"},
				"down": {"uv": [0, 12, 4, 16], "rotation": 180, "texture": "#8"}
			}
		},
		{
			"from": [5.5, 9.1, 2.4],
			"to": [7, 10.2, 4.2],
			"rotation": {"angle": -22.5, "axis": "x", "origin": [16, 3.7, 0]},
			"faces": {
				"north": {"uv": [0, 12, 4, 16], "rotation": 180, "texture": "#8"},
				"east": {"uv": [0, 12, 4, 16], "rotation": 180, "texture": "#8"},
				"south": {"uv": [0, 12, 4, 16], "rotation": 180, "texture": "#8"},
				"west": {"uv": [0, 12, 4, 16], "rotation": 180, "texture": "#8"},
				"up": {"uv": [0, 12, 4, 16], "rotation": 180, "texture": "#8"},
				"down": {"uv": [0, 12, 4, 16], "rotation": 180, "texture": "#8"}
			}
		},
		{
			"from": [4.9, 9.2, 2.7],
			"to": [5.5, 10.2, 4.2],
			"rotation": {"angle": -22.5, "axis": "x", "origin": [16, 3.7, 0]},
			"faces": {
				"north": {"uv": [0, 12, 4, 16], "rotation": 180, "texture": "#8"},
				"east": {"uv": [0, 12, 4, 16], "rotation": 180, "texture": "#8"},
				"south": {"uv": [0, 12, 4, 16], "rotation": 180, "texture": "#8"},
				"west": {"uv": [0, 12, 4, 16], "rotation": 180, "texture": "#8"},
				"up": {"uv": [0, 12, 4, 16], "rotation": 180, "texture": "#8"},
				"down": {"uv": [0, 12, 4, 16], "rotation": 180, "texture": "#8"}
			}
		},
		{
			"from": [4, 9.4, 3.8],
			"to": [4.5, 10.5, 4.3],
			"rotation": {"angle": -22.5, "axis": "x", "origin": [16, 3.7, 0]},
			"faces": {
				"north": {"uv": [0, 12, 4, 16], "rotation": 180, "texture": "#8"},
				"east": {"uv": [0, 12, 4, 16], "rotation": 180, "texture": "#8"},
				"south": {"uv": [0, 12, 4, 16], "rotation": 180, "texture": "#8"},
				"west": {"uv": [0, 12, 4, 16], "rotation": 180, "texture": "#8"},
				"up": {"uv": [0, 12, 4, 16], "rotation": 180, "texture": "#8"},
				"down": {"uv": [0, 12, 4, 16], "rotation": 180, "texture": "#8"}
			}
		},
		{
			"from": [4.5, 9.2, 3.2],
			"to": [4.9, 9.9, 4.3],
			"rotation": {"angle": -22.5, "axis": "x", "origin": [16, 3.7, 0]},
			"faces": {
				"north": {"uv": [0, 12, 4, 16], "rotation": 180, "texture": "#8"},
				"east": {"uv": [0, 12, 4, 16], "rotation": 180, "texture": "#8"},
				"south": {"uv": [0, 12, 4, 16], "rotation": 180, "texture": "#8"},
				"west": {"uv": [0, 12, 4, 16], "rotation": 180, "texture": "#8"},
				"up": {"uv": [0, 12, 4, 16], "rotation": 180, "texture": "#8"},
				"down": {"uv": [0, 12, 4, 16], "rotation": 180, "texture": "#8"}
			}
		},
		{
			"from": [9, 10.4, -0.4],
			"to": [10.5, 11.3, 1.3],
			"rotation": {"angle": 0, "axis": "y", "origin": [0, 3.7, 0]},
			"faces": {
				"north": {"uv": [0, 12, 4, 16], "rotation": 180, "texture": "#8"},
				"east": {"uv": [0, 12, 4, 16], "rotation": 180, "texture": "#8"},
				"south": {"uv": [0, 12, 4, 16], "rotation": 180, "texture": "#8"},
				"west": {"uv": [0, 12, 4, 16], "rotation": 180, "texture": "#8"},
				"up": {"uv": [0, 12, 4, 16], "rotation": 180, "texture": "#8"},
				"down": {"uv": [0, 12, 4, 16], "rotation": 180, "texture": "#8"}
			}
		},
		{
			"from": [10.5, 10.5, -0.4],
			"to": [11.1, 11.3, 1.3],
			"rotation": {"angle": 0, "axis": "y", "origin": [0, 3.7, 0]},
			"faces": {
				"north": {"uv": [0, 12, 4, 16], "rotation": 180, "texture": "#8"},
				"east": {"uv": [0, 12, 4, 16], "rotation": 180, "texture": "#8"},
				"south": {"uv": [0, 12, 4, 16], "rotation": 180, "texture": "#8"},
				"west": {"uv": [0, 12, 4, 16], "rotation": 180, "texture": "#8"},
				"up": {"uv": [0, 12, 4, 16], "rotation": 180, "texture": "#8"},
				"down": {"uv": [0, 12, 4, 16], "rotation": 180, "texture": "#8"}
			}
		},
		{
			"from": [11.5, 10.7, 0.9],
			"to": [12, 12.1, 2.1],
			"rotation": {"angle": 0, "axis": "y", "origin": [0, 3.7, 0]},
			"faces": {
				"north": {"uv": [0, 12, 4, 16], "rotation": 180, "texture": "#8"},
				"east": {"uv": [0, 12, 4, 16], "rotation": 180, "texture": "#8"},
				"south": {"uv": [0, 12, 4, 16], "rotation": 180, "texture": "#8"},
				"west": {"uv": [0, 12, 4, 16], "rotation": 180, "texture": "#8"},
				"up": {"uv": [0, 12, 4, 16], "rotation": 180, "texture": "#8"},
				"down": {"uv": [0, 12, 4, 16], "rotation": 180, "texture": "#8"}
			}
		},
		{
			"from": [11.1, 10.6, 0.3],
			"to": [11.5, 11.5, 2.1],
			"rotation": {"angle": 0, "axis": "y", "origin": [0, 3.7, 0]},
			"faces": {
				"north": {"uv": [0, 12, 4, 16], "rotation": 180, "texture": "#8"},
				"east": {"uv": [0, 12, 4, 16], "rotation": 180, "texture": "#8"},
				"south": {"uv": [0, 12, 4, 16], "rotation": 180, "texture": "#8"},
				"west": {"uv": [0, 12, 4, 16], "rotation": 180, "texture": "#8"},
				"up": {"uv": [0, 12, 4, 16], "rotation": 180, "texture": "#8"},
				"down": {"uv": [0, 12, 4, 16], "rotation": 180, "texture": "#8"}
			}
		},
		{
			"from": [8, 9.1, 1],
			"to": [9.6, 10.3, 1.3],
			"rotation": {"angle": 0, "axis": "y", "origin": [0, 3, 0]},
			"faces": {
				"north": {"uv": [0, 12, 4, 16], "rotation": 180, "texture": "#8"},
				"east": {"uv": [0, 12, 4, 16], "rotation": 180, "texture": "#8"},
				"south": {"uv": [0, 12, 4, 16], "rotation": 180, "texture": "#8"},
				"west": {"uv": [0, 12, 4, 16], "rotation": 180, "texture": "#8"},
				"up": {"uv": [0, 12, 4, 16], "rotation": 180, "texture": "#8"},
				"down": {"uv": [0, 12, 4, 16], "rotation": 180, "texture": "#8"}
			}
		},
		{
			"from": [8, 10.9, 9.3],
			"to": [11, 15.1, 11.2],
			"rotation": {"angle": 0, "axis": "y", "origin": [0, 3, 0]},
			"faces": {
				"north": {"uv": [0, 12, 4, 16], "rotation": 180, "texture": "#8"},
				"east": {"uv": [0, 12, 4, 16], "rotation": 180, "texture": "#8"},
				"south": {"uv": [0, 12, 4, 16], "rotation": 180, "texture": "#8"},
				"west": {"uv": [0, 12, 4, 16], "rotation": 180, "texture": "#8"},
				"up": {"uv": [0, 12, 4, 16], "rotation": 180, "texture": "#8"},
				"down": {"uv": [0, 12, 4, 16], "rotation": 180, "texture": "#8"}
			}
		},
		{
			"from": [3.8, 10.9, 1.3],
			"to": [8, 16.1, 9.3],
			"rotation": {"angle": 0, "axis": "y", "origin": [16, 3, 0]},
			"faces": {
				"north": {"uv": [0, 12, 4, 16], "rotation": 180, "texture": "#8"},
				"east": {"uv": [0, 12, 4, 16], "rotation": 180, "texture": "#8"},
				"south": {"uv": [0, 12, 4, 16], "rotation": 180, "texture": "#8"},
				"west": {"uv": [0, 12, 4, 16], "rotation": 180, "texture": "#8"},
				"up": {"uv": [0, 12, 4, 16], "rotation": 180, "texture": "#8"},
				"down": {"uv": [0, 12, 4, 16], "rotation": 180, "texture": "#8"}
			}
		},
		{
			"from": [4, 17.5, 1.3],
			"to": [8, 19, 9.3],
			"rotation": {"angle": 0, "axis": "y", "origin": [16, 4.3, 0]},
			"faces": {
				"north": {"uv": [0, 12, 4, 16], "rotation": 180, "texture": "#8"},
				"east": {"uv": [0, 12, 4, 16], "rotation": 180, "texture": "#8"},
				"south": {"uv": [0, 12, 4, 16], "rotation": 180, "texture": "#8"},
				"west": {"uv": [0, 12, 4, 16], "rotation": 180, "texture": "#8"},
				"up": {"uv": [0, 12, 4, 16], "rotation": 180, "texture": "#8"},
				"down": {"uv": [0, 12, 4, 16], "rotation": 180, "texture": "#8"}
			}
		},
		{
			"from": [8, 17.5, 1.3],
			"to": [12, 19, 9.3],
			"rotation": {"angle": 0, "axis": "y", "origin": [0, 4.3, 0]},
			"faces": {
				"north": {"uv": [0, 12, 4, 16], "rotation": 180, "texture": "#8"},
				"east": {"uv": [0, 12, 4, 16], "rotation": 180, "texture": "#8"},
				"south": {"uv": [0, 12, 4, 16], "rotation": 180, "texture": "#8"},
				"west": {"uv": [0, 12, 4, 16], "rotation": 180, "texture": "#8"},
				"up": {"uv": [0, 12, 4, 16], "rotation": 180, "texture": "#8"},
				"down": {"uv": [0, 12, 4, 16], "rotation": 180, "texture": "#8"}
			}
		},
		{
			"from": [5.9, 4.6, 2.1],
			"to": [8, 10.9, 7.8],
			"rotation": {"angle": 0, "axis": "y", "origin": [16, 3, 0]},
			"faces": {
				"north": {"uv": [0, 12, 4, 16], "rotation": 180, "texture": "#3"},
				"east": {"uv": [0, 12, 4, 16], "rotation": 180, "texture": "#3"},
				"south": {"uv": [0, 12, 4, 16], "rotation": 180, "texture": "#3"},
				"west": {"uv": [0, 12, 4, 16], "rotation": 180, "texture": "#3"},
				"up": {"uv": [0, 12, 4, 16], "rotation": 180, "texture": "#3"},
				"down": {"uv": [0, 12, 4, 16], "rotation": 180, "texture": "#3"}
			}
		},
		{
			"from": [6.4, 9.1, 1],
			"to": [8, 10.3, 1.3],
			"rotation": {"angle": 0, "axis": "y", "origin": [16, 3, 0]},
			"faces": {
				"north": {"uv": [0, 12, 4, 16], "rotation": 180, "texture": "#8"},
				"east": {"uv": [0, 12, 4, 16], "rotation": 180, "texture": "#8"},
				"south": {"uv": [0, 12, 4, 16], "rotation": 180, "texture": "#8"},
				"west": {"uv": [0, 12, 4, 16], "rotation": 180, "texture": "#8"},
				"up": {"uv": [0, 12, 4, 16], "rotation": 180, "texture": "#8"},
				"down": {"uv": [0, 12, 4, 16], "rotation": 180, "texture": "#8"}
			}
		},
		{
			"from": [8, 8.5, 3.7],
			"to": [9.7, 15.1, 6.2],
			"rotation": {"angle": 22.5, "axis": "x", "origin": [0, 3, 0]},
			"faces": {
				"north": {"uv": [4, 12, 0, 16], "rotation": 180, "texture": "#3"},
				"east": {"uv": [4, 12, 0, 16], "rotation": 180, "texture": "#3"},
				"south": {"uv": [4, 12, 0, 16], "rotation": 180, "texture": "#3"},
				"west": {"uv": [4, 12, 0, 16], "rotation": 180, "texture": "#3"},
				"up": {"uv": [4, 12, 0, 16], "rotation": 180, "texture": "#3"},
				"down": {"uv": [4, 12, 0, 16], "rotation": 180, "texture": "#3"}
			}
		},
		{
			"from": [12, 6.4, 3.2],
			"to": [14, 13.4, 6.7],
			"rotation": {"angle": 22.5, "axis": "z", "origin": [16, 3.7, 0]},
			"faces": {
				"north": {"uv": [4, 12, 0, 16], "rotation": 180, "texture": "#3"},
				"east": {"uv": [4, 12, 0, 16], "rotation": 180, "texture": "#3"},
				"south": {"uv": [4, 12, 0, 16], "rotation": 180, "texture": "#3"},
				"west": {"uv": [4, 12, 0, 16], "rotation": 180, "texture": "#3"},
				"up": {"uv": [4, 12, 0, 16], "rotation": 180, "texture": "#3"},
				"down": {"uv": [4, 12, 0, 16], "rotation": 180, "texture": "#3"}
			}
		},
		{
			"from": [9.5, 3.9, -1],
			"to": [11.8, 4.2, 1.3],
			"rotation": {"angle": 45, "axis": "z", "origin": [0, 3.7, 0]},
			"faces": {
				"north": {"uv": [0, 12, 4, 16], "rotation": 180, "texture": "#8"},
				"east": {"uv": [0, 12, 4, 16], "rotation": 180, "texture": "#8"},
				"south": {"uv": [0, 12, 4, 16], "rotation": 180, "texture": "#8"},
				"west": {"uv": [0, 12, 4, 16], "rotation": 180, "texture": "#8"},
				"up": {"uv": [0, 12, 4, 16], "rotation": 180, "texture": "#8"},
				"down": {"uv": [0, 12, 4, 16], "rotation": 180, "texture": "#8"}
			}
		},
		{
			"from": [6.2, 11.5, 0.3],
			"to": [7.4, 12.3, 1.7],
			"rotation": {"angle": -22.5, "axis": "z", "origin": [16, 3, 0]},
			"faces": {
				"north": {"uv": [0, 12, 4, 16], "rotation": 180, "texture": "#8"},
				"east": {"uv": [0, 12, 4, 16], "rotation": 180, "texture": "#8"},
				"south": {"uv": [0, 12, 4, 16], "rotation": 180, "texture": "#8"},
				"west": {"uv": [0, 12, 4, 16], "rotation": 180, "texture": "#8"},
				"up": {"uv": [0, 12, 4, 16], "rotation": 180, "texture": "#8"},
				"down": {"uv": [0, 12, 4, 16], "rotation": 180, "texture": "#8"}
			}
		},
		{
			"from": [3.4, 5.2, -1.1],
			"to": [5.4, 6.6, 0.9],
			"rotation": {"angle": -22.5, "axis": "z", "origin": [16, 3, 0]},
			"faces": {
				"north": {"uv": [0, 12, 4, 16], "rotation": 180, "texture": "#8"},
				"east": {"uv": [0, 12, 4, 16], "rotation": 180, "texture": "#8"},
				"south": {"uv": [0, 12, 4, 16], "rotation": 180, "texture": "#8"},
				"west": {"uv": [0, 12, 4, 16], "rotation": 180, "texture": "#8"},
				"up": {"uv": [0, 12, 4, 16], "rotation": 180, "texture": "#8"},
				"down": {"uv": [0, 12, 4, 16], "rotation": 180, "texture": "#8"}
			}
		},
		{
			"from": [8, 9.7, -1.2],
			"to": [10.2, 11.1, -1.2],
			"rotation": {"angle": 0, "axis": "z", "origin": [0, 3, 0]},
			"faces": {
				"north": {"uv": [0, 12, 4, 16], "rotation": 180, "texture": "#8"},
				"east": {"uv": [0, 12, 4, 16], "rotation": 180, "texture": "#8"},
				"south": {"uv": [0, 12, 4, 16], "rotation": 180, "texture": "#8"},
				"west": {"uv": [0, 12, 4, 16], "rotation": 180, "texture": "#8"},
				"up": {"uv": [0, 12, 4, 16], "rotation": 180, "texture": "#8"},
				"down": {"uv": [0, 12, 4, 16], "rotation": 180, "texture": "#8"}
			}
		},
		{
			"from": [6.5, 5.5, -0.7],
			"to": [6.6, 10.5, 0.8],
			"rotation": {"angle": 0, "axis": "y", "origin": [0, 3, 0]},
			"faces": {
				"north": {"uv": [0, 12, 4, 16], "rotation": 180, "texture": "#8"},
				"east": {"uv": [0, 12, 4, 16], "rotation": 180, "texture": "#8"},
				"south": {"uv": [0, 12, 4, 16], "rotation": 180, "texture": "#8"},
				"west": {"uv": [0, 12, 4, 16], "rotation": 180, "texture": "#8"},
				"up": {"uv": [0, 12, 4, 16], "rotation": 180, "texture": "#8"},
				"down": {"uv": [0, 12, 4, 16], "rotation": 180, "texture": "#8"}
			}
		},
		{
			"from": [9.3, 6, -0.7],
			"to": [10.1, 10.5, 0.8],
			"rotation": {"angle": 0, "axis": "y", "origin": [16, 3, 0]},
			"faces": {
				"north": {"uv": [0, 12, 4, 16], "rotation": 180, "texture": "#8"},
				"east": {"uv": [0, 12, 4, 16], "rotation": 180, "texture": "#8"},
				"south": {"uv": [0, 12, 4, 16], "rotation": 180, "texture": "#8"},
				"west": {"uv": [0, 12, 4, 16], "rotation": 180, "texture": "#8"},
				"up": {"uv": [0, 12, 4, 16], "rotation": 180, "texture": "#8"},
				"down": {"uv": [0, 12, 4, 16], "rotation": 180, "texture": "#8"}
			}
		},
		{
			"from": [6.6, 5.5, -1],
			"to": [6.9, 10.5, 0.5],
			"rotation": {"angle": 0, "axis": "y", "origin": [0, 3, 0]},
			"faces": {
				"north": {"uv": [0, 12, 4, 16], "rotation": 180, "texture": "#8"},
				"east": {"uv": [0, 12, 4, 16], "rotation": 180, "texture": "#8"},
				"south": {"uv": [0, 12, 4, 16], "rotation": 180, "texture": "#8"},
				"west": {"uv": [0, 12, 4, 16], "rotation": 180, "texture": "#8"},
				"up": {"uv": [0, 12, 4, 16], "rotation": 180, "texture": "#8"},
				"down": {"uv": [0, 12, 4, 16], "rotation": 180, "texture": "#8"}
			}
		},
		{
			"from": [8, 8, 5.8],
			"to": [8.4, 10.2, 7.5],
			"rotation": {"angle": -45, "axis": "x", "origin": [0, 3, 0]},
			"faces": {
				"north": {"uv": [0, 12, 4, 16], "rotation": 180, "texture": "#8"},
				"east": {"uv": [0, 12, 4, 16], "rotation": 180, "texture": "#8"},
				"south": {"uv": [0, 12, 4, 16], "rotation": 180, "texture": "#8"},
				"west": {"uv": [0, 12, 4, 16], "rotation": 180, "texture": "#8"},
				"up": {"uv": [0, 12, 4, 16], "rotation": 180, "texture": "#8"},
				"down": {"uv": [0, 12, 4, 16], "rotation": 180, "texture": "#8"}
			}
		},
		{
			"from": [4.2, 3.9, -1],
			"to": [6.5, 4.2, 1.3],
			"rotation": {"angle": -45, "axis": "z", "origin": [16, 3.7, 0]},
			"faces": {
				"north": {"uv": [0, 12, 4, 16], "rotation": 180, "texture": "#8"},
				"east": {"uv": [0, 12, 4, 16], "rotation": 180, "texture": "#8"},
				"south": {"uv": [0, 12, 4, 16], "rotation": 180, "texture": "#8"},
				"west": {"uv": [0, 12, 4, 16], "rotation": 180, "texture": "#8"},
				"up": {"uv": [0, 12, 4, 16], "rotation": 180, "texture": "#8"},
				"down": {"uv": [0, 12, 4, 16], "rotation": 180, "texture": "#8"}
			}
		},
		{
			"from": [8.3, 10.3, -0.5],
			"to": [11.7, 12.2, 1.3],
			"rotation": {"angle": 0, "axis": "z", "origin": [0, 3.7, 0]},
			"faces": {
				"north": {"uv": [0, 12, 4, 16], "rotation": 180, "texture": "#8"},
				"east": {"uv": [0, 12, 4, 16], "rotation": 180, "texture": "#8"},
				"south": {"uv": [0, 12, 4, 16], "rotation": 180, "texture": "#8"},
				"west": {"uv": [0, 12, 4, 16], "rotation": 180, "texture": "#8"},
				"up": {"uv": [0, 12, 4, 16], "rotation": 180, "texture": "#8"},
				"down": {"uv": [0, 12, 4, 16], "rotation": 180, "texture": "#8"}
			}
		},
		{
			"from": [0.2, 11.3, -0.1],
			"to": [2.2, 13.4, 1.9],
			"rotation": {"angle": -22.5, "axis": "z", "origin": [0, 3.7, 0]},
			"faces": {
				"north": {"uv": [0, 12, 4, 16], "rotation": 180, "texture": "#8"},
				"east": {"uv": [0, 12, 4, 16], "rotation": 180, "texture": "#8"},
				"south": {"uv": [0, 12, 4, 16], "rotation": 180, "texture": "#8"},
				"west": {"uv": [0, 12, 4, 16], "rotation": 180, "texture": "#8"},
				"up": {"uv": [0, 12, 4, 16], "rotation": 180, "texture": "#8"},
				"down": {"uv": [0, 12, 4, 16], "rotation": 180, "texture": "#8"}
			}
		},
		{
			"from": [5.8, 9.7, -1.2],
			"to": [8, 11.1, -1.2],
			"rotation": {"angle": 0, "axis": "z", "origin": [16, 3, 0]},
			"faces": {
				"north": {"uv": [0, 12, 4, 16], "rotation": 180, "texture": "#8"},
				"east": {"uv": [0, 12, 4, 16], "rotation": 180, "texture": "#8"},
				"south": {"uv": [0, 12, 4, 16], "rotation": 180, "texture": "#8"},
				"west": {"uv": [0, 12, 4, 16], "rotation": 180, "texture": "#8"},
				"up": {"uv": [0, 12, 4, 16], "rotation": 180, "texture": "#8"},
				"down": {"uv": [0, 12, 4, 16], "rotation": 180, "texture": "#8"}
			}
		},
		{
			"from": [10, 10.3, -0.7],
			"to": [11.7, 11.1, 0.6],
			"rotation": {"angle": 0, "axis": "y", "origin": [0, 3, 0]},
			"faces": {
				"north": {"uv": [0, 12, 4, 16], "rotation": 180, "texture": "#8"},
				"east": {"uv": [0, 12, 4, 16], "rotation": 180, "texture": "#8"},
				"south": {"uv": [0, 12, 4, 16], "rotation": 180, "texture": "#8"},
				"west": {"uv": [0, 12, 4, 16], "rotation": 180, "texture": "#8"},
				"up": {"uv": [0, 12, 4, 16], "rotation": 180, "texture": "#8"},
				"down": {"uv": [0, 12, 4, 16], "rotation": 180, "texture": "#8"}
			}
		},
		{
			"from": [7.1, 6.9, -1.3],
			"to": [7.4, 8.5, -1.3],
			"rotation": {"angle": 0, "axis": "y", "origin": [0, 3, 0]},
			"faces": {
				"north": {"uv": [0, 12, 4, 16], "rotation": 180, "texture": "#3"},
				"east": {"uv": [0, 12, 4, 16], "rotation": 180, "texture": "#3"},
				"south": {"uv": [0, 12, 4, 16], "rotation": 180, "texture": "#3"},
				"west": {"uv": [0, 12, 4, 16], "rotation": 180, "texture": "#3"},
				"up": {"uv": [0, 12, 4, 16], "rotation": 180, "texture": "#3"},
				"down": {"uv": [0, 12, 4, 16], "rotation": 180, "texture": "#3"}
			}
		},
		{
			"from": [8, 5, -1.2],
			"to": [9.5, 10.5, 0.5],
			"rotation": {"angle": 0, "axis": "y", "origin": [16, 3, 0]},
			"faces": {
				"north": {"uv": [0, 12, 4, 16], "rotation": 180, "texture": "#8"},
				"east": {"uv": [0, 12, 4, 16], "rotation": 180, "texture": "#8"},
				"south": {"uv": [0, 12, 4, 16], "rotation": 180, "texture": "#8"},
				"west": {"uv": [0, 12, 4, 16], "rotation": 180, "texture": "#8"},
				"up": {"uv": [0, 12, 4, 16], "rotation": 180, "texture": "#8"},
				"down": {"uv": [0, 12, 4, 16], "rotation": 180, "texture": "#8"}
			}
		},
		{
			"from": [8.6, 6.9, -1.3],
			"to": [8.9, 8.5, -1.3],
			"rotation": {"angle": 0, "axis": "y", "origin": [16, 3, 0]},
			"faces": {
				"north": {"uv": [0, 12, 4, 16], "rotation": 180, "texture": "#3"},
				"east": {"uv": [0, 12, 4, 16], "rotation": 180, "texture": "#3"},
				"south": {"uv": [0, 12, 4, 16], "rotation": 180, "texture": "#3"},
				"west": {"uv": [0, 12, 4, 16], "rotation": 180, "texture": "#3"},
				"up": {"uv": [0, 12, 4, 16], "rotation": 180, "texture": "#3"},
				"down": {"uv": [0, 12, 4, 16], "rotation": 180, "texture": "#3"}
			}
		},
		{
			"from": [6.6, 7.5, -1.3],
			"to": [9.4, 7.8, -1.3],
			"rotation": {"angle": 0, "axis": "y", "origin": [0, 3, 0]},
			"faces": {
				"north": {"uv": [0, 12, 4, 16], "rotation": 180, "texture": "#3"},
				"east": {"uv": [0, 12, 4, 16], "rotation": 180, "texture": "#3"},
				"south": {"uv": [0, 12, 4, 16], "rotation": 180, "texture": "#3"},
				"west": {"uv": [0, 12, 4, 16], "rotation": 180, "texture": "#3"},
				"up": {"uv": [0, 12, 4, 16], "rotation": 180, "texture": "#3"},
				"down": {"uv": [0, 12, 4, 16], "rotation": 180, "texture": "#3"}
			}
		},
		{
			"from": [11.2, 9.2, -0.3],
			"to": [13.7, 10, 1.3],
			"rotation": {"angle": 22.5, "axis": "z", "origin": [0, 3, 0]},
			"faces": {
				"north": {"uv": [0, 12, 4, 16], "rotation": 180, "texture": "#8"},
				"east": {"uv": [0, 12, 4, 16], "rotation": 180, "texture": "#8"},
				"south": {"uv": [0, 12, 4, 16], "rotation": 180, "texture": "#8"},
				"west": {"uv": [0, 12, 4, 16], "rotation": 180, "texture": "#8"},
				"up": {"uv": [0, 12, 4, 16], "rotation": 180, "texture": "#8"},
				"down": {"uv": [0, 12, 4, 16], "rotation": 180, "texture": "#8"}
			}
		},
		{
			"from": [10.6, 5.2, -0.9],
			"to": [14, 5.6, 0.9],
			"rotation": {"angle": 22.5, "axis": "z", "origin": [0, 3, 0]},
			"faces": {
				"north": {"uv": [0, 12, 4, 16], "rotation": 180, "texture": "#8"},
				"east": {"uv": [0, 12, 4, 16], "rotation": 180, "texture": "#8"},
				"south": {"uv": [0, 12, 4, 16], "rotation": 180, "texture": "#8"},
				"west": {"uv": [0, 12, 4, 16], "rotation": 180, "texture": "#8"},
				"up": {"uv": [0, 12, 4, 16], "rotation": 180, "texture": "#8"},
				"down": {"uv": [0, 12, 4, 16], "rotation": 180, "texture": "#8"}
			}
		},
		{
			"from": [9.1, 11.2, -1.2],
			"to": [10.4, 13.3, 0.6],
			"rotation": {"angle": 22.5, "axis": "z", "origin": [16, 3, 0]},
			"faces": {
				"north": {"uv": [0, 12, 4, 16], "rotation": 180, "texture": "#8"},
				"east": {"uv": [0, 12, 4, 16], "rotation": 180, "texture": "#8"},
				"south": {"uv": [0, 12, 4, 16], "rotation": 180, "texture": "#8"},
				"west": {"uv": [0, 12, 4, 16], "rotation": 180, "texture": "#8"},
				"up": {"uv": [0, 12, 4, 16], "rotation": 180, "texture": "#8"},
				"down": {"uv": [0, 12, 4, 16], "rotation": 180, "texture": "#8"}
			}
		},
		{
			"from": [10, 9.9, -0.8],
			"to": [10.9, 10.3, 0.6],
			"rotation": {"angle": 0, "axis": "z", "origin": [0, 3, 0]},
			"faces": {
				"north": {"uv": [0, 12, 4, 16], "rotation": 180, "texture": "#8"},
				"east": {"uv": [0, 12, 4, 16], "rotation": 180, "texture": "#8"},
				"south": {"uv": [0, 12, 4, 16], "rotation": 180, "texture": "#8"},
				"west": {"uv": [0, 12, 4, 16], "rotation": 180, "texture": "#8"},
				"up": {"uv": [0, 12, 4, 16], "rotation": 180, "texture": "#8"},
				"down": {"uv": [0, 12, 4, 16], "rotation": 180, "texture": "#8"}
			}
		},
		{
			"from": [4.3, 10.3, -0.7],
			"to": [6, 11.1, 0.6],
			"rotation": {"angle": 0, "axis": "y", "origin": [16, 3, 0]},
			"faces": {
				"north": {"uv": [0, 12, 4, 16], "rotation": 180, "texture": "#8"},
				"east": {"uv": [0, 12, 4, 16], "rotation": 180, "texture": "#8"},
				"south": {"uv": [0, 12, 4, 16], "rotation": 180, "texture": "#8"},
				"west": {"uv": [0, 12, 4, 16], "rotation": 180, "texture": "#8"},
				"up": {"uv": [0, 12, 4, 16], "rotation": 180, "texture": "#8"},
				"down": {"uv": [0, 12, 4, 16], "rotation": 180, "texture": "#8"}
			}
		},
		{
			"from": [7.1, 11.3, 0.1],
			"to": [8.3, 13.9, 1.3],
			"rotation": {"angle": 0, "axis": "y", "origin": [16, 3, 0]},
			"faces": {
				"north": {"uv": [0, 12, 4, 16], "rotation": 180, "texture": "#8"},
				"east": {"uv": [0, 12, 4, 16], "rotation": 180, "texture": "#8"},
				"south": {"uv": [0, 12, 4, 16], "rotation": 180, "texture": "#8"},
				"west": {"uv": [0, 12, 4, 16], "rotation": 180, "texture": "#8"},
				"up": {"uv": [0, 12, 4, 16], "rotation": 180, "texture": "#8"},
				"down": {"uv": [0, 12, 4, 16], "rotation": 180, "texture": "#8"}
			}
		},
		{
			"from": [8, 10.9, 1.3],
			"to": [12.2, 16.1, 9.3],
			"rotation": {"angle": 0, "axis": "y", "origin": [0, 3, 0]},
			"faces": {
				"north": {"uv": [0, 12, 4, 16], "rotation": 180, "texture": "#8"},
				"east": {"uv": [0, 12, 4, 16], "rotation": 180, "texture": "#8"},
				"south": {"uv": [0, 12, 4, 16], "rotation": 180, "texture": "#8"},
				"west": {"uv": [0, 12, 4, 16], "rotation": 180, "texture": "#8"},
				"up": {"uv": [0, 12, 4, 16], "rotation": 180, "texture": "#8"},
				"down": {"uv": [0, 12, 4, 16], "rotation": 180, "texture": "#8"}
			}
		},
		{
			"from": [10.8, 10.9, 0.1],
			"to": [11, 13.9, 1.3],
			"rotation": {"angle": 0, "axis": "y", "origin": [0, 3, 0]},
			"faces": {
				"north": {"uv": [0, 12, 4, 16], "rotation": 180, "texture": "#8"},
				"east": {"uv": [0, 12, 4, 16], "rotation": 180, "texture": "#8"},
				"south": {"uv": [0, 12, 4, 16], "rotation": 180, "texture": "#8"},
				"west": {"uv": [0, 12, 4, 16], "rotation": 180, "texture": "#8"},
				"up": {"uv": [0, 12, 4, 16], "rotation": 180, "texture": "#8"},
				"down": {"uv": [0, 12, 4, 16], "rotation": 180, "texture": "#8"}
			}
		},
		{
			"from": [8.8, 12.2, 0.2],
			"to": [10.8, 14, 1.3],
			"rotation": {"angle": 0, "axis": "y", "origin": [0, 3, 0]},
			"faces": {
				"north": {"uv": [7, 14, 5, 16], "rotation": 180, "texture": "#1"},
				"east": {"uv": [1, 13, 0, 16], "rotation": 180, "texture": "#8"},
				"south": {"uv": [1, 13, 0, 16], "rotation": 180, "texture": "#8"},
				"west": {"uv": [1, 13, 0, 16], "rotation": 180, "texture": "#8"},
				"up": {"uv": [1, 13, 0, 16], "rotation": 180, "texture": "#8"},
				"down": {"uv": [1, 13, 0, 16], "rotation": 180, "texture": "#8"}
			}
		},
		{
			"from": [5, 10.9, 0.1],
			"to": [5.2, 13.9, 1.3],
			"rotation": {"angle": 0, "axis": "y", "origin": [16, 3, 0]},
			"faces": {
				"north": {"uv": [0, 12, 4, 16], "rotation": 180, "texture": "#8"},
				"east": {"uv": [0, 12, 4, 16], "rotation": 180, "texture": "#8"},
				"south": {"uv": [0, 12, 4, 16], "rotation": 180, "texture": "#8"},
				"west": {"uv": [0, 12, 4, 16], "rotation": 180, "texture": "#8"},
				"up": {"uv": [0, 12, 4, 16], "rotation": 180, "texture": "#8"},
				"down": {"uv": [0, 12, 4, 16], "rotation": 180, "texture": "#8"}
			}
		},
		{
			"from": [7.7, 11.3, 0.1],
			"to": [8.9, 13.9, 1.3],
			"rotation": {"angle": 0, "axis": "y", "origin": [0, 3, 0]},
			"faces": {
				"north": {"uv": [4, 12, 0, 16], "rotation": 180, "texture": "#8"},
				"east": {"uv": [4, 12, 0, 16], "rotation": 180, "texture": "#8"},
				"south": {"uv": [4, 12, 0, 16], "rotation": 180, "texture": "#8"},
				"west": {"uv": [4, 12, 0, 16], "rotation": 180, "texture": "#8"},
				"up": {"uv": [4, 12, 0, 16], "rotation": 180, "texture": "#8"},
				"down": {"uv": [4, 12, 0, 16], "rotation": 180, "texture": "#8"}
			}
		},
		{
			"from": [5.2, 12.2, 0.2],
			"to": [7.2, 14, 1.3],
			"rotation": {"angle": 0, "axis": "y", "origin": [16, 3, 0]},
			"faces": {
				"north": {"uv": [5, 14, 7, 16], "rotation": 180, "texture": "#1"},
				"east": {"uv": [0, 13, 1, 16], "rotation": 180, "texture": "#8"},
				"south": {"uv": [0, 13, 1, 16], "rotation": 180, "texture": "#8"},
				"west": {"uv": [0, 13, 1, 16], "rotation": 180, "texture": "#8"},
				"up": {"uv": [0, 13, 1, 16], "rotation": 180, "texture": "#8"},
				"down": {"uv": [0, 13, 1, 16], "rotation": 180, "texture": "#8"}
			}
		},
		{
			"from": [6.1, 5.3, -1],
			"to": [7.2, 10.5, 0.5],
			"rotation": {"angle": 0, "axis": "y", "origin": [0, 3, 0]},
			"faces": {
				"north": {"uv": [0, 12, 4, 16], "rotation": 180, "texture": "#8"},
				"east": {"uv": [0, 12, 4, 16], "rotation": 180, "texture": "#8"},
				"south": {"uv": [0, 12, 4, 16], "rotation": 180, "texture": "#8"},
				"west": {"uv": [0, 12, 4, 16], "rotation": 180, "texture": "#8"},
				"up": {"uv": [0, 12, 4, 16], "rotation": 180, "texture": "#8"},
				"down": {"uv": [0, 12, 4, 16], "rotation": 180, "texture": "#8"}
			}
		},
		{
			"from": [10.6, 5.2, -1.1],
			"to": [12.6, 6.6, 0.9],
			"rotation": {"angle": 22.5, "axis": "z", "origin": [0, 3, 0]},
			"faces": {
				"north": {"uv": [0, 12, 4, 16], "rotation": 180, "texture": "#8"},
				"east": {"uv": [0, 12, 4, 16], "rotation": 180, "texture": "#8"},
				"south": {"uv": [0, 12, 4, 16], "rotation": 180, "texture": "#8"},
				"west": {"uv": [0, 12, 4, 16], "rotation": 180, "texture": "#8"},
				"up": {"uv": [0, 12, 4, 16], "rotation": 180, "texture": "#8"},
				"down": {"uv": [0, 12, 4, 16], "rotation": 180, "texture": "#8"}
			}
		},
		{
			"from": [2, 5.2, -0.9],
			"to": [5.4, 5.6, 0.9],
			"rotation": {"angle": -22.5, "axis": "z", "origin": [16, 3, 0]},
			"faces": {
				"north": {"uv": [0, 12, 4, 16], "rotation": 180, "texture": "#8"},
				"east": {"uv": [0, 12, 4, 16], "rotation": 180, "texture": "#8"},
				"south": {"uv": [0, 12, 4, 16], "rotation": 180, "texture": "#8"},
				"west": {"uv": [0, 12, 4, 16], "rotation": 180, "texture": "#8"},
				"up": {"uv": [0, 12, 4, 16], "rotation": 180, "texture": "#8"},
				"down": {"uv": [0, 12, 4, 16], "rotation": 180, "texture": "#8"}
			}
		},
		{
			"from": [8.9, 1.5, -1.2],
			"to": [10.4, 3.4, 0.9],
			"rotation": {"angle": 22.5, "axis": "z", "origin": [0, 3, 0]},
			"faces": {
				"north": {"uv": [0, 12, 4, 16], "rotation": 180, "texture": "#8"},
				"east": {"uv": [0, 12, 4, 16], "rotation": 180, "texture": "#8"},
				"south": {"uv": [0, 12, 4, 16], "rotation": 180, "texture": "#8"},
				"west": {"uv": [0, 12, 4, 16], "rotation": 180, "texture": "#8"},
				"up": {"uv": [0, 12, 4, 16], "rotation": 180, "texture": "#8"},
				"down": {"uv": [0, 12, 4, 16], "rotation": 180, "texture": "#8"}
			}
		},
		{
			"from": [5.6, 1.5, -1.2],
			"to": [7.1, 3.4, 0.9],
			"rotation": {"angle": -22.5, "axis": "z", "origin": [16, 3, 0]},
			"faces": {
				"north": {"uv": [0, 12, 4, 16], "rotation": 180, "texture": "#8"},
				"east": {"uv": [0, 12, 4, 16], "rotation": 180, "texture": "#8"},
				"south": {"uv": [0, 12, 4, 16], "rotation": 180, "texture": "#8"},
				"west": {"uv": [0, 12, 4, 16], "rotation": 180, "texture": "#8"},
				"up": {"uv": [0, 12, 4, 16], "rotation": 180, "texture": "#8"},
				"down": {"uv": [0, 12, 4, 16], "rotation": 180, "texture": "#8"}
			}
		},
		{
			"from": [5.9, 6, -0.7],
			"to": [6.7, 10.5, 0.8],
			"rotation": {"angle": 0, "axis": "y", "origin": [0, 3, 0]},
			"faces": {
				"north": {"uv": [0, 12, 4, 16], "rotation": 180, "texture": "#8"},
				"east": {"uv": [0, 12, 4, 16], "rotation": 180, "texture": "#8"},
				"south": {"uv": [0, 12, 4, 16], "rotation": 180, "texture": "#8"},
				"west": {"uv": [0, 12, 4, 16], "rotation": 180, "texture": "#8"},
				"up": {"uv": [0, 12, 4, 16], "rotation": 180, "texture": "#8"},
				"down": {"uv": [0, 12, 4, 16], "rotation": 180, "texture": "#8"}
			}
		},
		{
			"from": [8.4, 13.9, -0.3],
			"to": [11.9, 14.7, 1.7],
			"rotation": {"angle": 0, "axis": "z", "origin": [0, 3, 0]},
			"faces": {
				"north": {"uv": [0, 12, 4, 16], "rotation": 180, "texture": "#8"},
				"east": {"uv": [0, 12, 4, 16], "rotation": 180, "texture": "#8"},
				"south": {"uv": [0, 12, 4, 16], "rotation": 180, "texture": "#8"},
				"west": {"uv": [0, 12, 4, 16], "rotation": 180, "texture": "#8"},
				"up": {"uv": [0, 12, 4, 16], "rotation": 180, "texture": "#8"},
				"down": {"uv": [0, 12, 4, 16], "rotation": 180, "texture": "#8"}
			}
		},
		{
			"from": [2, 6.4, 3.2],
			"to": [4, 13.4, 6.7],
			"rotation": {"angle": -22.5, "axis": "z", "origin": [0, 3.7, 0]},
			"faces": {
				"north": {"uv": [0, 12, 4, 16], "rotation": 180, "texture": "#3"},
				"east": {"uv": [0, 12, 4, 16], "rotation": 180, "texture": "#3"},
				"south": {"uv": [0, 12, 4, 16], "rotation": 180, "texture": "#3"},
				"west": {"uv": [0, 12, 4, 16], "rotation": 180, "texture": "#3"},
				"up": {"uv": [0, 12, 4, 16], "rotation": 180, "texture": "#3"},
				"down": {"uv": [0, 12, 4, 16], "rotation": 180, "texture": "#3"}
			}
		},
		{
			"from": [13.8, 11.3, -0.1],
			"to": [15.8, 13.4, 1.9],
			"rotation": {"angle": 22.5, "axis": "z", "origin": [16, 3.7, 0]},
			"faces": {
				"north": {"uv": [0, 12, 4, 16], "rotation": 180, "texture": "#8"},
				"east": {"uv": [0, 12, 4, 16], "rotation": 180, "texture": "#8"},
				"south": {"uv": [0, 12, 4, 16], "rotation": 180, "texture": "#8"},
				"west": {"uv": [0, 12, 4, 16], "rotation": 180, "texture": "#8"},
				"up": {"uv": [0, 12, 4, 16], "rotation": 180, "texture": "#8"},
				"down": {"uv": [0, 12, 4, 16], "rotation": 180, "texture": "#8"}
			}
		},
		{
			"from": [6.3, 8.5, 3.7],
			"to": [8, 15.1, 6.2],
			"rotation": {"angle": 22.5, "axis": "x", "origin": [16, 3, 0]},
			"faces": {
				"north": {"uv": [0, 12, 4, 16], "rotation": 180, "texture": "#3"},
				"east": {"uv": [0, 12, 4, 16], "rotation": 180, "texture": "#3"},
				"south": {"uv": [0, 12, 4, 16], "rotation": 180, "texture": "#3"},
				"west": {"uv": [0, 12, 4, 16], "rotation": 180, "texture": "#3"},
				"up": {"uv": [0, 12, 4, 16], "rotation": 180, "texture": "#3"},
				"down": {"uv": [0, 12, 4, 16], "rotation": 180, "texture": "#3"}
			}
		},
		{
			"from": [8, 4.6, 2.1],
			"to": [10.1, 10.9, 7.8],
			"rotation": {"angle": 0, "axis": "y", "origin": [0, 3, 0]},
			"faces": {
				"north": {"uv": [4, 12, 0, 16], "rotation": 180, "texture": "#3"},
				"east": {"uv": [4, 12, 0, 16], "rotation": 180, "texture": "#3"},
				"south": {"uv": [4, 12, 0, 16], "rotation": 180, "texture": "#3"},
				"west": {"uv": [4, 12, 0, 16], "rotation": 180, "texture": "#3"},
				"up": {"uv": [4, 12, 0, 16], "rotation": 180, "texture": "#3"},
				"down": {"uv": [4, 12, 0, 16], "rotation": 180, "texture": "#3"}
			}
		},
		{
			"from": [4.1, 13.9, -0.2],
			"to": [7.6, 14.7, 1.8],
			"rotation": {"angle": 0, "axis": "z", "origin": [16, 3, 0]},
			"faces": {
				"north": {"uv": [0, 12, 4, 16], "rotation": 180, "texture": "#8"},
				"east": {"uv": [0, 12, 4, 16], "rotation": 180, "texture": "#8"},
				"south": {"uv": [0, 12, 4, 16], "rotation": 180, "texture": "#8"},
				"west": {"uv": [0, 12, 4, 16], "rotation": 180, "texture": "#8"},
				"up": {"uv": [0, 12, 4, 16], "rotation": 180, "texture": "#8"},
				"down": {"uv": [0, 12, 4, 16], "rotation": 180, "texture": "#8"}
			}
		},
		{
			"from": [9.4, 5.5, -0.7],
			"to": [9.5, 10.5, 0.8],
			"rotation": {"angle": 0, "axis": "y", "origin": [16, 3, 0]},
			"faces": {
				"north": {"uv": [0, 12, 4, 16], "rotation": 180, "texture": "#8"},
				"east": {"uv": [0, 12, 4, 16], "rotation": 180, "texture": "#8"},
				"south": {"uv": [0, 12, 4, 16], "rotation": 180, "texture": "#8"},
				"west": {"uv": [0, 12, 4, 16], "rotation": 180, "texture": "#8"},
				"up": {"uv": [0, 12, 4, 16], "rotation": 180, "texture": "#8"},
				"down": {"uv": [0, 12, 4, 16], "rotation": 180, "texture": "#8"}
			}
		},
		{
			"from": [9.1, 5.5, -1],
			"to": [9.4, 10.5, 0.5],
			"rotation": {"angle": 0, "axis": "y", "origin": [16, 3, 0]},
			"faces": {
				"north": {"uv": [0, 12, 4, 16], "rotation": 180, "texture": "#8"},
				"east": {"uv": [0, 12, 4, 16], "rotation": 180, "texture": "#8"},
				"south": {"uv": [0, 12, 4, 16], "rotation": 180, "texture": "#8"},
				"west": {"uv": [0, 12, 4, 16], "rotation": 180, "texture": "#8"},
				"up": {"uv": [0, 12, 4, 16], "rotation": 180, "texture": "#8"},
				"down": {"uv": [0, 12, 4, 16], "rotation": 180, "texture": "#8"}
			}
		},
		{
			"from": [7.8, 6.9, -1.3],
			"to": [8.1, 8.5, -1.3],
			"rotation": {"angle": 0, "axis": "y", "origin": [16, 3, 0]},
			"faces": {
				"north": {"uv": [0, 12, 4, 16], "rotation": 180, "texture": "#3"},
				"east": {"uv": [0, 12, 4, 16], "rotation": 180, "texture": "#3"},
				"south": {"uv": [0, 12, 4, 16], "rotation": 180, "texture": "#3"},
				"west": {"uv": [0, 12, 4, 16], "rotation": 180, "texture": "#3"},
				"up": {"uv": [0, 12, 4, 16], "rotation": 180, "texture": "#3"},
				"down": {"uv": [0, 12, 4, 16], "rotation": 180, "texture": "#3"}
			}
		},
		{
			"from": [11, 10.9, 0.5],
			"to": [12.1, 14.8, 2.1],
			"rotation": {"angle": 0, "axis": "y", "origin": [0, 3.7, 0]},
			"faces": {
				"north": {"uv": [4, 12, 0, 16], "rotation": 180, "texture": "#8"},
				"east": {"uv": [4, 12, 0, 16], "rotation": 180, "texture": "#8"},
				"south": {"uv": [4, 12, 0, 16], "rotation": 180, "texture": "#8"},
				"west": {"uv": [4, 12, 0, 16], "rotation": 180, "texture": "#8"},
				"up": {"uv": [4, 12, 0, 16], "rotation": 180, "texture": "#8"},
				"down": {"uv": [4, 12, 0, 16], "rotation": 180, "texture": "#8"}
			}
		}
	],
	"display": {
		"head": {
			"translation": [0, -4.5, 3],
			"scale": [1.5, 1.2, 1.3]
		}
	}
}