{
	"credit": "Made with Blockbench",
	"parent": "110",
	"textures": {
		"0": "minecraft:block/anvil",
		"1": "minecraft:block/emerald_block",
		"particle": "minecraft:block/anvil"
	},
	"elements": [
		{
			"from": [8, 1.862, -1.788],
			"to": [8.858, 2.486, -0.774],
			"rotation": {"angle": 22.5, "axis": "x", "origin": [1.76, -0.312, 2.852]},
			"faces": {
				"north": {"uv": [0, 0, 16, 16], "rotation": 180, "texture": "#0"},
				"east": {"uv": [16, 16, 0, 0], "rotation": 270, "texture": "#0"},
				"south": {"uv": [0, 0, 16, 16], "texture": "#0"},
				"west": {"uv": [16, 16, 0, 0], "rotation": 90, "texture": "#0"},
				"up": {"uv": [0, 0, 16, 16], "texture": "#0"},
				"down": {"uv": [0, 0, 16, 16], "rotation": 180, "texture": "#0"}
			}
		},
		{
			"from": [8.546, 2.486, -1.788],
			"to": [9.17, 4.124, -0.774],
			"rotation": {"angle": 22.5, "axis": "x", "origin": [1.76, -0.312, 2.852]},
			"faces": {
				"north": {"uv": [0, 0, 16, 16], "rotation": 180, "texture": "#0"},
				"east": {"uv": [16, 16, 0, 0], "rotation": 270, "texture": "#0"},
				"south": {"uv": [0, 0, 16, 16], "texture": "#0"},
				"west": {"uv": [16, 16, 0, 0], "rotation": 90, "texture": "#0"},
				"up": {"uv": [0, 0, 16, 16], "texture": "#0"},
				"down": {"uv": [0, 0, 16, 16], "rotation": 180, "texture": "#0"}
			}
		},
		{
			"from": [7.298, 1.394, -1.788],
			"to": [7.61, 1.862, -0.774],
			"rotation": {"angle": 22.5, "axis": "x", "origin": [14.24, -0.312, 2.852]},
			"faces": {
				"north": {"uv": [16, 0, 0, 16], "rotation": 180, "texture": "#0"},
				"east": {"uv": [16, 0, 0, 16], "rotation": 90, "texture": "#0"},
				"south": {"uv": [16, 0, 0, 16], "texture": "#0"},
				"west": {"uv": [16, 0, 0, 16], "rotation": 270, "texture": "#0"},
				"up": {"uv": [16, 0, 0, 16], "texture": "#0"},
				"down": {"uv": [16, 0, 0, 16], "rotation": 180, "texture": "#0"}
			}
		},
		{
			"from": [7.532, 2.564, -1.866],
			"to": [8, 3.5, -0.93],
			"rotation": {"angle": 22.5, "axis": "x", "origin": [14.24, -0.312, 2.852]},
			"faces": {
				"north": {"uv": [16, 0, 15, 2.1], "rotation": 180, "texture": "#1"},
				"east": {"uv": [16, 0, 15, 2.1], "rotation": 90, "texture": "#1"},
				"south": {"uv": [16, 0, 15, 2.1], "texture": "#1"},
				"west": {"uv": [16, 0, 15, 2.1], "rotation": 270, "texture": "#1"},
				"up": {"uv": [16, 0, 15, 2.1], "texture": "#1"},
				"down": {"uv": [16, 0, 15, 2.1], "rotation": 180, "texture": "#1"}
			}
		},
		{
			"from": [8.39, 1.394, -1.788],
			"to": [8.702, 1.862, -0.774],
			"rotation": {"angle": 22.5, "axis": "x", "origin": [1.76, -0.312, 2.852]},
			"faces": {
				"north": {"uv": [0, 0, 16, 16], "rotation": 180, "texture": "#0"},
				"east": {"uv": [16, 16, 0, 0], "rotation": 270, "texture": "#0"},
				"south": {"uv": [0, 0, 16, 16], "texture": "#0"},
				"west": {"uv": [16, 16, 0, 0], "rotation": 90, "texture": "#0"},
				"up": {"uv": [0, 0, 16, 16], "texture": "#0"},
				"down": {"uv": [0, 0, 16, 16], "rotation": 180, "texture": "#0"}
			}
		},
		{
			"from": [7.142, 1.862, -1.788],
			"to": [8, 2.486, -0.774],
			"rotation": {"angle": 22.5, "axis": "x", "origin": [14.24, -0.312, 2.852]},
			"faces": {
				"north": {"uv": [16, 0, 0, 16], "rotation": 180, "texture": "#0"},
				"east": {"uv": [16, 0, 0, 16], "rotation": 90, "texture": "#0"},
				"south": {"uv": [16, 0, 0, 16], "texture": "#0"},
				"west": {"uv": [16, 0, 0, 16], "rotation": 270, "texture": "#0"},
				"up": {"uv": [16, 0, 0, 16], "texture": "#0"},
				"down": {"uv": [16, 0, 0, 16], "rotation": 180, "texture": "#0"}
			}
		},
		{
			"from": [8.702, 3.5, -1.788],
			"to": [9.56, 4.28, -0.618],
			"rotation": {"angle": 22.5, "axis": "x", "origin": [1.76, -0.312, 2.852]},
			"faces": {
				"north": {"uv": [0, 0, 16, 16], "rotation": 180, "texture": "#0"},
				"east": {"uv": [16, 16, 0, 0], "rotation": 270, "texture": "#0"},
				"south": {"uv": [0, 0, 16, 16], "texture": "#0"},
				"west": {"uv": [16, 16, 0, 0], "rotation": 90, "texture": "#0"},
				"up": {"uv": [0, 0, 16, 16], "texture": "#0"},
				"down": {"uv": [0, 0, 16, 16], "rotation": 180, "texture": "#0"}
			}
		},
		{
			"from": [8, 7.5, 5.1],
			"to": [8.4, 8.7, 6],
			"rotation": {"angle": 22.5, "axis": "x", "origin": [0, 0, 0]},
			"faces": {
				"north": {"uv": [15, 0, 16, 2.1], "texture": "#1"},
				"east": {"uv": [15, 0, 16, 2.1], "texture": "#1"},
				"south": {"uv": [15, 0, 16, 2.1], "texture": "#1"},
				"west": {"uv": [15, 0, 16, 2.1], "texture": "#1"},
				"up": {"uv": [15, 0, 16, 2.1], "texture": "#1"},
				"down": {"uv": [15, 0, 16, 2.1], "texture": "#1"}
			}
		},
		{
			"from": [7.454, 2.486, -1.71],
			"to": [8, 3.968, -0.54],
			"rotation": {"angle": 22.5, "axis": "x", "origin": [14.24, -0.312, 2.852]},
			"faces": {
				"north": {"uv": [16, 0, 0, 16], "rotation": 180, "texture": "#0"},
				"east": {"uv": [16, 0, 0, 16], "rotation": 90, "texture": "#0"},
				"south": {"uv": [16, 0, 0, 16], "texture": "#0"},
				"west": {"uv": [16, 0, 0, 16], "rotation": 270, "texture": "#0"},
				"up": {"uv": [16, 0, 0, 16], "texture": "#0"},
				"down": {"uv": [16, 0, 0, 16], "rotation": 180, "texture": "#0"}
			}
		},
		{
			"from": [9.3, 4.2, 0.7],
			"to": [10.5, 6.1, 6.5],
			"rotation": {"angle": 0, "axis": "x", "origin": [0, 0.3, 0]},
			"faces": {
				"north": {"uv": [0, 0, 16, 16], "texture": "#0"},
				"east": {"uv": [0, 0, 16, 16], "texture": "#0"},
				"south": {"uv": [0, 0, 16, 16], "texture": "#0"},
				"west": {"uv": [0, 0, 16, 16], "texture": "#0"},
				"up": {"uv": [0, 0, 16, 16], "texture": "#0"},
				"down": {"uv": [0, 0, 16, 16], "texture": "#0"}
			}
		},
		{
			"from": [6.83, 2.486, -1.788],
			"to": [7.454, 4.124, -0.774],
			"rotation": {"angle": 22.5, "axis": "x", "origin": [14.24, -0.312, 2.852]},
			"faces": {
				"north": {"uv": [16, 0, 0, 16], "rotation": 180, "texture": "#0"},
				"east": {"uv": [16, 0, 0, 16], "rotation": 90, "texture": "#0"},
				"south": {"uv": [16, 0, 0, 16], "texture": "#0"},
				"west": {"uv": [16, 0, 0, 16], "rotation": 270, "texture": "#0"},
				"up": {"uv": [16, 0, 0, 16], "texture": "#0"},
				"down": {"uv": [16, 0, 0, 16], "rotation": 180, "texture": "#0"}
			}
		},
		{
			"from": [8, 5, 3.9],
			"to": [9.3, 5.9, 5.3],
			"rotation": {"angle": 0, "axis": "y", "origin": [0, 0.3, 0]},
			"faces": {
				"north": {"uv": [0, 0, 16, 16], "texture": "#0"},
				"east": {"uv": [0, 0, 16, 16], "texture": "#0"},
				"south": {"uv": [0, 0, 16, 16], "texture": "#0"},
				"west": {"uv": [0, 0, 16, 16], "texture": "#0"},
				"up": {"uv": [0, 0, 16, 16], "texture": "#0"},
				"down": {"uv": [0, 0, 16, 16], "texture": "#0"}
			}
		},
		{
			"from": [4, 5.4, 2.6],
			"to": [4.5, 5.6, 6.8],
			"rotation": {"angle": 0, "axis": "x", "origin": [16, 0.3, 0]},
			"faces": {
				"north": {"uv": [16, 0, 0, 16], "texture": "#0"},
				"east": {"uv": [16, 0, 0, 16], "texture": "#0"},
				"south": {"uv": [16, 0, 0, 16], "texture": "#0"},
				"west": {"uv": [16, 0, 0, 16], "texture": "#0"},
				"up": {"uv": [16, 0, 0, 16], "texture": "#0"},
				"down": {"uv": [16, 0, 0, 16], "texture": "#0"}
			}
		},
		{
			"from": [6.7, 4.3, 1.2],
			"to": [8, 6.3, 2.6],
			"rotation": {"angle": 0, "axis": "x", "origin": [16, -0.4, 1.4]},
			"faces": {
				"north": {"uv": [16, 0, 0, 16], "texture": "#0"},
				"east": {"uv": [16, 0, 0, 16], "texture": "#0"},
				"south": {"uv": [16, 0, 0, 16], "texture": "#0"},
				"west": {"uv": [16, 0, 0, 16], "texture": "#0"},
				"up": {"uv": [16, 0, 0, 16], "texture": "#0"},
				"down": {"uv": [16, 0, 0, 16], "texture": "#0"}
			}
		},
		{
			"from": [8, 4.3, 1.2],
			"to": [9.3, 6.3, 6.6],
			"rotation": {"angle": 0, "axis": "x", "origin": [0, -0.4, 1.4]},
			"faces": {
				"north": {"uv": [0, 0, 16, 16], "texture": "#0"},
				"east": {"uv": [0, 0, 16, 16], "texture": "#0"},
				"south": {"uv": [0, 0, 16, 16], "texture": "#0"},
				"west": {"uv": [0, 0, 16, 16], "texture": "#0"},
				"up": {"uv": [0, 0, 16, 16], "texture": "#0"},
				"down": {"uv": [0, 0, 16, 16], "texture": "#0"}
			}
		},
		{
			"from": [6.7, 4.2, 2.5],
			"to": [8, 5.6, 10.9],
			"rotation": {"angle": 0, "axis": "y", "origin": [16, 0.3, 0]},
			"faces": {
				"north": {"uv": [16, 0, 0, 16], "texture": "#0"},
				"east": {"uv": [16, 0, 0, 16], "texture": "#0"},
				"south": {"uv": [16, 0, 0, 16], "texture": "#0"},
				"west": {"uv": [16, 0, 0, 16], "texture": "#0"},
				"up": {"uv": [16, 0, 0, 16], "texture": "#0"},
				"down": {"uv": [16, 0, 0, 16], "texture": "#0"}
			}
		},
		{
			"from": [8.9, 3.7, 6.3],
			"to": [10, 4.5, 7.3],
			"rotation": {"angle": 22.5, "axis": "y", "origin": [0, -0.6, 0]},
			"faces": {
				"north": {"uv": [0, 0, 16, 16], "texture": "#0"},
				"east": {"uv": [0, 0, 16, 16], "texture": "#0"},
				"south": {"uv": [0, 0, 16, 16], "texture": "#0"},
				"west": {"uv": [0, 0, 16, 16], "texture": "#0"},
				"up": {"uv": [0, 0, 16, 16], "texture": "#0"},
				"down": {"uv": [0, 0, 16, 16], "texture": "#0"}
			}
		},
		{
			"from": [8.5, 2.9, 1.8],
			"to": [9.2, 4.4, 2.4],
			"rotation": {"angle": 22.5, "axis": "y", "origin": [16, -0.5, 16]},
			"faces": {
				"north": {"uv": [0, 0, 16, 16], "texture": "#0"},
				"east": {"uv": [0, 0, 16, 16], "texture": "#0"},
				"south": {"uv": [0, 0, 16, 16], "texture": "#0"},
				"west": {"uv": [0, 0, 16, 16], "texture": "#0"},
				"up": {"uv": [16, 16, 0, 0], "texture": "#0"},
				"down": {"uv": [16, 16, 0, 0], "texture": "#0"}
			}
		},
		{
			"from": [8.7, 4, 8.4],
			"to": [10.5, 5.7, 10.7],
			"rotation": {"angle": 0, "axis": "y", "origin": [0, 0.3, 0]},
			"faces": {
				"north": {"uv": [0, 0, 16, 16], "texture": "#0"},
				"east": {"uv": [0, 0, 16, 16], "texture": "#0"},
				"south": {"uv": [0, 0, 16, 16], "texture": "#0"},
				"west": {"uv": [0, 0, 16, 16], "texture": "#0"},
				"up": {"uv": [0, 0, 16, 16], "texture": "#0"},
				"down": {"uv": [0, 0, 16, 16], "texture": "#0"}
			}
		},
		{
			"from": [5.5, 4.2, 0.7],
			"to": [6.7, 6.1, 6.5],
			"rotation": {"angle": 0, "axis": "x", "origin": [16, 0.3, 0]},
			"faces": {
				"north": {"uv": [16, 0, 0, 16], "texture": "#0"},
				"east": {"uv": [16, 0, 0, 16], "texture": "#0"},
				"south": {"uv": [16, 0, 0, 16], "texture": "#0"},
				"west": {"uv": [16, 0, 0, 16], "texture": "#0"},
				"up": {"uv": [16, 0, 0, 16], "texture": "#0"},
				"down": {"uv": [16, 0, 0, 16], "texture": "#0"}
			}
		},
		{
			"from": [10.5, 3.8, 6.8],
			"to": [11.6, 5.5, 10.1],
			"rotation": {"angle": 0, "axis": "y", "origin": [0, 0.3, 0]},
			"faces": {
				"north": {"uv": [0, 0, 16, 16], "texture": "#0"},
				"east": {"uv": [0, 0, 16, 16], "texture": "#0"},
				"south": {"uv": [0, 0, 16, 16], "texture": "#0"},
				"west": {"uv": [0, 0, 16, 16], "texture": "#0"},
				"up": {"uv": [0, 0, 16, 16], "texture": "#0"},
				"down": {"uv": [0, 0, 16, 16], "texture": "#0"}
			}
		},
		{
			"from": [5.5, 4.7, 6.5],
			"to": [7.3, 6, 8.4],
			"rotation": {"angle": 0, "axis": "y", "origin": [16, 0.3, 0]},
			"faces": {
				"north": {"uv": [16, 0, 0, 16], "texture": "#0"},
				"east": {"uv": [16, 0, 0, 16], "texture": "#0"},
				"south": {"uv": [16, 0, 0, 16], "texture": "#0"},
				"west": {"uv": [16, 0, 0, 16], "texture": "#0"},
				"up": {"uv": [16, 0, 0, 16], "texture": "#0"},
				"down": {"uv": [16, 0, 0, 16], "texture": "#0"}
			}
		},
		{
			"from": [11.6, 3.6, 6.8],
			"to": [12.2, 5.4, 8.8],
			"rotation": {"angle": 0, "axis": "x", "origin": [0, 0.3, 0]},
			"faces": {
				"north": {"uv": [0, 0, 16, 16], "texture": "#0"},
				"east": {"uv": [0, 0, 16, 16], "texture": "#0"},
				"south": {"uv": [0, 0, 16, 16], "texture": "#0"},
				"west": {"uv": [0, 0, 16, 16], "texture": "#0"},
				"up": {"uv": [0, 0, 16, 16], "texture": "#0"},
				"down": {"uv": [0, 0, 16, 16], "texture": "#0"}
			}
		},
		{
			"from": [4.5, 5.2, 1.6],
			"to": [6.6, 5.8, 6.8],
			"rotation": {"angle": 0, "axis": "y", "origin": [16, 0.3, 0]},
			"faces": {
				"north": {"uv": [16, 0, 0, 16], "texture": "#0"},
				"east": {"uv": [16, 0, 0, 16], "texture": "#0"},
				"south": {"uv": [16, 0, 0, 16], "texture": "#0"},
				"west": {"uv": [16, 0, 0, 16], "texture": "#0"},
				"up": {"uv": [16, 0, 0, 16], "texture": "#0"},
				"down": {"uv": [16, 0, 0, 16], "texture": "#0"}
			}
		},
		{
			"from": [8, 4.2, 2.5],
			"to": [9.3, 5.6, 10.9],
			"rotation": {"angle": 0, "axis": "y", "origin": [0, 0.3, 0]},
			"faces": {
				"north": {"uv": [0, 0, 16, 16], "texture": "#0"},
				"east": {"uv": [0, 0, 16, 16], "texture": "#0"},
				"south": {"uv": [0, 0, 16, 16], "texture": "#0"},
				"west": {"uv": [0, 0, 16, 16], "texture": "#0"},
				"up": {"uv": [0, 0, 16, 16], "texture": "#0"},
				"down": {"uv": [0, 0, 16, 16], "texture": "#0"}
			}
		},
		{
			"from": [12.7, 5.8, 8],
			"to": [14.5, 6.7, 9.8],
			"rotation": {"angle": -45, "axis": "y", "origin": [16, 0.7, 0]},
			"faces": {
				"north": {"uv": [16, 0, 0, 16], "texture": "#0"},
				"east": {"uv": [16, 0, 0, 16], "texture": "#0"},
				"south": {"uv": [16, 0, 0, 16], "texture": "#0"},
				"west": {"uv": [16, 0, 0, 16], "texture": "#0"},
				"up": {"uv": [16, 0, 0, 16], "texture": "#0"},
				"down": {"uv": [16, 0, 0, 16], "texture": "#0"}
			}
		},
		{
			"from": [5.5, 4, 8.4],
			"to": [7.3, 5.7, 10.7],
			"rotation": {"angle": 0, "axis": "y", "origin": [16, 0.3, 0]},
			"faces": {
				"north": {"uv": [16, 0, 0, 16], "texture": "#0"},
				"east": {"uv": [16, 0, 0, 16], "texture": "#0"},
				"south": {"uv": [16, 0, 0, 16], "texture": "#0"},
				"west": {"uv": [16, 0, 0, 16], "texture": "#0"},
				"up": {"uv": [16, 0, 0, 16], "texture": "#0"},
				"down": {"uv": [16, 0, 0, 16], "texture": "#0"}
			}
		},
		{
			"from": [8.7, 4.7, 6.5],
			"to": [10.5, 6, 8.4],
			"rotation": {"angle": 0, "axis": "y", "origin": [0, 0.3, 0]},
			"faces": {
				"north": {"uv": [0, 0, 16, 16], "texture": "#0"},
				"east": {"uv": [0, 0, 16, 16], "texture": "#0"},
				"south": {"uv": [0, 0, 16, 16], "texture": "#0"},
				"west": {"uv": [0, 0, 16, 16], "texture": "#0"},
				"up": {"uv": [0, 0, 16, 16], "texture": "#0"},
				"down": {"uv": [0, 0, 16, 16], "texture": "#0"}
			}
		},
		{
			"from": [9.5, 2, 6.6],
			"to": [10.2, 3.2, 7],
			"rotation": {"angle": 22.5, "axis": "y", "origin": [0, -1.5, 0]},
			"faces": {
				"north": {"uv": [0, 0, 16, 16], "texture": "#0"},
				"east": {"uv": [0, 0, 16, 16], "texture": "#0"},
				"south": {"uv": [0, 0, 16, 16], "texture": "#0"},
				"west": {"uv": [0, 0, 16, 16], "texture": "#0"},
				"up": {"uv": [0, 0, 16, 16], "texture": "#0"},
				"down": {"uv": [0, 0, 16, 16], "texture": "#0"}
			}
		},
		{
			"from": [8.8, 3.7, 1.6],
			"to": [9.9, 4.5, 2.6],
			"rotation": {"angle": 22.5, "axis": "y", "origin": [16, -0.6, 16]},
			"faces": {
				"north": {"uv": [0, 0, 16, 16], "texture": "#0"},
				"east": {"uv": [0, 0, 16, 16], "texture": "#0"},
				"south": {"uv": [0, 0, 16, 16], "texture": "#0"},
				"west": {"uv": [0, 0, 16, 16], "texture": "#0"},
				"up": {"uv": [16, 16, 0, 0], "texture": "#0"},
				"down": {"uv": [16, 16, 0, 0], "texture": "#0"}
			}
		},
		{
			"from": [9.6, 2.9, 6.5],
			"to": [10.3, 4.4, 7.1],
			"rotation": {"angle": 22.5, "axis": "y", "origin": [0, -0.5, 0]},
			"faces": {
				"north": {"uv": [0, 0, 16, 16], "texture": "#0"},
				"east": {"uv": [0, 0, 16, 16], "texture": "#0"},
				"south": {"uv": [0, 0, 16, 16], "texture": "#0"},
				"west": {"uv": [0, 0, 16, 16], "texture": "#0"},
				"up": {"uv": [0, 0, 16, 16], "texture": "#0"},
				"down": {"uv": [0, 0, 16, 16], "texture": "#0"}
			}
		},
		{
			"from": [8.8, 1.3, 1.9],
			"to": [9.3, 2, 2.3],
			"rotation": {"angle": 22.5, "axis": "y", "origin": [16, -1.5, 16]},
			"faces": {
				"north": {"uv": [0, 0, 16, 16], "texture": "#0"},
				"east": {"uv": [0, 0, 16, 16], "texture": "#0"},
				"south": {"uv": [0, 0, 16, 16], "texture": "#0"},
				"west": {"uv": [0, 0, 16, 16], "texture": "#0"},
				"up": {"uv": [16, 16, 0, 0], "texture": "#0"},
				"down": {"uv": [16, 16, 0, 0], "texture": "#0"}
			}
		},
		{
			"from": [6.1, 3.7, 1.6],
			"to": [7.2, 4.5, 2.6],
			"rotation": {"angle": -22.5, "axis": "y", "origin": [0, -0.6, 16]},
			"faces": {
				"north": {"uv": [16, 0, 0, 16], "texture": "#0"},
				"east": {"uv": [16, 0, 0, 16], "texture": "#0"},
				"south": {"uv": [16, 0, 0, 16], "texture": "#0"},
				"west": {"uv": [16, 0, 0, 16], "texture": "#0"},
				"up": {"uv": [0, 16, 16, 0], "texture": "#0"},
				"down": {"uv": [0, 16, 16, 0], "texture": "#0"}
			}
		},
		{
			"from": [6.8, 2.9, 1.8],
			"to": [7.5, 4.4, 2.4],
			"rotation": {"angle": -22.5, "axis": "y", "origin": [0, -0.5, 16]},
			"faces": {
				"north": {"uv": [16, 0, 0, 16], "texture": "#0"},
				"east": {"uv": [16, 0, 0, 16], "texture": "#0"},
				"south": {"uv": [16, 0, 0, 16], "texture": "#0"},
				"west": {"uv": [16, 0, 0, 16], "texture": "#0"},
				"up": {"uv": [0, 16, 16, 0], "texture": "#0"},
				"down": {"uv": [0, 16, 16, 0], "texture": "#0"}
			}
		},
		{
			"from": [6.7, 2, 1.9],
			"to": [7.4, 3.2, 2.3],
			"rotation": {"angle": -22.5, "axis": "y", "origin": [0, -1.5, 16]},
			"faces": {
				"north": {"uv": [16, 0, 0, 16], "texture": "#0"},
				"east": {"uv": [16, 0, 0, 16], "texture": "#0"},
				"south": {"uv": [16, 0, 0, 16], "texture": "#0"},
				"west": {"uv": [16, 0, 0, 16], "texture": "#0"},
				"up": {"uv": [0, 16, 16, 0], "texture": "#0"},
				"down": {"uv": [0, 16, 16, 0], "texture": "#0"}
			}
		},
		{
			"from": [3.4, 3.9, 3.7],
			"to": [4.5, 4.7, 4.7],
			"rotation": {"angle": 0, "axis": "y", "origin": [16, -0.6, 0]},
			"faces": {
				"north": {"uv": [16, 0, 0, 16], "texture": "#0"},
				"east": {"uv": [16, 0, 0, 16], "texture": "#0"},
				"south": {"uv": [16, 0, 0, 16], "texture": "#0"},
				"west": {"uv": [16, 0, 0, 16], "texture": "#0"},
				"up": {"uv": [16, 0, 0, 16], "texture": "#0"},
				"down": {"uv": [16, 0, 0, 16], "texture": "#0"}
			}
		},
		{
			"from": [3.1, 3.1, 3.9],
			"to": [3.8, 4.6, 4.5],
			"rotation": {"angle": 0, "axis": "y", "origin": [16, -0.5, 0]},
			"faces": {
				"north": {"uv": [16, 0, 0, 16], "texture": "#0"},
				"east": {"uv": [16, 0, 0, 16], "texture": "#0"},
				"south": {"uv": [16, 0, 0, 16], "texture": "#0"},
				"west": {"uv": [16, 0, 0, 16], "texture": "#0"},
				"up": {"uv": [16, 0, 0, 16], "texture": "#0"},
				"down": {"uv": [16, 0, 0, 16], "texture": "#0"}
			}
		},
		{
			"from": [3.4, 1.2, 4],
			"to": [3.9, 2.2, 4.4],
			"rotation": {"angle": 0, "axis": "y", "origin": [16, -1.5, 0]},
			"faces": {
				"north": {"uv": [16, 0, 0, 16], "texture": "#0"},
				"east": {"uv": [16, 0, 0, 16], "texture": "#0"},
				"south": {"uv": [16, 0, 0, 16], "texture": "#0"},
				"west": {"uv": [16, 0, 0, 16], "texture": "#0"},
				"up": {"uv": [16, 0, 0, 16], "texture": "#0"},
				"down": {"uv": [16, 0, 0, 16], "texture": "#0"}
			}
		},
		{
			"from": [11.5, 3.9, 3.7],
			"to": [12.6, 4.7, 4.7],
			"rotation": {"angle": 0, "axis": "y", "origin": [0, -0.6, 0]},
			"faces": {
				"north": {"uv": [0, 0, 16, 16], "texture": "#0"},
				"east": {"uv": [0, 0, 16, 16], "texture": "#0"},
				"south": {"uv": [0, 0, 16, 16], "texture": "#0"},
				"west": {"uv": [0, 0, 16, 16], "texture": "#0"},
				"up": {"uv": [0, 0, 16, 16], "texture": "#0"},
				"down": {"uv": [0, 0, 16, 16], "texture": "#0"}
			}
		},
		{
			"from": [12.2, 3.1, 3.9],
			"to": [12.9, 4.6, 4.5],
			"rotation": {"angle": 0, "axis": "y", "origin": [0, -0.5, 0]},
			"faces": {
				"north": {"uv": [0, 0, 16, 16], "texture": "#0"},
				"east": {"uv": [0, 0, 16, 16], "texture": "#0"},
				"south": {"uv": [0, 0, 16, 16], "texture": "#0"},
				"west": {"uv": [0, 0, 16, 16], "texture": "#0"},
				"up": {"uv": [0, 0, 16, 16], "texture": "#0"},
				"down": {"uv": [0, 0, 16, 16], "texture": "#0"}
			}
		},
		{
			"from": [12.1, 2.2, 4],
			"to": [12.8, 3.4, 4.4],
			"rotation": {"angle": 0, "axis": "y", "origin": [0, -1.5, 0]},
			"faces": {
				"north": {"uv": [0, 0, 16, 16], "texture": "#0"},
				"east": {"uv": [0, 0, 16, 16], "texture": "#0"},
				"south": {"uv": [0, 0, 16, 16], "texture": "#0"},
				"west": {"uv": [0, 0, 16, 16], "texture": "#0"},
				"up": {"uv": [0, 0, 16, 16], "texture": "#0"},
				"down": {"uv": [0, 0, 16, 16], "texture": "#0"}
			}
		},
		{
			"from": [6, 3.7, 6.3],
			"to": [7.1, 4.5, 7.3],
			"rotation": {"angle": -22.5, "axis": "y", "origin": [16, -0.6, 0]},
			"faces": {
				"north": {"uv": [16, 0, 0, 16], "texture": "#0"},
				"east": {"uv": [16, 0, 0, 16], "texture": "#0"},
				"south": {"uv": [16, 0, 0, 16], "texture": "#0"},
				"west": {"uv": [16, 0, 0, 16], "texture": "#0"},
				"up": {"uv": [16, 0, 0, 16], "texture": "#0"},
				"down": {"uv": [16, 0, 0, 16], "texture": "#0"}
			}
		},
		{
			"from": [5.7, 2.9, 6.5],
			"to": [6.4, 4.4, 7.1],
			"rotation": {"angle": -22.5, "axis": "y", "origin": [16, -0.5, 0]},
			"faces": {
				"north": {"uv": [16, 0, 0, 16], "texture": "#0"},
				"east": {"uv": [16, 0, 0, 16], "texture": "#0"},
				"south": {"uv": [16, 0, 0, 16], "texture": "#0"},
				"west": {"uv": [16, 0, 0, 16], "texture": "#0"},
				"up": {"uv": [16, 0, 0, 16], "texture": "#0"},
				"down": {"uv": [16, 0, 0, 16], "texture": "#0"}
			}
		},
		{
			"from": [6, 1.3, 6.6],
			"to": [6.5, 2, 7],
			"rotation": {"angle": -22.5, "axis": "y", "origin": [16, -1.5, 0]},
			"faces": {
				"north": {"uv": [16, 0, 0, 16], "texture": "#0"},
				"east": {"uv": [16, 0, 0, 16], "texture": "#0"},
				"south": {"uv": [16, 0, 0, 16], "texture": "#0"},
				"west": {"uv": [16, 0, 0, 16], "texture": "#0"},
				"up": {"uv": [16, 0, 0, 16], "texture": "#0"},
				"down": {"uv": [16, 0, 0, 16], "texture": "#0"}
			}
		},
		{
			"from": [7.6, 7.2, 3.9],
			"to": [8, 8.4, 4.8],
			"rotation": {"angle": 22.5, "axis": "x", "origin": [16, 0, 0]},
			"faces": {
				"north": {"uv": [16, 0, 15, 2.1], "texture": "#1"},
				"east": {"uv": [16, 0, 15, 2.1], "texture": "#1"},
				"south": {"uv": [16, 0, 15, 2.1], "texture": "#1"},
				"west": {"uv": [16, 0, 15, 2.1], "texture": "#1"},
				"up": {"uv": [16, 0, 15, 2.1], "texture": "#1"},
				"down": {"uv": [16, 0, 15, 2.1], "texture": "#1"}
			}
		},
		{
			"from": [8, 2.564, -1.866],
			"to": [8.468, 3.5, -0.93],
			"rotation": {"angle": 22.5, "axis": "x", "origin": [1.76, -0.312, 2.852]},
			"faces": {
				"north": {"uv": [15, 0, 16, 2.1], "rotation": 180, "texture": "#1"},
				"east": {"uv": [16, 2.1, 15, 0], "rotation": 270, "texture": "#1"},
				"south": {"uv": [15, 0, 16, 2.1], "texture": "#1"},
				"west": {"uv": [16, 2.1, 15, 0], "rotation": 90, "texture": "#1"},
				"up": {"uv": [15, 0, 16, 2.1], "texture": "#1"},
				"down": {"uv": [15, 0, 16, 2.1], "rotation": 180, "texture": "#1"}
			}
		},
		{
			"from": [7.6, 7.5, 5.1],
			"to": [8, 8.7, 6],
			"rotation": {"angle": 22.5, "axis": "x", "origin": [16, 0, 0]},
			"faces": {
				"north": {"uv": [16, 0, 15, 2.1], "texture": "#1"},
				"east": {"uv": [16, 0, 15, 2.1], "texture": "#1"},
				"south": {"uv": [16, 0, 15, 2.1], "texture": "#1"},
				"west": {"uv": [16, 0, 15, 2.1], "texture": "#1"},
				"up": {"uv": [16, 0, 15, 2.1], "texture": "#1"},
				"down": {"uv": [16, 0, 15, 2.1], "texture": "#1"}
			}
		},
		{
			"from": [8, 7.8, 6.3],
			"to": [8.4, 9, 7.2],
			"rotation": {"angle": 22.5, "axis": "x", "origin": [0, 0, 0]},
			"faces": {
				"north": {"uv": [15, 0, 16, 2.1], "texture": "#1"},
				"east": {"uv": [15, 0, 16, 2.1], "texture": "#1"},
				"south": {"uv": [15, 0, 16, 2.1], "texture": "#1"},
				"west": {"uv": [15, 0, 16, 2.1], "texture": "#1"},
				"up": {"uv": [15, 0, 16, 2.1], "texture": "#1"},
				"down": {"uv": [15, 0, 16, 2.1], "texture": "#1"}
			}
		},
		{
			"from": [7.6, 7.8, 6.3],
			"to": [8, 9, 7.2],
			"rotation": {"angle": 22.5, "axis": "x", "origin": [16, 0, 0]},
			"faces": {
				"north": {"uv": [16, 0, 15, 2.1], "texture": "#1"},
				"east": {"uv": [16, 0, 15, 2.1], "texture": "#1"},
				"south": {"uv": [16, 0, 15, 2.1], "texture": "#1"},
				"west": {"uv": [16, 0, 15, 2.1], "texture": "#1"},
				"up": {"uv": [16, 0, 15, 2.1], "texture": "#1"},
				"down": {"uv": [16, 0, 15, 2.1], "texture": "#1"}
			}
		},
		{
			"from": [8, 7.2, 3.9],
			"to": [8.4, 8.4, 4.8],
			"rotation": {"angle": 22.5, "axis": "x", "origin": [0, 0, 0]},
			"faces": {
				"north": {"uv": [15, 0, 16, 2.1], "texture": "#1"},
				"east": {"uv": [15, 0, 16, 2.1], "texture": "#1"},
				"south": {"uv": [15, 0, 16, 2.1], "texture": "#1"},
				"west": {"uv": [15, 0, 16, 2.1], "texture": "#1"},
				"up": {"uv": [15, 0, 16, 2.1], "texture": "#1"},
				"down": {"uv": [15, 0, 16, 2.1], "texture": "#1"}
			}
		},
		{
			"from": [6.674, 4.28, -1.788],
			"to": [7.064, 4.67, -0.618],
			"rotation": {"angle": 22.5, "axis": "x", "origin": [14.24, -0.312, 2.852]},
			"faces": {
				"north": {"uv": [16, 0, 0, 16], "rotation": 180, "texture": "#0"},
				"east": {"uv": [16, 0, 0, 16], "rotation": 90, "texture": "#0"},
				"south": {"uv": [16, 0, 0, 16], "texture": "#0"},
				"west": {"uv": [16, 0, 0, 16], "rotation": 270, "texture": "#0"},
				"up": {"uv": [16, 0, 0, 16], "texture": "#0"},
				"down": {"uv": [16, 0, 0, 16], "rotation": 180, "texture": "#0"}
			}
		},
		{
			"from": [8, 2.486, -1.71],
			"to": [8.546, 3.968, -0.54],
			"rotation": {"angle": 22.5, "axis": "x", "origin": [1.76, -0.312, 2.852]},
			"faces": {
				"north": {"uv": [0, 0, 16, 16], "rotation": 180, "texture": "#0"},
				"east": {"uv": [16, 16, 0, 0], "rotation": 270, "texture": "#0"},
				"south": {"uv": [0, 0, 16, 16], "texture": "#0"},
				"west": {"uv": [16, 16, 0, 0], "rotation": 90, "texture": "#0"},
				"up": {"uv": [0, 0, 16, 16], "texture": "#0"},
				"down": {"uv": [0, 0, 16, 16], "rotation": 180, "texture": "#0"}
			}
		},
		{
			"from": [8, 2.486, -1.71],
			"to": [8.39, 4.046, -0.54],
			"rotation": {"angle": 22.5, "axis": "x", "origin": [1.76, -0.312, 2.852]},
			"faces": {
				"north": {"uv": [0, 0, 16, 16], "rotation": 180, "texture": "#0"},
				"east": {"uv": [16, 16, 0, 0], "rotation": 270, "texture": "#0"},
				"south": {"uv": [0, 0, 16, 16], "texture": "#0"},
				"west": {"uv": [16, 16, 0, 0], "rotation": 90, "texture": "#0"},
				"up": {"uv": [0, 0, 16, 16], "texture": "#0"},
				"down": {"uv": [0, 0, 16, 16], "rotation": 180, "texture": "#0"}
			}
		},
		{
			"from": [7.61, 2.486, -1.71],
			"to": [8, 4.046, -0.54],
			"rotation": {"angle": 22.5, "axis": "x", "origin": [14.24, -0.312, 2.852]},
			"faces": {
				"north": {"uv": [16, 0, 0, 16], "rotation": 180, "texture": "#0"},
				"east": {"uv": [16, 0, 0, 16], "rotation": 90, "texture": "#0"},
				"south": {"uv": [16, 0, 0, 16], "texture": "#0"},
				"west": {"uv": [16, 0, 0, 16], "rotation": 270, "texture": "#0"},
				"up": {"uv": [16, 0, 0, 16], "texture": "#0"},
				"down": {"uv": [16, 0, 0, 16], "rotation": 180, "texture": "#0"}
			}
		},
		{
			"from": [9.56, 3.5, -1.788],
			"to": [9.794, 3.89, -0.618],
			"rotation": {"angle": 22.5, "axis": "x", "origin": [1.76, -0.312, 2.852]},
			"faces": {
				"north": {"uv": [0, 0, 16, 16], "rotation": 180, "texture": "#0"},
				"east": {"uv": [16, 16, 0, 0], "rotation": 270, "texture": "#0"},
				"south": {"uv": [0, 0, 16, 16], "texture": "#0"},
				"west": {"uv": [16, 16, 0, 0], "rotation": 90, "texture": "#0"},
				"up": {"uv": [0, 0, 16, 16], "texture": "#0"},
				"down": {"uv": [0, 0, 16, 16], "rotation": 180, "texture": "#0"}
			}
		},
		{
			"from": [6.44, 3.5, -1.788],
			"to": [7.298, 4.28, -0.618],
			"rotation": {"angle": 22.5, "axis": "x", "origin": [14.24, -0.312, 2.852]},
			"faces": {
				"north": {"uv": [16, 0, 0, 16], "rotation": 180, "texture": "#0"},
				"east": {"uv": [16, 0, 0, 16], "rotation": 90, "texture": "#0"},
				"south": {"uv": [16, 0, 0, 16], "texture": "#0"},
				"west": {"uv": [16, 0, 0, 16], "rotation": 270, "texture": "#0"},
				"up": {"uv": [16, 0, 0, 16], "texture": "#0"},
				"down": {"uv": [16, 0, 0, 16], "rotation": 180, "texture": "#0"}
			}
		},
		{
			"from": [8.936, 4.28, -1.788],
			"to": [9.326, 4.67, -0.618],
			"rotation": {"angle": 22.5, "axis": "x", "origin": [1.76, -0.312, 2.852]},
			"faces": {
				"north": {"uv": [0, 0, 16, 16], "rotation": 180, "texture": "#0"},
				"east": {"uv": [16, 16, 0, 0], "rotation": 270, "texture": "#0"},
				"south": {"uv": [0, 0, 16, 16], "texture": "#0"},
				"west": {"uv": [16, 16, 0, 0], "rotation": 90, "texture": "#0"},
				"up": {"uv": [0, 0, 16, 16], "texture": "#0"},
				"down": {"uv": [0, 0, 16, 16], "rotation": 180, "texture": "#0"}
			}
		},
		{
			"from": [6.206, 3.5, -1.788],
			"to": [6.44, 3.89, -0.618],
			"rotation": {"angle": 22.5, "axis": "x", "origin": [14.24, -0.312, 2.852]},
			"faces": {
				"north": {"uv": [16, 0, 0, 16], "rotation": 180, "texture": "#0"},
				"east": {"uv": [16, 0, 0, 16], "rotation": 90, "texture": "#0"},
				"south": {"uv": [16, 0, 0, 16], "texture": "#0"},
				"west": {"uv": [16, 0, 0, 16], "rotation": 270, "texture": "#0"},
				"up": {"uv": [16, 0, 0, 16], "texture": "#0"},
				"down": {"uv": [16, 0, 0, 16], "rotation": 180, "texture": "#0"}
			}
		},
		{
			"from": [6.7, 5, 3.9],
			"to": [8, 5.9, 5.3],
			"rotation": {"angle": 0, "axis": "y", "origin": [16, 0.3, 0]},
			"faces": {
				"north": {"uv": [16, 0, 0, 16], "texture": "#0"},
				"east": {"uv": [16, 0, 0, 16], "texture": "#0"},
				"south": {"uv": [16, 0, 0, 16], "texture": "#0"},
				"west": {"uv": [16, 0, 0, 16], "texture": "#0"},
				"up": {"uv": [16, 0, 0, 16], "texture": "#0"},
				"down": {"uv": [16, 0, 0, 16], "texture": "#0"}
			}
		},
		{
			"from": [16, 4.1, 6.9],
			"to": [17.1, 5, 8],
			"rotation": {"angle": -45, "axis": "y", "origin": [16, -0.5, 0]},
			"faces": {
				"north": {"uv": [16, 0, 0, 16], "texture": "#0"},
				"east": {"uv": [16, 0, 0, 16], "texture": "#0"},
				"south": {"uv": [16, 0, 0, 16], "texture": "#0"},
				"west": {"uv": [16, 0, 0, 16], "texture": "#0"},
				"up": {"uv": [16, 0, 0, 16], "texture": "#0"},
				"down": {"uv": [16, 0, 0, 16], "texture": "#0"}
			}
		},
		{
			"from": [1.1, 4.1, 4.8],
			"to": [2.2, 5, 5.9],
			"rotation": {"angle": 45, "axis": "y", "origin": [0, -0.5, 0]},
			"faces": {
				"north": {"uv": [0, 0, 16, 16], "texture": "#0"},
				"east": {"uv": [0, 0, 16, 16], "texture": "#0"},
				"south": {"uv": [0, 0, 16, 16], "texture": "#0"},
				"west": {"uv": [0, 0, 16, 16], "texture": "#0"},
				"up": {"uv": [0, 0, 16, 16], "texture": "#0"},
				"down": {"uv": [0, 0, 16, 16], "texture": "#0"}
			}
		},
		{
			"from": [13.8, 4.1, 4.8],
			"to": [14.9, 5, 5.9],
			"rotation": {"angle": -45, "axis": "y", "origin": [16, -0.5, 0]},
			"faces": {
				"north": {"uv": [16, 0, 0, 16], "texture": "#0"},
				"east": {"uv": [16, 0, 0, 16], "texture": "#0"},
				"south": {"uv": [16, 0, 0, 16], "texture": "#0"},
				"west": {"uv": [16, 0, 0, 16], "texture": "#0"},
				"up": {"uv": [16, 0, 0, 16], "texture": "#0"},
				"down": {"uv": [16, 0, 0, 16], "texture": "#0"}
			}
		},
		{
			"from": [-0.3, 4.2, 5.6],
			"to": [0.8, 5.1, 6.7],
			"rotation": {"angle": 45, "axis": "y", "origin": [0, -0.5, 0]},
			"faces": {
				"north": {"uv": [0, 0, 16, 16], "texture": "#0"},
				"east": {"uv": [0, 0, 16, 16], "texture": "#0"},
				"south": {"uv": [0, 0, 16, 16], "texture": "#0"},
				"west": {"uv": [0, 0, 16, 16], "texture": "#0"},
				"up": {"uv": [0, 0, 16, 16], "texture": "#0"},
				"down": {"uv": [0, 0, 16, 16], "texture": "#0"}
			}
		},
		{
			"from": [15.2, 4.2, 5.6],
			"to": [16.3, 5.1, 6.7],
			"rotation": {"angle": -45, "axis": "y", "origin": [16, -0.5, 0]},
			"faces": {
				"north": {"uv": [16, 0, 0, 16], "texture": "#0"},
				"east": {"uv": [16, 0, 0, 16], "texture": "#0"},
				"south": {"uv": [16, 0, 0, 16], "texture": "#0"},
				"west": {"uv": [16, 0, 0, 16], "texture": "#0"},
				"up": {"uv": [16, 0, 0, 16], "texture": "#0"},
				"down": {"uv": [16, 0, 0, 16], "texture": "#0"}
			}
		},
		{
			"from": [-1.1, 4.1, 6.9],
			"to": [0, 5, 8],
			"rotation": {"angle": 45, "axis": "y", "origin": [0, -0.5, 0]},
			"faces": {
				"north": {"uv": [0, 0, 16, 16], "texture": "#0"},
				"east": {"uv": [0, 0, 16, 16], "texture": "#0"},
				"south": {"uv": [0, 0, 16, 16], "texture": "#0"},
				"west": {"uv": [0, 0, 16, 16], "texture": "#0"},
				"up": {"uv": [0, 0, 16, 16], "texture": "#0"},
				"down": {"uv": [0, 0, 16, 16], "texture": "#0"}
			}
		},
		{
			"from": [9.5, 1.3, 6.6],
			"to": [10, 2, 7],
			"rotation": {"angle": 22.5, "axis": "y", "origin": [0, -1.5, 0]},
			"faces": {
				"north": {"uv": [0, 0, 16, 16], "texture": "#0"},
				"east": {"uv": [0, 0, 16, 16], "texture": "#0"},
				"south": {"uv": [0, 0, 16, 16], "texture": "#0"},
				"west": {"uv": [0, 0, 16, 16], "texture": "#0"},
				"up": {"uv": [0, 0, 16, 16], "texture": "#0"},
				"down": {"uv": [0, 0, 16, 16], "texture": "#0"}
			}
		},
		{
			"from": [12.1, 1.2, 4],
			"to": [12.6, 2.2, 4.4],
			"rotation": {"angle": 0, "axis": "y", "origin": [0, -1.5, 0]},
			"faces": {
				"north": {"uv": [0, 0, 16, 16], "texture": "#0"},
				"east": {"uv": [0, 0, 16, 16], "texture": "#0"},
				"south": {"uv": [0, 0, 16, 16], "texture": "#0"},
				"west": {"uv": [0, 0, 16, 16], "texture": "#0"},
				"up": {"uv": [0, 0, 16, 16], "texture": "#0"},
				"down": {"uv": [0, 0, 16, 16], "texture": "#0"}
			}
		},
		{
			"from": [6.7, 1.3, 1.9],
			"to": [7.2, 2, 2.3],
			"rotation": {"angle": -22.5, "axis": "y", "origin": [0, -1.5, 16]},
			"faces": {
				"north": {"uv": [16, 0, 0, 16], "texture": "#0"},
				"east": {"uv": [16, 0, 0, 16], "texture": "#0"},
				"south": {"uv": [16, 0, 0, 16], "texture": "#0"},
				"west": {"uv": [16, 0, 0, 16], "texture": "#0"},
				"up": {"uv": [0, 16, 16, 0], "texture": "#0"},
				"down": {"uv": [0, 16, 16, 0], "texture": "#0"}
			}
		},
		{
			"from": [5.8, 2, 6.6],
			"to": [6.5, 3.2, 7],
			"rotation": {"angle": -22.5, "axis": "y", "origin": [16, -1.5, 0]},
			"faces": {
				"north": {"uv": [16, 0, 0, 16], "texture": "#0"},
				"east": {"uv": [16, 0, 0, 16], "texture": "#0"},
				"south": {"uv": [16, 0, 0, 16], "texture": "#0"},
				"west": {"uv": [16, 0, 0, 16], "texture": "#0"},
				"up": {"uv": [16, 0, 0, 16], "texture": "#0"},
				"down": {"uv": [16, 0, 0, 16], "texture": "#0"}
			}
		},
		{
			"from": [3.2, 2.2, 4],
			"to": [3.9, 3.4, 4.4],
			"rotation": {"angle": 0, "axis": "y", "origin": [16, -1.5, 0]},
			"faces": {
				"north": {"uv": [16, 0, 0, 16], "texture": "#0"},
				"east": {"uv": [16, 0, 0, 16], "texture": "#0"},
				"south": {"uv": [16, 0, 0, 16], "texture": "#0"},
				"west": {"uv": [16, 0, 0, 16], "texture": "#0"},
				"up": {"uv": [16, 0, 0, 16], "texture": "#0"},
				"down": {"uv": [16, 0, 0, 16], "texture": "#0"}
			}
		},
		{
			"from": [8.6, 2, 1.9],
			"to": [9.3, 3.2, 2.3],
			"rotation": {"angle": 22.5, "axis": "y", "origin": [16, -1.5, 16]},
			"faces": {
				"north": {"uv": [0, 0, 16, 16], "texture": "#0"},
				"east": {"uv": [0, 0, 16, 16], "texture": "#0"},
				"south": {"uv": [0, 0, 16, 16], "texture": "#0"},
				"west": {"uv": [0, 0, 16, 16], "texture": "#0"},
				"up": {"uv": [16, 16, 0, 0], "texture": "#0"},
				"down": {"uv": [16, 16, 0, 0], "texture": "#0"}
			}
		},
		{
			"from": [9.4, 5.2, 1.6],
			"to": [11.5, 5.8, 6.8],
			"rotation": {"angle": 0, "axis": "y", "origin": [0, 0.3, 0]},
			"faces": {
				"north": {"uv": [0, 0, 16, 16], "texture": "#0"},
				"east": {"uv": [0, 0, 16, 16], "texture": "#0"},
				"south": {"uv": [0, 0, 16, 16], "texture": "#0"},
				"west": {"uv": [0, 0, 16, 16], "texture": "#0"},
				"up": {"uv": [0, 0, 16, 16], "texture": "#0"},
				"down": {"uv": [0, 0, 16, 16], "texture": "#0"}
			}
		},
		{
			"from": [4.4, 3.8, 6.8],
			"to": [5.5, 5.5, 10.1],
			"rotation": {"angle": 0, "axis": "y", "origin": [16, 0.3, 0]},
			"faces": {
				"north": {"uv": [16, 0, 0, 16], "texture": "#0"},
				"east": {"uv": [16, 0, 0, 16], "texture": "#0"},
				"south": {"uv": [16, 0, 0, 16], "texture": "#0"},
				"west": {"uv": [16, 0, 0, 16], "texture": "#0"},
				"up": {"uv": [16, 0, 0, 16], "texture": "#0"},
				"down": {"uv": [16, 0, 0, 16], "texture": "#0"}
			}
		},
		{
			"from": [11.5, 5.4, 2.6],
			"to": [12, 5.6, 6.8],
			"rotation": {"angle": 0, "axis": "y", "origin": [0, 0.3, 0]},
			"faces": {
				"north": {"uv": [0, 0, 16, 16], "texture": "#0"},
				"east": {"uv": [0, 0, 16, 16], "texture": "#0"},
				"south": {"uv": [0, 0, 16, 16], "texture": "#0"},
				"west": {"uv": [0, 0, 16, 16], "texture": "#0"},
				"up": {"uv": [0, 0, 16, 16], "texture": "#0"},
				"down": {"uv": [0, 0, 16, 16], "texture": "#0"}
			}
		},
		{
			"from": [3.8, 3.6, 6.8],
			"to": [4.4, 5.4, 8.8],
			"rotation": {"angle": 0, "axis": "x", "origin": [16, 0.3, 0]},
			"faces": {
				"north": {"uv": [16, 0, 0, 16], "texture": "#0"},
				"east": {"uv": [16, 0, 0, 16], "texture": "#0"},
				"south": {"uv": [16, 0, 0, 16], "texture": "#0"},
				"west": {"uv": [16, 0, 0, 16], "texture": "#0"},
				"up": {"uv": [16, 0, 0, 16], "texture": "#0"},
				"down": {"uv": [16, 0, 0, 16], "texture": "#0"}
			}
		},
		{
			"from": [7.1, 5.3, 3.7],
			"to": [8.9, 6.6, 5.5],
			"rotation": {"angle": 0, "axis": "y", "origin": [16, 0.7, 0]},
			"faces": {
				"north": {"uv": [16, 0, 0, 16], "texture": "#0"},
				"east": {"uv": [16, 0, 0, 16], "texture": "#0"},
				"south": {"uv": [16, 0, 0, 16], "texture": "#0"},
				"west": {"uv": [16, 0, 0, 16], "texture": "#0"},
				"up": {"uv": [16, 0, 0, 16], "texture": "#0"},
				"down": {"uv": [16, 0, 0, 16], "texture": "#0"}
			}
		},
		{
			"from": [6.8, 4, 0.4],
			"to": [8, 6, 1.6],
			"rotation": {"angle": 0, "axis": "y", "origin": [16, -0.4, 1.4]},
			"faces": {
				"north": {"uv": [16, 0, 0, 16], "texture": "#0"},
				"east": {"uv": [16, 0, 0, 16], "texture": "#0"},
				"south": {"uv": [16, 0, 0, 16], "texture": "#0"},
				"west": {"uv": [16, 0, 0, 16], "texture": "#0"},
				"up": {"uv": [16, 0, 0, 16], "texture": "#0"},
				"down": {"uv": [16, 0, 0, 16], "texture": "#0"}
			}
		},
		{
			"from": [8, 4, 0.4],
			"to": [9.2, 6, 1.6],
			"rotation": {"angle": 0, "axis": "y", "origin": [0, -0.4, 1.4]},
			"faces": {
				"north": {"uv": [0, 0, 16, 16], "texture": "#0"},
				"east": {"uv": [0, 0, 16, 16], "texture": "#0"},
				"south": {"uv": [0, 0, 16, 16], "texture": "#0"},
				"west": {"uv": [0, 0, 16, 16], "texture": "#0"},
				"up": {"uv": [0, 0, 16, 16], "texture": "#0"},
				"down": {"uv": [0, 0, 16, 16], "texture": "#0"}
			}
		},
		{
			"from": [6.7, 4.3, 1.2],
			"to": [8, 6.3, 6.6],
			"rotation": {"angle": 0, "axis": "x", "origin": [16, -0.4, 1.4]},
			"faces": {
				"north": {"uv": [16, 0, 0, 16], "texture": "#0"},
				"east": {"uv": [16, 0, 0, 16], "texture": "#0"},
				"south": {"uv": [16, 0, 0, 16], "texture": "#0"},
				"west": {"uv": [16, 0, 0, 16], "texture": "#0"},
				"up": {"uv": [16, 0, 0, 16], "texture": "#0"},
				"down": {"uv": [16, 0, 0, 16], "texture": "#0"}
			}
		}
	],
	"display": {
		"head": {
			"translation": [0, -24.5, 6],
			"scale": [2, 2, 2]
		}
	}
}