{
	"credit": "Made with Blockbench",
	"parent": "64",
	"textures": {
		"0": "minecraft:block/purple_glazed_terracotta",
		"1": "minecraft:block/observer_back_on",
		"2": "minecraft:block/cyan_stained_glass",
		"3": "minecraft:block/blast_furnace_front",
		"particle": "minecraft:block/purple_glazed_terracotta"
	},
	"elements": [
		{
			"from": [5.6904, 5.31632, 3.44648],
			"to": [10.3096, 10.38408, 7.05608],
			"rotation": {"angle": 0, "axis": "y", "origin": [-4.0384, 3.31056, 4.04648]},
			"faces": {
				"north": {"uv": [0, 4.2, 4, 6.2], "texture": "#1"},
				"east": {"uv": [0, 4.2, 4, 6.2], "texture": "#1"},
				"south": {"uv": [0, 4.2, 4, 6.2], "texture": "#1"},
				"west": {"uv": [0, 4.2, 4, 6.2], "texture": "#1"},
				"up": {"uv": [0, 4.2, 4, 6.2], "texture": "#1"},
				"down": {"uv": [0, 4.2, 4, 6.2], "texture": "#1"}
			}
		},
		{
			"from": [4.33608, 5.41728, 3.44648],
			"to": [11.76392, 9.93168, 7.05608],
			"rotation": {"angle": 0, "axis": "y", "origin": [-4.0384, 3.31056, 4.04648]},
			"faces": {
				"north": {"uv": [0, 4.2, 5.8, 6.2], "texture": "#1"},
				"east": {"uv": [0, 4.2, 5.8, 6.2], "texture": "#1"},
				"south": {"uv": [0, 4.2, 5.8, 6.2], "texture": "#1"},
				"west": {"uv": [0, 4.2, 5.8, 6.2], "texture": "#1"},
				"up": {"uv": [0, 4.2, 5.8, 6.2], "texture": "#1"},
				"down": {"uv": [0, 4.2, 5.8, 6.2], "texture": "#1"}
			}
		},
		{
			"from": [4.58656, 5.51728, 0.2864],
			"to": [11.51344, 9.7812, 3.896],
			"rotation": {"angle": 0, "axis": "y", "origin": [-4.0384, 3.31056, 4.04648]},
			"faces": {
				"north": {"uv": [0, 4.2, 5.6, 6.2], "texture": "#1"},
				"east": {"uv": [0, 4.2, 5.6, 6.2], "texture": "#1"},
				"south": {"uv": [0, 4.2, 5.6, 6.2], "texture": "#1"},
				"west": {"uv": [0, 4.2, 5.6, 6.2], "texture": "#1"},
				"up": {"uv": [0, 4.2, 5.6, 6.2], "texture": "#1"},
				"down": {"uv": [0, 4.2, 5.6, 6.2], "texture": "#1"}
			}
		},
		{
			"from": [5.84088, 5.41632, 0.2864],
			"to": [10.15912, 10.2336, 3.896],
			"rotation": {"angle": 0, "axis": "y", "origin": [-4.0384, 3.31056, 4.04648]},
			"faces": {
				"north": {"uv": [0, 4.2, 3.8, 6.2], "texture": "#1"},
				"east": {"uv": [0, 4.2, 3.8, 6.2], "texture": "#1"},
				"south": {"uv": [0, 4.2, 3.8, 6.2], "texture": "#1"},
				"west": {"uv": [0, 4.2, 3.8, 6.2], "texture": "#1"},
				"up": {"uv": [0, 4.2, 3.8, 6.2], "texture": "#1"},
				"down": {"uv": [0, 4.2, 3.8, 6.2], "texture": "#1"}
			}
		},
		{
			"from": [4.73704, 5.61728, -2.87368],
			"to": [11.36296, 9.63072, 0.73592],
			"rotation": {"angle": 0, "axis": "y", "origin": [-4.0384, 3.31056, 4.04648]},
			"faces": {
				"north": {"uv": [0, 4.2, 5.4, 6.2], "texture": "#1"},
				"east": {"uv": [0, 4.2, 5.4, 6.2], "texture": "#1"},
				"south": {"uv": [0, 4.2, 5.4, 6.2], "texture": "#1"},
				"west": {"uv": [0, 4.2, 5.4, 6.2], "texture": "#1"},
				"up": {"uv": [0, 4.2, 5.4, 6.2], "texture": "#1"},
				"down": {"uv": [0, 4.2, 5.4, 6.2], "texture": "#1"}
			}
		},
		{
			"from": [5.99136, 5.51632, -2.87368],
			"to": [10.00864, 10.08312, 0.73592],
			"rotation": {"angle": 0, "axis": "y", "origin": [-4.0384, 3.31056, 4.04648]},
			"faces": {
				"north": {"uv": [0, 4.2, 3.6, 6.2], "texture": "#1"},
				"east": {"uv": [0, 4.2, 3.6, 6.2], "texture": "#1"},
				"south": {"uv": [0, 4.2, 3.6, 6.2], "texture": "#1"},
				"west": {"uv": [0, 4.2, 3.6, 6.2], "texture": "#1"},
				"up": {"uv": [0, 4.2, 3.6, 6.2], "texture": "#1"},
				"down": {"uv": [0, 4.2, 3.6, 6.2], "texture": "#1"}
			}
		},
		{
			"from": [6.24184, 5.61632, -6.03376],
			"to": [9.75816, 9.93264, -2.42416],
			"rotation": {"angle": 0, "axis": "y", "origin": [-4.0384, 3.31056, 4.04648]},
			"faces": {
				"north": {"uv": [0, 4.2, 3.4, 6.2], "texture": "#1"},
				"east": {"uv": [0, 4.2, 3.4, 6.2], "texture": "#1"},
				"south": {"uv": [0, 4.2, 3.4, 6.2], "texture": "#1"},
				"west": {"uv": [0, 4.2, 3.4, 6.2], "texture": "#1"},
				"up": {"uv": [0, 4.2, 3.4, 6.2], "texture": "#1"},
				"down": {"uv": [0, 4.2, 3.4, 6.2], "texture": "#1"}
			}
		},
		{
			"from": [5.138, 6.0192, -9.34432],
			"to": [10.962, 8.97736, -5.73472],
			"rotation": {"angle": 0, "axis": "y", "origin": [-4.0384, 3.31056, 4.04648]},
			"faces": {
				"north": {"uv": [0, 4.2, 5, 6.2], "texture": "#1"},
				"east": {"uv": [0, 4.2, 5, 6.2], "texture": "#1"},
				"south": {"uv": [0, 4.2, 5, 6.2], "texture": "#1"},
				"west": {"uv": [0, 4.2, 5, 6.2], "texture": "#1"},
				"up": {"uv": [0, 4.2, 5, 6.2], "texture": "#1"},
				"down": {"uv": [0, 4.2, 5, 6.2], "texture": "#1"}
			}
		},
		{
			"from": [5.78848, 6.32016, -11.75392],
			"to": [6.5428, 8.57736, -8.14432],
			"rotation": {"angle": 0, "axis": "y", "origin": [-2.78792, 3.31056, 4.64648]},
			"faces": {
				"north": {"uv": [0, 4.2, 0.9, 6.2], "texture": "#1"},
				"east": {"uv": [0, 4.2, 0.9, 6.2], "texture": "#1"},
				"south": {"uv": [0, 4.2, 0.9, 6.2], "texture": "#1"},
				"west": {"uv": [0, 4.2, 0.9, 6.2], "texture": "#1"},
				"up": {"uv": [0, 4.2, 0.9, 6.2], "texture": "#1"},
				"down": {"uv": [0, 4.2, 0.9, 6.2], "texture": "#1"}
			}
		},
		{
			"from": [9.4572, 16.70328, -5.0328],
			"to": [10.21152, 18.20808, -2.87752],
			"rotation": {"angle": -45, "axis": "x", "origin": [18.78792, 3.31056, 4.64648]},
			"faces": {
				"north": {"uv": [0.9, 4.2, 0, 5.3], "texture": "#1"},
				"east": {"uv": [0.9, 4.2, 0, 5.3], "texture": "#1"},
				"south": {"uv": [0.9, 4.2, 0, 5.3], "texture": "#1"},
				"west": {"uv": [0.9, 4.2, 0, 5.3], "texture": "#1"},
				"up": {"uv": [0.9, 4.2, 0, 5.3], "texture": "#1"},
				"down": {"uv": [0.9, 4.2, 0, 5.3], "texture": "#1"}
			}
		},
		{
			"from": [5.78848, 16.70328, -5.0328],
			"to": [6.5428, 18.20808, -2.87752],
			"rotation": {"angle": -45, "axis": "x", "origin": [-2.78792, 3.31056, 4.64648]},
			"faces": {
				"north": {"uv": [0, 4.2, 0.9, 5.3], "texture": "#1"},
				"east": {"uv": [0, 4.2, 0.9, 5.3], "texture": "#1"},
				"south": {"uv": [0, 4.2, 0.9, 5.3], "texture": "#1"},
				"west": {"uv": [0, 4.2, 0.9, 5.3], "texture": "#1"},
				"up": {"uv": [0, 4.2, 0.9, 5.3], "texture": "#1"},
				"down": {"uv": [0, 4.2, 0.9, 5.3], "texture": "#1"}
			}
		},
		{
			"from": [0.5188, 7.07256, -3.628],
			"to": [4.2808, 7.67448, -2.57464],
			"rotation": {"angle": -22.5, "axis": "y", "origin": [-1.7384, 3.31056, 4.04648]},
			"faces": {
				"north": {"uv": [1, 1, 3.4, 2], "texture": "#1"},
				"east": {"uv": [1, 1, 3.4, 2], "texture": "#1"},
				"south": {"uv": [1, 1, 3.4, 2], "texture": "#1"},
				"west": {"uv": [1, 1, 3.4, 2], "texture": "#1"},
				"up": {"uv": [1, 1, 3.4, 2], "texture": "#1"},
				"down": {"uv": [1, 1, 3.4, 2], "texture": "#1"}
			}
		},
		{
			"from": [1.12072, 7.07256, -0.76888],
			"to": [5.18368, 7.67448, 0.28448],
			"rotation": {"angle": -22.5, "axis": "y", "origin": [-1.7384, 3.31056, 4.04648]},
			"faces": {
				"north": {"uv": [1, 1, 3.6, 2], "texture": "#1"},
				"east": {"uv": [1, 1, 3.6, 2], "texture": "#1"},
				"south": {"uv": [1, 1, 3.6, 2], "texture": "#1"},
				"west": {"uv": [1, 1, 3.6, 2], "texture": "#1"},
				"up": {"uv": [1, 1, 3.6, 2], "texture": "#1"},
				"down": {"uv": [1, 1, 3.6, 2], "texture": "#1"}
			}
		},
		{
			"from": [2.0236, 7.07256, 2.24072],
			"to": [6.23704, 7.67448, 3.29408],
			"rotation": {"angle": -22.5, "axis": "y", "origin": [-1.7384, 3.31056, 4.04648]},
			"faces": {
				"north": {"uv": [1, 1, 3.7, 2], "texture": "#1"},
				"east": {"uv": [1, 1, 3.7, 2], "texture": "#1"},
				"south": {"uv": [1, 1, 3.7, 2], "texture": "#1"},
				"west": {"uv": [1, 1, 3.7, 2], "texture": "#1"},
				"up": {"uv": [1, 1, 3.7, 2], "texture": "#1"},
				"down": {"uv": [1, 1, 3.7, 2], "texture": "#1"}
			}
		},
		{
			"from": [4.49136, 5.67448, 7.05608],
			"to": [11.50864, 10.5336, 16.9152],
			"rotation": {"angle": 0, "axis": "y", "origin": [-4.0384, 3.31056, 4.04648]},
			"faces": {
				"north": {"uv": [0, 4.2, 3.6, 6.1], "texture": "#1"},
				"east": {"uv": [0, 4.2, 3.6, 6.1], "texture": "#1"},
				"south": {"uv": [0, 4.2, 3.6, 6.1], "texture": "#1"},
				"west": {"uv": [0, 4.2, 3.6, 6.1], "texture": "#1"},
				"up": {"uv": [0, 4.2, 3.6, 6.1], "texture": "#1"},
				"down": {"uv": [0, 4.2, 3.6, 6.1], "texture": "#1"}
			}
		},
		{
			"from": [4.79232, 10.5336, 7.35704],
			"to": [11.20768, 10.83456, 16.3152],
			"rotation": {"angle": 0, "axis": "y", "origin": [-4.0384, 3.31056, 4.04648]},
			"faces": {
				"north": {"uv": [0, 4.2, 3.2, 5.9], "texture": "#1"},
				"east": {"uv": [0, 4.2, 3.2, 5.9], "texture": "#1"},
				"south": {"uv": [0, 4.2, 3.2, 5.9], "texture": "#1"},
				"west": {"uv": [0, 4.2, 3.2, 5.9], "texture": "#1"},
				"up": {"uv": [0, 4.2, 3.2, 5.9], "texture": "#1"},
				"down": {"uv": [0, 4.2, 3.2, 5.9], "texture": "#1"}
			}
		},
		{
			"from": [5.29136, 4.96584, 7.05608],
			"to": [10.70864, 9.92016, 17.4392],
			"rotation": {"angle": 0, "axis": "y", "origin": [-4.0384, 3.31056, 4.04648]},
			"faces": {
				"north": {"uv": [1.5, 3.1, 4.9, 5.2], "texture": "#1"},
				"east": {"uv": [1.5, 3.1, 4.9, 5.2], "texture": "#1"},
				"south": {"uv": [1.5, 3.1, 4.9, 5.2], "texture": "#1"},
				"west": {"uv": [1.5, 3.1, 4.9, 5.2], "texture": "#1"},
				"up": {"uv": [1.5, 3.1, 4.9, 5.2], "texture": "#1"},
				"down": {"uv": [1.5, 3.1, 4.9, 5.2], "texture": "#1"}
			}
		},
		{
			"from": [5.79136, 5.66584, 17.3392],
			"to": [10.40864, 10.23264, 21.65264],
			"rotation": {"angle": 0, "axis": "y", "origin": [-3.5384, 3.31056, 4.94648]},
			"faces": {
				"north": {"uv": [3, 14.2, 5.4, 16], "texture": "#0"},
				"east": {"uv": [3, 14.2, 5.4, 16], "texture": "#0"},
				"south": {"uv": [3, 14.2, 5.4, 16], "texture": "#0"},
				"west": {"uv": [3, 14.2, 5.4, 16], "texture": "#0"},
				"up": {"uv": [3, 14.2, 5.4, 16], "texture": "#0"},
				"down": {"uv": [3, 14.2, 5.4, 16], "texture": "#0"}
			}
		},
		{
			"from": [5.4904, -4.11536, 17.3392],
			"to": [10.10768, 0.45144, 21.65264],
			"rotation": {"angle": 45, "axis": "z", "origin": [-3.5384, 3.31056, 4.94648]},
			"faces": {
				"north": {"uv": [3, 14.2, 5.4, 16], "texture": "#0"},
				"east": {"uv": [3, 14.2, 5.4, 16], "texture": "#0"},
				"south": {"uv": [3, 14.2, 5.4, 16], "texture": "#0"},
				"west": {"uv": [3, 14.2, 5.4, 16], "texture": "#0"},
				"up": {"uv": [3, 14.2, 5.4, 16], "texture": "#0"},
				"down": {"uv": [3, 14.2, 5.4, 16], "texture": "#0"}
			}
		},
		{
			"from": [5.69136, 1.90096, 20.75168],
			"to": [10.30864, 5.00768, 23.27088],
			"rotation": {"angle": -22.5, "axis": "x", "origin": [-4.0384, 3.31056, 4.04648]},
			"faces": {
				"north": {"uv": [0, 0, 4.2, 0.8], "texture": "#1"},
				"east": {"uv": [0, 0, 4.2, 0.8], "texture": "#1"},
				"south": {"uv": [0, 0, 4.2, 0.8], "texture": "#1"},
				"west": {"uv": [0, 0, 4.2, 0.8], "texture": "#1"},
				"up": {"uv": [0, 0, 4.2, 0.8], "texture": "#1"},
				"down": {"uv": [0, 0, 4.2, 0.8], "texture": "#1"}
			}
		},
		{
			"from": [5.89136, 8.48024, 17.28872],
			"to": [10.10864, 9.98696, 24.91944],
			"rotation": {"angle": 0, "axis": "x", "origin": [-4.0384, 3.31056, 4.04648]},
			"faces": {
				"north": {"uv": [0, 0, 6.6, 0.8], "texture": "#1"},
				"east": {"uv": [0, 0, 6.6, 0.8], "texture": "#1"},
				"south": {"uv": [0, 0, 6.6, 0.8], "texture": "#1"},
				"west": {"uv": [0, 0, 6.6, 0.8], "texture": "#1"},
				"up": {"uv": [0, 0, 6.6, 0.8], "texture": "#1"},
				"down": {"uv": [0, 0, 6.6, 0.8], "texture": "#1"}
			}
		},
		{
			"from": [6.4952, 11.58696, 17.28872],
			"to": [9.65528, 13.94704, 21.30792],
			"rotation": {"angle": 0, "axis": "y", "origin": [-4.0384, 3.31056, 4.04648]},
			"faces": {
				"north": {"uv": [0, 0, 6.6, 0.8], "texture": "#1"},
				"east": {"uv": [0, 0, 6.6, 0.8], "texture": "#1"},
				"south": {"uv": [0, 0, 6.6, 0.8], "texture": "#1"},
				"west": {"uv": [0, 0, 6.6, 0.8], "texture": "#1"},
				"up": {"uv": [0, 0, 6.6, 0.8], "texture": "#1"},
				"down": {"uv": [0, 0, 6.6, 0.8], "texture": "#1"}
			}
		},
		{
			"from": [7.14664, 20.1148, 1.93976],
			"to": [9.00384, 21.77104, 7.95896],
			"rotation": {"angle": 45, "axis": "x", "origin": [-4.0384, 3.31056, 4.04648]},
			"faces": {
				"north": {"uv": [5.9, 10.9, 9.9, 12.2], "texture": "#0"},
				"east": {"uv": [5.9, 10.9, 9.9, 12.2], "texture": "#0"},
				"south": {"uv": [5.9, 10.9, 9.9, 12.2], "texture": "#0"},
				"west": {"uv": [5.9, 10.9, 9.9, 12.2], "texture": "#0"},
				"up": {"uv": [5.9, 10.9, 9.9, 12.2], "texture": "#0"},
				"down": {"uv": [5.9, 10.9, 9.9, 12.2], "texture": "#0"}
			}
		},
		{
			"from": [6.4952, 13.84704, 17.64112],
			"to": [9.65528, 15.10232, 19.59928],
			"rotation": {"angle": 0, "axis": "y", "origin": [-4.0384, 3.31056, 4.04648]},
			"faces": {
				"north": {"uv": [0, 0, 6.6, 0.8], "texture": "#1"},
				"east": {"uv": [0, 0, 6.6, 0.8], "texture": "#1"},
				"south": {"uv": [0, 0, 6.6, 0.8], "texture": "#1"},
				"west": {"uv": [0, 0, 6.6, 0.8], "texture": "#1"},
				"up": {"uv": [0, 0, 6.6, 0.8], "texture": "#1"},
				"down": {"uv": [0, 0, 6.6, 0.8], "texture": "#1"}
			}
		},
		{
			"from": [2.17408, 7.07256, 3.1436],
			"to": [2.776, 7.67448, 4.34744],
			"rotation": {"angle": 0, "axis": "y", "origin": [-1.7384, 1.20384, 8.56088]},
			"faces": {
				"north": {"uv": [1, 1, 1.3, 2.1], "texture": "#1"},
				"east": {"uv": [1, 1, 1.3, 2.1], "texture": "#1"},
				"south": {"uv": [1, 1, 1.3, 2.1], "texture": "#1"},
				"west": {"uv": [1, 1, 1.3, 2.1], "texture": "#1"},
				"up": {"uv": [1, 1, 1.3, 2.1], "texture": "#1"},
				"down": {"uv": [1, 1, 1.3, 2.1], "texture": "#1"}
			}
		},
		{
			"from": [2.47504, 7.07256, 0.134],
			"to": [3.07696, 7.67448, 1.33784],
			"rotation": {"angle": 0, "axis": "y", "origin": [-1.7384, 1.20384, 8.56088]},
			"faces": {
				"north": {"uv": [1, 1, 1.3, 2.1], "texture": "#1"},
				"east": {"uv": [1, 1, 1.3, 2.1], "texture": "#1"},
				"south": {"uv": [1, 1, 1.3, 2.1], "texture": "#1"},
				"west": {"uv": [1, 1, 1.3, 2.1], "texture": "#1"},
				"up": {"uv": [1, 1, 1.3, 2.1], "texture": "#1"},
				"down": {"uv": [1, 1, 1.3, 2.1], "texture": "#1"}
			}
		},
		{
			"from": [3.07696, 7.07256, -2.8756],
			"to": [3.67888, 7.67448, -1.67176],
			"rotation": {"angle": 0, "axis": "y", "origin": [-1.7384, 1.20384, 8.56088]},
			"faces": {
				"north": {"uv": [1, 1, 1.3, 2.1], "texture": "#1"},
				"east": {"uv": [1, 1, 1.3, 2.1], "texture": "#1"},
				"south": {"uv": [1, 1, 1.3, 2.1], "texture": "#1"},
				"west": {"uv": [1, 1, 1.3, 2.1], "texture": "#1"},
				"up": {"uv": [1, 1, 1.3, 2.1], "texture": "#1"},
				"down": {"uv": [1, 1, 1.3, 2.1], "texture": "#1"}
			}
		},
		{
			"from": [6.4952, 10.08216, 12.9248],
			"to": [9.65528, 16.10136, 16.08488],
			"rotation": {"angle": 22.5, "axis": "x", "origin": [-4.0384, 3.31056, 4.04648]},
			"faces": {
				"north": {"uv": [5.9, 10, 10, 10.9], "texture": "#0"},
				"east": {"uv": [5.9, 10, 10, 10.9], "texture": "#0"},
				"south": {"uv": [5.9, 10, 10, 10.9], "texture": "#0"},
				"west": {"uv": [5.9, 10, 10, 10.9], "texture": "#0"},
				"up": {"uv": [5.9, 10, 10, 10.9], "texture": "#0"},
				"down": {"uv": [5.9, 10, 10, 10.9], "texture": "#0"}
			}
		},
		{
			"from": [16.84856, 6.27928, 12.144],
			"to": [17.91536, 7.4812, 13.69832],
			"rotation": {"angle": -22.5, "axis": "x", "origin": [18.93744, 5.41728, 8.7344]},
			"faces": {
				"north": {"uv": [10.3, 11.3, 6, 10.1], "texture": "#0"},
				"east": {"uv": [10.3, 11.3, 6, 10.1], "texture": "#0"},
				"south": {"uv": [10.3, 11.3, 6, 10.1], "texture": "#0"},
				"west": {"uv": [10.3, 11.3, 6, 10.1], "texture": "#0"},
				"up": {"uv": [10.3, 11.3, 6, 10.1], "texture": "#0"},
				"down": {"uv": [10.3, 11.3, 6, 10.1], "texture": "#0"}
			}
		},
		{
			"from": [22.51152, 7.87928, 11.88488],
			"to": [28.07544, 8.4812, 13.88872],
			"rotation": {"angle": -22.5, "axis": "y", "origin": [21.63744, 5.21728, 8.7344]},
			"faces": {
				"north": {"uv": [4, 4.2, 0, 6.2], "texture": "#1"},
				"east": {"uv": [4, 4.2, 0, 6.2], "texture": "#1"},
				"south": {"uv": [4, 4.2, 0, 6.2], "texture": "#1"},
				"west": {"uv": [4, 4.2, 0, 6.2], "texture": "#1"},
				"up": {"uv": [4, 4.2, 0, 6.2], "texture": "#1"},
				"down": {"uv": [4, 4.2, 0, 6.2], "texture": "#1"}
			}
		},
		{
			"from": [6.94664, 19.56336, -1.36888],
			"to": [9.20384, 20.7196, 1.54456],
			"rotation": {"angle": 45, "axis": "x", "origin": [-4.0384, 2.21056, 3.44648]},
			"faces": {
				"north": {"uv": [5.9, 10, 10, 10.9], "texture": "#0"},
				"east": {"uv": [5.9, 10, 10, 10.9], "texture": "#0"},
				"south": {"uv": [5.9, 10, 10, 10.9], "texture": "#0"},
				"west": {"uv": [5.9, 10, 10, 10.9], "texture": "#0"},
				"up": {"uv": [5.9, 10, 10, 10.9], "texture": "#0"},
				"down": {"uv": [5.9, 10, 10, 10.9], "texture": "#0"}
			}
		},
		{
			"from": [6.94664, 16.80712, 10.51904],
			"to": [9.20384, 18.76336, 13.68872],
			"rotation": {"angle": 0, "axis": "x", "origin": [-4.0384, 2.21056, 3.44648]},
			"faces": {
				"north": {"uv": [5.9, 10, 10, 10.9], "texture": "#0"},
				"east": {"uv": [5.9, 10, 10, 10.9], "texture": "#0"},
				"south": {"uv": [5.9, 10, 10, 10.9], "texture": "#0"},
				"west": {"uv": [5.9, 10, 10, 10.9], "texture": "#0"},
				"up": {"uv": [5.9, 10, 10, 10.9], "texture": "#0"},
				"down": {"uv": [5.9, 10, 10, 10.9], "texture": "#0"}
			}
		},
		{
			"from": [6.94664, 18.01096, -3.17464],
			"to": [9.20384, 18.76336, -2.57272],
			"rotation": {"angle": 45, "axis": "x", "origin": [-4.0384, 2.21056, 3.74744]},
			"faces": {
				"north": {"uv": [5.9, 10, 10, 10.9], "texture": "#0"},
				"east": {"uv": [5.9, 10, 10, 10.9], "texture": "#0"},
				"south": {"uv": [5.9, 10, 10, 10.9], "texture": "#0"},
				"west": {"uv": [5.9, 10, 10, 10.9], "texture": "#0"},
				"up": {"uv": [5.9, 10, 10, 10.9], "texture": "#0"},
				"down": {"uv": [5.9, 10, 10, 10.9], "texture": "#0"}
			}
		},
		{
			"from": [7.54856, 17.55952, 4.34936],
			"to": [8.60192, 18.01096, 10.0676],
			"rotation": {"angle": 0, "axis": "y", "origin": [-4.0384, 2.21056, 3.44648]},
			"faces": {
				"north": {"uv": [5.9, 10.9, 9.7, 11.2], "texture": "#0"},
				"east": {"uv": [5.9, 10.9, 9.7, 11.2], "texture": "#0"},
				"south": {"uv": [5.9, 10.9, 9.7, 11.2], "texture": "#0"},
				"west": {"uv": [5.9, 10.9, 9.7, 11.2], "texture": "#0"},
				"up": {"uv": [5.9, 10.9, 9.7, 11.2], "texture": "#0"},
				"down": {"uv": [5.9, 10.9, 9.7, 11.2], "texture": "#0"}
			}
		},
		{
			"from": [6.94664, 16.80712, 10.0676],
			"to": [9.20384, 18.16144, 10.51904],
			"rotation": {"angle": 0, "axis": "y", "origin": [-4.0384, 2.21056, 3.74744]},
			"faces": {
				"north": {"uv": [5.9, 10, 10, 10.9], "texture": "#0"},
				"east": {"uv": [5.9, 10, 10, 10.9], "texture": "#0"},
				"south": {"uv": [5.9, 10, 10, 10.9], "texture": "#0"},
				"west": {"uv": [5.9, 10, 10, 10.9], "texture": "#0"},
				"up": {"uv": [5.9, 10, 10, 10.9], "texture": "#0"},
				"down": {"uv": [5.9, 10, 10, 10.9], "texture": "#0"}
			}
		},
		{
			"from": [15.82496, 4.46776, 4.94936],
			"to": [16.12592, 5.06968, 10.96856],
			"rotation": {"angle": 45, "axis": "z", "origin": [-4.0384, 2.21056, 4.04648]},
			"faces": {
				"north": {"uv": [5.9, 10.9, 9.9, 11.3], "texture": "#0"},
				"east": {"uv": [5.9, 10.9, 9.9, 11.3], "texture": "#0"},
				"south": {"uv": [5.9, 10.9, 9.9, 11.3], "texture": "#0"},
				"west": {"uv": [5.9, 10.9, 9.9, 11.3], "texture": "#0"},
				"up": {"uv": [5.9, 10.9, 9.9, 11.3], "texture": "#0"},
				"down": {"uv": [5.9, 10.9, 9.9, 11.3], "texture": "#0"}
			}
		},
		{
			"from": [15.37352, 4.9192, 4.94936],
			"to": [15.97544, 5.22016, 10.96856],
			"rotation": {"angle": 45, "axis": "z", "origin": [-4.0384, 2.21056, 4.04648]},
			"faces": {
				"north": {"uv": [5.9, 10.9, 9.9, 11.1], "texture": "#0"},
				"east": {"uv": [5.9, 10.9, 9.9, 11.1], "texture": "#0"},
				"south": {"uv": [5.9, 10.9, 9.9, 11.1], "texture": "#0"},
				"west": {"uv": [5.9, 10.9, 9.9, 11.1], "texture": "#0"},
				"up": {"uv": [5.9, 10.9, 9.9, 11.1], "texture": "#0"},
				"down": {"uv": [5.9, 10.9, 9.9, 11.1], "texture": "#0"}
			}
		},
		{
			"from": [7.84952, 17.25856, 4.34936],
			"to": [8.30096, 18.4624, 10.36856],
			"rotation": {"angle": 0, "axis": "y", "origin": [-4.0384, 2.21056, 3.44648]},
			"faces": {
				"north": {"uv": [5.9, 10.9, 9.9, 11.7], "texture": "#0"},
				"east": {"uv": [5.9, 10.9, 9.9, 11.7], "texture": "#0"},
				"south": {"uv": [5.9, 10.9, 9.9, 11.7], "texture": "#0"},
				"west": {"uv": [5.9, 10.9, 9.9, 11.7], "texture": "#0"},
				"up": {"uv": [5.9, 10.9, 9.9, 11.7], "texture": "#0"},
				"down": {"uv": [5.9, 10.9, 9.9, 11.7], "texture": "#0"}
			}
		},
		{
			"from": [5.59232, 26.43784, 4.94936],
			"to": [6.19424, 26.7388, 10.6676],
			"rotation": {"angle": -45, "axis": "z", "origin": [-4.0384, 19.66624, 4.04648]},
			"faces": {
				"north": {"uv": [5.9, 11.1, 9.7, 11.3], "texture": "#0"},
				"east": {"uv": [5.9, 11.1, 9.7, 11.3], "texture": "#0"},
				"south": {"uv": [5.9, 11.1, 9.7, 11.3], "texture": "#0"},
				"west": {"uv": [5.9, 11.1, 9.7, 11.3], "texture": "#0"},
				"up": {"uv": [5.9, 11.1, 9.7, 11.3], "texture": "#0"},
				"down": {"uv": [5.9, 11.1, 9.7, 11.3], "texture": "#0"}
			}
		},
		{
			"from": [6.04376, 26.58832, 4.94936],
			"to": [6.34472, 27.19024, 10.6676],
			"rotation": {"angle": -45, "axis": "z", "origin": [-4.0384, 19.66624, 4.04648]},
			"faces": {
				"north": {"uv": [5.9, 11.3, 9.7, 11.7], "texture": "#0"},
				"east": {"uv": [5.9, 11.3, 9.7, 11.7], "texture": "#0"},
				"south": {"uv": [5.9, 11.3, 9.7, 11.7], "texture": "#0"},
				"west": {"uv": [5.9, 11.3, 9.7, 11.7], "texture": "#0"},
				"up": {"uv": [5.9, 11.3, 9.7, 11.7], "texture": "#0"},
				"down": {"uv": [5.9, 11.3, 9.7, 11.7], "texture": "#0"}
			}
		},
		{
			"from": [6.94664, 16.80712, 8.86376],
			"to": [9.20384, 17.25856, 10.0676],
			"rotation": {"angle": 0, "axis": "y", "origin": [-4.0384, 2.21056, 3.74744]},
			"faces": {
				"north": {"uv": [5.9, 10, 10, 10.9], "texture": "#0"},
				"east": {"uv": [5.9, 10, 10, 10.9], "texture": "#0"},
				"south": {"uv": [5.9, 10, 10, 10.9], "texture": "#0"},
				"west": {"uv": [5.9, 10, 10, 10.9], "texture": "#0"},
				"up": {"uv": [5.9, 10, 10, 10.9], "texture": "#0"},
				"down": {"uv": [5.9, 10, 10, 10.9], "texture": "#0"}
			}
		},
		{
			"from": [7.69904, 14.85088, 8.41232],
			"to": [8.30096, 16.2052, 10.66952],
			"rotation": {"angle": 0, "axis": "z", "origin": [12.06296, 12.74416, 7.96088]},
			"faces": {
				"north": {"uv": [2, 1, 1.9, 2.5], "rotation": 270, "texture": "#1"},
				"east": {"uv": [2, 1, 1.9, 2.5], "rotation": 270, "texture": "#1"},
				"south": {"uv": [2, 1, 1.9, 2.5], "rotation": 270, "texture": "#1"},
				"west": {"uv": [2, 1, 1.9, 2.5], "rotation": 270, "texture": "#1"},
				"up": {"uv": [2, 1, 1.9, 2.5], "rotation": 270, "texture": "#1"},
				"down": {"uv": [2, 1, 1.9, 2.5], "rotation": 270, "texture": "#1"}
			}
		},
		{
			"from": [7.69904, 15.60328, 6.00464],
			"to": [8.30096, 16.2052, 7.20848],
			"rotation": {"angle": 0, "axis": "z", "origin": [12.06296, 12.74416, 7.96088]},
			"faces": {
				"north": {"uv": [2, 1, 1.4, 1.8], "rotation": 270, "texture": "#1"},
				"east": {"uv": [2, 1, 1.4, 1.8], "rotation": 270, "texture": "#1"},
				"south": {"uv": [2, 1, 1.4, 1.8], "rotation": 270, "texture": "#1"},
				"west": {"uv": [2, 1, 1.4, 1.8], "rotation": 270, "texture": "#1"},
				"up": {"uv": [2, 1, 1.4, 1.8], "rotation": 270, "texture": "#1"},
				"down": {"uv": [2, 1, 1.4, 1.8], "rotation": 270, "texture": "#1"}
			}
		},
		{
			"from": [7.69904, 15.15184, 7.20848],
			"to": [8.30096, 16.2052, 8.41232],
			"rotation": {"angle": 0, "axis": "z", "origin": [12.06296, 12.74416, 7.96088]},
			"faces": {
				"north": {"uv": [2, 1, 1.7, 1.8], "rotation": 270, "texture": "#1"},
				"east": {"uv": [2, 1, 1.7, 1.8], "rotation": 270, "texture": "#1"},
				"south": {"uv": [2, 1, 1.7, 1.8], "rotation": 270, "texture": "#1"},
				"west": {"uv": [2, 1, 1.7, 1.8], "rotation": 270, "texture": "#1"},
				"up": {"uv": [2, 1, 1.7, 1.8], "rotation": 270, "texture": "#1"},
				"down": {"uv": [2, 1, 1.7, 1.8], "rotation": 270, "texture": "#1"}
			}
		},
		{
			"from": [7.69904, 15.15184, 10.51904],
			"to": [8.30096, 15.75376, 11.72288],
			"rotation": {"angle": 0, "axis": "z", "origin": [12.36392, 12.74416, 7.96088]},
			"faces": {
				"north": {"uv": [2, 1, 1.4, 1.8], "rotation": 270, "texture": "#1"},
				"east": {"uv": [2, 1, 1.4, 1.8], "rotation": 270, "texture": "#1"},
				"south": {"uv": [2, 1, 1.4, 1.8], "rotation": 270, "texture": "#1"},
				"west": {"uv": [2, 1, 1.4, 1.8], "rotation": 270, "texture": "#1"},
				"up": {"uv": [2, 1, 1.4, 1.8], "rotation": 270, "texture": "#1"},
				"down": {"uv": [2, 1, 1.4, 1.8], "rotation": 270, "texture": "#1"}
			}
		},
		{
			"from": [7.69904, 16.50616, 8.11136],
			"to": [8.30096, 18.16144, 9.3152],
			"rotation": {"angle": 22.5, "axis": "x", "origin": [12.06296, 12.74416, 7.96088]},
			"faces": {
				"north": {"uv": [5.9, 10, 10, 10.9], "texture": "#0"},
				"east": {"uv": [5.9, 10, 10, 10.9], "texture": "#0"},
				"south": {"uv": [5.9, 10, 10, 10.9], "texture": "#0"},
				"west": {"uv": [5.9, 10, 10, 10.9], "texture": "#0"},
				"up": {"uv": [5.9, 10, 10, 10.9], "texture": "#0"},
				"down": {"uv": [5.9, 10, 10, 10.9], "texture": "#0"}
			}
		},
		{
			"from": [5.29136, 7.07256, -6.03568],
			"to": [10.70864, 8.42688, 4.34744],
			"rotation": {"angle": 0, "axis": "y", "origin": [-4.0384, 3.31056, 4.04648]},
			"faces": {
				"north": {"uv": [0, 0, 3.6, 6.9], "texture": "#1"},
				"east": {"uv": [0, 0, 3.6, 6.9], "texture": "#1"},
				"south": {"uv": [0, 0, 3.6, 6.9], "texture": "#1"},
				"west": {"uv": [0, 0, 3.6, 6.9], "texture": "#1"},
				"up": {"uv": [0, 0, 3.6, 6.9], "texture": "#1"},
				"down": {"uv": [0, 0, 3.6, 6.9], "texture": "#1"}
			}
		},
		{
			"from": [7.04664, 16.80712, 13.61904],
			"to": [9.10384, 18.26336, 15.88872],
			"rotation": {"angle": 0, "axis": "y", "origin": [-4.0384, 2.21056, 3.44648]},
			"faces": {
				"north": {"uv": [5.9, 10.9, 10, 12.2], "texture": "#0"},
				"east": {"uv": [5.9, 10.9, 10, 12.2], "texture": "#0"},
				"south": {"uv": [5.9, 10.9, 10, 12.2], "texture": "#0"},
				"west": {"uv": [5.9, 10.9, 10, 12.2], "texture": "#0"},
				"up": {"uv": [5.9, 10.9, 10, 12.2], "texture": "#0"},
				"down": {"uv": [5.9, 10.9, 10, 12.2], "texture": "#0"}
			}
		},
		{
			"from": [5.39136, 9.58024, 13.98872],
			"to": [10.60864, 12.88696, 20.01944],
			"rotation": {"angle": 0, "axis": "y", "origin": [-4.0384, 3.31056, 4.04648]},
			"faces": {
				"north": {"uv": [0, 0, 6.6, 0.8], "texture": "#1"},
				"east": {"uv": [0, 0, 6.6, 0.8], "texture": "#1"},
				"south": {"uv": [0, 0, 6.6, 0.8], "texture": "#1"},
				"west": {"uv": [0, 0, 6.6, 0.8], "texture": "#1"},
				"up": {"uv": [0, 0, 6.6, 0.8], "texture": "#1"},
				"down": {"uv": [0, 0, 6.6, 0.8], "texture": "#1"}
			}
		},
		{
			"from": [5.09232, 5.6336, 10.55704],
			"to": [10.90768, 8.63456, 17.2152],
			"rotation": {"angle": -22.5, "axis": "x", "origin": [-4.0384, 3.31056, 4.04648]},
			"faces": {
				"north": {"uv": [0, 4.2, 3.2, 5.9], "texture": "#1"},
				"east": {"uv": [0, 4.2, 3.2, 5.9], "texture": "#1"},
				"south": {"uv": [0, 4.2, 3.2, 5.9], "texture": "#1"},
				"west": {"uv": [0, 4.2, 3.2, 5.9], "texture": "#1"},
				"up": {"uv": [0, 4.2, 3.2, 5.9], "texture": "#1"},
				"down": {"uv": [0, 4.2, 3.2, 5.9], "texture": "#1"}
			}
		},
		{
			"from": [5.89232, 9.7336, 10.15704],
			"to": [10.10768, 12.73456, 13.6152],
			"rotation": {"angle": 0, "axis": "x", "origin": [-4.0384, 3.31056, 4.04648]},
			"faces": {
				"north": {"uv": [0, 0, 16, 16], "texture": "#2"},
				"east": {"uv": [0, 0, 16, 16], "texture": "#2"},
				"south": {"uv": [0, 0, 16, 16], "texture": "#2"},
				"west": {"uv": [0, 0, 16, 16], "texture": "#2"},
				"up": {"uv": [0, 0, 16, 16], "texture": "#2"},
				"down": {"uv": [0, 0, 16, 16], "texture": "#2"}
			}
		},
		{
			"from": [6.19232, 6.4336, 9.85704],
			"to": [9.80768, 9.43456, 13.3152],
			"rotation": {"angle": -22.5, "axis": "x", "origin": [-4.0384, 3.31056, 4.04648]},
			"faces": {
				"north": {"uv": [0, 0, 16, 16], "texture": "#2"},
				"east": {"uv": [0, 0, 16, 16], "texture": "#2"},
				"south": {"uv": [0, 0, 16, 16], "texture": "#2"},
				"west": {"uv": [0, 0, 16, 16], "texture": "#2"},
				"up": {"uv": [0, 0, 16, 16], "texture": "#2"},
				"down": {"uv": [0, 0, 16, 16], "texture": "#2"}
			}
		},
		{
			"from": [1.48464, 7.47928, 9.844],
			"to": [4.45144, 9.3812, 14.59832],
			"rotation": {"angle": 0, "axis": "y", "origin": [-5.63744, 5.41728, 8.7344]},
			"faces": {
				"north": {"uv": [5.2, 11.9, 12, 7.2], "texture": "#3"},
				"east": {"uv": [5.2, 12.2, 12, 6.9], "texture": "#3"},
				"south": {"uv": [5.2, 12.2, 12, 6.9], "texture": "#3"},
				"west": {"uv": [5.2, 12.2, 12, 6.9], "texture": "#3"},
				"up": {"uv": [0, 4.2, 4, 6.2], "texture": "#1"},
				"down": {"uv": [0, 4.2, 4, 6.2], "texture": "#1"}
			}
		},
		{
			"from": [-0.17544, 7.67928, 6.98488],
			"to": [1.58848, 9.1812, 11.58872],
			"rotation": {"angle": -22.5, "axis": "y", "origin": [-5.63744, 5.41728, 8.7344]},
			"faces": {
				"north": {"uv": [5.3, 7.2, 11.9, 12], "texture": "#3"},
				"east": {"uv": [0, 4.2, 4, 6.2], "texture": "#1"},
				"south": {"uv": [0, 4.2, 4, 6.2], "texture": "#1"},
				"west": {"uv": [0, 4.2, 4, 6.2], "texture": "#1"},
				"up": {"uv": [0, 4.2, 4, 6.2], "texture": "#1"},
				"down": {"uv": [0, 4.2, 4, 6.2], "texture": "#1"}
			}
		},
		{
			"from": [-4.57544, 7.97928, 11.38488],
			"to": [-0.51152, 8.5812, 15.88872],
			"rotation": {"angle": 22.5, "axis": "y", "origin": [-5.63744, 5.41728, 8.7344]},
			"faces": {
				"north": {"uv": [0, 4.2, 4, 6.2], "texture": "#1"},
				"east": {"uv": [0, 4.2, 4, 6.2], "texture": "#1"},
				"south": {"uv": [0, 4.2, 4, 6.2], "texture": "#1"},
				"west": {"uv": [0, 4.2, 4, 6.2], "texture": "#1"},
				"up": {"uv": [0, 4.2, 4, 6.2], "texture": "#1"},
				"down": {"uv": [0, 4.2, 4, 6.2], "texture": "#1"}
			}
		},
		{
			"from": [24.48792, 7.87928, 12.1964],
			"to": [26.39176, 8.4812, 20.16032],
			"rotation": {"angle": 0, "axis": "y", "origin": [20.13744, 5.21728, 8.7344]},
			"faces": {
				"north": {"uv": [4, 4.2, 0, 6.2], "texture": "#1"},
				"east": {"uv": [4, 4.2, 0, 6.2], "texture": "#1"},
				"south": {"uv": [4, 4.2, 0, 6.2], "texture": "#1"},
				"west": {"uv": [4, 4.2, 0, 6.2], "texture": "#1"},
				"up": {"uv": [4, 4.2, 0, 6.2], "texture": "#1"},
				"down": {"uv": [4, 4.2, 0, 6.2], "texture": "#1"}
			}
		},
		{
			"from": [-6.11536, 8.07928, 9.944],
			"to": [-1.74856, 8.6812, 14.09832],
			"rotation": {"angle": 0, "axis": "y", "origin": [-5.63744, 5.41728, 8.7344]},
			"faces": {
				"north": {"uv": [0, 4.2, 4, 6.2], "texture": "#1"},
				"east": {"uv": [0, 4.2, 4, 6.2], "texture": "#1"},
				"south": {"uv": [0, 4.2, 4, 6.2], "texture": "#1"},
				"west": {"uv": [0, 4.2, 4, 6.2], "texture": "#1"},
				"up": {"uv": [0, 4.2, 4, 6.2], "texture": "#1"},
				"down": {"uv": [0, 4.2, 4, 6.2], "texture": "#1"}
			}
		},
		{
			"from": [16.04856, -2.22072, 5.244],
			"to": [16.81536, -1.5188, 6.444],
			"rotation": {"angle": -45, "axis": "z", "origin": [21.63744, 5.41728, 8.7344]},
			"faces": {
				"north": {"uv": [4.1, 13.1, 1, 15.2], "texture": "#1"},
				"east": {"uv": [4.1, 13.1, 1, 15.2], "texture": "#1"},
				"south": {"uv": [4.1, 13.1, 1, 15.2], "texture": "#1"},
				"west": {"uv": [4.1, 13.1, 1, 15.2], "texture": "#1"},
				"up": {"uv": [4.1, 13.1, 1, 15.2], "texture": "#1"},
				"down": {"uv": [4.1, 13.1, 1, 15.2], "texture": "#1"}
			}
		},
		{
			"from": [-8.77544, 7.87928, 10.28488],
			"to": [-4.01152, 8.4812, 14.48872],
			"rotation": {"angle": -22.5, "axis": "y", "origin": [-4.13744, 5.21728, 8.7344]},
			"faces": {
				"north": {"uv": [0, 4.2, 4, 6.2], "texture": "#1"},
				"east": {"uv": [0, 4.2, 4, 6.2], "texture": "#1"},
				"south": {"uv": [0, 4.2, 4, 6.2], "texture": "#1"},
				"west": {"uv": [0, 4.2, 4, 6.2], "texture": "#1"},
				"up": {"uv": [0, 4.2, 4, 6.2], "texture": "#1"},
				"down": {"uv": [0, 4.2, 4, 6.2], "texture": "#1"}
			}
		},
		{
			"from": [20.01152, 7.97928, 9.98488],
			"to": [24.97544, 8.3812, 10.28488],
			"rotation": {"angle": 22.5, "axis": "y", "origin": [20.13744, 5.21728, 8.7344]},
			"faces": {
				"north": {"uv": [5, 1.2, 1, 1.8], "texture": "#1"},
				"east": {"uv": [5, 1.2, 1, 1.8], "texture": "#1"},
				"south": {"uv": [5, 1.2, 1, 1.8], "texture": "#1"},
				"west": {"uv": [5, 1.2, 1, 1.8], "texture": "#1"},
				"up": {"uv": [5, 1.2, 1, 1.8], "texture": "#1"},
				"down": {"uv": [5, 1.2, 1, 1.8], "texture": "#1"}
			}
		},
		{
			"from": [-10.59176, 7.57928, 3.0964],
			"to": [-9.28792, 8.1812, 9.26032],
			"rotation": {"angle": 22.5, "axis": "y", "origin": [-4.13744, 5.11728, 8.7344]},
			"faces": {
				"north": {"uv": [0, 4.2, 4, 6.2], "texture": "#1"},
				"east": {"uv": [0, 4.2, 4, 6.2], "texture": "#1"},
				"south": {"uv": [0, 4.2, 4, 6.2], "texture": "#1"},
				"west": {"uv": [0, 4.2, 4, 6.2], "texture": "#1"},
				"up": {"uv": [0, 4.2, 4, 6.2], "texture": "#1"},
				"down": {"uv": [0, 4.2, 4, 6.2], "texture": "#1"}
			}
		},
		{
			"from": [19.61152, 7.77928, 23.58488],
			"to": [21.77544, 8.3812, 26.38872],
			"rotation": {"angle": 22.5, "axis": "y", "origin": [20.13744, 5.11728, 8.7344]},
			"faces": {
				"north": {"uv": [4, 4.2, 0, 6.2], "texture": "#1"},
				"east": {"uv": [4, 4.2, 0, 6.2], "texture": "#1"},
				"south": {"uv": [4, 4.2, 0, 6.2], "texture": "#1"},
				"west": {"uv": [4, 4.2, 0, 6.2], "texture": "#1"},
				"up": {"uv": [4, 4.2, 0, 6.2], "texture": "#1"},
				"down": {"uv": [4, 4.2, 0, 6.2], "texture": "#1"}
			}
		},
		{
			"from": [-12.59176, 7.57928, 8.2964],
			"to": [-8.98792, 8.1812, 22.76032],
			"rotation": {"angle": 0, "axis": "y", "origin": [-4.13744, 5.31728, 8.7344]},
			"faces": {
				"north": {"uv": [0, 4.2, 4, 6.2], "texture": "#1"},
				"east": {"uv": [0, 4.2, 4, 6.2], "texture": "#1"},
				"south": {"uv": [0, 4.2, 4, 6.2], "texture": "#1"},
				"west": {"uv": [0, 4.2, 4, 6.2], "texture": "#1"},
				"up": {"uv": [0, 4.2, 4, 6.2], "texture": "#1"},
				"down": {"uv": [0, 4.2, 4, 6.2], "texture": "#1"}
			}
		},
		{
			"from": [25.08792, 7.67928, 2.7964],
			"to": [26.59176, 8.0812, 6.0964],
			"rotation": {"angle": -22.5, "axis": "y", "origin": [20.13744, 5.01728, 8.7344]},
			"faces": {
				"north": {"uv": [5, 1.2, 1, 1.8], "texture": "#1"},
				"east": {"uv": [5, 1.2, 1, 1.8], "texture": "#1"},
				"south": {"uv": [5, 1.2, 1, 1.8], "texture": "#1"},
				"west": {"uv": [5, 1.2, 1, 1.8], "texture": "#1"},
				"up": {"uv": [5, 1.2, 1, 1.8], "texture": "#1"},
				"down": {"uv": [5, 1.2, 1, 1.8], "texture": "#1"}
			}
		},
		{
			"from": [-1.07544, 7.77928, 18.88488],
			"to": [2.38848, 8.3812, 23.68872],
			"rotation": {"angle": -45, "axis": "y", "origin": [-4.13744, 5.11728, 8.7344]},
			"faces": {
				"north": {"uv": [0, 4.2, 4, 6.2], "texture": "#1"},
				"east": {"uv": [0, 4.2, 4, 6.2], "texture": "#1"},
				"south": {"uv": [0, 4.2, 4, 6.2], "texture": "#1"},
				"west": {"uv": [0, 4.2, 4, 6.2], "texture": "#1"},
				"up": {"uv": [0, 4.2, 4, 6.2], "texture": "#1"},
				"down": {"uv": [0, 4.2, 4, 6.2], "texture": "#1"}
			}
		},
		{
			"from": [-10.39176, 7.87928, 12.1964],
			"to": [-8.48792, 8.4812, 20.16032],
			"rotation": {"angle": 0, "axis": "y", "origin": [-4.13744, 5.21728, 8.7344]},
			"faces": {
				"north": {"uv": [0, 4.2, 4, 6.2], "texture": "#1"},
				"east": {"uv": [0, 4.2, 4, 6.2], "texture": "#1"},
				"south": {"uv": [0, 4.2, 4, 6.2], "texture": "#1"},
				"west": {"uv": [0, 4.2, 4, 6.2], "texture": "#1"},
				"up": {"uv": [0, 4.2, 4, 6.2], "texture": "#1"},
				"down": {"uv": [0, 4.2, 4, 6.2], "texture": "#1"}
			}
		},
		{
			"from": [27.58792, 7.57928, 25.46032],
			"to": [28.59176, 8.1812, 26.96032],
			"rotation": {"angle": 0, "axis": "y", "origin": [20.13744, 5.31728, 8.7344]},
			"faces": {
				"north": {"uv": [4, 4.2, 0, 6.2], "texture": "#1"},
				"east": {"uv": [4, 4.2, 0, 6.2], "texture": "#1"},
				"south": {"uv": [4, 4.2, 0, 6.2], "texture": "#1"},
				"west": {"uv": [4, 4.2, 0, 6.2], "texture": "#1"},
				"up": {"uv": [4, 4.2, 0, 6.2], "texture": "#1"},
				"down": {"uv": [4, 4.2, 0, 6.2], "texture": "#1"}
			}
		},
		{
			"from": [-12.07544, 7.87928, 11.88488],
			"to": [-6.51152, 8.4812, 13.88872],
			"rotation": {"angle": 22.5, "axis": "y", "origin": [-5.63744, 5.21728, 8.7344]},
			"faces": {
				"north": {"uv": [0, 4.2, 4, 6.2], "texture": "#1"},
				"east": {"uv": [0, 4.2, 4, 6.2], "texture": "#1"},
				"south": {"uv": [0, 4.2, 4, 6.2], "texture": "#1"},
				"west": {"uv": [0, 4.2, 4, 6.2], "texture": "#1"},
				"up": {"uv": [0, 4.2, 4, 6.2], "texture": "#1"},
				"down": {"uv": [0, 4.2, 4, 6.2], "texture": "#1"}
			}
		},
		{
			"from": [20.71152, 8.17928, 13.28488],
			"to": [24.07544, 8.7812, 16.68872],
			"rotation": {"angle": -45, "axis": "y", "origin": [21.63744, 5.41728, 8.7344]},
			"faces": {
				"north": {"uv": [4, 4.2, 0, 6.2], "texture": "#1"},
				"east": {"uv": [4, 4.2, 0, 6.2], "texture": "#1"},
				"south": {"uv": [4, 4.2, 0, 6.2], "texture": "#1"},
				"west": {"uv": [4, 4.2, 0, 6.2], "texture": "#1"},
				"up": {"uv": [4, 4.2, 0, 6.2], "texture": "#1"},
				"down": {"uv": [4, 4.2, 0, 6.2], "texture": "#1"}
			}
		},
		{
			"from": [-5.77544, 7.77928, 23.58488],
			"to": [-3.61152, 8.3812, 26.38872],
			"rotation": {"angle": -22.5, "axis": "y", "origin": [-4.13744, 5.11728, 8.7344]},
			"faces": {
				"north": {"uv": [0, 4.2, 4, 6.2], "texture": "#1"},
				"east": {"uv": [0, 4.2, 4, 6.2], "texture": "#1"},
				"south": {"uv": [0, 4.2, 4, 6.2], "texture": "#1"},
				"west": {"uv": [0, 4.2, 4, 6.2], "texture": "#1"},
				"up": {"uv": [0, 4.2, 4, 6.2], "texture": "#1"},
				"down": {"uv": [0, 4.2, 4, 6.2], "texture": "#1"}
			}
		},
		{
			"from": [17.71152, 7.77928, 13.68488],
			"to": [19.47544, 8.3812, 17.48872],
			"rotation": {"angle": 45, "axis": "y", "origin": [20.13744, 5.11728, 8.7344]},
			"faces": {
				"north": {"uv": [4, 4.2, 0, 6.2], "texture": "#1"},
				"east": {"uv": [4, 4.2, 0, 6.2], "texture": "#1"},
				"south": {"uv": [4, 4.2, 0, 6.2], "texture": "#1"},
				"west": {"uv": [4, 4.2, 0, 6.2], "texture": "#1"},
				"up": {"uv": [4, 4.2, 0, 6.2], "texture": "#1"},
				"down": {"uv": [4, 4.2, 0, 6.2], "texture": "#1"}
			}
		},
		{
			"from": [-12.59176, 7.57928, 22.76032],
			"to": [-10.88792, 8.1812, 25.96032],
			"rotation": {"angle": 0, "axis": "y", "origin": [-4.13744, 5.31728, 8.7344]},
			"faces": {
				"north": {"uv": [0, 4.2, 4, 6.2], "texture": "#1"},
				"east": {"uv": [0, 4.2, 4, 6.2], "texture": "#1"},
				"south": {"uv": [0, 4.2, 4, 6.2], "texture": "#1"},
				"west": {"uv": [0, 4.2, 4, 6.2], "texture": "#1"},
				"up": {"uv": [0, 4.2, 4, 6.2], "texture": "#1"},
				"down": {"uv": [0, 4.2, 4, 6.2], "texture": "#1"}
			}
		},
		{
			"from": [27.88792, 7.67928, 3.7964],
			"to": [28.59176, 8.0812, 4.7964],
			"rotation": {"angle": 0, "axis": "y", "origin": [20.13744, 5.31728, 8.7344]},
			"faces": {
				"north": {"uv": [5, 1.2, 1, 1.8], "texture": "#1"},
				"east": {"uv": [5, 1.2, 1, 1.8], "texture": "#1"},
				"south": {"uv": [5, 1.2, 1, 1.8], "texture": "#1"},
				"west": {"uv": [5, 1.2, 1, 1.8], "texture": "#1"},
				"up": {"uv": [5, 1.2, 1, 1.8], "texture": "#1"},
				"down": {"uv": [5, 1.2, 1, 1.8], "texture": "#1"}
			}
		},
		{
			"from": [-12.59176, 7.57928, 26.46032],
			"to": [-11.88792, 8.1812, 28.96032],
			"rotation": {"angle": 0, "axis": "y", "origin": [-4.13744, 5.31728, 8.7344]},
			"faces": {
				"north": {"uv": [0, 4.2, 4, 6.2], "texture": "#1"},
				"east": {"uv": [0, 4.2, 4, 6.2], "texture": "#1"},
				"south": {"uv": [0, 4.2, 4, 6.2], "texture": "#1"},
				"west": {"uv": [0, 4.2, 4, 6.2], "texture": "#1"},
				"up": {"uv": [0, 4.2, 4, 6.2], "texture": "#1"},
				"down": {"uv": [0, 4.2, 4, 6.2], "texture": "#1"}
			}
		},
		{
			"from": [26.88792, 7.57928, 22.76032],
			"to": [28.59176, 8.1812, 25.96032],
			"rotation": {"angle": 0, "axis": "y", "origin": [20.13744, 5.31728, 8.7344]},
			"faces": {
				"north": {"uv": [4, 4.2, 0, 6.2], "texture": "#1"},
				"east": {"uv": [4, 4.2, 0, 6.2], "texture": "#1"},
				"south": {"uv": [4, 4.2, 0, 6.2], "texture": "#1"},
				"west": {"uv": [4, 4.2, 0, 6.2], "texture": "#1"},
				"up": {"uv": [4, 4.2, 0, 6.2], "texture": "#1"},
				"down": {"uv": [4, 4.2, 0, 6.2], "texture": "#1"}
			}
		},
		{
			"from": [-12.59176, 7.57928, 25.46032],
			"to": [-11.58792, 8.1812, 26.96032],
			"rotation": {"angle": 0, "axis": "y", "origin": [-4.13744, 5.31728, 8.7344]},
			"faces": {
				"north": {"uv": [0, 4.2, 4, 6.2], "texture": "#1"},
				"east": {"uv": [0, 4.2, 4, 6.2], "texture": "#1"},
				"south": {"uv": [0, 4.2, 4, 6.2], "texture": "#1"},
				"west": {"uv": [0, 4.2, 4, 6.2], "texture": "#1"},
				"up": {"uv": [0, 4.2, 4, 6.2], "texture": "#1"},
				"down": {"uv": [0, 4.2, 4, 6.2], "texture": "#1"}
			}
		},
		{
			"from": [27.88792, 7.57928, 26.46032],
			"to": [28.59176, 8.1812, 28.96032],
			"rotation": {"angle": 0, "axis": "y", "origin": [20.13744, 5.31728, 8.7344]},
			"faces": {
				"north": {"uv": [4, 4.2, 0, 6.2], "texture": "#1"},
				"east": {"uv": [4, 4.2, 0, 6.2], "texture": "#1"},
				"south": {"uv": [4, 4.2, 0, 6.2], "texture": "#1"},
				"west": {"uv": [4, 4.2, 0, 6.2], "texture": "#1"},
				"up": {"uv": [4, 4.2, 0, 6.2], "texture": "#1"},
				"down": {"uv": [4, 4.2, 0, 6.2], "texture": "#1"}
			}
		},
		{
			"from": [-12.59176, 7.57928, 7.3964],
			"to": [-10.68792, 8.1812, 8.2964],
			"rotation": {"angle": 0, "axis": "y", "origin": [-4.13744, 5.31728, 8.7344]},
			"faces": {
				"north": {"uv": [0, 4.2, 4, 6.2], "texture": "#1"},
				"east": {"uv": [0, 4.2, 4, 6.2], "texture": "#1"},
				"south": {"uv": [0, 4.2, 4, 6.2], "texture": "#1"},
				"west": {"uv": [0, 4.2, 4, 6.2], "texture": "#1"},
				"up": {"uv": [0, 4.2, 4, 6.2], "texture": "#1"},
				"down": {"uv": [0, 4.2, 4, 6.2], "texture": "#1"}
			}
		},
		{
			"from": [24.98792, 7.77928, 7.9964],
			"to": [28.59176, 8.1812, 8.2964],
			"rotation": {"angle": 0, "axis": "y", "origin": [20.13744, 5.41728, 8.7344]},
			"faces": {
				"north": {"uv": [5, 1.2, 1, 1.8], "texture": "#1"},
				"east": {"uv": [5, 1.2, 1, 1.8], "texture": "#1"},
				"south": {"uv": [5, 1.2, 1, 1.8], "texture": "#1"},
				"west": {"uv": [5, 1.2, 1, 1.8], "texture": "#1"},
				"up": {"uv": [5, 1.2, 1, 1.8], "texture": "#1"},
				"down": {"uv": [5, 1.2, 1, 1.8], "texture": "#1"}
			}
		},
		{
			"from": [-12.59176, 7.57928, 6.3964],
			"to": [-11.08792, 8.1812, 7.3964],
			"rotation": {"angle": 0, "axis": "y", "origin": [-4.13744, 5.31728, 8.7344]},
			"faces": {
				"north": {"uv": [0, 4.2, 4, 6.2], "texture": "#1"},
				"east": {"uv": [0, 4.2, 4, 6.2], "texture": "#1"},
				"south": {"uv": [0, 4.2, 4, 6.2], "texture": "#1"},
				"west": {"uv": [0, 4.2, 4, 6.2], "texture": "#1"},
				"up": {"uv": [0, 4.2, 4, 6.2], "texture": "#1"},
				"down": {"uv": [0, 4.2, 4, 6.2], "texture": "#1"}
			}
		},
		{
			"from": [26.68792, 7.77928, 7.0964],
			"to": [28.59176, 8.1812, 7.3964],
			"rotation": {"angle": 0, "axis": "y", "origin": [20.13744, 5.41728, 8.7344]},
			"faces": {
				"north": {"uv": [5, 1.2, 1, 1.8], "texture": "#1"},
				"east": {"uv": [5, 1.2, 1, 1.8], "texture": "#1"},
				"south": {"uv": [5, 1.2, 1, 1.8], "texture": "#1"},
				"west": {"uv": [5, 1.2, 1, 1.8], "texture": "#1"},
				"up": {"uv": [5, 1.2, 1, 1.8], "texture": "#1"},
				"down": {"uv": [5, 1.2, 1, 1.8], "texture": "#1"}
			}
		},
		{
			"from": [-12.59176, 7.57928, 5.0964],
			"to": [-11.58792, 8.1812, 6.3964],
			"rotation": {"angle": 0, "axis": "y", "origin": [-4.13744, 5.31728, 8.7344]},
			"faces": {
				"north": {"uv": [0, 4.2, 4, 6.2], "texture": "#1"},
				"east": {"uv": [0, 4.2, 4, 6.2], "texture": "#1"},
				"south": {"uv": [0, 4.2, 4, 6.2], "texture": "#1"},
				"west": {"uv": [0, 4.2, 4, 6.2], "texture": "#1"},
				"up": {"uv": [0, 4.2, 4, 6.2], "texture": "#1"},
				"down": {"uv": [0, 4.2, 4, 6.2], "texture": "#1"}
			}
		},
		{
			"from": [27.08792, 7.77928, 6.0964],
			"to": [28.59176, 8.1812, 6.3964],
			"rotation": {"angle": 0, "axis": "y", "origin": [20.13744, 5.41728, 8.7344]},
			"faces": {
				"north": {"uv": [5, 1.2, 1, 1.8], "texture": "#1"},
				"east": {"uv": [5, 1.2, 1, 1.8], "texture": "#1"},
				"south": {"uv": [5, 1.2, 1, 1.8], "texture": "#1"},
				"west": {"uv": [5, 1.2, 1, 1.8], "texture": "#1"},
				"up": {"uv": [5, 1.2, 1, 1.8], "texture": "#1"},
				"down": {"uv": [5, 1.2, 1, 1.8], "texture": "#1"}
			}
		},
		{
			"from": [-12.59176, 7.57928, 4.0964],
			"to": [-11.98792, 8.1812, 5.0964],
			"rotation": {"angle": 0, "axis": "y", "origin": [-4.13744, 5.31728, 8.7344]},
			"faces": {
				"north": {"uv": [0, 4.2, 4, 6.2], "texture": "#1"},
				"east": {"uv": [0, 4.2, 4, 6.2], "texture": "#1"},
				"south": {"uv": [0, 4.2, 4, 6.2], "texture": "#1"},
				"west": {"uv": [0, 4.2, 4, 6.2], "texture": "#1"},
				"up": {"uv": [0, 4.2, 4, 6.2], "texture": "#1"},
				"down": {"uv": [0, 4.2, 4, 6.2], "texture": "#1"}
			}
		},
		{
			"from": [27.48792, 7.67928, 4.7964],
			"to": [28.59176, 8.0812, 5.5964],
			"rotation": {"angle": 0, "axis": "y", "origin": [20.13744, 5.31728, 8.7344]},
			"faces": {
				"north": {"uv": [5, 1.2, 1, 1.8], "texture": "#1"},
				"east": {"uv": [5, 1.2, 1, 1.8], "texture": "#1"},
				"south": {"uv": [5, 1.2, 1, 1.8], "texture": "#1"},
				"west": {"uv": [5, 1.2, 1, 1.8], "texture": "#1"},
				"up": {"uv": [5, 1.2, 1, 1.8], "texture": "#1"},
				"down": {"uv": [5, 1.2, 1, 1.8], "texture": "#1"}
			}
		},
		{
			"from": [-1.91536, 6.27928, 12.144],
			"to": [-0.84856, 7.4812, 13.69832],
			"rotation": {"angle": -22.5, "axis": "x", "origin": [-2.93744, 5.41728, 8.7344]},
			"faces": {
				"north": {"uv": [6, 11.3, 10.3, 10.1], "texture": "#0"},
				"east": {"uv": [6, 11.3, 10.3, 10.1], "texture": "#0"},
				"south": {"uv": [6, 11.3, 10.3, 10.1], "texture": "#0"},
				"west": {"uv": [6, 11.3, 10.3, 10.1], "texture": "#0"},
				"up": {"uv": [6, 11.3, 10.3, 10.1], "texture": "#0"},
				"down": {"uv": [6, 11.3, 10.3, 10.1], "texture": "#0"}
			}
		},
		{
			"from": [17.74856, 8.17928, 9.644],
			"to": [22.11536, 8.5812, 9.944],
			"rotation": {"angle": 0, "axis": "y", "origin": [21.63744, 5.41728, 8.7344]},
			"faces": {
				"north": {"uv": [5, 1.2, 1, 1.8], "texture": "#1"},
				"east": {"uv": [5, 1.2, 1, 1.8], "texture": "#1"},
				"south": {"uv": [5, 1.2, 1, 1.8], "texture": "#1"},
				"west": {"uv": [5, 1.2, 1, 1.8], "texture": "#1"},
				"up": {"uv": [5, 1.2, 1, 1.8], "texture": "#1"},
				"down": {"uv": [5, 1.2, 1, 1.8], "texture": "#1"}
			}
		},
		{
			"from": [6.34472, 11.58696, 17.28872],
			"to": [9.5048, 13.94704, 21.30792],
			"rotation": {"angle": 0, "axis": "y", "origin": [20.0384, 3.31056, 4.04648]},
			"faces": {
				"north": {"uv": [6.6, 0, 0, 0.8], "texture": "#1"},
				"east": {"uv": [6.6, 0, 0, 0.8], "texture": "#1"},
				"south": {"uv": [6.6, 0, 0, 0.8], "texture": "#1"},
				"west": {"uv": [6.6, 0, 0, 0.8], "texture": "#1"},
				"up": {"uv": [6.6, 0, 0, 0.8], "texture": "#1"},
				"down": {"uv": [6.6, 0, 0, 0.8], "texture": "#1"}
			}
		},
		{
			"from": [6.34472, 13.84704, 17.64112],
			"to": [9.5048, 15.10232, 19.59928],
			"rotation": {"angle": 0, "axis": "y", "origin": [20.0384, 3.31056, 4.04648]},
			"faces": {
				"north": {"uv": [6.6, 0, 0, 0.8], "texture": "#1"},
				"east": {"uv": [6.6, 0, 0, 0.8], "texture": "#1"},
				"south": {"uv": [6.6, 0, 0, 0.8], "texture": "#1"},
				"west": {"uv": [6.6, 0, 0, 0.8], "texture": "#1"},
				"up": {"uv": [6.6, 0, 0, 0.8], "texture": "#1"},
				"down": {"uv": [6.6, 0, 0, 0.8], "texture": "#1"}
			}
		},
		{
			"from": [9.76296, 7.07256, 2.24072],
			"to": [13.9764, 7.67448, 3.29408],
			"rotation": {"angle": 22.5, "axis": "y", "origin": [17.7384, 3.31056, 4.04648]},
			"faces": {
				"north": {"uv": [3.7, 1, 1, 2], "texture": "#1"},
				"east": {"uv": [3.7, 1, 1, 2], "texture": "#1"},
				"south": {"uv": [3.7, 1, 1, 2], "texture": "#1"},
				"west": {"uv": [3.7, 1, 1, 2], "texture": "#1"},
				"up": {"uv": [3.7, 1, 1, 2], "texture": "#1"},
				"down": {"uv": [3.7, 1, 1, 2], "texture": "#1"}
			}
		},
		{
			"from": [10.81632, 7.07256, -0.76888],
			"to": [14.87928, 7.67448, 0.28448],
			"rotation": {"angle": 22.5, "axis": "y", "origin": [17.7384, 3.31056, 4.04648]},
			"faces": {
				"north": {"uv": [3.6, 1, 1, 2], "texture": "#1"},
				"east": {"uv": [3.6, 1, 1, 2], "texture": "#1"},
				"south": {"uv": [3.6, 1, 1, 2], "texture": "#1"},
				"west": {"uv": [3.6, 1, 1, 2], "texture": "#1"},
				"up": {"uv": [3.6, 1, 1, 2], "texture": "#1"},
				"down": {"uv": [3.6, 1, 1, 2], "texture": "#1"}
			}
		},
		{
			"from": [11.7192, 7.07256, -3.628],
			"to": [15.4812, 7.67448, -2.57464],
			"rotation": {"angle": 22.5, "axis": "y", "origin": [17.7384, 3.31056, 4.04648]},
			"faces": {
				"north": {"uv": [3.4, 1, 1, 2], "texture": "#1"},
				"east": {"uv": [3.4, 1, 1, 2], "texture": "#1"},
				"south": {"uv": [3.4, 1, 1, 2], "texture": "#1"},
				"west": {"uv": [3.4, 1, 1, 2], "texture": "#1"},
				"up": {"uv": [3.4, 1, 1, 2], "texture": "#1"},
				"down": {"uv": [3.4, 1, 1, 2], "texture": "#1"}
			}
		},
		{
			"from": [12.92304, 7.07256, 0.134],
			"to": [13.52496, 7.67448, 1.33784],
			"rotation": {"angle": 0, "axis": "y", "origin": [17.7384, 1.20384, 8.56088]},
			"faces": {
				"north": {"uv": [1.3, 1, 1, 2.1], "texture": "#1"},
				"east": {"uv": [1.3, 1, 1, 2.1], "texture": "#1"},
				"south": {"uv": [1.3, 1, 1, 2.1], "texture": "#1"},
				"west": {"uv": [1.3, 1, 1, 2.1], "texture": "#1"},
				"up": {"uv": [1.3, 1, 1, 2.1], "texture": "#1"},
				"down": {"uv": [1.3, 1, 1, 2.1], "texture": "#1"}
			}
		},
		{
			"from": [12.32112, 7.07256, -2.8756],
			"to": [12.92304, 7.67448, -1.67176],
			"rotation": {"angle": 0, "axis": "y", "origin": [17.7384, 1.20384, 8.56088]},
			"faces": {
				"north": {"uv": [1.3, 1, 1, 2.1], "texture": "#1"},
				"east": {"uv": [1.3, 1, 1, 2.1], "texture": "#1"},
				"south": {"uv": [1.3, 1, 1, 2.1], "texture": "#1"},
				"west": {"uv": [1.3, 1, 1, 2.1], "texture": "#1"},
				"up": {"uv": [1.3, 1, 1, 2.1], "texture": "#1"},
				"down": {"uv": [1.3, 1, 1, 2.1], "texture": "#1"}
			}
		},
		{
			"from": [13.224, 7.07256, 3.1436],
			"to": [13.82592, 7.67448, 4.34744],
			"rotation": {"angle": 0, "axis": "y", "origin": [17.7384, 1.20384, 8.56088]},
			"faces": {
				"north": {"uv": [1.3, 1, 1, 2.1], "texture": "#1"},
				"east": {"uv": [1.3, 1, 1, 2.1], "texture": "#1"},
				"south": {"uv": [1.3, 1, 1, 2.1], "texture": "#1"},
				"west": {"uv": [1.3, 1, 1, 2.1], "texture": "#1"},
				"up": {"uv": [1.3, 1, 1, 2.1], "texture": "#1"},
				"down": {"uv": [1.3, 1, 1, 2.1], "texture": "#1"}
			}
		},
		{
			"from": [-3.47544, 7.77928, 13.68488],
			"to": [-1.71152, 8.3812, 17.48872],
			"rotation": {"angle": -45, "axis": "y", "origin": [-4.13744, 5.11728, 8.7344]},
			"faces": {
				"north": {"uv": [0, 4.2, 4, 6.2], "texture": "#1"},
				"east": {"uv": [0, 4.2, 4, 6.2], "texture": "#1"},
				"south": {"uv": [0, 4.2, 4, 6.2], "texture": "#1"},
				"west": {"uv": [0, 4.2, 4, 6.2], "texture": "#1"},
				"up": {"uv": [0, 4.2, 4, 6.2], "texture": "#1"},
				"down": {"uv": [0, 4.2, 4, 6.2], "texture": "#1"}
			}
		},
		{
			"from": [13.61152, 7.77928, 18.88488],
			"to": [17.07544, 8.3812, 23.68872],
			"rotation": {"angle": 45, "axis": "y", "origin": [20.13744, 5.11728, 8.7344]},
			"faces": {
				"north": {"uv": [4, 4.2, 0, 6.2], "texture": "#1"},
				"east": {"uv": [4, 4.2, 0, 6.2], "texture": "#1"},
				"south": {"uv": [4, 4.2, 0, 6.2], "texture": "#1"},
				"west": {"uv": [4, 4.2, 0, 6.2], "texture": "#1"},
				"up": {"uv": [4, 4.2, 0, 6.2], "texture": "#1"},
				"down": {"uv": [4, 4.2, 0, 6.2], "texture": "#1"}
			}
		},
		{
			"from": [-8.07544, 8.17928, 13.28488],
			"to": [-4.71152, 8.7812, 16.68872],
			"rotation": {"angle": 45, "axis": "y", "origin": [-5.63744, 5.41728, 8.7344]},
			"faces": {
				"north": {"uv": [0, 4.2, 4, 6.2], "texture": "#1"},
				"east": {"uv": [0, 4.2, 4, 6.2], "texture": "#1"},
				"south": {"uv": [0, 4.2, 4, 6.2], "texture": "#1"},
				"west": {"uv": [0, 4.2, 4, 6.2], "texture": "#1"},
				"up": {"uv": [0, 4.2, 4, 6.2], "texture": "#1"},
				"down": {"uv": [0, 4.2, 4, 6.2], "texture": "#1"}
			}
		},
		{
			"from": [15.21152, 7.57928, 12.68488],
			"to": [17.21152, 9.2812, 16.68872],
			"rotation": {"angle": -22.5, "axis": "y", "origin": [21.63744, 5.41728, 8.7344]},
			"faces": {
				"north": {"uv": [4, 4.2, 0, 6.2], "texture": "#1"},
				"east": {"uv": [4, 4.2, 0, 6.2], "texture": "#1"},
				"south": {"uv": [4, 4.2, 0, 6.2], "texture": "#1"},
				"west": {"uv": [4, 4.2, 0, 6.2], "texture": "#1"},
				"up": {"uv": [4, 4.2, 0, 6.2], "texture": "#1"},
				"down": {"uv": [4, 4.2, 0, 6.2], "texture": "#1"}
			}
		},
		{
			"from": [6.59136, 6.06584, 21.65264],
			"to": [9.70864, 9.13264, 24.85264],
			"rotation": {"angle": 0, "axis": "y", "origin": [-3.3384, 2.91056, 4.94648]},
			"faces": {
				"north": {"uv": [3, 14.2, 5.4, 16], "texture": "#0"},
				"east": {"uv": [3, 14.2, 5.4, 16], "texture": "#0"},
				"south": {"uv": [3, 14.2, 5.4, 16], "texture": "#0"},
				"west": {"uv": [3, 14.2, 5.4, 16], "texture": "#0"},
				"up": {"uv": [3, 14.2, 5.4, 16], "texture": "#0"},
				"down": {"uv": [3, 14.2, 5.4, 16], "texture": "#0"}
			}
		},
		{
			"from": [6.5904, -3.31536, 21.65264],
			"to": [9.60768, -0.44856, 24.85264],
			"rotation": {"angle": 45, "axis": "z", "origin": [-3.3384, 2.91056, 4.94648]},
			"faces": {
				"north": {"uv": [3, 14.2, 5.4, 16], "texture": "#0"},
				"east": {"uv": [3, 14.2, 5.4, 16], "texture": "#0"},
				"south": {"uv": [3, 14.2, 5.4, 16], "texture": "#0"},
				"west": {"uv": [3, 14.2, 5.4, 16], "texture": "#0"},
				"up": {"uv": [3, 14.2, 5.4, 16], "texture": "#0"},
				"down": {"uv": [3, 14.2, 5.4, 16], "texture": "#0"}
			}
		},
		{
			"from": [6.69136, 8.98024, 24.91944],
			"to": [9.30864, 9.98696, 27.21944],
			"rotation": {"angle": 0, "axis": "y", "origin": [-4.0384, 3.31056, 4.04648]},
			"faces": {
				"north": {"uv": [0, 0, 6.6, 0.8], "texture": "#1"},
				"east": {"uv": [0, 0, 6.6, 0.8], "texture": "#1"},
				"south": {"uv": [0, 0, 6.6, 0.8], "texture": "#1"},
				"west": {"uv": [0, 0, 6.6, 0.8], "texture": "#1"},
				"up": {"uv": [0, 0, 6.6, 0.8], "texture": "#1"},
				"down": {"uv": [0, 0, 6.6, 0.8], "texture": "#1"}
			}
		},
		{
			"from": [14.41152, 7.67928, 6.98488],
			"to": [16.17544, 9.1812, 11.58872],
			"rotation": {"angle": 22.5, "axis": "y", "origin": [21.63744, 5.41728, 8.7344]},
			"faces": {
				"north": {"uv": [11.9, 7.2, 5.3, 12], "texture": "#3"},
				"east": {"uv": [4, 4.2, 0, 6.2], "texture": "#1"},
				"south": {"uv": [4, 4.2, 0, 6.2], "texture": "#1"},
				"west": {"uv": [4, 4.2, 0, 6.2], "texture": "#1"},
				"up": {"uv": [4, 4.2, 0, 6.2], "texture": "#1"},
				"down": {"uv": [4, 4.2, 0, 6.2], "texture": "#1"}
			}
		},
		{
			"from": [-1.21152, 7.57928, 12.68488],
			"to": [0.78848, 9.2812, 16.68872],
			"rotation": {"angle": 22.5, "axis": "y", "origin": [-5.63744, 5.41728, 8.7344]},
			"faces": {
				"north": {"uv": [0, 4.2, 4, 6.2], "texture": "#1"},
				"east": {"uv": [0, 4.2, 4, 6.2], "texture": "#1"},
				"south": {"uv": [0, 4.2, 4, 6.2], "texture": "#1"},
				"west": {"uv": [0, 4.2, 4, 6.2], "texture": "#1"},
				"up": {"uv": [0, 4.2, 4, 6.2], "texture": "#1"},
				"down": {"uv": [0, 4.2, 4, 6.2], "texture": "#1"}
			}
		},
		{
			"from": [16.51152, 7.97928, 11.38488],
			"to": [20.57544, 8.5812, 15.88872],
			"rotation": {"angle": -22.5, "axis": "y", "origin": [21.63744, 5.41728, 8.7344]},
			"faces": {
				"north": {"uv": [4, 4.2, 0, 6.2], "texture": "#1"},
				"east": {"uv": [4, 4.2, 0, 6.2], "texture": "#1"},
				"south": {"uv": [4, 4.2, 0, 6.2], "texture": "#1"},
				"west": {"uv": [4, 4.2, 0, 6.2], "texture": "#1"},
				"up": {"uv": [4, 4.2, 0, 6.2], "texture": "#1"},
				"down": {"uv": [4, 4.2, 0, 6.2], "texture": "#1"}
			}
		},
		{
			"from": [9.4572, 6.32016, -11.75392],
			"to": [10.21152, 8.57736, -8.14432],
			"rotation": {"angle": 0, "axis": "y", "origin": [18.78792, 3.31056, 4.64648]},
			"faces": {
				"north": {"uv": [0.9, 4.2, 0, 6.2], "texture": "#1"},
				"east": {"uv": [0.9, 4.2, 0, 6.2], "texture": "#1"},
				"south": {"uv": [0.9, 4.2, 0, 6.2], "texture": "#1"},
				"west": {"uv": [0.9, 4.2, 0, 6.2], "texture": "#1"},
				"up": {"uv": [0.9, 4.2, 0, 6.2], "texture": "#1"},
				"down": {"uv": [0.9, 4.2, 0, 6.2], "texture": "#1"}
			}
		},
		{
			"from": [-0.01536, -2.32072, 9.844],
			"to": [2.95144, -1.4188, 13.59832],
			"rotation": {"angle": 45, "axis": "z", "origin": [-5.63744, 5.41728, 8.7344]},
			"faces": {
				"north": {"uv": [1, 13.2, 5, 15.2], "texture": "#1"},
				"east": {"uv": [1, 13.2, 5, 15.2], "texture": "#1"},
				"south": {"uv": [1, 13.2, 5, 15.2], "texture": "#1"},
				"west": {"uv": [1, 13.2, 5, 15.2], "texture": "#1"},
				"up": {"uv": [1, 13.2, 5, 15.2], "texture": "#1"},
				"down": {"uv": [1, 13.2, 5, 15.2], "texture": "#1"}
			}
		},
		{
			"from": [11.54856, 7.47928, 9.844],
			"to": [14.51536, 9.3812, 14.59832],
			"rotation": {"angle": 0, "axis": "y", "origin": [21.63744, 5.41728, 8.7344]},
			"faces": {
				"north": {"uv": [12, 11.9, 5.2, 7.2], "texture": "#3"},
				"east": {"uv": [12, 12.2, 5.2, 6.9], "texture": "#3"},
				"south": {"uv": [12, 12.2, 5.2, 6.9], "texture": "#3"},
				"west": {"uv": [12, 12.2, 5.2, 6.9], "texture": "#3"},
				"up": {"uv": [4, 4.2, 0, 6.2], "texture": "#1"},
				"down": {"uv": [4, 4.2, 0, 6.2], "texture": "#1"}
			}
		},
		{
			"from": [-1.61536, -2.22072, 9.844],
			"to": [-0.04856, -1.5188, 13.59832],
			"rotation": {"angle": 45, "axis": "z", "origin": [-5.63744, 5.41728, 8.7344]},
			"faces": {
				"north": {"uv": [1, 13.1, 4.1, 15.2], "texture": "#1"},
				"east": {"uv": [1, 13.1, 4.1, 15.2], "texture": "#1"},
				"south": {"uv": [1, 13.1, 4.1, 15.2], "texture": "#1"},
				"west": {"uv": [1, 13.1, 4.1, 15.2], "texture": "#1"},
				"up": {"uv": [1, 13.1, 4.1, 15.2], "texture": "#1"},
				"down": {"uv": [1, 13.1, 4.1, 15.2], "texture": "#1"}
			}
		},
		{
			"from": [13.04856, -2.32072, 9.844],
			"to": [16.01536, -1.4188, 13.59832],
			"rotation": {"angle": -45, "axis": "z", "origin": [21.63744, 5.41728, 8.7344]},
			"faces": {
				"north": {"uv": [5, 13.2, 1, 15.2], "texture": "#1"},
				"east": {"uv": [5, 13.2, 1, 15.2], "texture": "#1"},
				"south": {"uv": [5, 13.2, 1, 15.2], "texture": "#1"},
				"west": {"uv": [5, 13.2, 1, 15.2], "texture": "#1"},
				"up": {"uv": [5, 13.2, 1, 15.2], "texture": "#1"},
				"down": {"uv": [5, 13.2, 1, 15.2], "texture": "#1"}
			}
		},
		{
			"from": [-1.21536, -2.22072, 6.444],
			"to": [-0.04856, -1.5188, 15.79832],
			"rotation": {"angle": 45, "axis": "z", "origin": [-5.63744, 5.41728, 8.7344]},
			"faces": {
				"north": {"uv": [1, 13.1, 4.1, 15.2], "texture": "#1"},
				"east": {"uv": [1, 13.1, 4.1, 15.2], "texture": "#1"},
				"south": {"uv": [1, 13.1, 4.1, 15.2], "texture": "#1"},
				"west": {"uv": [1, 13.1, 4.1, 15.2], "texture": "#1"},
				"up": {"uv": [1, 13.1, 4.1, 15.2], "texture": "#1"},
				"down": {"uv": [1, 13.1, 4.1, 15.2], "texture": "#1"}
			}
		},
		{
			"from": [16.04856, -2.22072, 9.844],
			"to": [17.61536, -1.5188, 13.59832],
			"rotation": {"angle": -45, "axis": "z", "origin": [21.63744, 5.41728, 8.7344]},
			"faces": {
				"north": {"uv": [4.1, 13.1, 1, 15.2], "texture": "#1"},
				"east": {"uv": [4.1, 13.1, 1, 15.2], "texture": "#1"},
				"south": {"uv": [4.1, 13.1, 1, 15.2], "texture": "#1"},
				"west": {"uv": [4.1, 13.1, 1, 15.2], "texture": "#1"},
				"up": {"uv": [4.1, 13.1, 1, 15.2], "texture": "#1"},
				"down": {"uv": [4.1, 13.1, 1, 15.2], "texture": "#1"}
			}
		},
		{
			"from": [-0.81536, -2.22072, 5.244],
			"to": [-0.04856, -1.5188, 6.444],
			"rotation": {"angle": 45, "axis": "z", "origin": [-5.63744, 5.41728, 8.7344]},
			"faces": {
				"north": {"uv": [1, 13.1, 4.1, 15.2], "texture": "#1"},
				"east": {"uv": [1, 13.1, 4.1, 15.2], "texture": "#1"},
				"south": {"uv": [1, 13.1, 4.1, 15.2], "texture": "#1"},
				"west": {"uv": [1, 13.1, 4.1, 15.2], "texture": "#1"},
				"up": {"uv": [1, 13.1, 4.1, 15.2], "texture": "#1"},
				"down": {"uv": [1, 13.1, 4.1, 15.2], "texture": "#1"}
			}
		},
		{
			"from": [16.04856, -2.22072, 6.444],
			"to": [17.21536, -1.5188, 15.79832],
			"rotation": {"angle": -45, "axis": "z", "origin": [21.63744, 5.41728, 8.7344]},
			"faces": {
				"north": {"uv": [4.1, 13.1, 1, 15.2], "texture": "#1"},
				"east": {"uv": [4.1, 13.1, 1, 15.2], "texture": "#1"},
				"south": {"uv": [4.1, 13.1, 1, 15.2], "texture": "#1"},
				"west": {"uv": [4.1, 13.1, 1, 15.2], "texture": "#1"},
				"up": {"uv": [4.1, 13.1, 1, 15.2], "texture": "#1"},
				"down": {"uv": [4.1, 13.1, 1, 15.2], "texture": "#1"}
			}
		},
		{
			"from": [7.54664, 21.7148, 1.93976],
			"to": [8.60384, 22.17104, 7.95896],
			"rotation": {"angle": 45, "axis": "x", "origin": [-4.0384, 3.31056, 4.04648]},
			"faces": {
				"north": {"uv": [5.9, 10.9, 9.9, 12.2], "texture": "#0"},
				"east": {"uv": [5.9, 10.9, 9.9, 12.2], "texture": "#0"},
				"south": {"uv": [5.9, 10.9, 9.9, 12.2], "texture": "#0"},
				"west": {"uv": [5.9, 10.9, 9.9, 12.2], "texture": "#0"},
				"up": {"uv": [5.9, 10.9, 9.9, 12.2], "texture": "#0"},
				"down": {"uv": [5.9, 10.9, 9.9, 12.2], "texture": "#0"}
			}
		},
		{
			"from": [5.87352, -4.5808, 4.44936],
			"to": [6.47544, -4.27984, 11.86856],
			"rotation": {"angle": 45, "axis": "z", "origin": [-13.4384, -7.28944, 4.94648]},
			"faces": {
				"north": {"uv": [10.9, 13.9, 14.9, 14.1], "texture": "#3"},
				"east": {"uv": [10.9, 13.9, 14.9, 14.1], "texture": "#3"},
				"south": {"uv": [10.9, 13.9, 14.9, 14.1], "texture": "#3"},
				"west": {"uv": [10.9, 13.9, 14.9, 14.1], "texture": "#3"},
				"up": {"uv": [10.9, 13.9, 14.9, 14.1], "texture": "#3"},
				"down": {"uv": [10.9, 13.9, 14.9, 14.1], "texture": "#3"}
			}
		},
		{
			"from": [-1.55048, 7.75856, 5.24936],
			"to": [-1.09904, 8.9624, 11.26856],
			"rotation": {"angle": 0, "axis": "y", "origin": [-13.4384, -7.28944, 4.34648]},
			"faces": {
				"north": {"uv": [0, 3.9, 4, 5.7], "texture": "#1"},
				"east": {"uv": [0, 3.9, 4, 5.7], "texture": "#1"},
				"south": {"uv": [0, 3.9, 4, 5.7], "texture": "#1"},
				"west": {"uv": [0, 3.9, 4, 5.7], "texture": "#1"},
				"up": {"uv": [0, 3.9, 4, 5.7], "texture": "#1"},
				"down": {"uv": [0, 3.9, 4, 5.7], "texture": "#1"}
			}
		},
		{
			"from": [-1.85144, 8.05952, 5.24936],
			"to": [-0.79808, 8.51096, 10.9676],
			"rotation": {"angle": 0, "axis": "y", "origin": [-13.4384, -7.28944, 4.34648]},
			"faces": {
				"north": {"uv": [0, 3.9, 3.8, 5.2], "texture": "#1"},
				"east": {"uv": [0, 3.9, 3.8, 5.2], "texture": "#1"},
				"south": {"uv": [0, 3.9, 3.8, 5.2], "texture": "#1"},
				"west": {"uv": [0, 3.9, 3.8, 5.2], "texture": "#1"},
				"up": {"uv": [0, 3.9, 3.8, 5.2], "texture": "#1"},
				"down": {"uv": [0, 3.9, 3.8, 5.2], "texture": "#1"}
			}
		},
		{
			"from": [6.32496, -5.03224, 4.44936],
			"to": [6.62592, -4.43032, 11.86856],
			"rotation": {"angle": 45, "axis": "z", "origin": [-13.4384, -7.28944, 4.94648]},
			"faces": {
				"north": {"uv": [10.9, 13.9, 14.9, 14.3], "texture": "#3"},
				"east": {"uv": [10.9, 13.9, 14.9, 14.3], "texture": "#3"},
				"south": {"uv": [10.9, 13.9, 14.9, 14.3], "texture": "#3"},
				"west": {"uv": [10.9, 13.9, 14.9, 14.3], "texture": "#3"},
				"up": {"uv": [10.9, 13.9, 14.9, 14.3], "texture": "#3"},
				"down": {"uv": [10.9, 13.9, 14.9, 14.3], "texture": "#3"}
			}
		},
		{
			"from": [9.52456, -4.5808, 4.44936],
			"to": [10.12648, -4.27984, 11.86856],
			"rotation": {"angle": -45, "axis": "z", "origin": [29.4384, -7.28944, 4.94648]},
			"faces": {
				"north": {"uv": [14.9, 13.9, 10.9, 14.1], "texture": "#3"},
				"east": {"uv": [14.9, 13.9, 10.9, 14.1], "texture": "#3"},
				"south": {"uv": [14.9, 13.9, 10.9, 14.1], "texture": "#3"},
				"west": {"uv": [14.9, 13.9, 10.9, 14.1], "texture": "#3"},
				"up": {"uv": [14.9, 13.9, 10.9, 14.1], "texture": "#3"},
				"down": {"uv": [14.9, 13.9, 10.9, 14.1], "texture": "#3"}
			}
		},
		{
			"from": [17.09904, 7.75856, 5.24936],
			"to": [17.55048, 8.9624, 11.26856],
			"rotation": {"angle": 0, "axis": "y", "origin": [29.4384, -7.28944, 4.34648]},
			"faces": {
				"north": {"uv": [4, 3.9, 0, 5.7], "texture": "#1"},
				"east": {"uv": [4, 3.9, 0, 5.7], "texture": "#1"},
				"south": {"uv": [4, 3.9, 0, 5.7], "texture": "#1"},
				"west": {"uv": [4, 3.9, 0, 5.7], "texture": "#1"},
				"up": {"uv": [4, 3.9, 0, 5.7], "texture": "#1"},
				"down": {"uv": [4, 3.9, 0, 5.7], "texture": "#1"}
			}
		},
		{
			"from": [17.09808, 8.05952, 3.74936],
			"to": [17.55144, 8.51096, 5.24936],
			"rotation": {"angle": 0, "axis": "y", "origin": [29.4384, -7.28944, 4.34648]},
			"faces": {
				"north": {"uv": [9.1, 6.9, 6.9, 8.9], "texture": "#1"},
				"east": {"uv": [3.8, 3.9, 0, 5.2], "texture": "#1"},
				"south": {"uv": [3.8, 3.9, 0, 5.2], "texture": "#1"},
				"west": {"uv": [3.8, 3.9, 0, 5.2], "texture": "#1"},
				"up": {"uv": [3.8, 3.9, 0, 5.2], "texture": "#1"},
				"down": {"uv": [3.8, 3.9, 0, 5.2], "texture": "#1"}
			}
		},
		{
			"from": [9.37408, -5.03224, 4.44936],
			"to": [9.67504, -4.43032, 11.86856],
			"rotation": {"angle": -45, "axis": "z", "origin": [29.4384, -7.28944, 4.94648]},
			"faces": {
				"north": {"uv": [14.9, 13.9, 10.9, 14.3], "texture": "#3"},
				"east": {"uv": [14.9, 13.9, 10.9, 14.3], "texture": "#3"},
				"south": {"uv": [14.9, 13.9, 10.9, 14.3], "texture": "#3"},
				"west": {"uv": [14.9, 13.9, 10.9, 14.3], "texture": "#3"},
				"up": {"uv": [14.9, 13.9, 10.9, 14.3], "texture": "#3"},
				"down": {"uv": [14.9, 13.9, 10.9, 14.3], "texture": "#3"}
			}
		},
		{
			"from": [-1.55144, 8.05952, 3.74936],
			"to": [-1.09808, 8.51096, 5.24936],
			"rotation": {"angle": 0, "axis": "y", "origin": [-13.4384, -7.28944, 4.34648]},
			"faces": {
				"north": {"uv": [6.9, 6.9, 9.1, 8.9], "texture": "#1"},
				"east": {"uv": [0, 3.9, 3.8, 5.2], "texture": "#1"},
				"south": {"uv": [0, 3.9, 3.8, 5.2], "texture": "#1"},
				"west": {"uv": [0, 3.9, 3.8, 5.2], "texture": "#1"},
				"up": {"uv": [0, 3.9, 3.8, 5.2], "texture": "#1"},
				"down": {"uv": [0, 3.9, 3.8, 5.2], "texture": "#1"}
			}
		},
		{
			"from": [16.79808, 8.05952, 5.24936],
			"to": [17.85144, 8.51096, 10.9676],
			"rotation": {"angle": 0, "axis": "y", "origin": [29.4384, -7.28944, 4.34648]},
			"faces": {
				"north": {"uv": [3.8, 3.9, 0, 5.2], "texture": "#1"},
				"east": {"uv": [3.8, 3.9, 0, 5.2], "texture": "#1"},
				"south": {"uv": [3.8, 3.9, 0, 5.2], "texture": "#1"},
				"west": {"uv": [3.8, 3.9, 0, 5.2], "texture": "#1"},
				"up": {"uv": [3.8, 3.9, 0, 5.2], "texture": "#1"},
				"down": {"uv": [3.8, 3.9, 0, 5.2], "texture": "#1"}
			}
		},
		{
			"from": [-6.11536, 8.17928, 9.644],
			"to": [-1.74856, 8.5812, 9.944],
			"rotation": {"angle": 0, "axis": "y", "origin": [-5.63744, 5.41728, 8.7344]},
			"faces": {
				"north": {"uv": [1, 1.2, 5, 1.8], "texture": "#1"},
				"east": {"uv": [1, 1.2, 5, 1.8], "texture": "#1"},
				"south": {"uv": [1, 1.2, 5, 1.8], "texture": "#1"},
				"west": {"uv": [1, 1.2, 5, 1.8], "texture": "#1"},
				"up": {"uv": [1, 1.2, 5, 1.8], "texture": "#1"},
				"down": {"uv": [1, 1.2, 5, 1.8], "texture": "#1"}
			}
		},
		{
			"from": [-8.97544, 7.97928, 9.98488],
			"to": [-4.01152, 8.3812, 10.28488],
			"rotation": {"angle": -22.5, "axis": "y", "origin": [-4.13744, 5.21728, 8.7344]},
			"faces": {
				"north": {"uv": [1, 1.2, 5, 1.8], "texture": "#1"},
				"east": {"uv": [1, 1.2, 5, 1.8], "texture": "#1"},
				"south": {"uv": [1, 1.2, 5, 1.8], "texture": "#1"},
				"west": {"uv": [1, 1.2, 5, 1.8], "texture": "#1"},
				"up": {"uv": [1, 1.2, 5, 1.8], "texture": "#1"},
				"down": {"uv": [1, 1.2, 5, 1.8], "texture": "#1"}
			}
		},
		{
			"from": [-10.59176, 7.67928, 2.7964],
			"to": [-9.08792, 8.0812, 6.0964],
			"rotation": {"angle": 22.5, "axis": "y", "origin": [-4.13744, 5.01728, 8.7344]},
			"faces": {
				"north": {"uv": [1, 1.2, 5, 1.8], "texture": "#1"},
				"east": {"uv": [1, 1.2, 5, 1.8], "texture": "#1"},
				"south": {"uv": [1, 1.2, 5, 1.8], "texture": "#1"},
				"west": {"uv": [1, 1.2, 5, 1.8], "texture": "#1"},
				"up": {"uv": [1, 1.2, 5, 1.8], "texture": "#1"},
				"down": {"uv": [1, 1.2, 5, 1.8], "texture": "#1"}
			}
		},
		{
			"from": [-12.59176, 7.77928, 7.9964],
			"to": [-8.98792, 8.1812, 8.2964],
			"rotation": {"angle": 0, "axis": "y", "origin": [-4.13744, 5.41728, 8.7344]},
			"faces": {
				"north": {"uv": [1, 1.2, 5, 1.8], "texture": "#1"},
				"east": {"uv": [1, 1.2, 5, 1.8], "texture": "#1"},
				"south": {"uv": [1, 1.2, 5, 1.8], "texture": "#1"},
				"west": {"uv": [1, 1.2, 5, 1.8], "texture": "#1"},
				"up": {"uv": [1, 1.2, 5, 1.8], "texture": "#1"},
				"down": {"uv": [1, 1.2, 5, 1.8], "texture": "#1"}
			}
		},
		{
			"from": [-12.59176, 7.77928, 7.0964],
			"to": [-10.68792, 8.1812, 7.3964],
			"rotation": {"angle": 0, "axis": "y", "origin": [-4.13744, 5.41728, 8.7344]},
			"faces": {
				"north": {"uv": [1, 1.2, 5, 1.8], "texture": "#1"},
				"east": {"uv": [1, 1.2, 5, 1.8], "texture": "#1"},
				"south": {"uv": [1, 1.2, 5, 1.8], "texture": "#1"},
				"west": {"uv": [1, 1.2, 5, 1.8], "texture": "#1"},
				"up": {"uv": [1, 1.2, 5, 1.8], "texture": "#1"},
				"down": {"uv": [1, 1.2, 5, 1.8], "texture": "#1"}
			}
		},
		{
			"from": [-12.59176, 7.77928, 6.0964],
			"to": [-11.08792, 8.1812, 6.3964],
			"rotation": {"angle": 0, "axis": "y", "origin": [-4.13744, 5.41728, 8.7344]},
			"faces": {
				"north": {"uv": [1, 1.2, 5, 1.8], "texture": "#1"},
				"east": {"uv": [1, 1.2, 5, 1.8], "texture": "#1"},
				"south": {"uv": [1, 1.2, 5, 1.8], "texture": "#1"},
				"west": {"uv": [1, 1.2, 5, 1.8], "texture": "#1"},
				"up": {"uv": [1, 1.2, 5, 1.8], "texture": "#1"},
				"down": {"uv": [1, 1.2, 5, 1.8], "texture": "#1"}
			}
		},
		{
			"from": [-12.59176, 7.67928, 4.7964],
			"to": [-11.48792, 8.0812, 5.5964],
			"rotation": {"angle": 0, "axis": "y", "origin": [-4.13744, 5.31728, 8.7344]},
			"faces": {
				"north": {"uv": [1, 1.2, 5, 1.8], "texture": "#1"},
				"east": {"uv": [1, 1.2, 5, 1.8], "texture": "#1"},
				"south": {"uv": [1, 1.2, 5, 1.8], "texture": "#1"},
				"west": {"uv": [1, 1.2, 5, 1.8], "texture": "#1"},
				"up": {"uv": [1, 1.2, 5, 1.8], "texture": "#1"},
				"down": {"uv": [1, 1.2, 5, 1.8], "texture": "#1"}
			}
		},
		{
			"from": [-12.59176, 7.67928, 3.7964],
			"to": [-11.88792, 8.0812, 4.7964],
			"rotation": {"angle": 0, "axis": "y", "origin": [-4.13744, 5.31728, 8.7344]},
			"faces": {
				"north": {"uv": [1, 1.2, 5, 1.8], "texture": "#1"},
				"east": {"uv": [1, 1.2, 5, 1.8], "texture": "#1"},
				"south": {"uv": [1, 1.2, 5, 1.8], "texture": "#1"},
				"west": {"uv": [1, 1.2, 5, 1.8], "texture": "#1"},
				"up": {"uv": [1, 1.2, 5, 1.8], "texture": "#1"},
				"down": {"uv": [1, 1.2, 5, 1.8], "texture": "#1"}
			}
		},
		{
			"from": [17.74856, 8.07928, 9.944],
			"to": [22.11536, 8.6812, 14.09832],
			"rotation": {"angle": 0, "axis": "y", "origin": [21.63744, 5.41728, 8.7344]},
			"faces": {
				"north": {"uv": [4, 4.2, 0, 6.2], "texture": "#1"},
				"east": {"uv": [4, 4.2, 0, 6.2], "texture": "#1"},
				"south": {"uv": [4, 4.2, 0, 6.2], "texture": "#1"},
				"west": {"uv": [4, 4.2, 0, 6.2], "texture": "#1"},
				"up": {"uv": [4, 4.2, 0, 6.2], "texture": "#1"},
				"down": {"uv": [4, 4.2, 0, 6.2], "texture": "#1"}
			}
		},
		{
			"from": [20.01152, 7.87928, 10.28488],
			"to": [24.77544, 8.4812, 14.48872],
			"rotation": {"angle": 22.5, "axis": "y", "origin": [20.13744, 5.21728, 8.7344]},
			"faces": {
				"north": {"uv": [4, 4.2, 0, 6.2], "texture": "#1"},
				"east": {"uv": [4, 4.2, 0, 6.2], "texture": "#1"},
				"south": {"uv": [4, 4.2, 0, 6.2], "texture": "#1"},
				"west": {"uv": [4, 4.2, 0, 6.2], "texture": "#1"},
				"up": {"uv": [4, 4.2, 0, 6.2], "texture": "#1"},
				"down": {"uv": [4, 4.2, 0, 6.2], "texture": "#1"}
			}
		},
		{
			"from": [25.28792, 7.57928, 3.0964],
			"to": [26.59176, 8.1812, 9.26032],
			"rotation": {"angle": -22.5, "axis": "y", "origin": [20.13744, 5.11728, 8.7344]},
			"faces": {
				"north": {"uv": [4, 4.2, 0, 6.2], "texture": "#1"},
				"east": {"uv": [4, 4.2, 0, 6.2], "texture": "#1"},
				"south": {"uv": [4, 4.2, 0, 6.2], "texture": "#1"},
				"west": {"uv": [4, 4.2, 0, 6.2], "texture": "#1"},
				"up": {"uv": [4, 4.2, 0, 6.2], "texture": "#1"},
				"down": {"uv": [4, 4.2, 0, 6.2], "texture": "#1"}
			}
		},
		{
			"from": [24.98792, 7.57928, 8.2964],
			"to": [28.59176, 8.1812, 22.76032],
			"rotation": {"angle": 0, "axis": "y", "origin": [20.13744, 5.31728, 8.7344]},
			"faces": {
				"north": {"uv": [4, 4.2, 0, 6.2], "texture": "#1"},
				"east": {"uv": [4, 4.2, 0, 6.2], "texture": "#1"},
				"south": {"uv": [4, 4.2, 0, 6.2], "texture": "#1"},
				"west": {"uv": [4, 4.2, 0, 6.2], "texture": "#1"},
				"up": {"uv": [4, 4.2, 0, 6.2], "texture": "#1"},
				"down": {"uv": [4, 4.2, 0, 6.2], "texture": "#1"}
			}
		},
		{
			"from": [26.68792, 7.57928, 7.3964],
			"to": [28.59176, 8.1812, 8.2964],
			"rotation": {"angle": 0, "axis": "y", "origin": [20.13744, 5.31728, 8.7344]},
			"faces": {
				"north": {"uv": [4, 4.2, 0, 6.2], "texture": "#1"},
				"east": {"uv": [4, 4.2, 0, 6.2], "texture": "#1"},
				"south": {"uv": [4, 4.2, 0, 6.2], "texture": "#1"},
				"west": {"uv": [4, 4.2, 0, 6.2], "texture": "#1"},
				"up": {"uv": [4, 4.2, 0, 6.2], "texture": "#1"},
				"down": {"uv": [4, 4.2, 0, 6.2], "texture": "#1"}
			}
		},
		{
			"from": [27.08792, 7.57928, 6.3964],
			"to": [28.59176, 8.1812, 7.3964],
			"rotation": {"angle": 0, "axis": "y", "origin": [20.13744, 5.31728, 8.7344]},
			"faces": {
				"north": {"uv": [4, 4.2, 0, 6.2], "texture": "#1"},
				"east": {"uv": [4, 4.2, 0, 6.2], "texture": "#1"},
				"south": {"uv": [4, 4.2, 0, 6.2], "texture": "#1"},
				"west": {"uv": [4, 4.2, 0, 6.2], "texture": "#1"},
				"up": {"uv": [4, 4.2, 0, 6.2], "texture": "#1"},
				"down": {"uv": [4, 4.2, 0, 6.2], "texture": "#1"}
			}
		},
		{
			"from": [27.58792, 7.57928, 5.0964],
			"to": [28.59176, 8.1812, 6.3964],
			"rotation": {"angle": 0, "axis": "y", "origin": [20.13744, 5.31728, 8.7344]},
			"faces": {
				"north": {"uv": [4, 4.2, 0, 6.2], "texture": "#1"},
				"east": {"uv": [4, 4.2, 0, 6.2], "texture": "#1"},
				"south": {"uv": [4, 4.2, 0, 6.2], "texture": "#1"},
				"west": {"uv": [4, 4.2, 0, 6.2], "texture": "#1"},
				"up": {"uv": [4, 4.2, 0, 6.2], "texture": "#1"},
				"down": {"uv": [4, 4.2, 0, 6.2], "texture": "#1"}
			}
		},
		{
			"from": [27.98792, 7.57928, 4.0964],
			"to": [28.59176, 8.1812, 5.0964],
			"rotation": {"angle": 0, "axis": "y", "origin": [20.13744, 5.31728, 8.7344]},
			"faces": {
				"north": {"uv": [4, 4.2, 0, 6.2], "texture": "#1"},
				"east": {"uv": [4, 4.2, 0, 6.2], "texture": "#1"},
				"south": {"uv": [4, 4.2, 0, 6.2], "texture": "#1"},
				"west": {"uv": [4, 4.2, 0, 6.2], "texture": "#1"},
				"up": {"uv": [4, 4.2, 0, 6.2], "texture": "#1"},
				"down": {"uv": [4, 4.2, 0, 6.2], "texture": "#1"}
			}
		},
		{
			"from": [5.69232, 5.6336, 9.35704],
			"to": [10.20768, 9.13456, 15.6152],
			"rotation": {"angle": -22.5, "axis": "x", "origin": [-4.0384, 3.31056, 4.04648]},
			"faces": {
				"north": {"uv": [0, 4.2, 3.2, 5.9], "texture": "#1"},
				"east": {"uv": [0, 4.2, 3.2, 5.9], "texture": "#1"},
				"south": {"uv": [0, 4.2, 3.2, 5.9], "texture": "#1"},
				"west": {"uv": [0, 4.2, 3.2, 5.9], "texture": "#1"},
				"up": {"uv": [0, 4.2, 3.2, 5.9], "texture": "#1"},
				"down": {"uv": [0, 4.2, 3.2, 5.9], "texture": "#1"}
			}
		},
		{
			"from": [4.48656, 5.51728, 0.2864],
			"to": [11.41344, 9.7812, 3.896],
			"rotation": {"angle": 0, "axis": "y", "origin": [20.0384, 3.31056, 4.04648]},
			"faces": {
				"north": {"uv": [5.6, 4.2, 0, 6.2], "texture": "#1"},
				"east": {"uv": [5.6, 4.2, 0, 6.2], "texture": "#1"},
				"south": {"uv": [5.6, 4.2, 0, 6.2], "texture": "#1"},
				"west": {"uv": [5.6, 4.2, 0, 6.2], "texture": "#1"},
				"up": {"uv": [5.6, 4.2, 0, 6.2], "texture": "#1"},
				"down": {"uv": [5.6, 4.2, 0, 6.2], "texture": "#1"}
			}
		},
		{
			"from": [4.63704, 5.61728, -2.87368],
			"to": [11.26296, 9.63072, 0.73592],
			"rotation": {"angle": 0, "axis": "y", "origin": [20.0384, 3.31056, 4.04648]},
			"faces": {
				"north": {"uv": [5.4, 4.2, 0, 6.2], "texture": "#1"},
				"east": {"uv": [5.4, 4.2, 0, 6.2], "texture": "#1"},
				"south": {"uv": [5.4, 4.2, 0, 6.2], "texture": "#1"},
				"west": {"uv": [5.4, 4.2, 0, 6.2], "texture": "#1"},
				"up": {"uv": [5.4, 4.2, 0, 6.2], "texture": "#1"},
				"down": {"uv": [5.4, 4.2, 0, 6.2], "texture": "#1"}
			}
		},
		{
			"from": [4.88752, 5.71728, -6.03376],
			"to": [11.21248, 9.48024, -2.42416],
			"rotation": {"angle": 0, "axis": "y", "origin": [20.0384, 3.31056, 4.04648]},
			"faces": {
				"north": {"uv": [5.2, 4.2, 0, 6.2], "texture": "#1"},
				"east": {"uv": [5.2, 4.2, 0, 6.2], "texture": "#1"},
				"south": {"uv": [5.2, 4.2, 0, 6.2], "texture": "#1"},
				"west": {"uv": [5.2, 4.2, 0, 6.2], "texture": "#1"},
				"up": {"uv": [5.2, 4.2, 0, 6.2], "texture": "#1"},
				"down": {"uv": [5.2, 4.2, 0, 6.2], "texture": "#1"}
			}
		},
		{
			"from": [6.44184, 5.81632, -9.63376],
			"to": [9.55816, 9.63264, -6.02416],
			"rotation": {"angle": 0, "axis": "y", "origin": [-4.0384, 3.31056, 4.04648]},
			"faces": {
				"north": {"uv": [0, 4.2, 3.4, 6.2], "texture": "#1"},
				"east": {"uv": [0, 4.2, 3.4, 6.2], "texture": "#1"},
				"south": {"uv": [0, 4.2, 3.4, 6.2], "texture": "#1"},
				"west": {"uv": [0, 4.2, 3.4, 6.2], "texture": "#1"},
				"up": {"uv": [0, 4.2, 3.4, 6.2], "texture": "#1"},
				"down": {"uv": [0, 4.2, 3.4, 6.2], "texture": "#1"}
			}
		}
	],
	"display": {
		"thirdperson_righthand": {
			"rotation": [68, 0, 0],
			"translation": [-6.25, 0, 0.25],
			"scale": [2.5, 2.5, 2.5]
		},
		"thirdperson_lefthand": {
			"rotation": [68, 0, 0],
			"translation": [-6, 0, 0.25],
			"scale": [2.5, 2.5, 2.5]
		},
		"firstperson_righthand": {
			"scale": [0.2, 0.2, 0.2]
		},
		"firstperson_lefthand": {
			"scale": [0.2, 0.2, 0.2]
		},
		"gui": {
			"rotation": [92, 180, 0],
			"scale": [0.4, 0.4, 0.4]
		},
		"head": {
			"translation": [0, -15, -13.75],
			"scale": [4, 4, 3.65]
		}
	}
}