{
	"credit": "Made with Blockbench",
	"parent": "117",
	"textures": {
		"0": "minecraft:block/yellow_concrete",
		"1": "minecraft:block/white_shulker_box",
		"2": "minecraft:block/observer_back_on",
		"3": "minecraft:block/dropper_front",
		"4": "minecraft:block/yellow_shulker_box",
		"5": "minecraft:block/blast_furnace_front_on",
		"particle": "minecraft:block/yellow_concrete"
	},
	"elements": [
		{
			"from": [9.77944, 7.93904, 2.38792],
			"to": [11.14824, 11.90856, 11.14824],
			"rotation": {"angle": -22.5, "axis": "x", "origin": [-2.9504, 0, -2.9504]},
			"faces": {
				"north": {"uv": [0, 0, 16, 16], "texture": "#0"},
				"east": {"uv": [0, 0, 16, 16], "texture": "#0"},
				"south": {"uv": [0, 0, 16, 16], "texture": "#0"},
				"west": {"uv": [0, 0, 16, 16], "texture": "#0"},
				"up": {"uv": [0, 0, 16, 16], "texture": "#0"},
				"down": {"uv": [0, 0, 16, 16], "texture": "#0"}
			}
		},
		{
			"from": [5.67304, 8.62344, -7.7412],
			"to": [8.41064, 11.36104, -0.2128],
			"rotation": {"angle": 0, "axis": "x", "origin": [18.9504, 0, -2.9504]},
			"faces": {
				"north": {"uv": [0, 0, 16, 16], "texture": "#0"},
				"east": {"uv": [0, 0, 16, 16], "texture": "#0"},
				"south": {"uv": [0, 0, 16, 16], "texture": "#0"},
				"west": {"uv": [0, 0, 16, 16], "texture": "#0"},
				"up": {"uv": [0, 0, 16, 16], "texture": "#0"},
				"down": {"uv": [0, 0, 16, 16], "texture": "#0"}
			}
		},
		{
			"from": [4.85176, 8.8972, 11.83264],
			"to": [7.04184, 16.01496, 18.67664],
			"rotation": {"angle": 22.5, "axis": "y", "origin": [-2.9504, 0, -2.9504]},
			"faces": {
				"north": {"uv": [0, 0, 16, 16], "texture": "#0"},
				"east": {"uv": [0, 0, 16, 16], "texture": "#0"},
				"south": {"uv": [0, 0, 16, 16], "texture": "#0"},
				"west": {"uv": [0, 0, 16, 16], "texture": "#0"},
				"up": {"uv": [0, 0, 16, 16], "texture": "#0"},
				"down": {"uv": [0, 0, 16, 16], "texture": "#0"}
			}
		},
		{
			"from": [5.9468, 7.80216, 1.42976],
			"to": [8, 9.99224, 7.17872],
			"rotation": {"angle": -45, "axis": "x", "origin": [18.9504, 0, -2.9504]},
			"faces": {
				"north": {"uv": [0, 0, 16, 16], "texture": "#0"},
				"east": {"uv": [0, 0, 16, 16], "texture": "#0"},
				"south": {"uv": [0, 0, 16, 16], "texture": "#0"},
				"west": {"uv": [0, 0, 16, 16], "texture": "#0"},
				"up": {"uv": [0, 0, 16, 16], "texture": "#0"},
				"down": {"uv": [0, 0, 16, 16], "texture": "#0"}
			}
		},
		{
			"from": [9.91632, 7.80216, 1.42976],
			"to": [11.14824, 8.8972, 7.17872],
			"rotation": {"angle": -45, "axis": "x", "origin": [-2.9504, 0, -2.9504]},
			"faces": {
				"north": {"uv": [0, 0, 16, 16], "texture": "#0"},
				"east": {"uv": [0, 0, 16, 16], "texture": "#0"},
				"south": {"uv": [0, 0, 16, 16], "texture": "#0"},
				"west": {"uv": [0, 0, 16, 16], "texture": "#0"},
				"up": {"uv": [0, 0, 16, 16], "texture": "#0"},
				"down": {"uv": [0, 0, 16, 16], "texture": "#0"}
			}
		},
		{
			"from": [5.9468, 7.93904, 2.38792],
			"to": [8, 13.0036, 11.14824],
			"rotation": {"angle": -22.5, "axis": "x", "origin": [18.9504, 0, -2.9504]},
			"faces": {
				"north": {"uv": [0, 0, 16, 16], "texture": "#4"},
				"east": {"uv": [0, 0, 16, 16], "texture": "#4"},
				"south": {"uv": [0, 0, 16, 16], "texture": "#4"},
				"west": {"uv": [0, 0, 16, 16], "texture": "#4"},
				"up": {"uv": [0, 0, 16, 16], "texture": "#4"},
				"down": {"uv": [0, 0, 16, 16], "texture": "#4"}
			}
		},
		{
			"from": [5.9468, 9.03408, 4.71488],
			"to": [8, 17.38376, 12.92768],
			"rotation": {"angle": 0, "axis": "y", "origin": [18.9504, 0, -2.9504]},
			"faces": {
				"north": {"uv": [0, 0, 16, 16], "texture": "#0"},
				"east": {"uv": [0, 0, 16, 16], "texture": "#0"},
				"south": {"uv": [0, 0, 16, 16], "texture": "#0"},
				"west": {"uv": [0, 0, 16, 16], "texture": "#0"},
				"up": {"uv": [0, 0, 16, 16], "texture": "#0"},
				"down": {"uv": [0, 0, 16, 16], "texture": "#0"}
			}
		},
		{
			"from": [9.23192, 8.62344, 4.30424],
			"to": [15.66528, 9.5816, 6.49432],
			"rotation": {"angle": 22.5, "axis": "y", "origin": [-2.9504, 0, -2.9504]},
			"faces": {
				"north": {"uv": [0, 0, 16, 16], "texture": "#0"},
				"east": {"uv": [0, 0, 16, 16], "texture": "#0"},
				"south": {"uv": [0, 0, 16, 16], "texture": "#0"},
				"west": {"uv": [0, 0, 16, 16], "texture": "#0"},
				"up": {"uv": [0, 0, 16, 16], "texture": "#0"},
				"down": {"uv": [0, 0, 16, 16], "texture": "#0"}
			}
		},
		{
			"from": [4.85176, 7.80216, 1.42976],
			"to": [6.08368, 8.8972, 7.17872],
			"rotation": {"angle": -45, "axis": "x", "origin": [18.9504, 0, -2.9504]},
			"faces": {
				"north": {"uv": [0, 0, 16, 16], "texture": "#0"},
				"east": {"uv": [0, 0, 16, 16], "texture": "#0"},
				"south": {"uv": [0, 0, 16, 16], "texture": "#0"},
				"west": {"uv": [0, 0, 16, 16], "texture": "#0"},
				"up": {"uv": [0, 0, 16, 16], "texture": "#0"},
				"down": {"uv": [0, 0, 16, 16], "texture": "#0"}
			}
		},
		{
			"from": [4.85176, 7.93904, 2.38792],
			"to": [6.22056, 11.90856, 11.14824],
			"rotation": {"angle": -22.5, "axis": "x", "origin": [18.9504, 0, -2.9504]},
			"faces": {
				"north": {"uv": [0, 0, 16, 16], "texture": "#0"},
				"east": {"uv": [0, 0, 16, 16], "texture": "#0"},
				"south": {"uv": [0, 0, 16, 16], "texture": "#0"},
				"west": {"uv": [0, 0, 16, 16], "texture": "#0"},
				"up": {"uv": [0, 0, 16, 16], "texture": "#0"},
				"down": {"uv": [0, 0, 16, 16], "texture": "#0"}
			}
		},
		{
			"from": [3.75672, 8.8972, 4.71488],
			"to": [5.9468, 16.83624, 12.92768],
			"rotation": {"angle": 0, "axis": "y", "origin": [18.9504, 0, -2.9504]},
			"faces": {
				"north": {"uv": [0, 0, 9, 2], "texture": "#4"},
				"east": {"uv": [0, 0, 9, 2], "texture": "#4"},
				"south": {"uv": [0, 0, 9, 2], "texture": "#4"},
				"west": {"uv": [0, 0, 9, 2], "texture": "#4"},
				"up": {"uv": [0, 0, 9, 2], "texture": "#4"},
				"down": {"uv": [0, 0, 9, 2], "texture": "#4"}
			}
		},
		{
			"from": [8, 7.80216, 1.42976],
			"to": [10.0532, 9.99224, 7.17872],
			"rotation": {"angle": -45, "axis": "x", "origin": [-2.9504, 0, -2.9504]},
			"faces": {
				"north": {"uv": [0, 0, 16, 16], "texture": "#0"},
				"east": {"uv": [0, 0, 16, 16], "texture": "#0"},
				"south": {"uv": [0, 0, 16, 16], "texture": "#0"},
				"west": {"uv": [0, 0, 16, 16], "texture": "#0"},
				"up": {"uv": [0, 0, 16, 16], "texture": "#0"},
				"down": {"uv": [0, 0, 16, 16], "texture": "#0"}
			}
		},
		{
			"from": [8, 7.93904, 2.38792],
			"to": [10.0532, 13.0036, 11.14824],
			"rotation": {"angle": -22.5, "axis": "x", "origin": [-2.9504, 0, -2.9504]},
			"faces": {
				"north": {"uv": [16, 0, 0, 16], "texture": "#4"},
				"east": {"uv": [16, 0, 0, 16], "texture": "#4"},
				"south": {"uv": [16, 0, 0, 16], "texture": "#4"},
				"west": {"uv": [16, 0, 0, 16], "texture": "#4"},
				"up": {"uv": [16, 0, 0, 16], "texture": "#4"},
				"down": {"uv": [16, 0, 0, 16], "texture": "#4"}
			}
		},
		{
			"from": [4.44112, 8.62344, -8.4256],
			"to": [5.67304, 9.99224, -0.2128],
			"rotation": {"angle": 0, "axis": "y", "origin": [18.9504, 0, -2.9504]},
			"faces": {
				"north": {"uv": [0, 0, 9, 2], "texture": "#4"},
				"east": {"uv": [0, 0, 9, 2], "texture": "#4"},
				"south": {"uv": [0, 0, 9, 2], "texture": "#4"},
				"west": {"uv": [0, 0, 9, 2], "texture": "#4"},
				"up": {"uv": [0, 0, 9, 2], "texture": "#4"},
				"down": {"uv": [0, 0, 9, 2], "texture": "#4"}
			}
		},
		{
			"from": [8, 8.62344, -9.11],
			"to": [10.32696, 10.266, -7.7412],
			"rotation": {"angle": 0, "axis": "x", "origin": [-2.9504, 0, -2.9504]},
			"faces": {
				"north": {"uv": [9, 0, 0, 2], "texture": "#4"},
				"east": {"uv": [9, 0, 0, 2], "texture": "#4"},
				"south": {"uv": [9, 0, 0, 2], "texture": "#4"},
				"west": {"uv": [9, 0, 0, 2], "texture": "#4"},
				"up": {"uv": [9, 0, 0, 2], "texture": "#4"},
				"down": {"uv": [9, 0, 0, 2], "texture": "#4"}
			}
		},
		{
			"from": [-4.04544, 8.62344, -6.09864],
			"to": [4.71488, 9.5816, -1.30784],
			"rotation": {"angle": 0, "axis": "y", "origin": [18.9504, 0, -2.9504]},
			"faces": {
				"north": {"uv": [0, 0, 16, 16], "texture": "#0"},
				"east": {"uv": [0, 0, 16, 16], "texture": "#0"},
				"south": {"uv": [0, 0, 16, 16], "texture": "#0"},
				"west": {"uv": [0, 0, 16, 16], "texture": "#0"},
				"up": {"uv": [0, 0, 16, 16], "texture": "#0"},
				"down": {"uv": [0, 0, 16, 16], "texture": "#0"}
			}
		},
		{
			"from": [10.32696, 8.62344, -8.4256],
			"to": [11.55888, 9.99224, -0.2128],
			"rotation": {"angle": 0, "axis": "y", "origin": [-2.9504, 0, -2.9504]},
			"faces": {
				"north": {"uv": [9, 0, 0, 2], "texture": "#4"},
				"east": {"uv": [9, 0, 0, 2], "texture": "#4"},
				"south": {"uv": [9, 0, 0, 2], "texture": "#4"},
				"west": {"uv": [9, 0, 0, 2], "texture": "#4"},
				"up": {"uv": [9, 0, 0, 2], "texture": "#4"},
				"down": {"uv": [9, 0, 0, 2], "texture": "#4"}
			}
		},
		{
			"from": [-2.57261, 7.85691, -6.59141],
			"to": [-1.80608, 8.62344, -2.3755],
			"rotation": {"angle": 0, "axis": "y", "origin": [-6.29027, 3.83264, -5.05835]},
			"faces": {
				"north": {"uv": [0, 0, 16, 16], "texture": "#1"},
				"east": {"uv": [0, 0, 16, 16], "texture": "#1"},
				"south": {"uv": [0, 0, 16, 16], "texture": "#1"},
				"west": {"uv": [0, 0, 16, 16], "texture": "#1"},
				"up": {"uv": [0, 0, 16, 16], "texture": "#1"},
				"down": {"uv": [0, 0, 16, 16], "texture": "#1"}
			}
		},
		{
			"from": [-2.53428, 8.62344, -6.59141],
			"to": [-1.84441, 8.70009, -2.3755],
			"rotation": {"angle": 0, "axis": "y", "origin": [-6.29027, 3.83264, -5.05835]},
			"faces": {
				"north": {"uv": [0, 0, 16, 16], "texture": "#1"},
				"east": {"uv": [0, 0, 16, 16], "texture": "#1"},
				"south": {"uv": [0, 0, 16, 16], "texture": "#1"},
				"west": {"uv": [0, 0, 16, 16], "texture": "#1"},
				"up": {"uv": [0, 0, 16, 16], "texture": "#1"},
				"down": {"uv": [0, 0, 16, 16], "texture": "#1"}
			}
		},
		{
			"from": [-5.14048, 7.85691, -6.59141],
			"to": [-4.37395, 8.62344, -2.3755],
			"rotation": {"angle": 0, "axis": "y", "origin": [-6.29027, 3.83264, -5.05835]},
			"faces": {
				"north": {"uv": [0, 0, 16, 16], "texture": "#1"},
				"east": {"uv": [0, 0, 16, 16], "texture": "#1"},
				"south": {"uv": [0, 0, 16, 16], "texture": "#1"},
				"west": {"uv": [0, 0, 16, 16], "texture": "#1"},
				"up": {"uv": [0, 0, 16, 16], "texture": "#1"},
				"down": {"uv": [0, 0, 16, 16], "texture": "#1"}
			}
		},
		{
			"from": [-5.10215, 8.62344, -6.59141],
			"to": [-4.41228, 8.70009, -2.3755],
			"rotation": {"angle": 0, "axis": "y", "origin": [-6.29027, 3.83264, -5.05835]},
			"faces": {
				"north": {"uv": [0, 0, 16, 16], "texture": "#1"},
				"east": {"uv": [0, 0, 16, 16], "texture": "#1"},
				"south": {"uv": [0, 0, 16, 16], "texture": "#1"},
				"west": {"uv": [0, 0, 16, 16], "texture": "#1"},
				"up": {"uv": [0, 0, 16, 16], "texture": "#1"},
				"down": {"uv": [0, 0, 16, 16], "texture": "#1"}
			}
		},
		{
			"from": [-5.06383, 8.24018, -5.51827],
			"to": [-1.92106, 9.6911, -2.3755],
			"rotation": {"angle": 0, "axis": "y", "origin": [-6.29027, 3.83264, -5.05835]},
			"faces": {
				"north": {"uv": [0, 0, 16, 16], "texture": "#0"},
				"east": {"uv": [0, 0, 16, 16], "texture": "#0"},
				"south": {"uv": [0, 0, 16, 16], "texture": "#0"},
				"west": {"uv": [0, 0, 16, 16], "texture": "#0"},
				"up": {"uv": [0, 0, 16, 16], "texture": "#0"},
				"down": {"uv": [0, 0, 16, 16], "texture": "#0"}
			}
		},
		{
			"from": [-6.67354, 8.24018, -3.87023],
			"to": [-3.53077, 9.6911, -0.72747],
			"rotation": {"angle": 45, "axis": "y", "origin": [-6.29027, 3.83264, -5.05835]},
			"faces": {
				"north": {"uv": [0, 0, 9, 2], "texture": "#4"},
				"east": {"uv": [0, 0, 9, 2], "texture": "#4"},
				"south": {"uv": [0, 0, 9, 2], "texture": "#4"},
				"west": {"uv": [0, 0, 9, 2], "texture": "#4"},
				"up": {"uv": [0, 0, 9, 2], "texture": "#4"},
				"down": {"uv": [0, 0, 9, 2], "texture": "#4"}
			}
		},
		{
			"from": [-4.98717, 9.0067, -5.44162],
			"to": [-1.99772, 9.95939, -2.45216],
			"rotation": {"angle": 0, "axis": "y", "origin": [-6.29027, 3.83264, -5.05835]},
			"faces": {
				"north": {"uv": [0, 0, 9, 2], "texture": "#4"},
				"east": {"uv": [0, 0, 9, 2], "texture": "#4"},
				"south": {"uv": [0, 0, 9, 2], "texture": "#4"},
				"west": {"uv": [0, 0, 9, 2], "texture": "#4"},
				"up": {"uv": [0, 0, 9, 2], "texture": "#4"},
				"down": {"uv": [0, 0, 9, 2], "texture": "#4"}
			}
		},
		{
			"from": [-2.53428, 8.76032, -2.63831],
			"to": [-1.84441, 8.83697, 1.57759],
			"rotation": {"angle": -22.5, "axis": "x", "origin": [-6.29027, 3.83264, -5.05835]},
			"faces": {
				"north": {"uv": [0, 0, 16, 16], "texture": "#0"},
				"east": {"uv": [0, 0, 16, 16], "texture": "#0"},
				"south": {"uv": [0, 0, 16, 16], "texture": "#0"},
				"west": {"uv": [0, 0, 16, 16], "texture": "#0"},
				"up": {"uv": [0, 0, 16, 16], "texture": "#0"},
				"down": {"uv": [0, 0, 16, 16], "texture": "#0"}
			}
		},
		{
			"from": [-5.14048, 8.76032, -2.63831],
			"to": [-4.4506, 8.83697, 1.57759],
			"rotation": {"angle": -22.5, "axis": "x", "origin": [-6.29027, 3.83264, -5.05835]},
			"faces": {
				"north": {"uv": [0, 0, 16, 16], "texture": "#0"},
				"east": {"uv": [0, 0, 16, 16], "texture": "#0"},
				"south": {"uv": [0, 0, 16, 16], "texture": "#0"},
				"west": {"uv": [0, 0, 16, 16], "texture": "#0"},
				"up": {"uv": [0, 0, 16, 16], "texture": "#0"},
				"down": {"uv": [0, 0, 16, 16], "texture": "#0"}
			}
		},
		{
			"from": [-2.41931, 8.01022, -6.85969],
			"to": [-1.99772, 8.47013, -6.59141],
			"rotation": {"angle": 0, "axis": "y", "origin": [-6.29027, 3.83264, -5.05835]},
			"faces": {
				"north": {"uv": [4, 8, 12, 13], "texture": "#3"},
				"east": {"uv": [4, 8, 12, 13], "texture": "#1"},
				"south": {"uv": [4, 8, 12, 13], "texture": "#1"},
				"west": {"uv": [4, 8, 12, 13], "texture": "#1"},
				"up": {"uv": [4, 8, 12, 13], "texture": "#1"},
				"down": {"uv": [4, 8, 12, 13], "texture": "#1"}
			}
		},
		{
			"from": [-4.94885, 8.01022, -6.85969],
			"to": [-4.52726, 8.47013, -6.59141],
			"rotation": {"angle": 0, "axis": "y", "origin": [-6.29027, 3.83264, -5.05835]},
			"faces": {
				"north": {"uv": [4, 8, 12, 13], "texture": "#3"},
				"east": {"uv": [4, 8, 12, 13], "texture": "#1"},
				"south": {"uv": [4, 8, 12, 13], "texture": "#1"},
				"west": {"uv": [4, 8, 12, 13], "texture": "#1"},
				"up": {"uv": [4, 8, 12, 13], "texture": "#1"},
				"down": {"uv": [4, 8, 12, 13], "texture": "#1"}
			}
		},
		{
			"from": [-3.68408, 8.35516, -6.20814],
			"to": [-3.26249, 8.81507, -5.93986],
			"rotation": {"angle": 0, "axis": "y", "origin": [-6.29027, 3.83264, -5.05835]},
			"faces": {
				"north": {"uv": [5, 5, 11, 11], "texture": "#2"},
				"east": {"uv": [0, 0, 16, 16], "texture": "#0"},
				"south": {"uv": [0, 0, 16, 16], "texture": "#0"},
				"west": {"uv": [0, 0, 16, 16], "texture": "#0"},
				"up": {"uv": [0, 0, 16, 16], "texture": "#0"},
				"down": {"uv": [0, 0, 16, 16], "texture": "#0"}
			}
		},
		{
			"from": [17.80608, 7.85691, -6.59141],
			"to": [18.57261, 8.62344, -2.3755],
			"rotation": {"angle": 0, "axis": "y", "origin": [22.29027, 3.83264, -5.05835]},
			"faces": {
				"north": {"uv": [16, 0, 0, 16], "texture": "#1"},
				"east": {"uv": [16, 0, 0, 16], "texture": "#1"},
				"south": {"uv": [16, 0, 0, 16], "texture": "#1"},
				"west": {"uv": [16, 0, 0, 16], "texture": "#1"},
				"up": {"uv": [16, 0, 0, 16], "texture": "#1"},
				"down": {"uv": [16, 0, 0, 16], "texture": "#1"}
			}
		},
		{
			"from": [17.84441, 8.62344, -6.59141],
			"to": [18.53428, 8.70009, -2.3755],
			"rotation": {"angle": 0, "axis": "y", "origin": [22.29027, 3.83264, -5.05835]},
			"faces": {
				"north": {"uv": [16, 0, 0, 16], "texture": "#1"},
				"east": {"uv": [16, 0, 0, 16], "texture": "#1"},
				"south": {"uv": [16, 0, 0, 16], "texture": "#1"},
				"west": {"uv": [16, 0, 0, 16], "texture": "#1"},
				"up": {"uv": [16, 0, 0, 16], "texture": "#1"},
				"down": {"uv": [16, 0, 0, 16], "texture": "#1"}
			}
		},
		{
			"from": [20.37395, 7.85691, -6.59141],
			"to": [21.14048, 8.62344, -2.3755],
			"rotation": {"angle": 0, "axis": "y", "origin": [22.29027, 3.83264, -5.05835]},
			"faces": {
				"north": {"uv": [16, 0, 0, 16], "texture": "#1"},
				"east": {"uv": [16, 0, 0, 16], "texture": "#1"},
				"south": {"uv": [16, 0, 0, 16], "texture": "#1"},
				"west": {"uv": [16, 0, 0, 16], "texture": "#1"},
				"up": {"uv": [16, 0, 0, 16], "texture": "#1"},
				"down": {"uv": [16, 0, 0, 16], "texture": "#1"}
			}
		},
		{
			"from": [20.41228, 8.62344, -6.59141],
			"to": [21.10215, 8.70009, -2.3755],
			"rotation": {"angle": 0, "axis": "y", "origin": [22.29027, 3.83264, -5.05835]},
			"faces": {
				"north": {"uv": [16, 0, 0, 16], "texture": "#1"},
				"east": {"uv": [16, 0, 0, 16], "texture": "#1"},
				"south": {"uv": [16, 0, 0, 16], "texture": "#1"},
				"west": {"uv": [16, 0, 0, 16], "texture": "#1"},
				"up": {"uv": [16, 0, 0, 16], "texture": "#1"},
				"down": {"uv": [16, 0, 0, 16], "texture": "#1"}
			}
		},
		{
			"from": [17.92106, 8.24018, -5.51827],
			"to": [21.06383, 9.6911, -2.3755],
			"rotation": {"angle": 0, "axis": "y", "origin": [22.29027, 3.83264, -5.05835]},
			"faces": {
				"north": {"uv": [0, 0, 16, 16], "texture": "#0"},
				"east": {"uv": [0, 0, 16, 16], "texture": "#0"},
				"south": {"uv": [0, 0, 16, 16], "texture": "#0"},
				"west": {"uv": [0, 0, 16, 16], "texture": "#0"},
				"up": {"uv": [0, 0, 16, 16], "texture": "#0"},
				"down": {"uv": [0, 0, 16, 16], "texture": "#0"}
			}
		},
		{
			"from": [19.53077, 8.24018, -3.87023],
			"to": [22.67354, 9.6911, -0.72747],
			"rotation": {"angle": -45, "axis": "y", "origin": [22.29027, 3.83264, -5.05835]},
			"faces": {
				"north": {"uv": [9, 0, 0, 2], "texture": "#4"},
				"east": {"uv": [9, 0, 0, 2], "texture": "#4"},
				"south": {"uv": [9, 0, 0, 2], "texture": "#4"},
				"west": {"uv": [9, 0, 0, 2], "texture": "#4"},
				"up": {"uv": [9, 0, 0, 2], "texture": "#4"},
				"down": {"uv": [9, 0, 0, 2], "texture": "#4"}
			}
		},
		{
			"from": [17.99772, 9.0067, -5.44162],
			"to": [20.98717, 9.95939, -2.45216],
			"rotation": {"angle": 0, "axis": "y", "origin": [22.29027, 3.83264, -5.05835]},
			"faces": {
				"north": {"uv": [9, 0, 0, 2], "texture": "#4"},
				"east": {"uv": [9, 0, 0, 2], "texture": "#4"},
				"south": {"uv": [9, 0, 0, 2], "texture": "#4"},
				"west": {"uv": [9, 0, 0, 2], "texture": "#4"},
				"up": {"uv": [9, 0, 0, 2], "texture": "#4"},
				"down": {"uv": [9, 0, 0, 2], "texture": "#4"}
			}
		},
		{
			"from": [17.84441, 8.76032, -2.63831],
			"to": [18.53428, 8.83697, 1.57759],
			"rotation": {"angle": -22.5, "axis": "x", "origin": [22.29027, 3.83264, -5.05835]},
			"faces": {
				"north": {"uv": [0, 0, 16, 16], "texture": "#0"},
				"east": {"uv": [0, 0, 16, 16], "texture": "#0"},
				"south": {"uv": [0, 0, 16, 16], "texture": "#0"},
				"west": {"uv": [0, 0, 16, 16], "texture": "#0"},
				"up": {"uv": [0, 0, 16, 16], "texture": "#0"},
				"down": {"uv": [0, 0, 16, 16], "texture": "#0"}
			}
		},
		{
			"from": [20.4506, 8.76032, -2.63831],
			"to": [21.14048, 8.83697, 1.57759],
			"rotation": {"angle": -22.5, "axis": "x", "origin": [22.29027, 3.83264, -5.05835]},
			"faces": {
				"north": {"uv": [0, 0, 16, 16], "texture": "#0"},
				"east": {"uv": [0, 0, 16, 16], "texture": "#0"},
				"south": {"uv": [0, 0, 16, 16], "texture": "#0"},
				"west": {"uv": [0, 0, 16, 16], "texture": "#0"},
				"up": {"uv": [0, 0, 16, 16], "texture": "#0"},
				"down": {"uv": [0, 0, 16, 16], "texture": "#0"}
			}
		},
		{
			"from": [17.99772, 8.01022, -6.85969],
			"to": [18.41931, 8.47013, -6.59141],
			"rotation": {"angle": 0, "axis": "y", "origin": [22.29027, 3.83264, -5.05835]},
			"faces": {
				"north": {"uv": [12, 8, 4, 13], "texture": "#3"},
				"east": {"uv": [12, 8, 4, 13], "texture": "#1"},
				"south": {"uv": [12, 8, 4, 13], "texture": "#1"},
				"west": {"uv": [12, 8, 4, 13], "texture": "#1"},
				"up": {"uv": [12, 8, 4, 13], "texture": "#1"},
				"down": {"uv": [12, 8, 4, 13], "texture": "#1"}
			}
		},
		{
			"from": [20.52726, 8.01022, -6.85969],
			"to": [20.94885, 8.47013, -6.59141],
			"rotation": {"angle": 0, "axis": "y", "origin": [22.29027, 3.83264, -5.05835]},
			"faces": {
				"north": {"uv": [12, 8, 4, 13], "texture": "#3"},
				"east": {"uv": [12, 8, 4, 13], "texture": "#1"},
				"south": {"uv": [12, 8, 4, 13], "texture": "#1"},
				"west": {"uv": [12, 8, 4, 13], "texture": "#1"},
				"up": {"uv": [12, 8, 4, 13], "texture": "#1"},
				"down": {"uv": [12, 8, 4, 13], "texture": "#1"}
			}
		},
		{
			"from": [19.26249, 8.35516, -6.20814],
			"to": [19.68408, 8.81507, -5.93986],
			"rotation": {"angle": 0, "axis": "y", "origin": [22.29027, 3.83264, -5.05835]},
			"faces": {
				"north": {"uv": [11, 5, 5, 11], "texture": "#2"},
				"east": {"uv": [16, 0, 0, 16], "texture": "#0"},
				"south": {"uv": [16, 0, 0, 16], "texture": "#0"},
				"west": {"uv": [16, 0, 0, 16], "texture": "#0"},
				"up": {"uv": [16, 0, 0, 16], "texture": "#0"},
				"down": {"uv": [16, 0, 0, 16], "texture": "#0"}
			}
		},
		{
			"from": [1.29288, 10.266, 12.92768],
			"to": [8, 18.20504, 21.14048],
			"rotation": {"angle": 0, "axis": "y", "origin": [18.9504, 0, -2.9504]},
			"faces": {
				"north": {"uv": [0, 0, 9, 2], "texture": "#4"},
				"east": {"uv": [0, 0, 9, 2], "texture": "#4"},
				"south": {"uv": [0, 0, 9, 2], "texture": "#4"},
				"west": {"uv": [0, 0, 9, 2], "texture": "#4"},
				"up": {"uv": [0, 0, 9, 2], "texture": "#4"},
				"down": {"uv": [0, 0, 9, 2], "texture": "#4"}
			}
		},
		{
			"from": [8, 9.03408, -4.18232],
			"to": [11.83264, 12.59296, 4.71488],
			"rotation": {"angle": 0, "axis": "y", "origin": [-2.9504, 0, -2.9504]},
			"faces": {
				"north": {"uv": [9, 0, 0, 2], "texture": "#4"},
				"east": {"uv": [9, 0, 0, 2], "texture": "#4"},
				"south": {"uv": [9, 0, 0, 2], "texture": "#4"},
				"west": {"uv": [9, 0, 0, 2], "texture": "#4"},
				"up": {"uv": [9, 0, 0, 2], "texture": "#4"},
				"down": {"uv": [9, 0, 0, 2], "texture": "#4"}
			}
		},
		{
			"from": [4.16736, 9.03408, -4.18232],
			"to": [8, 12.59296, 4.71488],
			"rotation": {"angle": 0, "axis": "y", "origin": [18.9504, 0, -2.9504]},
			"faces": {
				"north": {"uv": [0, 0, 9, 2], "texture": "#4"},
				"east": {"uv": [0, 0, 9, 2], "texture": "#4"},
				"south": {"uv": [0, 0, 9, 2], "texture": "#4"},
				"west": {"uv": [0, 0, 9, 2], "texture": "#4"},
				"up": {"uv": [0, 0, 9, 2], "texture": "#4"},
				"down": {"uv": [0, 0, 9, 2], "texture": "#4"}
			}
		},
		{
			"from": [8, 9.03408, 4.71488],
			"to": [10.0532, 17.38376, 12.92768],
			"rotation": {"angle": 0, "axis": "y", "origin": [-2.9504, 0, -2.9504]},
			"faces": {
				"north": {"uv": [0, 0, 16, 16], "texture": "#0"},
				"east": {"uv": [0, 0, 16, 16], "texture": "#0"},
				"south": {"uv": [0, 0, 16, 16], "texture": "#0"},
				"west": {"uv": [0, 0, 16, 16], "texture": "#0"},
				"up": {"uv": [0, 0, 16, 16], "texture": "#0"},
				"down": {"uv": [0, 0, 16, 16], "texture": "#0"}
			}
		},
		{
			"from": [5.67304, 8.62344, -9.11],
			"to": [8, 10.266, -7.7412],
			"rotation": {"angle": 0, "axis": "x", "origin": [18.9504, 0, -2.9504]},
			"faces": {
				"north": {"uv": [0, 0, 9, 2], "texture": "#4"},
				"east": {"uv": [0, 0, 9, 2], "texture": "#4"},
				"south": {"uv": [0, 0, 9, 2], "texture": "#4"},
				"west": {"uv": [0, 0, 9, 2], "texture": "#4"},
				"up": {"uv": [0, 0, 9, 2], "texture": "#4"},
				"down": {"uv": [0, 0, 9, 2], "texture": "#4"}
			}
		},
		{
			"from": [7.58936, 8.62344, -7.7412],
			"to": [10.32696, 11.36104, -0.2128],
			"rotation": {"angle": 0, "axis": "y", "origin": [-2.9504, 0, -2.9504]},
			"faces": {
				"north": {"uv": [0, 0, 16, 16], "texture": "#0"},
				"east": {"uv": [0, 0, 16, 16], "texture": "#0"},
				"south": {"uv": [0, 0, 16, 16], "texture": "#0"},
				"west": {"uv": [0, 0, 16, 16], "texture": "#0"},
				"up": {"uv": [0, 0, 16, 16], "texture": "#0"},
				"down": {"uv": [0, 0, 16, 16], "texture": "#0"}
			}
		},
		{
			"from": [-3.90856, 10.67664, 12.51704],
			"to": [0.60848, 16.15184, 22.23552],
			"rotation": {"angle": 0, "axis": "y", "origin": [18.9504, 0, -2.9504]},
			"faces": {
				"north": {"uv": [0, 0, 3, 16], "texture": "#4"},
				"east": {"uv": [0, 0, 3, 16], "texture": "#4"},
				"south": {"uv": [0, 0, 3, 16], "texture": "#4"},
				"west": {"uv": [0, 0, 3, 16], "texture": "#4"},
				"up": {"uv": [0, 0, 3, 16], "texture": "#4"},
				"down": {"uv": [0, 0, 3, 16], "texture": "#4"}
			}
		},
		{
			"from": [8, 8.76032, 12.92768],
			"to": [12.24328, 10.266, 20.72984],
			"rotation": {"angle": 0, "axis": "y", "origin": [-2.9504, 0, -2.9504]},
			"faces": {
				"north": {"uv": [0, 0, 16, 16], "texture": "#0"},
				"east": {"uv": [0, 0, 16, 16], "texture": "#0"},
				"south": {"uv": [0, 0, 16, 16], "texture": "#0"},
				"west": {"uv": [0, 0, 16, 16], "texture": "#0"},
				"up": {"uv": [0, 0, 16, 16], "texture": "#0"},
				"down": {"uv": [0, 0, 16, 16], "texture": "#0"}
			}
		},
		{
			"from": [-3.90856, 15.46744, 4.98864],
			"to": [0.60848, 20.94264, 7.58936],
			"rotation": {"angle": 22.5, "axis": "x", "origin": [18.9504, 0, -2.9504]},
			"faces": {
				"north": {"uv": [5, 7, 12, 13], "rotation": 270, "texture": "#5"},
				"east": {"uv": [0, 0, 16, 16], "rotation": 270, "texture": "#0"},
				"south": {"uv": [0, 0, 16, 16], "rotation": 270, "texture": "#0"},
				"west": {"uv": [0, 0, 16, 16], "rotation": 270, "texture": "#0"},
				"up": {"uv": [0, 0, 16, 16], "rotation": 270, "texture": "#0"},
				"down": {"uv": [0, 0, 16, 16], "rotation": 270, "texture": "#0"}
			}
		},
		{
			"from": [15.66528, 11.36104, 21.82488],
			"to": [19.6348, 13.55112, 24.56248],
			"rotation": {"angle": 0, "axis": "y", "origin": [-2.9504, 0, -2.9504]},
			"faces": {
				"north": {"uv": [5, 3, 0, 8], "texture": "#2"},
				"east": {"uv": [5, 3, 0, 8], "texture": "#2"},
				"south": {"uv": [12, 8, 4, 13], "texture": "#3"},
				"west": {"uv": [5, 3, 0, 8], "texture": "#2"},
				"up": {"uv": [5, 3, 0, 8], "texture": "#2"},
				"down": {"uv": [5, 3, 0, 8], "texture": "#2"}
			}
		},
		{
			"from": [3.75672, 8.76032, 12.92768],
			"to": [8, 10.266, 20.72984],
			"rotation": {"angle": 0, "axis": "y", "origin": [18.9504, 0, -2.9504]},
			"faces": {
				"north": {"uv": [16, 0, 0, 16], "texture": "#0"},
				"east": {"uv": [16, 0, 0, 16], "texture": "#0"},
				"south": {"uv": [16, 0, 0, 16], "texture": "#0"},
				"west": {"uv": [16, 0, 0, 16], "texture": "#0"},
				"up": {"uv": [16, 0, 0, 16], "texture": "#0"},
				"down": {"uv": [16, 0, 0, 16], "texture": "#0"}
			}
		},
		{
			"from": [14.70712, 11.90856, 13.4752],
			"to": [15.5284, 15.33056, 20.59296],
			"rotation": {"angle": 0, "axis": "y", "origin": [-2.9504, 0, -2.9504]},
			"faces": {
				"north": {"uv": [0, 0, 16, 16], "texture": "#0"},
				"east": {"uv": [0, 0, 16, 16], "texture": "#0"},
				"south": {"uv": [0, 0, 16, 16], "texture": "#0"},
				"west": {"uv": [0, 0, 16, 16], "texture": "#0"},
				"up": {"uv": [0, 0, 16, 16], "texture": "#0"},
				"down": {"uv": [0, 0, 16, 16], "texture": "#0"}
			}
		},
		{
			"from": [-3.6348, 13.82488, 22.23552],
			"to": [0.33472, 16.01496, 24.97312],
			"rotation": {"angle": 0, "axis": "y", "origin": [18.9504, 0, -2.9504]},
			"faces": {
				"north": {"uv": [0, 3, 5, 8], "texture": "#2"},
				"east": {"uv": [0, 3, 5, 8], "texture": "#2"},
				"south": {"uv": [4, 8, 12, 13], "texture": "#3"},
				"west": {"uv": [0, 3, 5, 8], "texture": "#2"},
				"up": {"uv": [0, 3, 5, 8], "texture": "#2"},
				"down": {"uv": [0, 3, 5, 8], "texture": "#2"}
			}
		},
		{
			"from": [15.11776, 16.15184, -1.85536],
			"to": [19.6348, 18.06816, -0.8972],
			"rotation": {"angle": 45, "axis": "x", "origin": [-2.9504, 0, -2.9504]},
			"faces": {
				"north": {"uv": [5, 13, 8, 7], "rotation": 90, "texture": "#5"},
				"east": {"uv": [16, 0, 0, 16], "texture": "#0"},
				"south": {"uv": [16, 0, 0, 16], "texture": "#0"},
				"west": {"uv": [16, 0, 0, 16], "texture": "#0"},
				"up": {"uv": [16, 0, 0, 16], "texture": "#0"},
				"down": {"uv": [16, 0, 0, 16], "texture": "#0"}
			}
		},
		{
			"from": [-3.6348, 11.36104, 21.82488],
			"to": [0.33472, 13.55112, 24.56248],
			"rotation": {"angle": 0, "axis": "y", "origin": [18.9504, 0, -2.9504]},
			"faces": {
				"north": {"uv": [0, 3, 5, 8], "texture": "#2"},
				"east": {"uv": [0, 3, 5, 8], "texture": "#2"},
				"south": {"uv": [4, 8, 12, 13], "texture": "#3"},
				"west": {"uv": [0, 3, 5, 8], "texture": "#2"},
				"up": {"uv": [0, 3, 5, 8], "texture": "#2"},
				"down": {"uv": [0, 3, 5, 8], "texture": "#2"}
			}
		},
		{
			"from": [15.66528, 13.82488, 22.23552],
			"to": [19.6348, 16.01496, 24.97312],
			"rotation": {"angle": 0, "axis": "y", "origin": [-2.9504, 0, -2.9504]},
			"faces": {
				"north": {"uv": [5, 3, 0, 8], "texture": "#2"},
				"east": {"uv": [5, 3, 0, 8], "texture": "#2"},
				"south": {"uv": [12, 8, 4, 13], "texture": "#3"},
				"west": {"uv": [5, 3, 0, 8], "texture": "#2"},
				"up": {"uv": [5, 3, 0, 8], "texture": "#2"},
				"down": {"uv": [5, 3, 0, 8], "texture": "#2"}
			}
		},
		{
			"from": [0.33472, 8.62344, 4.30424],
			"to": [6.76808, 9.5816, 6.49432],
			"rotation": {"angle": -22.5, "axis": "y", "origin": [18.9504, 0, -2.9504]},
			"faces": {
				"north": {"uv": [0, 0, 16, 16], "texture": "#0"},
				"east": {"uv": [0, 0, 16, 16], "texture": "#0"},
				"south": {"uv": [0, 0, 16, 16], "texture": "#0"},
				"west": {"uv": [0, 0, 16, 16], "texture": "#0"},
				"up": {"uv": [0, 0, 16, 16], "texture": "#0"},
				"down": {"uv": [0, 0, 16, 16], "texture": "#0"}
			}
		},
		{
			"from": [11.28512, 8.62344, -6.09864],
			"to": [20.04544, 9.5816, -1.30784],
			"rotation": {"angle": 0, "axis": "y", "origin": [-2.9504, 0, -2.9504]},
			"faces": {
				"north": {"uv": [0, 0, 16, 16], "texture": "#0"},
				"east": {"uv": [0, 0, 16, 16], "texture": "#0"},
				"south": {"uv": [0, 0, 16, 16], "texture": "#0"},
				"west": {"uv": [0, 0, 16, 16], "texture": "#0"},
				"up": {"uv": [0, 0, 16, 16], "texture": "#0"},
				"down": {"uv": [0, 0, 16, 16], "texture": "#0"}
			}
		},
		{
			"from": [15.39152, 15.46744, 4.98864],
			"to": [19.90856, 20.94264, 7.58936],
			"rotation": {"angle": 22.5, "axis": "x", "origin": [-2.9504, 0, -2.9504]},
			"faces": {
				"north": {"uv": [5, 13, 12, 7], "rotation": 270, "texture": "#5"},
				"east": {"uv": [0, 16, 16, 0], "rotation": 270, "texture": "#0"},
				"south": {"uv": [0, 16, 16, 0], "rotation": 270, "texture": "#0"},
				"west": {"uv": [0, 16, 16, 0], "rotation": 270, "texture": "#0"},
				"up": {"uv": [0, 16, 16, 0], "rotation": 270, "texture": "#0"},
				"down": {"uv": [0, 16, 16, 0], "rotation": 270, "texture": "#0"}
			}
		},
		{
			"from": [-3.6348, 16.15184, -1.85536],
			"to": [0.88224, 18.06816, -0.8972],
			"rotation": {"angle": 45, "axis": "x", "origin": [18.9504, 0, -2.9504]},
			"faces": {
				"north": {"uv": [5, 7, 8, 13], "rotation": 90, "texture": "#5"},
				"east": {"uv": [0, 0, 16, 16], "texture": "#0"},
				"south": {"uv": [0, 0, 16, 16], "texture": "#0"},
				"west": {"uv": [0, 0, 16, 16], "texture": "#0"},
				"up": {"uv": [0, 0, 16, 16], "texture": "#0"},
				"down": {"uv": [0, 0, 16, 16], "texture": "#0"}
			}
		},
		{
			"from": [0.4716, 11.90856, 13.4752],
			"to": [1.29288, 15.33056, 20.59296],
			"rotation": {"angle": 0, "axis": "y", "origin": [18.9504, 0, -2.9504]},
			"faces": {
				"north": {"uv": [0, 0, 16, 16], "texture": "#0"},
				"east": {"uv": [0, 0, 16, 16], "texture": "#0"},
				"south": {"uv": [0, 0, 16, 16], "texture": "#0"},
				"west": {"uv": [0, 0, 16, 16], "texture": "#0"},
				"up": {"uv": [0, 0, 16, 16], "texture": "#0"},
				"down": {"uv": [0, 0, 16, 16], "texture": "#0"}
			}
		},
		{
			"from": [8, 10.266, 12.92768],
			"to": [14.70712, 18.20504, 21.14048],
			"rotation": {"angle": 0, "axis": "y", "origin": [-2.9504, 0, -2.9504]},
			"faces": {
				"north": {"uv": [9, 0, 0, 2], "texture": "#4"},
				"east": {"uv": [9, 0, 0, 2], "texture": "#4"},
				"south": {"uv": [9, 0, 0, 2], "texture": "#4"},
				"west": {"uv": [9, 0, 0, 2], "texture": "#4"},
				"up": {"uv": [9, 0, 0, 2], "texture": "#4"},
				"down": {"uv": [9, 0, 0, 2], "texture": "#4"}
			}
		},
		{
			"from": [-3.6348, 10.40288, 9.23192],
			"to": [0.88224, 10.67664, 22.23552],
			"rotation": {"angle": 0, "axis": "y", "origin": [18.9504, 0, -2.9504]},
			"faces": {
				"north": {"uv": [0, 0, 16, 3], "texture": "#5"},
				"east": {"uv": [0, 0, 16, 3], "texture": "#5"},
				"south": {"uv": [0, 0, 16, 3], "texture": "#5"},
				"west": {"uv": [0, 0, 16, 3], "texture": "#5"},
				"up": {"uv": [0, 0, 16, 3], "texture": "#5"},
				"down": {"uv": [0, 0, 16, 3], "texture": "#5"}
			}
		},
		{
			"from": [15.39152, 10.67664, 12.51704],
			"to": [19.90856, 16.15184, 22.23552],
			"rotation": {"angle": 0, "axis": "y", "origin": [-2.9504, 0, -2.9504]},
			"faces": {
				"north": {"uv": [3, 0, 0, 16], "texture": "#4"},
				"east": {"uv": [3, 0, 0, 16], "texture": "#4"},
				"south": {"uv": [3, 0, 0, 16], "texture": "#4"},
				"west": {"uv": [3, 0, 0, 16], "texture": "#4"},
				"up": {"uv": [3, 0, 0, 16], "texture": "#4"},
				"down": {"uv": [3, 0, 0, 16], "texture": "#4"}
			}
		},
		{
			"from": [-3.90856, 16.15184, 12.38016],
			"to": [0.60848, 16.56248, 24.97312],
			"rotation": {"angle": 0, "axis": "y", "origin": [18.9504, 0, -2.9504]},
			"faces": {
				"north": {"uv": [0, 0, 16, 3], "texture": "#5"},
				"east": {"uv": [0, 0, 16, 3], "texture": "#5"},
				"south": {"uv": [0, 0, 16, 3], "texture": "#5"},
				"west": {"uv": [0, 0, 16, 3], "texture": "#5"},
				"up": {"uv": [0, 0, 16, 3], "texture": "#5"},
				"down": {"uv": [0, 0, 16, 3], "texture": "#5"}
			}
		},
		{
			"from": [8.95816, 8.8972, 11.83264],
			"to": [11.14824, 16.01496, 18.67664],
			"rotation": {"angle": -22.5, "axis": "y", "origin": [18.9504, 0, -2.9504]},
			"faces": {
				"north": {"uv": [0, 0, 16, 16], "texture": "#0"},
				"east": {"uv": [0, 0, 16, 16], "texture": "#0"},
				"south": {"uv": [0, 0, 16, 16], "texture": "#0"},
				"west": {"uv": [0, 0, 16, 16], "texture": "#0"},
				"up": {"uv": [0, 0, 16, 16], "texture": "#0"},
				"down": {"uv": [0, 0, 16, 16], "texture": "#0"}
			}
		},
		{
			"from": [10.0532, 8.8972, 4.71488],
			"to": [12.24328, 16.83624, 12.92768],
			"rotation": {"angle": 0, "axis": "y", "origin": [-2.9504, 0, -2.9504]},
			"faces": {
				"north": {"uv": [9, 0, 0, 2], "texture": "#4"},
				"east": {"uv": [9, 0, 0, 2], "texture": "#4"},
				"south": {"uv": [9, 0, 0, 2], "texture": "#4"},
				"west": {"uv": [9, 0, 0, 2], "texture": "#4"},
				"up": {"uv": [9, 0, 0, 2], "texture": "#4"},
				"down": {"uv": [9, 0, 0, 2], "texture": "#4"}
			}
		},
		{
			"from": [0.3402, 9.5816, -5.64967],
			"to": [1.03007, 9.65825, -4.17137],
			"rotation": {"angle": 0, "axis": "x", "origin": [-6.29027, 3.83264, -5.05835]},
			"faces": {
				"north": {"uv": [0, 0, 16, 16], "texture": "#1"},
				"east": {"uv": [0, 0, 16, 16], "texture": "#1"},
				"south": {"uv": [0, 0, 16, 16], "texture": "#1"},
				"west": {"uv": [0, 0, 16, 16], "texture": "#1"},
				"up": {"uv": [0, 0, 16, 16], "texture": "#1"},
				"down": {"uv": [0, 0, 16, 16], "texture": "#1"}
			}
		},
		{
			"from": [14.96993, 9.5816, -5.64967],
			"to": [15.6598, 9.65825, -4.17137],
			"rotation": {"angle": 0, "axis": "x", "origin": [22.29027, 3.83264, -5.05835]},
			"faces": {
				"north": {"uv": [16, 0, 0, 16], "texture": "#1"},
				"east": {"uv": [16, 0, 0, 16], "texture": "#1"},
				"south": {"uv": [16, 0, 0, 16], "texture": "#1"},
				"west": {"uv": [16, 0, 0, 16], "texture": "#1"},
				"up": {"uv": [16, 0, 0, 16], "texture": "#1"},
				"down": {"uv": [16, 0, 0, 16], "texture": "#1"}
			}
		},
		{
			"from": [-3.6348, 10.12912, 9.09504],
			"to": [0.88224, 10.40288, 22.09864],
			"rotation": {"angle": 0, "axis": "y", "origin": [18.9504, 0, -2.9504]},
			"faces": {
				"north": {"uv": [0, 0, 16, 3], "texture": "#4"},
				"east": {"uv": [0, 0, 16, 3], "texture": "#4"},
				"south": {"uv": [0, 0, 16, 3], "texture": "#4"},
				"west": {"uv": [0, 0, 16, 3], "texture": "#4"},
				"up": {"uv": [0, 0, 16, 3], "texture": "#4"},
				"down": {"uv": [0, 0, 16, 3], "texture": "#4"}
			}
		},
		{
			"from": [-3.90856, 16.56248, 12.24328],
			"to": [0.60848, 16.83624, 25.24688],
			"rotation": {"angle": 0, "axis": "y", "origin": [18.9504, 0, -2.9504]},
			"faces": {
				"north": {"uv": [0, 0, 16, 3], "texture": "#4"},
				"east": {"uv": [0, 0, 16, 3], "texture": "#4"},
				"south": {"uv": [0, 0, 16, 3], "texture": "#4"},
				"west": {"uv": [0, 0, 16, 3], "texture": "#4"},
				"up": {"uv": [0, 0, 16, 3], "texture": "#4"},
				"down": {"uv": [0, 0, 16, 3], "texture": "#4"}
			}
		},
		{
			"from": [-4.18232, 10.81352, 12.24328],
			"to": [-3.90856, 16.56248, 21.96176],
			"rotation": {"angle": 0, "axis": "y", "origin": [18.9504, 0, -2.9504]},
			"faces": {
				"north": {"uv": [0, 0, 16, 3], "texture": "#4"},
				"east": {"uv": [0, 0, 16, 3], "texture": "#4"},
				"south": {"uv": [0, 0, 16, 3], "texture": "#4"},
				"west": {"uv": [0, 0, 16, 3], "texture": "#4"},
				"up": {"uv": [0, 0, 16, 3], "texture": "#4"},
				"down": {"uv": [0, 0, 16, 3], "texture": "#4"}
			}
		},
		{
			"from": [-4.18232, 15.46744, 4.85176],
			"to": [-3.90856, 20.94264, 7.45248],
			"rotation": {"angle": 22.5, "axis": "x", "origin": [18.9504, 0, -3.08728]},
			"faces": {
				"north": {"uv": [0, 0, 16, 3], "texture": "#4"},
				"east": {"uv": [0, 0, 16, 3], "texture": "#4"},
				"south": {"uv": [0, 0, 16, 3], "texture": "#4"},
				"west": {"uv": [0, 0, 16, 3], "texture": "#4"},
				"up": {"uv": [0, 0, 16, 3], "texture": "#4"},
				"down": {"uv": [0, 0, 16, 3], "texture": "#4"}
			}
		},
		{
			"from": [-3.90856, 16.15184, -1.99224],
			"to": [-3.6348, 18.06816, -1.03408],
			"rotation": {"angle": 45, "axis": "x", "origin": [18.9504, 0, -3.08728]},
			"faces": {
				"north": {"uv": [0, 0, 16, 3], "texture": "#4"},
				"east": {"uv": [0, 0, 16, 3], "texture": "#4"},
				"south": {"uv": [0, 0, 16, 3], "texture": "#4"},
				"west": {"uv": [0, 0, 16, 3], "texture": "#4"},
				"up": {"uv": [0, 0, 16, 3], "texture": "#4"},
				"down": {"uv": [0, 0, 16, 3], "texture": "#4"}
			}
		},
		{
			"from": [-3.90856, 10.266, 9.09504],
			"to": [-3.6348, 10.9504, 22.09864],
			"rotation": {"angle": 0, "axis": "y", "origin": [18.9504, 0, -2.9504]},
			"faces": {
				"north": {"uv": [0, 0, 16, 3], "texture": "#4"},
				"east": {"uv": [0, 0, 16, 3], "texture": "#4"},
				"south": {"uv": [0, 0, 16, 3], "texture": "#4"},
				"west": {"uv": [0, 0, 16, 3], "texture": "#4"},
				"up": {"uv": [0, 0, 16, 3], "texture": "#4"},
				"down": {"uv": [0, 0, 16, 3], "texture": "#4"}
			}
		},
		{
			"from": [0.60848, 15.87808, 4.85176],
			"to": [0.88224, 21.35328, 7.45248],
			"rotation": {"angle": 22.5, "axis": "x", "origin": [18.9504, 0, -3.08728]},
			"faces": {
				"north": {"uv": [0, 0, 16, 3], "texture": "#4"},
				"east": {"uv": [0, 0, 16, 3], "texture": "#4"},
				"south": {"uv": [0, 0, 16, 3], "texture": "#4"},
				"west": {"uv": [0, 0, 16, 3], "texture": "#4"},
				"up": {"uv": [0, 0, 16, 3], "texture": "#4"},
				"down": {"uv": [0, 0, 16, 3], "texture": "#4"}
			}
		},
		{
			"from": [0.88224, 16.15184, -1.99224],
			"to": [1.156, 18.06816, -1.03408],
			"rotation": {"angle": 45, "axis": "x", "origin": [18.9504, 0, -3.08728]},
			"faces": {
				"north": {"uv": [0, 0, 16, 3], "texture": "#4"},
				"east": {"uv": [0, 0, 16, 3], "texture": "#4"},
				"south": {"uv": [0, 0, 16, 3], "texture": "#4"},
				"west": {"uv": [0, 0, 16, 3], "texture": "#4"},
				"up": {"uv": [0, 0, 16, 3], "texture": "#4"},
				"down": {"uv": [0, 0, 16, 3], "texture": "#4"}
			}
		},
		{
			"from": [0.88224, 10.266, 9.09504],
			"to": [1.156, 10.9504, 22.09864],
			"rotation": {"angle": 0, "axis": "y", "origin": [18.9504, 0, -2.9504]},
			"faces": {
				"north": {"uv": [0, 0, 16, 3], "texture": "#4"},
				"east": {"uv": [0, 0, 16, 3], "texture": "#4"},
				"south": {"uv": [0, 0, 16, 3], "texture": "#4"},
				"west": {"uv": [0, 0, 16, 3], "texture": "#4"},
				"up": {"uv": [0, 0, 16, 3], "texture": "#4"},
				"down": {"uv": [0, 0, 16, 3], "texture": "#4"}
			}
		},
		{
			"from": [19.90856, 15.46744, 4.85176],
			"to": [20.18232, 20.94264, 7.45248],
			"rotation": {"angle": 22.5, "axis": "x", "origin": [-2.9504, 0, -3.08728]},
			"faces": {
				"north": {"uv": [16, 0, 0, 3], "texture": "#4"},
				"east": {"uv": [16, 0, 0, 3], "texture": "#4"},
				"south": {"uv": [16, 0, 0, 3], "texture": "#4"},
				"west": {"uv": [16, 0, 0, 3], "texture": "#4"},
				"up": {"uv": [16, 0, 0, 3], "texture": "#4"},
				"down": {"uv": [16, 0, 0, 3], "texture": "#4"}
			}
		},
		{
			"from": [19.6348, 16.15184, -1.99224],
			"to": [19.90856, 18.06816, -1.03408],
			"rotation": {"angle": 45, "axis": "x", "origin": [-2.9504, 0, -3.08728]},
			"faces": {
				"north": {"uv": [16, 0, 0, 3], "texture": "#4"},
				"east": {"uv": [16, 0, 0, 3], "texture": "#4"},
				"south": {"uv": [16, 0, 0, 3], "texture": "#4"},
				"west": {"uv": [16, 0, 0, 3], "texture": "#4"},
				"up": {"uv": [16, 0, 0, 3], "texture": "#4"},
				"down": {"uv": [16, 0, 0, 3], "texture": "#4"}
			}
		},
		{
			"from": [19.6348, 10.266, 9.09504],
			"to": [19.90856, 10.9504, 22.09864],
			"rotation": {"angle": 0, "axis": "y", "origin": [-2.9504, 0, -2.9504]},
			"faces": {
				"north": {"uv": [16, 0, 0, 3], "texture": "#4"},
				"east": {"uv": [16, 0, 0, 3], "texture": "#4"},
				"south": {"uv": [16, 0, 0, 3], "texture": "#4"},
				"west": {"uv": [16, 0, 0, 3], "texture": "#4"},
				"up": {"uv": [16, 0, 0, 3], "texture": "#4"},
				"down": {"uv": [16, 0, 0, 3], "texture": "#4"}
			}
		},
		{
			"from": [15.11776, 10.12912, 9.09504],
			"to": [19.6348, 10.40288, 22.09864],
			"rotation": {"angle": 0, "axis": "y", "origin": [-2.9504, 0, -2.9504]},
			"faces": {
				"north": {"uv": [16, 0, 0, 3], "texture": "#4"},
				"east": {"uv": [16, 0, 0, 3], "texture": "#4"},
				"south": {"uv": [16, 0, 0, 3], "texture": "#4"},
				"west": {"uv": [16, 0, 0, 3], "texture": "#4"},
				"up": {"uv": [16, 0, 0, 3], "texture": "#4"},
				"down": {"uv": [16, 0, 0, 3], "texture": "#4"}
			}
		},
		{
			"from": [14.844, 10.266, 9.09504],
			"to": [15.11776, 10.9504, 22.09864],
			"rotation": {"angle": 0, "axis": "y", "origin": [-2.9504, 0, -2.9504]},
			"faces": {
				"north": {"uv": [16, 0, 0, 3], "texture": "#4"},
				"east": {"uv": [16, 0, 0, 3], "texture": "#4"},
				"south": {"uv": [16, 0, 0, 3], "texture": "#4"},
				"west": {"uv": [16, 0, 0, 3], "texture": "#4"},
				"up": {"uv": [16, 0, 0, 3], "texture": "#4"},
				"down": {"uv": [16, 0, 0, 3], "texture": "#4"}
			}
		},
		{
			"from": [14.844, 16.15184, -1.99224],
			"to": [15.11776, 18.06816, -1.03408],
			"rotation": {"angle": 45, "axis": "x", "origin": [-2.9504, 0, -3.08728]},
			"faces": {
				"north": {"uv": [16, 0, 0, 3], "texture": "#4"},
				"east": {"uv": [16, 0, 0, 3], "texture": "#4"},
				"south": {"uv": [16, 0, 0, 3], "texture": "#4"},
				"west": {"uv": [16, 0, 0, 3], "texture": "#4"},
				"up": {"uv": [16, 0, 0, 3], "texture": "#4"},
				"down": {"uv": [16, 0, 0, 3], "texture": "#4"}
			}
		},
		{
			"from": [15.11776, 15.87808, 4.85176],
			"to": [15.39152, 21.35328, 7.45248],
			"rotation": {"angle": 22.5, "axis": "x", "origin": [-2.9504, 0, -3.08728]},
			"faces": {
				"north": {"uv": [16, 0, 0, 3], "texture": "#4"},
				"east": {"uv": [16, 0, 0, 3], "texture": "#4"},
				"south": {"uv": [16, 0, 0, 3], "texture": "#4"},
				"west": {"uv": [16, 0, 0, 3], "texture": "#4"},
				"up": {"uv": [16, 0, 0, 3], "texture": "#4"},
				"down": {"uv": [16, 0, 0, 3], "texture": "#4"}
			}
		},
		{
			"from": [15.39152, 16.56248, 12.24328],
			"to": [19.90856, 16.83624, 25.24688],
			"rotation": {"angle": 0, "axis": "y", "origin": [-2.9504, 0, -2.9504]},
			"faces": {
				"north": {"uv": [16, 0, 0, 3], "texture": "#4"},
				"east": {"uv": [16, 0, 0, 3], "texture": "#4"},
				"south": {"uv": [16, 0, 0, 3], "texture": "#4"},
				"west": {"uv": [16, 0, 0, 3], "texture": "#4"},
				"up": {"uv": [16, 0, 0, 3], "texture": "#4"},
				"down": {"uv": [16, 0, 0, 3], "texture": "#4"}
			}
		},
		{
			"from": [15.39152, 16.15184, 12.38016],
			"to": [19.90856, 16.56248, 24.97312],
			"rotation": {"angle": 0, "axis": "y", "origin": [-2.9504, 0, -2.9504]},
			"faces": {
				"north": {"uv": [16, 0, 0, 3], "texture": "#5"},
				"east": {"uv": [16, 0, 0, 3], "texture": "#5"},
				"south": {"uv": [16, 0, 0, 3], "texture": "#5"},
				"west": {"uv": [16, 0, 0, 3], "texture": "#5"},
				"up": {"uv": [16, 0, 0, 3], "texture": "#5"},
				"down": {"uv": [16, 0, 0, 3], "texture": "#5"}
			}
		},
		{
			"from": [0.60848, 10.9504, 12.24328],
			"to": [0.88224, 16.69936, 21.96176],
			"rotation": {"angle": 0, "axis": "y", "origin": [18.9504, 0, -2.9504]},
			"faces": {
				"north": {"uv": [0, 0, 16, 3], "texture": "#4"},
				"east": {"uv": [0, 0, 16, 3], "texture": "#4"},
				"south": {"uv": [0, 0, 16, 3], "texture": "#4"},
				"west": {"uv": [0, 0, 16, 3], "texture": "#4"},
				"up": {"uv": [0, 0, 16, 3], "texture": "#4"},
				"down": {"uv": [0, 0, 16, 3], "texture": "#4"}
			}
		},
		{
			"from": [15.11776, 10.9504, 12.24328],
			"to": [15.39152, 16.69936, 21.96176],
			"rotation": {"angle": 0, "axis": "y", "origin": [-2.9504, 0, -2.9504]},
			"faces": {
				"north": {"uv": [16, 0, 0, 3], "texture": "#4"},
				"east": {"uv": [16, 0, 0, 3], "texture": "#4"},
				"south": {"uv": [16, 0, 0, 3], "texture": "#4"},
				"west": {"uv": [16, 0, 0, 3], "texture": "#4"},
				"up": {"uv": [16, 0, 0, 3], "texture": "#4"},
				"down": {"uv": [16, 0, 0, 3], "texture": "#4"}
			}
		},
		{
			"from": [19.90856, 10.81352, 12.24328],
			"to": [20.18232, 16.56248, 21.96176],
			"rotation": {"angle": 0, "axis": "y", "origin": [-2.9504, 0, -2.9504]},
			"faces": {
				"north": {"uv": [16, 0, 0, 3], "texture": "#4"},
				"east": {"uv": [16, 0, 0, 3], "texture": "#4"},
				"south": {"uv": [16, 0, 0, 3], "texture": "#4"},
				"west": {"uv": [16, 0, 0, 3], "texture": "#4"},
				"up": {"uv": [16, 0, 0, 3], "texture": "#4"},
				"down": {"uv": [16, 0, 0, 3], "texture": "#4"}
			}
		},
		{
			"from": [1.29288, 8.48656, -6.09864],
			"to": [4.71488, 10.53976, -1.30784],
			"rotation": {"angle": 0, "axis": "y", "origin": [18.9504, 0.95816, -2.9504]},
			"faces": {
				"north": {"uv": [0, 0, 16, 16], "texture": "#0"},
				"east": {"uv": [0, 0, 16, 16], "texture": "#0"},
				"south": {"uv": [0, 0, 16, 16], "texture": "#0"},
				"west": {"uv": [0, 0, 16, 16], "texture": "#0"},
				"up": {"uv": [0, 0, 16, 16], "texture": "#0"},
				"down": {"uv": [0, 0, 16, 16], "texture": "#0"}
			}
		},
		{
			"from": [3.2092, 8.48656, 4.30424],
			"to": [6.76808, 10.53976, 6.49432],
			"rotation": {"angle": -22.5, "axis": "y", "origin": [18.9504, 0.95816, -2.9504]},
			"faces": {
				"north": {"uv": [0, 0, 16, 16], "texture": "#0"},
				"east": {"uv": [0, 0, 16, 16], "texture": "#0"},
				"south": {"uv": [0, 0, 16, 16], "texture": "#0"},
				"west": {"uv": [0, 0, 16, 16], "texture": "#0"},
				"up": {"uv": [0, 0, 16, 16], "texture": "#0"},
				"down": {"uv": [0, 0, 16, 16], "texture": "#0"}
			}
		},
		{
			"from": [9.23192, 8.48656, 4.30424],
			"to": [12.7908, 10.53976, 6.49432],
			"rotation": {"angle": 22.5, "axis": "y", "origin": [-2.9504, 0.95816, -2.9504]},
			"faces": {
				"north": {"uv": [16, 0, 0, 16], "texture": "#0"},
				"east": {"uv": [16, 0, 0, 16], "texture": "#0"},
				"south": {"uv": [16, 0, 0, 16], "texture": "#0"},
				"west": {"uv": [16, 0, 0, 16], "texture": "#0"},
				"up": {"uv": [16, 0, 0, 16], "texture": "#0"},
				"down": {"uv": [16, 0, 0, 16], "texture": "#0"}
			}
		},
		{
			"from": [11.28512, 8.48656, -6.09864],
			"to": [14.70712, 10.53976, -1.30784],
			"rotation": {"angle": 0, "axis": "y", "origin": [-2.9504, 0.95816, -2.9504]},
			"faces": {
				"north": {"uv": [16, 0, 0, 16], "texture": "#0"},
				"east": {"uv": [16, 0, 0, 16], "texture": "#0"},
				"south": {"uv": [16, 0, 0, 16], "texture": "#0"},
				"west": {"uv": [16, 0, 0, 16], "texture": "#0"},
				"up": {"uv": [16, 0, 0, 16], "texture": "#0"},
				"down": {"uv": [16, 0, 0, 16], "texture": "#0"}
			}
		}
	],
	"display": {
		"head": {
			"translation": [0, -31.5, 0],
			"scale": [4, 4, 4]
		}
	}
}