{
	"credit": "Made with Blockbench",
	"parent": "12",
	"textures": {
		"0": "minecraft:block/barrel_side",
		"1": "minecraft:block/blast_furnace_side",
		"2": "minecraft:block/blast_furnace_front_on",
		"particle": "minecraft:block/barrel_side"
	},
	"elements": [
		{
			"from": [5.1, 4.5, 6.7],
			"to": [7.1, 10.2, 8.7],
			"rotation": {"angle": -22.5, "axis": "x", "origin": [0, 0, 0]},
			"faces": {
				"north": {"uv": [0, 9.3, 16, 16], "texture": "#1"},
				"east": {"uv": [0, 9.3, 16, 16], "texture": "#1"},
				"south": {"uv": [0, 9.3, 16, 16], "texture": "#1"},
				"west": {"uv": [0, 9.3, 16, 16], "texture": "#1"},
				"up": {"uv": [0, 9.3, 16, 16], "texture": "#1"},
				"down": {"uv": [0, 9.3, 16, 16], "texture": "#1"}
			}
		},
		{
			"from": [5.1, 4.9, 4.7],
			"to": [7.1, 9.3, 6.7],
			"rotation": {"angle": -22.5, "axis": "x", "origin": [0, 0, 0]},
			"faces": {
				"north": {"uv": [6, 8, 8, 12.4], "texture": "#2"},
				"east": {"uv": [6, 8, 8, 12.4], "texture": "#2"},
				"south": {"uv": [6, 8, 8, 12.4], "texture": "#2"},
				"west": {"uv": [6, 8, 8, 12.4], "texture": "#2"},
				"up": {"uv": [6, 8, 8, 12.4], "texture": "#2"},
				"down": {"uv": [6, 8, 8, 12.4], "texture": "#2"}
			}
		},
		{
			"from": [5.5, 7.4, 8.7],
			"to": [6.7, 8.9, 9.8],
			"rotation": {"angle": -22.5, "axis": "x", "origin": [0, 0, 0]},
			"faces": {
				"north": {"uv": [0, 0, 1.1, 9.5], "texture": "#1"},
				"east": {"uv": [0, 0, 1.1, 9.5], "texture": "#1"},
				"south": {"uv": [0, 0, 1.1, 9.5], "texture": "#1"},
				"west": {"uv": [0, 0, 1.1, 9.5], "texture": "#1"},
				"up": {"uv": [0, 0, 1.1, 9.5], "texture": "#1"},
				"down": {"uv": [0, 0, 1.1, 9.5], "texture": "#1"}
			}
		},
		{
			"from": [5.3, 2.9, 3.6],
			"to": [6.9, 9.8, 4.7],
			"rotation": {"angle": -22.5, "axis": "x", "origin": [0, 0, 0]},
			"faces": {
				"north": {"uv": [0, 0, 1.1, 6.9], "texture": "#1"},
				"east": {"uv": [0, 0, 1.1, 6.9], "texture": "#1"},
				"south": {"uv": [0, 0, 1.1, 6.9], "texture": "#1"},
				"west": {"uv": [0, 0, 1.1, 6.9], "texture": "#1"},
				"up": {"uv": [0, 0, 1.1, 6.9], "texture": "#1"},
				"down": {"uv": [0, 0, 1.1, 6.9], "texture": "#1"}
			}
		},
		{
			"from": [5.4, 2.7, 2.7],
			"to": [6.8, 9.8, 3.6],
			"rotation": {"angle": -22.5, "axis": "x", "origin": [0, 0, 0]},
			"faces": {
				"north": {"uv": [0, 0, 0.9, 7.1], "texture": "#1"},
				"east": {"uv": [0, 0, 0.9, 7.1], "texture": "#1"},
				"south": {"uv": [0, 0, 0.9, 7.1], "texture": "#1"},
				"west": {"uv": [0, 0, 0.9, 7.1], "texture": "#1"},
				"up": {"uv": [0, 0, 0.9, 7.1], "texture": "#1"},
				"down": {"uv": [0, 0, 0.9, 7.1], "texture": "#1"}
			}
		},
		{
			"from": [5.5, 1.9, 2.2],
			"to": [6.7, 9.9, 2.7],
			"rotation": {"angle": -22.5, "axis": "x", "origin": [0, 0, 0]},
			"faces": {
				"north": {"uv": [0, 0, 0.5, 8], "texture": "#1"},
				"east": {"uv": [0, 0, 0.5, 8], "texture": "#1"},
				"south": {"uv": [0, 0, 0.5, 8], "texture": "#1"},
				"west": {"uv": [0, 0, 0.5, 8], "texture": "#1"},
				"up": {"uv": [0, 0, 0.5, 8], "texture": "#1"},
				"down": {"uv": [0, 0, 0.5, 8], "texture": "#1"}
			}
		},
		{
			"from": [5.7, 1.9, 1.2],
			"to": [6.5, 10, 2.2],
			"rotation": {"angle": -22.5, "axis": "x", "origin": [0, 0, 0]},
			"faces": {
				"north": {"uv": [0, 0, 1, 8.1], "texture": "#1"},
				"east": {"uv": [0, 0, 1, 8.1], "texture": "#1"},
				"south": {"uv": [0, 0, 1, 8.1], "texture": "#1"},
				"west": {"uv": [0, 0, 1, 8.1], "texture": "#1"},
				"up": {"uv": [0, 0, 1, 8.1], "texture": "#1"},
				"down": {"uv": [0, 0, 1, 8.1], "texture": "#1"}
			}
		},
		{
			"from": [5.8, 1.6, 0.7],
			"to": [6.4, 10.1, 1.2],
			"rotation": {"angle": -22.5, "axis": "x", "origin": [0, 0, 0]},
			"faces": {
				"north": {"uv": [0, 0, 0.5, 8.5], "texture": "#1"},
				"east": {"uv": [0, 0, 0.5, 8.5], "texture": "#1"},
				"south": {"uv": [0, 0, 0.5, 8.5], "texture": "#1"},
				"west": {"uv": [0, 0, 0.5, 8.5], "texture": "#1"},
				"up": {"uv": [0, 0, 0.5, 8.5], "texture": "#1"},
				"down": {"uv": [0, 0, 0.5, 8.5], "texture": "#1"}
			}
		},
		{
			"from": [5.8, 7.6, 9.8],
			"to": [6.4, 8.7, 11.2],
			"rotation": {"angle": -22.5, "axis": "x", "origin": [0, 0, 0]},
			"faces": {
				"north": {"uv": [0, 0, 1.1, 9.5], "texture": "#1"},
				"east": {"uv": [0, 0, 1.1, 9.5], "texture": "#1"},
				"south": {"uv": [0, 0, 1.1, 9.5], "texture": "#1"},
				"west": {"uv": [0, 0, 1.1, 9.5], "texture": "#1"},
				"up": {"uv": [0, 0, 1.1, 9.5], "texture": "#1"},
				"down": {"uv": [0, 0, 1.1, 9.5], "texture": "#1"}
			}
		},
		{
			"from": [5.8, 5.2, 9.8],
			"to": [6.4, 6.3, 11.2],
			"rotation": {"angle": -22.5, "axis": "x", "origin": [0, 0, 0]},
			"faces": {
				"north": {"uv": [0, 0, 1.1, 9.5], "texture": "#1"},
				"east": {"uv": [0, 0, 1.1, 9.5], "texture": "#1"},
				"south": {"uv": [0, 0, 1.1, 9.5], "texture": "#1"},
				"west": {"uv": [0, 0, 1.1, 9.5], "texture": "#1"},
				"up": {"uv": [0, 0, 1.1, 9.5], "texture": "#1"},
				"down": {"uv": [0, 0, 1.1, 9.5], "texture": "#1"}
			}
		},
		{
			"from": [5.5, 5, 8.7],
			"to": [6.7, 6.5, 9.8],
			"rotation": {"angle": -22.5, "axis": "x", "origin": [0, 0, 0]},
			"faces": {
				"north": {"uv": [0, 0, 1.1, 9.5], "texture": "#1"},
				"east": {"uv": [0, 0, 1.1, 9.5], "texture": "#1"},
				"south": {"uv": [0, 0, 1.1, 9.5], "texture": "#1"},
				"west": {"uv": [0, 0, 1.1, 9.5], "texture": "#1"},
				"up": {"uv": [0, 0, 1.1, 9.5], "texture": "#1"},
				"down": {"uv": [0, 0, 1.1, 9.5], "texture": "#1"}
			}
		},
		{
			"from": [5.1, 10.2, 6.9],
			"to": [7.1, 10.4, 8.5],
			"rotation": {"angle": -22.5, "axis": "x", "origin": [0, 0, 0]},
			"faces": {
				"north": {"uv": [0, 9.3, 16, 16], "texture": "#1"},
				"east": {"uv": [0, 9.3, 16, 16], "texture": "#1"},
				"south": {"uv": [0, 9.3, 16, 16], "texture": "#1"},
				"west": {"uv": [0, 9.3, 16, 16], "texture": "#1"},
				"up": {"uv": [0, 9.3, 16, 16], "texture": "#1"},
				"down": {"uv": [0, 9.3, 16, 16], "texture": "#1"}
			}
		},
		{
			"from": [5.2, -5.1, 6.8],
			"to": [7, 4.5, 8.6],
			"rotation": {"angle": -22.5, "axis": "x", "origin": [0, 0, 0]},
			"faces": {
				"north": {"uv": [0, 0, 16, 16], "texture": "#0"},
				"east": {"uv": [0, 0, 16, 16], "texture": "#0"},
				"south": {"uv": [0, 0, 16, 16], "texture": "#0"},
				"west": {"uv": [0, 0, 16, 16], "texture": "#0"},
				"up": {"uv": [0, 0, 16, 16], "texture": "#0"},
				"down": {"uv": [0, 0, 16, 16], "texture": "#0"}
			}
		}
	],
	"display": {
		"thirdperson_righthand": {
			"rotation": [62, 0, 0],
			"translation": [1.75, 5.5, 11]
		},
		"thirdperson_lefthand": {
			"rotation": [62, 0, 0],
			"translation": [-2, 4.75, 10.75]
		}
	}
}