{
	"credit": "Made with Blockbench",
	"parent": "120",
	"textures": {
		"0": "minecraft:block/blue_shulker_box",
		"1": "minecraft:block/observer_back_on",
		"2": "minecraft:block/blast_furnace_front_on",
		"3": "minecraft:block/dispenser_front_vertical",
		"4": "minecraft:block/light_blue_glazed_terracotta",
		"particle": "minecraft:block/blue_shulker_box"
	},
	"elements": [
		{
			"from": [4.304, 7.392, -6.784],
			"to": [8, 11.088, -1.9792],
			"rotation": {"angle": 0, "axis": "y", "origin": [-6.784, 0, -6.784]},
			"faces": {
				"north": {"uv": [0, 3, 16, 12], "texture": "#0"},
				"east": {"uv": [0, 3, 16, 12], "texture": "#0"},
				"south": {"uv": [0, 3, 16, 12], "texture": "#0"},
				"west": {"uv": [0, 3, 16, 12], "texture": "#0"},
				"up": {"uv": [0, 3, 16, 12], "texture": "#0"},
				"down": {"uv": [0, 3, 16, 12], "texture": "#0"}
			}
		},
		{
			"from": [11.1416, -4.0656, 15.2072],
			"to": [14.0984, -0.1848, 15.392],
			"rotation": {"angle": -45, "axis": "x", "origin": [22.784, 0, -6.784]},
			"faces": {
				"north": {"uv": [16, 3, 0, 12], "texture": "#0"},
				"east": {"uv": [16, 3, 0, 12], "texture": "#0"},
				"south": {"uv": [16, 3, 0, 12], "texture": "#0"},
				"west": {"uv": [16, 3, 0, 12], "texture": "#0"},
				"up": {"uv": [16, 3, 0, 12], "texture": "#0"},
				"down": {"uv": [16, 3, 0, 12], "texture": "#0"}
			}
		},
		{
			"from": [4.304, 5.9136, -1.0552],
			"to": [8, 9.6096, 2.6408],
			"rotation": {"angle": -22.5, "axis": "x", "origin": [-6.784, 0, -6.784]},
			"faces": {
				"north": {"uv": [0, 3, 16, 12], "texture": "#0"},
				"east": {"uv": [0, 3, 16, 12], "texture": "#0"},
				"south": {"uv": [0, 3, 16, 12], "texture": "#0"},
				"west": {"uv": [0, 3, 16, 12], "texture": "#0"},
				"up": {"uv": [0, 3, 16, 12], "texture": "#0"},
				"down": {"uv": [0, 3, 16, 12], "texture": "#0"}
			}
		},
		{
			"from": [19.4576, 19.9584, 15.5768],
			"to": [20.3816, 20.5128, 18.3488],
			"rotation": {"angle": 22.5, "axis": "z", "origin": [22.784, 0, -6.784]},
			"faces": {
				"north": {"uv": [0, 3, 16, 12], "texture": "#0"},
				"east": {"uv": [0, 3, 16, 12], "texture": "#0"},
				"south": {"uv": [0, 3, 16, 12], "texture": "#0"},
				"west": {"uv": [0, 3, 16, 12], "texture": "#0"},
				"up": {"uv": [0, 3, 16, 12], "texture": "#0"},
				"down": {"uv": [0, 3, 16, 12], "texture": "#0"}
			}
		},
		{
			"from": [2.6408, 7.392, -6.2296],
			"to": [4.304, 11.088, 3.38],
			"rotation": {"angle": 0, "axis": "y", "origin": [-6.784, 0, -6.784]},
			"faces": {
				"north": {"uv": [8, 0, 10, 4], "texture": "#4"},
				"east": {"uv": [8, 0, 10, 4], "texture": "#4"},
				"south": {"uv": [8, 0, 10, 4], "texture": "#4"},
				"west": {"uv": [8, 0, 10, 4], "texture": "#4"},
				"up": {"uv": [8, 0, 10, 4], "texture": "#4"},
				"down": {"uv": [8, 0, 10, 4], "texture": "#4"}
			}
		},
		{
			"from": [8, 17.0016, 15.7616],
			"to": [12.62, 17.7408, 18.164],
			"rotation": {"angle": 0, "axis": "y", "origin": [22.784, 0, -6.784]},
			"faces": {
				"north": {"uv": [0, 3, 16, 12], "texture": "#0"},
				"east": {"uv": [0, 3, 16, 12], "texture": "#0"},
				"south": {"uv": [0, 3, 16, 12], "texture": "#0"},
				"west": {"uv": [0, 3, 16, 12], "texture": "#0"},
				"up": {"uv": [0, 3, 16, 12], "texture": "#0"},
				"down": {"uv": [0, 3, 16, 12], "texture": "#0"}
			}
		},
		{
			"from": [4.304, 7.392, -1.9792],
			"to": [8, 12.5664, 7.8152],
			"rotation": {"angle": 0, "axis": "y", "origin": [-6.784, 0, -6.784]},
			"faces": {
				"north": {"uv": [0, 3, 16, 12], "texture": "#0"},
				"east": {"uv": [0, 3, 16, 12], "texture": "#0"},
				"south": {"uv": [0, 3, 16, 12], "texture": "#0"},
				"west": {"uv": [0, 3, 16, 12], "texture": "#0"},
				"up": {"uv": [0, 3, 16, 12], "texture": "#0"},
				"down": {"uv": [0, 3, 16, 12], "texture": "#0"}
			}
		},
		{
			"from": [11.696, 8.1312, -7.3384],
			"to": [12.9896, 10.3488, -6.2296],
			"rotation": {"angle": 0, "axis": "y", "origin": [22.784, 0, -6.784]},
			"faces": {
				"north": {"uv": [10, 0, 8, 4], "texture": "#4"},
				"east": {"uv": [10, 0, 8, 4], "texture": "#4"},
				"south": {"uv": [10, 0, 8, 4], "texture": "#4"},
				"west": {"uv": [10, 0, 8, 4], "texture": "#4"},
				"up": {"uv": [10, 0, 8, 4], "texture": "#4"},
				"down": {"uv": [10, 0, 8, 4], "texture": "#4"}
			}
		},
		{
			"from": [4.6736, 12.5664, 1.1624],
			"to": [8, 13.6752, 8.1848],
			"rotation": {"angle": 0, "axis": "y", "origin": [-6.784, 0, -6.784]},
			"faces": {
				"north": {"uv": [4, 5, 6, 7], "texture": "#4"},
				"east": {"uv": [4, 5, 6, 7], "texture": "#4"},
				"south": {"uv": [4, 5, 6, 7], "texture": "#4"},
				"west": {"uv": [4, 5, 6, 7], "texture": "#4"},
				"up": {"uv": [4, 5, 6, 7], "texture": "#4"},
				"down": {"uv": [4, 5, 6, 7], "texture": "#4"}
			}
		},
		{
			"from": [8, 7.9464, 7.8152],
			"to": [11.696, 12.5664, 10.9568],
			"rotation": {"angle": 0, "axis": "y", "origin": [22.784, 0, -6.784]},
			"faces": {
				"north": {"uv": [0, 3, 16, 12], "texture": "#0"},
				"east": {"uv": [0, 3, 16, 12], "texture": "#0"},
				"south": {"uv": [0, 3, 16, 12], "texture": "#0"},
				"west": {"uv": [0, 3, 16, 12], "texture": "#0"},
				"up": {"uv": [0, 3, 16, 12], "texture": "#0"},
				"down": {"uv": [0, 3, 16, 12], "texture": "#0"}
			}
		},
		{
			"from": [4.304, 8.1312, -7.8928],
			"to": [8, 10.3488, -6.784],
			"rotation": {"angle": 0, "axis": "y", "origin": [-6.784, 0, -6.784]},
			"faces": {
				"north": {"uv": [8, 0, 10, 4], "texture": "#4"},
				"east": {"uv": [8, 0, 10, 4], "texture": "#4"},
				"south": {"uv": [8, 0, 10, 4], "texture": "#4"},
				"west": {"uv": [8, 0, 10, 4], "texture": "#4"},
				"up": {"uv": [8, 0, 10, 4], "texture": "#4"},
				"down": {"uv": [8, 0, 10, 4], "texture": "#4"}
			}
		},
		{
			"from": [8, 7.392, -6.784],
			"to": [11.696, 11.088, -1.9792],
			"rotation": {"angle": 0, "axis": "y", "origin": [22.784, 0, -6.784]},
			"faces": {
				"north": {"uv": [0, 3, 16, 12], "texture": "#0"},
				"east": {"uv": [0, 3, 16, 12], "texture": "#0"},
				"south": {"uv": [0, 3, 16, 12], "texture": "#0"},
				"west": {"uv": [0, 3, 16, 12], "texture": "#0"},
				"up": {"uv": [0, 3, 16, 12], "texture": "#0"},
				"down": {"uv": [0, 3, 16, 12], "texture": "#0"}
			}
		},
		{
			"from": [3.0104, 8.1312, -7.3384],
			"to": [4.304, 10.3488, -6.2296],
			"rotation": {"angle": 0, "axis": "y", "origin": [-6.784, 0, -6.784]},
			"faces": {
				"north": {"uv": [8, 0, 10, 4], "texture": "#4"},
				"east": {"uv": [8, 0, 10, 4], "texture": "#4"},
				"south": {"uv": [8, 0, 10, 4], "texture": "#4"},
				"west": {"uv": [8, 0, 10, 4], "texture": "#4"},
				"up": {"uv": [8, 0, 10, 4], "texture": "#4"},
				"down": {"uv": [8, 0, 10, 4], "texture": "#4"}
			}
		},
		{
			"from": [8, 8.1312, -7.8928],
			"to": [11.696, 10.3488, -6.784],
			"rotation": {"angle": 0, "axis": "y", "origin": [22.784, 0, -6.784]},
			"faces": {
				"north": {"uv": [10, 0, 8, 4], "texture": "#4"},
				"east": {"uv": [10, 0, 8, 4], "texture": "#4"},
				"south": {"uv": [10, 0, 8, 4], "texture": "#4"},
				"west": {"uv": [10, 0, 8, 4], "texture": "#4"},
				"up": {"uv": [10, 0, 8, 4], "texture": "#4"},
				"down": {"uv": [10, 0, 8, 4], "texture": "#4"}
			}
		},
		{
			"from": [2.0864, -4.0656, 11.5112],
			"to": [4.6736, -0.3696, 15.2072],
			"rotation": {"angle": -45, "axis": "x", "origin": [-6.784, 0, -6.784]},
			"faces": {
				"north": {"uv": [0, 3, 16, 12], "texture": "#0"},
				"east": {"uv": [0, 3, 16, 12], "texture": "#0"},
				"south": {"uv": [0, 3, 16, 12], "texture": "#0"},
				"west": {"uv": [0, 3, 16, 12], "texture": "#0"},
				"up": {"uv": [5, 7, 12, 13], "texture": "#2"},
				"down": {"uv": [0, 3, 16, 12], "texture": "#0"}
			}
		},
		{
			"from": [8, 0.5544, 12.62],
			"to": [11.3264, 4.2504, 20.012],
			"rotation": {"angle": -22.5, "axis": "x", "origin": [22.784, 0, -6.784]},
			"faces": {
				"north": {"uv": [0, 3, 16, 12], "texture": "#0"},
				"east": {"uv": [0, 3, 16, 12], "texture": "#0"},
				"south": {"uv": [0, 3, 16, 12], "texture": "#0"},
				"west": {"uv": [0, 3, 16, 12], "texture": "#0"},
				"up": {"uv": [0, 3, 16, 12], "texture": "#0"},
				"down": {"uv": [0, 3, 16, 12], "texture": "#0"}
			}
		},
		{
			"from": [2.0864, 9.0552, 3.38],
			"to": [8, 12.7512, 12.9896],
			"rotation": {"angle": 0, "axis": "y", "origin": [-6.784, 0, -6.784]},
			"faces": {
				"north": {"uv": [0, 3, 16, 12], "texture": "#2"},
				"east": {"uv": [0, 3, 16, 12], "texture": "#0"},
				"south": {"uv": [0, 3, 16, 12], "texture": "#0"},
				"west": {"uv": [0, 3, 16, 12], "texture": "#0"},
				"up": {"uv": [0, 3, 16, 12], "texture": "#0"},
				"down": {"uv": [0, 3, 16, 12], "texture": "#0"}
			}
		},
		{
			"from": [11.696, 7.392, -6.2296],
			"to": [13.3592, 11.088, 3.38],
			"rotation": {"angle": 0, "axis": "y", "origin": [22.784, 0, -6.784]},
			"faces": {
				"north": {"uv": [10, 0, 8, 4], "texture": "#4"},
				"east": {"uv": [10, 0, 8, 4], "texture": "#4"},
				"south": {"uv": [10, 0, 8, 4], "texture": "#4"},
				"west": {"uv": [10, 0, 8, 4], "texture": "#4"},
				"up": {"uv": [10, 0, 8, 4], "texture": "#4"},
				"down": {"uv": [10, 0, 8, 4], "texture": "#4"}
			}
		},
		{
			"from": [2.0864, 12.7512, 9.1088],
			"to": [4.6736, 15.3384, 19.2728],
			"rotation": {"angle": 0, "axis": "y", "origin": [-6.784, 0, -6.784]},
			"faces": {
				"north": {"uv": [0, 3, 16, 12], "texture": "#0"},
				"east": {"uv": [0, 3, 16, 12], "texture": "#0"},
				"south": {"uv": [0, 3, 16, 12], "texture": "#0"},
				"west": {"uv": [0, 3, 16, 12], "texture": "#0"},
				"up": {"uv": [0, 3, 16, 12], "texture": "#0"},
				"down": {"uv": [0, 3, 16, 12], "texture": "#0"}
			}
		},
		{
			"from": [8, 9.0552, 3.38],
			"to": [13.9136, 12.7512, 12.9896],
			"rotation": {"angle": 0, "axis": "y", "origin": [22.784, 0, -6.784]},
			"faces": {
				"north": {"uv": [16, 3, 0, 12], "texture": "#2"},
				"east": {"uv": [16, 3, 0, 12], "texture": "#0"},
				"south": {"uv": [16, 3, 0, 12], "texture": "#0"},
				"west": {"uv": [16, 3, 0, 12], "texture": "#0"},
				"up": {"uv": [16, 3, 0, 12], "texture": "#0"},
				"down": {"uv": [16, 3, 0, 12], "texture": "#0"}
			}
		},
		{
			"from": [4.6736, 5.9136, 5.7824],
			"to": [8, 9.6096, 9.848],
			"rotation": {"angle": -22.5, "axis": "x", "origin": [-6.784, 0, -6.784]},
			"faces": {
				"north": {"uv": [4, 5, 6, 7], "texture": "#4"},
				"east": {"uv": [4, 3, 6, 7], "texture": "#4"},
				"south": {"uv": [4, 3, 6, 7], "texture": "#4"},
				"west": {"uv": [4, 5, 6, 7], "texture": "#4"},
				"up": {"uv": [0, 0, 8, 4], "texture": "#1"},
				"down": {"uv": [4, 3, 6, 7], "texture": "#4"}
			}
		},
		{
			"from": [8, 5.9136, -1.0552],
			"to": [11.696, 9.6096, 2.6408],
			"rotation": {"angle": -22.5, "axis": "x", "origin": [22.784, 0, -6.784]},
			"faces": {
				"north": {"uv": [0, 3, 16, 12], "texture": "#0"},
				"east": {"uv": [0, 3, 16, 12], "texture": "#0"},
				"south": {"uv": [0, 3, 16, 12], "texture": "#0"},
				"west": {"uv": [0, 3, 16, 12], "texture": "#0"},
				"up": {"uv": [0, 3, 16, 12], "texture": "#0"},
				"down": {"uv": [0, 3, 16, 12], "texture": "#0"}
			}
		},
		{
			"from": [4.6736, 13.6752, 4.8584],
			"to": [8, 15.3384, 19.4576],
			"rotation": {"angle": 0, "axis": "y", "origin": [-6.784, 0, -6.784]},
			"faces": {
				"north": {"uv": [4, 5, 6, 7], "texture": "#4"},
				"east": {"uv": [4, 5, 6, 7], "texture": "#4"},
				"south": {"uv": [4, 5, 6, 7], "texture": "#4"},
				"west": {"uv": [4, 5, 6, 7], "texture": "#4"},
				"up": {"uv": [4, 5, 6, 7], "texture": "#4"},
				"down": {"uv": [4, 5, 6, 7], "texture": "#4"}
			}
		},
		{
			"from": [8, 12.5664, 1.1624],
			"to": [11.3264, 13.6752, 8.1848],
			"rotation": {"angle": 0, "axis": "y", "origin": [22.784, 0, -6.784]},
			"faces": {
				"north": {"uv": [6, 5, 4, 7], "texture": "#4"},
				"east": {"uv": [6, 5, 4, 7], "texture": "#4"},
				"south": {"uv": [6, 5, 4, 7], "texture": "#4"},
				"west": {"uv": [6, 5, 4, 7], "texture": "#4"},
				"up": {"uv": [6, 5, 4, 7], "texture": "#4"},
				"down": {"uv": [6, 5, 4, 7], "texture": "#4"}
			}
		},
		{
			"from": [-4.3816, 17.3712, 15.0224],
			"to": [-3.4576, 19.9584, 18.9032],
			"rotation": {"angle": -22.5, "axis": "z", "origin": [-6.784, 0, -6.784]},
			"faces": {
				"north": {"uv": [0, 3, 16, 12], "texture": "#0"},
				"east": {"uv": [0, 3, 16, 12], "texture": "#0"},
				"south": {"uv": [0, 3, 16, 12], "texture": "#0"},
				"west": {"uv": [0, 3, 16, 12], "texture": "#0"},
				"up": {"uv": [0, 3, 16, 12], "texture": "#0"},
				"down": {"uv": [0, 3, 16, 12], "texture": "#0"}
			}
		},
		{
			"from": [20.936, 16.0776, 12.8048],
			"to": [23.5232, 18.6648, 18.7184],
			"rotation": {"angle": 45, "axis": "z", "origin": [22.5992, 0, -7.1536]},
			"faces": {
				"north": {"uv": [16, 3, 0, 6], "texture": "#2"},
				"east": {"uv": [16, 3, 0, 6], "texture": "#2"},
				"south": {"uv": [11, 5, 5, 11], "texture": "#3"},
				"west": {"uv": [16, 3, 0, 6], "texture": "#2"},
				"up": {"uv": [16, 3, 0, 6], "texture": "#2"},
				"down": {"uv": [16, 3, 0, 6], "texture": "#2"}
			}
		},
		{
			"from": [-4.3816, 19.9584, 15.5768],
			"to": [-3.4576, 20.5128, 18.3488],
			"rotation": {"angle": -22.5, "axis": "z", "origin": [-6.784, 0, -6.784]},
			"faces": {
				"north": {"uv": [0, 3, 16, 12], "texture": "#0"},
				"east": {"uv": [0, 3, 16, 12], "texture": "#0"},
				"south": {"uv": [0, 3, 16, 12], "texture": "#0"},
				"west": {"uv": [0, 3, 16, 12], "texture": "#0"},
				"up": {"uv": [0, 3, 16, 12], "texture": "#0"},
				"down": {"uv": [0, 3, 16, 12], "texture": "#0"}
			}
		},
		{
			"from": [7.076, 7.5768, 15.7616],
			"to": [13.9136, 8.5008, 17.6096],
			"rotation": {"angle": -22.5, "axis": "z", "origin": [22.784, 0, -6.784]},
			"faces": {
				"north": {"uv": [0, 3, 16, 12], "rotation": 270, "texture": "#0"},
				"east": {"uv": [0, 3, 16, 12], "rotation": 270, "texture": "#0"},
				"south": {"uv": [0, 3, 16, 12], "rotation": 270, "texture": "#0"},
				"west": {"uv": [0, 3, 16, 12], "rotation": 270, "texture": "#0"},
				"up": {"uv": [0, 3, 16, 12], "rotation": 270, "texture": "#0"},
				"down": {"uv": [0, 3, 16, 12], "rotation": 270, "texture": "#0"}
			}
		},
		{
			"from": [3.38, 17.0016, 15.7616],
			"to": [8, 17.7408, 18.164],
			"rotation": {"angle": 0, "axis": "y", "origin": [-6.784, 0, -6.784]},
			"faces": {
				"north": {"uv": [0, 3, 16, 12], "texture": "#0"},
				"east": {"uv": [0, 3, 16, 12], "texture": "#0"},
				"south": {"uv": [0, 3, 16, 12], "texture": "#0"},
				"west": {"uv": [0, 3, 16, 12], "texture": "#0"},
				"up": {"uv": [0, 3, 16, 12], "texture": "#0"},
				"down": {"uv": [0, 3, 16, 12], "texture": "#0"}
			}
		},
		{
			"from": [8, 16.2624, 5.9672],
			"to": [9.6632, 16.632, 9.2936],
			"rotation": {"angle": 0, "axis": "y", "origin": [22.784, 0, -6.784]},
			"faces": {
				"north": {"uv": [6, 5, 4, 7], "texture": "#4"},
				"east": {"uv": [6, 5, 4, 7], "texture": "#4"},
				"south": {"uv": [6, 5, 4, 7], "texture": "#4"},
				"west": {"uv": [6, 5, 4, 7], "texture": "#4"},
				"up": {"uv": [6, 5, 4, 7], "texture": "#4"},
				"down": {"uv": [6, 5, 4, 7], "texture": "#4"}
			}
		},
		{
			"from": [4.6736, 0.5544, 12.62],
			"to": [8, 4.2504, 20.012],
			"rotation": {"angle": -22.5, "axis": "x", "origin": [-6.784, 0, -6.784]},
			"faces": {
				"north": {"uv": [0, 3, 16, 12], "texture": "#0"},
				"east": {"uv": [0, 3, 16, 12], "texture": "#0"},
				"south": {"uv": [0, 3, 16, 12], "texture": "#0"},
				"west": {"uv": [0, 3, 16, 12], "texture": "#0"},
				"up": {"uv": [0, 3, 16, 12], "texture": "#0"},
				"down": {"uv": [0, 3, 16, 12], "texture": "#0"}
			}
		},
		{
			"from": [8, 5.9136, 5.7824],
			"to": [11.3264, 9.6096, 9.848],
			"rotation": {"angle": -22.5, "axis": "x", "origin": [22.784, 0, -6.784]},
			"faces": {
				"north": {"uv": [6, 5, 4, 7], "texture": "#4"},
				"east": {"uv": [6, 5, 4, 7], "texture": "#4"},
				"south": {"uv": [6, 3, 4, 7], "texture": "#4"},
				"west": {"uv": [6, 3, 4, 7], "texture": "#4"},
				"up": {"uv": [8, 0, 0, 4], "texture": "#1"},
				"down": {"uv": [6, 3, 4, 7], "texture": "#4"}
			}
		},
		{
			"from": [4.304, 7.9464, 7.8152],
			"to": [8, 12.5664, 10.9568],
			"rotation": {"angle": 0, "axis": "y", "origin": [-6.784, 0, -6.784]},
			"faces": {
				"north": {"uv": [0, 3, 16, 12], "texture": "#0"},
				"east": {"uv": [0, 3, 16, 12], "texture": "#0"},
				"south": {"uv": [0, 3, 16, 12], "texture": "#0"},
				"west": {"uv": [0, 3, 16, 12], "texture": "#0"},
				"up": {"uv": [0, 3, 16, 12], "texture": "#0"},
				"down": {"uv": [0, 3, 16, 12], "texture": "#0"}
			}
		},
		{
			"from": [8, 7.392, -1.9792],
			"to": [11.696, 12.5664, 7.8152],
			"rotation": {"angle": 0, "axis": "y", "origin": [22.784, 0, -6.784]},
			"faces": {
				"north": {"uv": [0, 3, 16, 12], "texture": "#0"},
				"east": {"uv": [0, 3, 16, 12], "texture": "#0"},
				"south": {"uv": [0, 3, 16, 12], "texture": "#0"},
				"west": {"uv": [0, 3, 16, 12], "texture": "#0"},
				"up": {"uv": [0, 3, 16, 12], "texture": "#0"},
				"down": {"uv": [0, 3, 16, 12], "texture": "#0"}
			}
		},
		{
			"from": [-2.5336, 7.5768, 9.848],
			"to": [6.7064, 8.5008, 13.7288],
			"rotation": {"angle": 22.5, "axis": "z", "origin": [-6.784, 0, -6.784]},
			"faces": {
				"north": {"uv": [0, 3, 16, 12], "rotation": 270, "texture": "#0"},
				"east": {"uv": [0, 3, 16, 12], "rotation": 270, "texture": "#0"},
				"south": {"uv": [0, 3, 16, 12], "rotation": 270, "texture": "#0"},
				"west": {"uv": [0, 3, 16, 12], "rotation": 270, "texture": "#0"},
				"up": {"uv": [0, 3, 16, 12], "rotation": 270, "texture": "#0"},
				"down": {"uv": [0, 3, 16, 12], "rotation": 270, "texture": "#0"}
			}
		},
		{
			"from": [19.4576, 17.3712, 15.0224],
			"to": [20.3816, 19.9584, 18.9032],
			"rotation": {"angle": 22.5, "axis": "z", "origin": [22.784, 0, -6.784]},
			"faces": {
				"north": {"uv": [0, 3, 16, 12], "texture": "#0"},
				"east": {"uv": [0, 3, 16, 12], "texture": "#0"},
				"south": {"uv": [0, 3, 16, 12], "texture": "#0"},
				"west": {"uv": [0, 3, 16, 12], "texture": "#0"},
				"up": {"uv": [0, 3, 16, 12], "texture": "#0"},
				"down": {"uv": [0, 3, 16, 12], "texture": "#0"}
			}
		},
		{
			"from": [-0.316, 7.5768, 13.7288],
			"to": [8.924, 8.5008, 15.7616],
			"rotation": {"angle": 22.5, "axis": "z", "origin": [-6.784, 0, -6.784]},
			"faces": {
				"north": {"uv": [0, 3, 16, 12], "rotation": 270, "texture": "#0"},
				"east": {"uv": [0, 3, 16, 12], "rotation": 270, "texture": "#0"},
				"south": {"uv": [0, 3, 16, 12], "rotation": 270, "texture": "#0"},
				"west": {"uv": [0, 3, 16, 12], "rotation": 270, "texture": "#0"},
				"up": {"uv": [0, 3, 16, 12], "rotation": 270, "texture": "#0"},
				"down": {"uv": [0, 3, 16, 12], "rotation": 270, "texture": "#0"}
			}
		},
		{
			"from": [9.2936, 7.5768, 9.848],
			"to": [18.5336, 8.5008, 13.7288],
			"rotation": {"angle": -22.5, "axis": "z", "origin": [22.784, 0, -6.784]},
			"faces": {
				"north": {"uv": [0, 3, 16, 12], "rotation": 270, "texture": "#0"},
				"east": {"uv": [0, 3, 16, 12], "rotation": 270, "texture": "#0"},
				"south": {"uv": [0, 3, 16, 12], "rotation": 270, "texture": "#0"},
				"west": {"uv": [0, 3, 16, 12], "rotation": 270, "texture": "#0"},
				"up": {"uv": [0, 3, 16, 12], "rotation": 270, "texture": "#0"},
				"down": {"uv": [0, 3, 16, 12], "rotation": 270, "texture": "#0"}
			}
		},
		{
			"from": [2.0864, 7.5768, 15.7616],
			"to": [8.924, 8.5008, 17.6096],
			"rotation": {"angle": 22.5, "axis": "z", "origin": [-6.784, 0, -6.784]},
			"faces": {
				"north": {"uv": [0, 3, 16, 12], "rotation": 270, "texture": "#0"},
				"east": {"uv": [0, 3, 16, 12], "rotation": 270, "texture": "#0"},
				"south": {"uv": [0, 3, 16, 12], "rotation": 270, "texture": "#0"},
				"west": {"uv": [0, 3, 16, 12], "rotation": 270, "texture": "#0"},
				"up": {"uv": [0, 3, 16, 12], "rotation": 270, "texture": "#0"},
				"down": {"uv": [0, 3, 16, 12], "rotation": 270, "texture": "#0"}
			}
		},
		{
			"from": [7.076, 7.5768, 13.7288],
			"to": [16.316, 8.5008, 15.7616],
			"rotation": {"angle": -22.5, "axis": "z", "origin": [22.784, 0, -6.784]},
			"faces": {
				"north": {"uv": [0, 3, 16, 12], "rotation": 270, "texture": "#0"},
				"east": {"uv": [0, 3, 16, 12], "rotation": 270, "texture": "#0"},
				"south": {"uv": [0, 3, 16, 12], "rotation": 270, "texture": "#0"},
				"west": {"uv": [0, 3, 16, 12], "rotation": 270, "texture": "#0"},
				"up": {"uv": [0, 3, 16, 12], "rotation": 270, "texture": "#0"},
				"down": {"uv": [0, 3, 16, 12], "rotation": 270, "texture": "#0"}
			}
		},
		{
			"from": [4.6736, 10.7184, 12.8048],
			"to": [7.2608, 13.3056, 18.7184],
			"rotation": {"angle": 0, "axis": "y", "origin": [-6.5992, 0, -7.1536]},
			"faces": {
				"north": {"uv": [0, 3, 16, 6], "texture": "#2"},
				"east": {"uv": [0, 3, 16, 6], "texture": "#2"},
				"south": {"uv": [5, 5, 11, 11], "texture": "#3"},
				"west": {"uv": [0, 3, 16, 6], "texture": "#2"},
				"up": {"uv": [0, 3, 16, 6], "texture": "#2"},
				"down": {"uv": [0, 3, 16, 6], "texture": "#2"}
			}
		},
		{
			"from": [11.3264, 12.7512, 9.1088],
			"to": [13.9136, 15.3384, 19.2728],
			"rotation": {"angle": 0, "axis": "y", "origin": [22.784, 0, -6.784]},
			"faces": {
				"north": {"uv": [0, 3, 16, 12], "texture": "#0"},
				"east": {"uv": [0, 3, 16, 12], "texture": "#0"},
				"south": {"uv": [0, 3, 16, 12], "texture": "#0"},
				"west": {"uv": [0, 3, 16, 12], "texture": "#0"},
				"up": {"uv": [0, 3, 16, 12], "texture": "#0"},
				"down": {"uv": [0, 3, 16, 12], "texture": "#0"}
			}
		},
		{
			"from": [-7.5232, 16.0776, 12.8048],
			"to": [-4.936, 18.6648, 18.7184],
			"rotation": {"angle": -45, "axis": "z", "origin": [-6.5992, 0, -7.1536]},
			"faces": {
				"north": {"uv": [0, 3, 16, 6], "texture": "#2"},
				"east": {"uv": [0, 3, 16, 6], "texture": "#2"},
				"south": {"uv": [5, 5, 11, 11], "texture": "#3"},
				"west": {"uv": [0, 3, 16, 6], "texture": "#2"},
				"up": {"uv": [0, 3, 16, 6], "texture": "#2"},
				"down": {"uv": [0, 3, 16, 6], "texture": "#2"}
			}
		},
		{
			"from": [8.7392, 10.7184, 12.8048],
			"to": [11.3264, 13.3056, 18.7184],
			"rotation": {"angle": 0, "axis": "y", "origin": [22.5992, 0, -7.1536]},
			"faces": {
				"north": {"uv": [16, 3, 0, 6], "texture": "#2"},
				"east": {"uv": [16, 3, 0, 6], "texture": "#2"},
				"south": {"uv": [11, 5, 5, 11], "texture": "#3"},
				"west": {"uv": [16, 3, 0, 6], "texture": "#2"},
				"up": {"uv": [16, 3, 0, 6], "texture": "#2"},
				"down": {"uv": [16, 3, 0, 6], "texture": "#2"}
			}
		},
		{
			"from": [8.1848, 7.9464, -8.0776],
			"to": [10.2176, 10.5336, -6.784],
			"rotation": {"angle": 0, "axis": "y", "origin": [22.784, 0, -6.784]},
			"faces": {
				"north": {"uv": [0, 4, 6, 12], "texture": "#1"},
				"east": {"uv": [0, 4, 6, 12], "texture": "#1"},
				"south": {"uv": [0, 4, 6, 12], "texture": "#1"},
				"west": {"uv": [0, 4, 6, 12], "texture": "#1"},
				"up": {"uv": [0, 4, 6, 12], "texture": "#1"},
				"down": {"uv": [0, 4, 6, 12], "texture": "#1"}
			}
		},
		{
			"from": [8.3696, 8.316, -9.1864],
			"to": [10.0328, 10.164, -8.0776],
			"rotation": {"angle": 0, "axis": "y", "origin": [22.784, 0, -6.784]},
			"faces": {
				"north": {"uv": [0, 4, 6, 12], "texture": "#1"},
				"east": {"uv": [0, 4, 6, 12], "texture": "#1"},
				"south": {"uv": [0, 4, 6, 12], "texture": "#1"},
				"west": {"uv": [0, 4, 6, 12], "texture": "#1"},
				"up": {"uv": [0, 4, 6, 12], "texture": "#1"},
				"down": {"uv": [0, 4, 6, 12], "texture": "#1"}
			}
		},
		{
			"from": [8.5544, 8.6856, -10.2952],
			"to": [9.848, 9.9792, -9.1864],
			"rotation": {"angle": 0, "axis": "y", "origin": [22.784, 0, -6.784]},
			"faces": {
				"north": {"uv": [0, 4, 6, 12], "texture": "#1"},
				"east": {"uv": [0, 4, 6, 12], "texture": "#1"},
				"south": {"uv": [0, 4, 6, 12], "texture": "#1"},
				"west": {"uv": [0, 4, 6, 12], "texture": "#1"},
				"up": {"uv": [0, 4, 6, 12], "texture": "#1"},
				"down": {"uv": [0, 4, 6, 12], "texture": "#1"}
			}
		},
		{
			"from": [19.088, 15.5232, -10.2952],
			"to": [20.3816, 16.8168, -9.1864],
			"rotation": {"angle": 45, "axis": "z", "origin": [22.784, 0, -6.784]},
			"faces": {
				"north": {"uv": [0, 4, 6, 12], "texture": "#1"},
				"east": {"uv": [0, 4, 6, 12], "texture": "#1"},
				"south": {"uv": [0, 4, 6, 12], "texture": "#1"},
				"west": {"uv": [0, 4, 6, 12], "texture": "#1"},
				"up": {"uv": [0, 4, 6, 12], "texture": "#1"},
				"down": {"uv": [0, 4, 6, 12], "texture": "#1"}
			}
		},
		{
			"from": [8.7392, 8.8704, -10.8496],
			"to": [9.6632, 9.7944, -10.2952],
			"rotation": {"angle": 0, "axis": "y", "origin": [22.784, 0, -6.784]},
			"faces": {
				"north": {"uv": [5, 5, 11, 11], "texture": "#3"},
				"east": {"uv": [0, 4, 6, 12], "texture": "#1"},
				"south": {"uv": [0, 4, 6, 12], "texture": "#1"},
				"west": {"uv": [0, 4, 6, 12], "texture": "#1"},
				"up": {"uv": [0, 4, 6, 12], "texture": "#1"},
				"down": {"uv": [0, 4, 6, 12], "texture": "#1"}
			}
		},
		{
			"from": [1.9016, -4.0656, 11.3264],
			"to": [2.0864, -0.1848, 15.392],
			"rotation": {"angle": -45, "axis": "x", "origin": [-6.784, 0, -6.784]},
			"faces": {
				"north": {"uv": [0, 3, 16, 12], "texture": "#0"},
				"east": {"uv": [0, 3, 16, 12], "texture": "#0"},
				"south": {"uv": [0, 3, 16, 12], "texture": "#0"},
				"west": {"uv": [0, 3, 16, 12], "texture": "#0"},
				"up": {"uv": [0, 3, 16, 12], "texture": "#0"},
				"down": {"uv": [0, 3, 16, 12], "texture": "#0"}
			}
		},
		{
			"from": [11.3264, -4.0656, 11.5112],
			"to": [13.9136, -0.3696, 15.2072],
			"rotation": {"angle": -45, "axis": "x", "origin": [22.784, 0, -6.784]},
			"faces": {
				"north": {"uv": [16, 3, 0, 12], "texture": "#0"},
				"east": {"uv": [16, 3, 0, 12], "texture": "#0"},
				"south": {"uv": [16, 3, 0, 12], "texture": "#0"},
				"west": {"uv": [16, 3, 0, 12], "texture": "#0"},
				"up": {"uv": [12, 7, 5, 13], "texture": "#2"},
				"down": {"uv": [16, 3, 0, 12], "texture": "#0"}
			}
		},
		{
			"from": [1.9016, -4.0656, 15.2072],
			"to": [4.8584, -0.1848, 15.392],
			"rotation": {"angle": -45, "axis": "x", "origin": [-6.784, 0, -6.784]},
			"faces": {
				"north": {"uv": [0, 3, 16, 12], "texture": "#0"},
				"east": {"uv": [0, 3, 16, 12], "texture": "#0"},
				"south": {"uv": [0, 3, 16, 12], "texture": "#0"},
				"west": {"uv": [0, 3, 16, 12], "texture": "#0"},
				"up": {"uv": [0, 3, 16, 12], "texture": "#0"},
				"down": {"uv": [0, 3, 16, 12], "texture": "#0"}
			}
		},
		{
			"from": [13.9136, -4.0656, 11.3264],
			"to": [14.0984, -0.1848, 15.392],
			"rotation": {"angle": -45, "axis": "x", "origin": [22.784, 0, -6.784]},
			"faces": {
				"north": {"uv": [16, 3, 0, 12], "texture": "#0"},
				"east": {"uv": [16, 3, 0, 12], "texture": "#0"},
				"south": {"uv": [16, 3, 0, 12], "texture": "#0"},
				"west": {"uv": [16, 3, 0, 12], "texture": "#0"},
				"up": {"uv": [16, 3, 0, 12], "texture": "#0"},
				"down": {"uv": [16, 3, 0, 12], "texture": "#0"}
			}
		},
		{
			"from": [5.7824, 15.3384, 5.9672],
			"to": [8, 16.2624, 9.2936],
			"rotation": {"angle": 0, "axis": "y", "origin": [-6.784, 0, -6.784]},
			"faces": {
				"north": {"uv": [4, 5, 6, 7], "texture": "#4"},
				"east": {"uv": [4, 5, 6, 7], "texture": "#4"},
				"south": {"uv": [4, 5, 6, 7], "texture": "#4"},
				"west": {"uv": [4, 5, 6, 7], "texture": "#4"},
				"up": {"uv": [4, 5, 6, 7], "texture": "#4"},
				"down": {"uv": [4, 5, 6, 7], "texture": "#4"}
			}
		},
		{
			"from": [8, 13.6752, 4.8584],
			"to": [11.3264, 15.3384, 19.4576],
			"rotation": {"angle": 0, "axis": "y", "origin": [22.784, 0, -6.784]},
			"faces": {
				"north": {"uv": [6, 5, 4, 7], "texture": "#4"},
				"east": {"uv": [6, 5, 4, 7], "texture": "#4"},
				"south": {"uv": [6, 5, 4, 7], "texture": "#4"},
				"west": {"uv": [6, 5, 4, 7], "texture": "#4"},
				"up": {"uv": [6, 5, 4, 7], "texture": "#4"},
				"down": {"uv": [6, 5, 4, 7], "texture": "#4"}
			}
		},
		{
			"from": [6.3368, 16.2624, 5.9672],
			"to": [8, 16.632, 9.2936],
			"rotation": {"angle": 0, "axis": "y", "origin": [-6.784, 0, -6.784]},
			"faces": {
				"north": {"uv": [4, 5, 6, 7], "texture": "#4"},
				"east": {"uv": [4, 5, 6, 7], "texture": "#4"},
				"south": {"uv": [4, 5, 6, 7], "texture": "#4"},
				"west": {"uv": [4, 5, 6, 7], "texture": "#4"},
				"up": {"uv": [4, 5, 6, 7], "texture": "#4"},
				"down": {"uv": [4, 5, 6, 7], "texture": "#4"}
			}
		},
		{
			"from": [8, 15.3384, 5.9672],
			"to": [10.2176, 16.2624, 9.2936],
			"rotation": {"angle": 0, "axis": "y", "origin": [22.784, 0, -6.784]},
			"faces": {
				"north": {"uv": [6, 5, 4, 7], "texture": "#4"},
				"east": {"uv": [6, 5, 4, 7], "texture": "#4"},
				"south": {"uv": [6, 5, 4, 7], "texture": "#4"},
				"west": {"uv": [6, 5, 4, 7], "texture": "#4"},
				"up": {"uv": [6, 5, 4, 7], "texture": "#4"},
				"down": {"uv": [6, 5, 4, 7], "texture": "#4"}
			}
		},
		{
			"from": [7.4456, 15.708, 5.7824],
			"to": [8, 16.2624, 5.9672],
			"rotation": {"angle": 0, "axis": "y", "origin": [-6.784, 0, -6.784]},
			"faces": {
				"north": {"uv": [6, 6, 10, 10], "texture": "#1"},
				"east": {"uv": [0, 3, 2, 5], "texture": "#1"},
				"south": {"uv": [0, 3, 2, 5], "texture": "#1"},
				"west": {"uv": [0, 3, 2, 5], "texture": "#1"},
				"up": {"uv": [0, 3, 2, 5], "texture": "#1"},
				"down": {"uv": [0, 3, 2, 5], "texture": "#1"}
			}
		}
	],
	"display": {
		"thirdperson_righthand": {
			"rotation": [68, 0, 0],
			"translation": [-6.25, -11.25, -4.5],
			"scale": [3, 3, 3]
		},
		"thirdperson_lefthand": {
			"rotation": [68, 0, 0],
			"translation": [-6.25, -11.25, -4.5],
			"scale": [3, 3, 3]
		},
		"firstperson_righthand": {
			"translation": [0, 0, 0.25],
			"scale": [0.5, 0.5, 0.5]
		},
		"firstperson_lefthand": {
			"translation": [0, 0, 0.25],
			"scale": [0.5, 0.5, 0.5]
		},
		"gui": {
			"rotation": [56, 114, 2],
			"translation": [1.25, -0.5, 0],
			"scale": [0.5, 0.5, 0.5]
		},
		"head": {
			"translation": [0, -32.25, 3],
			"scale": [4, 4, 4]
		}
	}
}