{
	"credit": "Made with Blockbench",
	"textures": {
		"0": "minecraft:block/redstone_block",
		"1": "minecraft:block/black_shulker_box",
		"2": "minecraft:block/white_shulker_box",
		"particle": "minecraft:block/redstone_block"
	},
	"elements": [
		{
			"from": [6.8, 8, 3],
			"to": [8, 9.7, 5],
			"faces": {
				"north": {"uv": [0, 0, 1.2, 1.7], "texture": "#2"},
				"east": {"uv": [0, 0, 1.2, 1.7], "texture": "#2"},
				"south": {"uv": [0, 0, 1.2, 1.7], "texture": "#2"},
				"west": {"uv": [0, 0, 1.2, 1.7], "texture": "#2"},
				"up": {"uv": [0, 0, 1.2, 1.7], "texture": "#2"},
				"down": {"uv": [0, 0, 1.2, 1.7], "texture": "#2"}
			}
		},
		{
			"from": [11.8, 3.3, 5.7],
			"to": [11.9, 4.8, 6.7],
			"rotation": {"angle": -22.5, "axis": "y", "origin": [16, -0.7, 0]},
			"faces": {
				"north": {"uv": [2.1, 0, 1.8, 1], "texture": "#1"},
				"east": {"uv": [2.1, 0, 1.8, 1], "texture": "#1"},
				"south": {"uv": [2.1, 0, 1.8, 1], "texture": "#1"},
				"west": {"uv": [2.1, 0, 1.8, 1], "texture": "#1"},
				"up": {"uv": [2.1, 0, 1.8, 1], "texture": "#1"},
				"down": {"uv": [2.1, 0, 1.8, 1], "texture": "#1"}
			}
		},
		{
			"from": [4, 7.8, 5.5],
			"to": [5, 9.5, 6.7],
			"rotation": {"angle": 22.5, "axis": "y", "origin": [0, 0, 0]},
			"faces": {
				"north": {"uv": [0, 0, 1, 1.7], "texture": "#2"},
				"east": {"uv": [0, 0, 1, 1.7], "texture": "#2"},
				"south": {"uv": [0, 0, 1, 1.7], "texture": "#2"},
				"west": {"uv": [0, 0, 1, 1.7], "texture": "#2"},
				"up": {"uv": [0, 0, 1, 1.7], "texture": "#2"},
				"down": {"uv": [0, 0, 1, 1.7], "texture": "#2"}
			}
		},
		{
			"from": [6.3, 7.5, 3],
			"to": [8, 8, 5],
			"faces": {
				"north": {"uv": [0, 0, 1.7, 0.5], "texture": "#2"},
				"east": {"uv": [0, 0, 1.7, 0.5], "texture": "#2"},
				"south": {"uv": [0, 0, 1.7, 0.5], "texture": "#2"},
				"west": {"uv": [0, 0, 1.7, 0.5], "texture": "#2"},
				"up": {"uv": [0, 0, 1.7, 0.5], "texture": "#2"},
				"down": {"uv": [0, 0, 1.7, 0.5], "texture": "#2"}
			}
		},
		{
			"from": [8, 5.4, 7.6],
			"to": [10.5, 12.3, 9.9],
			"rotation": {"angle": 0, "axis": "y", "origin": [16, 0, 0]},
			"faces": {
				"north": {"uv": [7.2, 5, 6, 8.6], "texture": "#0"},
				"east": {"uv": [7.2, 5, 6, 8.6], "texture": "#0"},
				"south": {"uv": [7.2, 5, 6, 8.6], "texture": "#0"},
				"west": {"uv": [7.2, 5, 6, 8.6], "texture": "#0"},
				"up": {"uv": [7.2, 5, 6, 8.6], "texture": "#0"},
				"down": {"uv": [7.2, 5, 6, 8.6], "texture": "#0"}
			}
		},
		{
			"from": [7.5, 6.5, 3],
			"to": [8, 7.7, 5],
			"faces": {
				"north": {"uv": [1, 0, 1.5, 1.2], "texture": "#2"},
				"east": {"uv": [1, 0, 1.5, 1.2], "texture": "#2"},
				"south": {"uv": [1, 0, 1.5, 1.2], "texture": "#2"},
				"west": {"uv": [1, 0, 1.5, 1.2], "texture": "#2"},
				"up": {"uv": [1, 0, 1.5, 1.2], "texture": "#2"},
				"down": {"uv": [1, 0, 1.5, 1.2], "texture": "#2"}
			}
		},
		{
			"from": [9.7, 7.5, 3.4],
			"to": [10.3, 8, 5.3],
			"rotation": {"angle": 0, "axis": "y", "origin": [16, 0, 0]},
			"faces": {
				"north": {"uv": [0.6, 0, 0, 0.5], "texture": "#2"},
				"east": {"uv": [0.6, 0, 0, 0.5], "texture": "#2"},
				"south": {"uv": [0.6, 0, 0, 0.5], "texture": "#2"},
				"west": {"uv": [0.6, 0, 0, 0.5], "texture": "#2"},
				"up": {"uv": [0.6, 0, 0, 0.5], "texture": "#2"},
				"down": {"uv": [0.6, 0, 0, 0.5], "texture": "#2"}
			}
		},
		{
			"from": [2.9, 9.4, 3],
			"to": [4.3, 9.9, 5],
			"rotation": {"angle": -22.5, "axis": "z", "origin": [0, 0, 0]},
			"faces": {
				"north": {"uv": [0, 0, 0.5, 1.4], "rotation": 90, "texture": "#2"},
				"east": {"uv": [0, 0, 0.5, 1.4], "rotation": 90, "texture": "#2"},
				"south": {"uv": [0, 0, 0.5, 1.4], "rotation": 90, "texture": "#2"},
				"west": {"uv": [0, 0, 0.5, 1.4], "rotation": 90, "texture": "#2"},
				"up": {"uv": [0, 0, 0.5, 1.4], "rotation": 90, "texture": "#2"},
				"down": {"uv": [0, 0, 0.5, 1.4], "rotation": 90, "texture": "#2"}
			}
		},
		{
			"from": [8, 2.5, 3.2],
			"to": [8.3, 3, 5.3],
			"rotation": {"angle": 0, "axis": "x", "origin": [16, 0, 0]},
			"faces": {
				"north": {"uv": [1.5, 0, 1.2, 0.2], "texture": "#2"},
				"east": {"uv": [1.5, 0, 1.2, 0.2], "texture": "#2"},
				"south": {"uv": [1.5, 0, 1.2, 0.2], "texture": "#2"},
				"west": {"uv": [1.5, 0, 1.2, 0.2], "texture": "#2"},
				"up": {"uv": [1.5, 0, 1.2, 0.2], "texture": "#2"},
				"down": {"uv": [1.5, 0, 1.2, 0.2], "texture": "#2"}
			}
		},
		{
			"from": [8.9, 3, 3],
			"to": [9.9, 3.5, 5],
			"rotation": {"angle": 22.5, "axis": "z", "origin": [0, 0, 0]},
			"faces": {
				"north": {"uv": [0, 0, 0.5, 1], "rotation": 270, "texture": "#2"},
				"east": {"uv": [0, 0, 0.5, 1], "rotation": 270, "texture": "#2"},
				"south": {"uv": [0, 0, 0.5, 1], "rotation": 270, "texture": "#2"},
				"west": {"uv": [0, 0, 0.5, 1], "rotation": 270, "texture": "#2"},
				"up": {"uv": [0, 0, 0.5, 1], "rotation": 270, "texture": "#2"},
				"down": {"uv": [0, 0, 0.5, 1], "rotation": 270, "texture": "#2"}
			}
		},
		{
			"from": [11.7, 7.3, 5.6],
			"to": [12.6, 7.5, 7.6],
			"rotation": {"angle": -22.5, "axis": "y", "origin": [16, 0, 0]},
			"faces": {
				"north": {"uv": [0, 0.9, 0.2, 0], "rotation": 90, "texture": "#2"},
				"east": {"uv": [0, 0.9, 0.2, 0], "rotation": 90, "texture": "#2"},
				"south": {"uv": [0, 0.9, 0.2, 0], "rotation": 90, "texture": "#2"},
				"west": {"uv": [0, 0.9, 0.2, 0], "rotation": 90, "texture": "#2"},
				"up": {"uv": [0, 0.9, 0.2, 0], "rotation": 90, "texture": "#2"},
				"down": {"uv": [0, 0.9, 0.2, 0], "rotation": 90, "texture": "#2"}
			}
		},
		{
			"from": [3.6, 6.1, 5.6],
			"to": [5.6, 6.7, 7.6],
			"rotation": {"angle": 22.5, "axis": "y", "origin": [0, 0, 0]},
			"faces": {
				"north": {"uv": [0, 4.5, 0.6, 6.5], "rotation": 90, "texture": "#2"},
				"east": {"uv": [0, 4.5, 0.6, 6.5], "rotation": 90, "texture": "#2"},
				"south": {"uv": [0, 4.5, 0.6, 6.5], "rotation": 90, "texture": "#2"},
				"west": {"uv": [0, 4.5, 0.6, 6.5], "rotation": 90, "texture": "#2"},
				"up": {"uv": [0, 4.5, 0.6, 6.5], "rotation": 90, "texture": "#2"},
				"down": {"uv": [0, 4.5, 0.6, 6.5], "rotation": 90, "texture": "#2"}
			}
		},
		{
			"from": [11.7, 9.4, 3],
			"to": [13.1, 9.9, 5],
			"rotation": {"angle": 22.5, "axis": "z", "origin": [16, 0, 0]},
			"faces": {
				"north": {"uv": [0, 1.4, 0.5, 0], "rotation": 90, "texture": "#2"},
				"east": {"uv": [0, 1.4, 0.5, 0], "rotation": 90, "texture": "#2"},
				"south": {"uv": [0, 1.4, 0.5, 0], "rotation": 90, "texture": "#2"},
				"west": {"uv": [0, 1.4, 0.5, 0], "rotation": 90, "texture": "#2"},
				"up": {"uv": [0, 1.4, 0.5, 0], "rotation": 90, "texture": "#2"},
				"down": {"uv": [0, 1.4, 0.5, 0], "rotation": 90, "texture": "#2"}
			}
		},
		{
			"from": [6.1, 3, 3],
			"to": [7.1, 3.5, 5],
			"rotation": {"angle": -22.5, "axis": "z", "origin": [16, 0, 0]},
			"faces": {
				"north": {"uv": [0, 1, 0.5, 0], "rotation": 270, "texture": "#2"},
				"east": {"uv": [0, 1, 0.5, 0], "rotation": 270, "texture": "#2"},
				"south": {"uv": [0, 1, 0.5, 0], "rotation": 270, "texture": "#2"},
				"west": {"uv": [0, 1, 0.5, 0], "rotation": 270, "texture": "#2"},
				"up": {"uv": [0, 1, 0.5, 0], "rotation": 270, "texture": "#2"},
				"down": {"uv": [0, 1, 0.5, 0], "rotation": 270, "texture": "#2"}
			}
		},
		{
			"from": [7.1, 4.2, 5.6],
			"to": [8, 4.9, 5.8],
			"rotation": {"angle": -22.5, "axis": "x", "origin": [0, 0, 0]},
			"color": 4,
			"faces": {
				"north": {"uv": [1.4, 0, 2.3, 0.7], "texture": "#missing"},
				"east": {"uv": [2.4, 0, 2.6, 0.7], "texture": "#missing"},
				"south": {"uv": [1.4, 0, 2.3, 0.7], "texture": "#missing"},
				"west": {"uv": [2.4, 0, 2.6, 0.7], "texture": "#missing"},
				"up": {"uv": [1.4, 0, 2.3, 0.2], "texture": "#missing"},
				"down": {"uv": [1.4, 0, 2.3, 0.2], "texture": "#missing"}
			}
		},
		{
			"from": [8, 6.5, 3],
			"to": [8.5, 7.7, 5],
			"rotation": {"angle": 0, "axis": "y", "origin": [16, 0, 0]},
			"faces": {
				"north": {"uv": [1.5, 0, 1, 1.2], "texture": "#2"},
				"east": {"uv": [1.5, 0, 1, 1.2], "texture": "#2"},
				"south": {"uv": [1.5, 0, 1, 1.2], "texture": "#2"},
				"west": {"uv": [1.5, 0, 1, 1.2], "texture": "#2"},
				"up": {"uv": [1.5, 0, 1, 1.2], "texture": "#2"},
				"down": {"uv": [1.5, 0, 1, 1.2], "texture": "#2"}
			}
		},
		{
			"from": [6.8, 2.5, 3.3],
			"to": [8, 6.6, 5.3],
			"faces": {
				"north": {"uv": [1.5, 0, 2.8, 3.6], "texture": "#1"},
				"east": {"uv": [1.5, 0, 2.8, 3.6], "texture": "#1"},
				"south": {"uv": [1.5, 0, 2.8, 3.6], "texture": "#1"},
				"west": {"uv": [1.5, 0, 2.8, 3.6], "texture": "#1"},
				"up": {"uv": [1.5, 0, 2.8, 3.6], "texture": "#1"},
				"down": {"uv": [1.5, 0, 2.8, 3.6], "texture": "#1"}
			}
		},
		{
			"from": [6.6, 2.5, 3.2],
			"to": [6.8, 6.1, 5.3],
			"faces": {
				"north": {"uv": [0.2, 0, 0.3, 3.3], "texture": "#2"},
				"east": {"uv": [0.2, 0, 0.3, 3.3], "texture": "#2"},
				"south": {"uv": [0.2, 0, 0.3, 3.3], "texture": "#2"},
				"west": {"uv": [0.2, 0, 0.3, 3.3], "texture": "#2"},
				"up": {"uv": [0.2, 0, 0.3, 3.3], "texture": "#2"},
				"down": {"uv": [0.2, 0, 0.3, 3.3], "texture": "#2"}
			}
		},
		{
			"from": [8, 4.9, 3.2],
			"to": [9.1, 5.1, 3.3],
			"rotation": {"angle": 0, "axis": "x", "origin": [16, 0, 0]},
			"faces": {
				"north": {"uv": [4.7, 4, 3.5, 5.2], "texture": "#1"},
				"east": {"uv": [4.7, 4, 3.5, 5.2], "texture": "#1"},
				"south": {"uv": [4.7, 4, 3.5, 5.2], "texture": "#1"},
				"west": {"uv": [4.7, 4, 3.5, 5.2], "texture": "#1"},
				"up": {"uv": [4.7, 4, 3.5, 5.2], "texture": "#1"},
				"down": {"uv": [4.7, 4, 3.5, 5.2], "texture": "#1"}
			}
		},
		{
			"from": [8, 4.2, 5.6],
			"to": [8.9, 4.9, 5.8],
			"rotation": {"angle": -22.5, "axis": "x", "origin": [16, 0, 0]},
			"color": 4,
			"faces": {
				"north": {"uv": [2.3, 0, 1.4, 0.7], "texture": "#missing"},
				"east": {"uv": [2.6, 0, 2.4, 0.7], "texture": "#missing"},
				"south": {"uv": [2.3, 0, 1.4, 0.7], "texture": "#missing"},
				"west": {"uv": [2.6, 0, 2.4, 0.7], "texture": "#missing"},
				"up": {"uv": [2.3, 0, 1.4, 0.2], "texture": "#missing"},
				"down": {"uv": [2.3, 0, 1.4, 0.2], "texture": "#missing"}
			}
		},
		{
			"from": [4.6, 3.7, 5.7],
			"to": [4.9, 6.2, 6.7],
			"rotation": {"angle": 22.5, "axis": "y", "origin": [0, 0, 0]},
			"faces": {
				"north": {"uv": [1.8, 0, 2.2, 2.5], "texture": "#2"},
				"east": {"uv": [1.8, 0, 2.2, 2.5], "texture": "#2"},
				"south": {"uv": [1.8, 0, 2.2, 2.5], "texture": "#2"},
				"west": {"uv": [1.8, 0, 2.2, 2.5], "texture": "#2"},
				"up": {"uv": [1.8, 0, 2.2, 2.5], "texture": "#2"},
				"down": {"uv": [1.8, 0, 2.2, 2.5], "texture": "#2"}
			}
		},
		{
			"from": [12, 9.2, 5.9],
			"to": [12.4, 10.6, 6.7],
			"rotation": {"angle": -22.5, "axis": "y", "origin": [16, 0, 0]},
			"faces": {
				"north": {"uv": [0.4, 0, 0, 1.4], "texture": "#2"},
				"east": {"uv": [0.4, 0, 0, 1.4], "texture": "#2"},
				"south": {"uv": [0.4, 0, 0, 1.4], "texture": "#2"},
				"west": {"uv": [0.4, 0, 0, 1.4], "texture": "#2"},
				"up": {"uv": [0.4, 0, 0, 1.4], "texture": "#2"},
				"down": {"uv": [0.4, 0, 0, 1.4], "texture": "#2"}
			}
		},
		{
			"from": [7.5, 2.1, 3.2],
			"to": [8, 2.5, 5.3],
			"faces": {
				"north": {"uv": [1.2, 0, 1.8, 0.3], "texture": "#2"},
				"east": {"uv": [1.2, 0, 1.8, 0.3], "texture": "#2"},
				"south": {"uv": [1.2, 0, 1.8, 0.3], "texture": "#2"},
				"west": {"uv": [1.2, 0, 1.8, 0.3], "texture": "#2"},
				"up": {"uv": [1.2, 0, 1.8, 0.3], "texture": "#2"},
				"down": {"uv": [1.2, 0, 1.8, 0.3], "texture": "#2"}
			}
		},
		{
			"from": [9.8, 5.7, 3.4],
			"to": [10.1, 6.1, 5.3],
			"rotation": {"angle": 0, "axis": "y", "origin": [16, 0, 0]},
			"faces": {
				"north": {"uv": [0.3, 0, 0.2, 3.3], "texture": "#2"},
				"east": {"uv": [0.3, 0, 0.2, 3.3], "texture": "#2"},
				"south": {"uv": [0.3, 0, 0.2, 3.3], "texture": "#2"},
				"west": {"uv": [0.3, 0, 0.2, 3.3], "texture": "#2"},
				"up": {"uv": [0.3, 0, 0.2, 3.3], "texture": "#2"},
				"down": {"uv": [0.3, 0, 0.2, 3.3], "texture": "#2"}
			}
		},
		{
			"from": [3.4, 6.7, 5.6],
			"to": [4.3, 6.9, 7.6],
			"rotation": {"angle": 22.5, "axis": "y", "origin": [0, 0, 0]},
			"faces": {
				"north": {"uv": [0, 0, 0.2, 0.9], "rotation": 90, "texture": "#2"},
				"east": {"uv": [0, 0, 0.2, 0.9], "rotation": 90, "texture": "#2"},
				"south": {"uv": [0, 0, 0.2, 0.9], "rotation": 90, "texture": "#2"},
				"west": {"uv": [0, 0, 0.2, 0.9], "rotation": 90, "texture": "#2"},
				"up": {"uv": [0, 0, 0.2, 0.9], "rotation": 90, "texture": "#2"},
				"down": {"uv": [0, 0, 0.2, 0.9], "rotation": 90, "texture": "#2"}
			}
		},
		{
			"from": [12, 6.9, 5.6],
			"to": [12.5, 7.8, 7.6],
			"rotation": {"angle": -22.5, "axis": "y", "origin": [16, 0, 0]},
			"faces": {
				"north": {"uv": [0, 0.5, 0.9, 0], "rotation": 90, "texture": "#2"},
				"east": {"uv": [0, 0.5, 0.9, 0], "rotation": 90, "texture": "#2"},
				"south": {"uv": [0, 0.5, 0.9, 0], "rotation": 90, "texture": "#2"},
				"west": {"uv": [0, 0.5, 0.9, 0], "rotation": 90, "texture": "#2"},
				"up": {"uv": [0, 0.5, 0.9, 0], "rotation": 90, "texture": "#2"},
				"down": {"uv": [0, 0.5, 0.9, 0], "rotation": 90, "texture": "#2"}
			}
		},
		{
			"from": [3.5, 6.9, 5.6],
			"to": [4, 7.8, 7.6],
			"rotation": {"angle": 22.5, "axis": "y", "origin": [0, 0, 0]},
			"faces": {
				"north": {"uv": [0, 0, 0.9, 0.5], "rotation": 90, "texture": "#2"},
				"east": {"uv": [0, 0, 0.9, 0.5], "rotation": 90, "texture": "#2"},
				"south": {"uv": [0, 0, 0.9, 0.5], "rotation": 90, "texture": "#2"},
				"west": {"uv": [0, 0, 0.9, 0.5], "rotation": 90, "texture": "#2"},
				"up": {"uv": [0, 0, 0.9, 0.5], "rotation": 90, "texture": "#2"},
				"down": {"uv": [0, 0, 0.9, 0.5], "rotation": 90, "texture": "#2"}
			}
		},
		{
			"from": [12, 5.6, 6],
			"to": [13.5, 7.6, 8],
			"rotation": {"angle": -22.5, "axis": "y", "origin": [16, 0, 0]},
			"faces": {
				"north": {"uv": [5, 6, 11, 5], "rotation": 90, "texture": "#0"},
				"east": {"uv": [5, 6, 11, 5], "rotation": 90, "texture": "#0"},
				"south": {"uv": [5, 6, 11, 5], "rotation": 90, "texture": "#0"},
				"west": {"uv": [5, 6, 11, 5], "rotation": 90, "texture": "#0"},
				"up": {"uv": [5, 6, 11, 5], "rotation": 90, "texture": "#0"},
				"down": {"uv": [5, 6, 11, 5], "rotation": 90, "texture": "#0"}
			}
		},
		{
			"from": [6.9, 5.8, 3.2],
			"to": [8, 6, 3.3],
			"faces": {
				"north": {"uv": [3.5, 4, 4.7, 5.2], "texture": "#1"},
				"east": {"uv": [3.5, 4, 4.7, 5.2], "texture": "#1"},
				"south": {"uv": [3.5, 4, 4.7, 5.2], "texture": "#1"},
				"west": {"uv": [3.5, 4, 4.7, 5.2], "texture": "#1"},
				"up": {"uv": [3.5, 4, 4.7, 5.2], "texture": "#1"},
				"down": {"uv": [3.5, 4, 4.7, 5.2], "texture": "#1"}
			}
		},
		{
			"from": [8, 2.5, 3.3],
			"to": [9.2, 6.6, 5.3],
			"rotation": {"angle": 0, "axis": "x", "origin": [16, 0, 0]},
			"faces": {
				"north": {"uv": [2.8, 0, 1.5, 3.6], "texture": "#1"},
				"east": {"uv": [2.8, 0, 1.5, 3.6], "texture": "#1"},
				"south": {"uv": [2.8, 0, 1.5, 3.6], "texture": "#1"},
				"west": {"uv": [2.8, 0, 1.5, 3.6], "texture": "#1"},
				"up": {"uv": [2.8, 0, 1.5, 3.6], "texture": "#1"},
				"down": {"uv": [2.8, 0, 1.5, 3.6], "texture": "#1"}
			}
		},
		{
			"from": [6.9, 5.5, 3.2],
			"to": [8, 5.7, 3.3],
			"faces": {
				"north": {"uv": [3.5, 4, 4.7, 5.2], "texture": "#1"},
				"east": {"uv": [3.5, 4, 4.7, 5.2], "texture": "#1"},
				"south": {"uv": [3.5, 4, 4.7, 5.2], "texture": "#1"},
				"west": {"uv": [3.5, 4, 4.7, 5.2], "texture": "#1"},
				"up": {"uv": [3.5, 4, 4.7, 5.2], "texture": "#1"},
				"down": {"uv": [3.5, 4, 4.7, 5.2], "texture": "#1"}
			}
		},
		{
			"from": [8, 5.8, 3.2],
			"to": [9.1, 6, 3.3],
			"rotation": {"angle": 0, "axis": "y", "origin": [16, 0, 0]},
			"faces": {
				"north": {"uv": [4.7, 4, 3.5, 5.2], "texture": "#1"},
				"east": {"uv": [4.7, 4, 3.5, 5.2], "texture": "#1"},
				"south": {"uv": [4.7, 4, 3.5, 5.2], "texture": "#1"},
				"west": {"uv": [4.7, 4, 3.5, 5.2], "texture": "#1"},
				"up": {"uv": [4.7, 4, 3.5, 5.2], "texture": "#1"},
				"down": {"uv": [4.7, 4, 3.5, 5.2], "texture": "#1"}
			}
		},
		{
			"from": [6.9, 5.2, 3.2],
			"to": [8, 5.4, 3.3],
			"faces": {
				"north": {"uv": [3.5, 4, 4.7, 5.2], "texture": "#1"},
				"east": {"uv": [3.5, 4, 4.7, 5.2], "texture": "#1"},
				"south": {"uv": [3.5, 4, 4.7, 5.2], "texture": "#1"},
				"west": {"uv": [3.5, 4, 4.7, 5.2], "texture": "#1"},
				"up": {"uv": [3.5, 4, 4.7, 5.2], "texture": "#1"},
				"down": {"uv": [3.5, 4, 4.7, 5.2], "texture": "#1"}
			}
		},
		{
			"from": [8, 5.5, 3.2],
			"to": [9.1, 5.7, 3.3],
			"rotation": {"angle": 0, "axis": "y", "origin": [16, 0, 0]},
			"faces": {
				"north": {"uv": [4.7, 4, 3.5, 5.2], "texture": "#1"},
				"east": {"uv": [4.7, 4, 3.5, 5.2], "texture": "#1"},
				"south": {"uv": [4.7, 4, 3.5, 5.2], "texture": "#1"},
				"west": {"uv": [4.7, 4, 3.5, 5.2], "texture": "#1"},
				"up": {"uv": [4.7, 4, 3.5, 5.2], "texture": "#1"},
				"down": {"uv": [4.7, 4, 3.5, 5.2], "texture": "#1"}
			}
		},
		{
			"from": [6.9, 4.9, 3.2],
			"to": [8, 5.1, 3.3],
			"faces": {
				"north": {"uv": [3.5, 4, 4.7, 5.2], "texture": "#1"},
				"east": {"uv": [3.5, 4, 4.7, 5.2], "texture": "#1"},
				"south": {"uv": [3.5, 4, 4.7, 5.2], "texture": "#1"},
				"west": {"uv": [3.5, 4, 4.7, 5.2], "texture": "#1"},
				"up": {"uv": [3.5, 4, 4.7, 5.2], "texture": "#1"},
				"down": {"uv": [3.5, 4, 4.7, 5.2], "texture": "#1"}
			}
		},
		{
			"from": [8, 4.6, 3.2],
			"to": [9.1, 4.8, 3.3],
			"rotation": {"angle": 0, "axis": "y", "origin": [16, 0, 0]},
			"faces": {
				"north": {"uv": [4.7, 4, 3.5, 5.2], "texture": "#1"},
				"east": {"uv": [4.7, 4, 3.5, 5.2], "texture": "#1"},
				"south": {"uv": [4.7, 4, 3.5, 5.2], "texture": "#1"},
				"west": {"uv": [4.7, 4, 3.5, 5.2], "texture": "#1"},
				"up": {"uv": [4.7, 4, 3.5, 5.2], "texture": "#1"},
				"down": {"uv": [4.7, 4, 3.5, 5.2], "texture": "#1"}
			}
		},
		{
			"from": [6.9, 4.6, 3.2],
			"to": [8, 4.8, 3.3],
			"faces": {
				"north": {"uv": [3.5, 4, 4.7, 5.2], "texture": "#1"},
				"east": {"uv": [3.5, 4, 4.7, 5.2], "texture": "#1"},
				"south": {"uv": [3.5, 4, 4.7, 5.2], "texture": "#1"},
				"west": {"uv": [3.5, 4, 4.7, 5.2], "texture": "#1"},
				"up": {"uv": [3.5, 4, 4.7, 5.2], "texture": "#1"},
				"down": {"uv": [3.5, 4, 4.7, 5.2], "texture": "#1"}
			}
		},
		{
			"from": [8, 4.3, 3.2],
			"to": [9.1, 4.5, 3.3],
			"rotation": {"angle": 0, "axis": "y", "origin": [16, 0, 0]},
			"faces": {
				"north": {"uv": [4.7, 4, 3.5, 5.2], "texture": "#1"},
				"east": {"uv": [4.7, 4, 3.5, 5.2], "texture": "#1"},
				"south": {"uv": [4.7, 4, 3.5, 5.2], "texture": "#1"},
				"west": {"uv": [4.7, 4, 3.5, 5.2], "texture": "#1"},
				"up": {"uv": [4.7, 4, 3.5, 5.2], "texture": "#1"},
				"down": {"uv": [4.7, 4, 3.5, 5.2], "texture": "#1"}
			}
		},
		{
			"from": [6.9, 4.3, 3.2],
			"to": [8, 4.5, 3.3],
			"faces": {
				"north": {"uv": [3.5, 4, 4.7, 5.2], "texture": "#1"},
				"east": {"uv": [3.5, 4, 4.7, 5.2], "texture": "#1"},
				"south": {"uv": [3.5, 4, 4.7, 5.2], "texture": "#1"},
				"west": {"uv": [3.5, 4, 4.7, 5.2], "texture": "#1"},
				"up": {"uv": [3.5, 4, 4.7, 5.2], "texture": "#1"},
				"down": {"uv": [3.5, 4, 4.7, 5.2], "texture": "#1"}
			}
		},
		{
			"from": [8, 4, 3.2],
			"to": [9.1, 4.2, 3.3],
			"rotation": {"angle": 0, "axis": "y", "origin": [16, 0, 0]},
			"faces": {
				"north": {"uv": [4.7, 4, 3.5, 5.2], "texture": "#1"},
				"east": {"uv": [4.7, 4, 3.5, 5.2], "texture": "#1"},
				"south": {"uv": [4.7, 4, 3.5, 5.2], "texture": "#1"},
				"west": {"uv": [4.7, 4, 3.5, 5.2], "texture": "#1"},
				"up": {"uv": [4.7, 4, 3.5, 5.2], "texture": "#1"},
				"down": {"uv": [4.7, 4, 3.5, 5.2], "texture": "#1"}
			}
		},
		{
			"from": [6.9, 4, 3.2],
			"to": [8, 4.2, 3.3],
			"faces": {
				"north": {"uv": [3.5, 4, 4.7, 5.2], "texture": "#1"},
				"east": {"uv": [3.5, 4, 4.7, 5.2], "texture": "#1"},
				"south": {"uv": [3.5, 4, 4.7, 5.2], "texture": "#1"},
				"west": {"uv": [3.5, 4, 4.7, 5.2], "texture": "#1"},
				"up": {"uv": [3.5, 4, 4.7, 5.2], "texture": "#1"},
				"down": {"uv": [3.5, 4, 4.7, 5.2], "texture": "#1"}
			}
		},
		{
			"from": [8, 3.1, 3.2],
			"to": [9.1, 3.3, 3.3],
			"rotation": {"angle": 0, "axis": "y", "origin": [16, 0, 0]},
			"faces": {
				"north": {"uv": [4.7, 4, 3.5, 5.2], "texture": "#1"},
				"east": {"uv": [4.7, 4, 3.5, 5.2], "texture": "#1"},
				"south": {"uv": [4.7, 4, 3.5, 5.2], "texture": "#1"},
				"west": {"uv": [4.7, 4, 3.5, 5.2], "texture": "#1"},
				"up": {"uv": [4.7, 4, 3.5, 5.2], "texture": "#1"},
				"down": {"uv": [4.7, 4, 3.5, 5.2], "texture": "#1"}
			}
		},
		{
			"from": [6.9, 3.7, 3.2],
			"to": [8, 3.9, 3.3],
			"faces": {
				"north": {"uv": [3.5, 4, 4.7, 5.2], "texture": "#1"},
				"east": {"uv": [3.5, 4, 4.7, 5.2], "texture": "#1"},
				"south": {"uv": [3.5, 4, 4.7, 5.2], "texture": "#1"},
				"west": {"uv": [3.5, 4, 4.7, 5.2], "texture": "#1"},
				"up": {"uv": [3.5, 4, 4.7, 5.2], "texture": "#1"},
				"down": {"uv": [3.5, 4, 4.7, 5.2], "texture": "#1"}
			}
		},
		{
			"from": [6.9, 3.4, 3.2],
			"to": [8, 3.6, 3.3],
			"faces": {
				"north": {"uv": [3.5, 4, 4.7, 5.2], "texture": "#1"},
				"east": {"uv": [3.5, 4, 4.7, 5.2], "texture": "#1"},
				"south": {"uv": [3.5, 4, 4.7, 5.2], "texture": "#1"},
				"west": {"uv": [3.5, 4, 4.7, 5.2], "texture": "#1"},
				"up": {"uv": [3.5, 4, 4.7, 5.2], "texture": "#1"},
				"down": {"uv": [3.5, 4, 4.7, 5.2], "texture": "#1"}
			}
		},
		{
			"from": [8, 5.2, 3.2],
			"to": [9.1, 5.4, 3.3],
			"rotation": {"angle": 0, "axis": "y", "origin": [16, 0, 0]},
			"faces": {
				"north": {"uv": [4.7, 4, 3.5, 5.2], "texture": "#1"},
				"east": {"uv": [4.7, 4, 3.5, 5.2], "texture": "#1"},
				"south": {"uv": [4.7, 4, 3.5, 5.2], "texture": "#1"},
				"west": {"uv": [4.7, 4, 3.5, 5.2], "texture": "#1"},
				"up": {"uv": [4.7, 4, 3.5, 5.2], "texture": "#1"},
				"down": {"uv": [4.7, 4, 3.5, 5.2], "texture": "#1"}
			}
		},
		{
			"from": [3.8, 6.6, 5.7],
			"to": [5.9, 7.6, 7.7],
			"rotation": {"angle": 22.5, "axis": "y", "origin": [0, 0, 0]},
			"faces": {
				"north": {"uv": [0, 0, 16, 16], "rotation": 90, "texture": "#0"},
				"east": {"uv": [0, 0, 16, 16], "rotation": 90, "texture": "#0"},
				"south": {"uv": [0, 0, 16, 16], "rotation": 90, "texture": "#0"},
				"west": {"uv": [0, 0, 16, 16], "rotation": 90, "texture": "#0"},
				"up": {"uv": [0, 0, 16, 16], "rotation": 90, "texture": "#0"},
				"down": {"uv": [0, 0, 16, 16], "rotation": 90, "texture": "#0"}
			}
		},
		{
			"from": [10.4, 6.1, 5.6],
			"to": [12.4, 6.7, 7.6],
			"rotation": {"angle": -22.5, "axis": "y", "origin": [16, 0, 0]},
			"faces": {
				"north": {"uv": [0, 6.5, 0.6, 4.5], "rotation": 90, "texture": "#2"},
				"east": {"uv": [0, 6.5, 0.6, 4.5], "rotation": 90, "texture": "#2"},
				"south": {"uv": [0, 6.5, 0.6, 4.5], "rotation": 90, "texture": "#2"},
				"west": {"uv": [0, 6.5, 0.6, 4.5], "rotation": 90, "texture": "#2"},
				"up": {"uv": [0, 6.5, 0.6, 4.5], "rotation": 90, "texture": "#2"},
				"down": {"uv": [0, 6.5, 0.6, 4.5], "rotation": 90, "texture": "#2"}
			}
		},
		{
			"from": [3.7, 5.5, 5.7],
			"to": [4.6, 6.2, 6.7],
			"rotation": {"angle": 22.5, "axis": "y", "origin": [0, 0, 0]},
			"faces": {
				"north": {"uv": [1.8, 0, 2.1, 1], "texture": "#2"},
				"east": {"uv": [1.8, 0, 2.1, 1], "texture": "#2"},
				"south": {"uv": [1.8, 0, 2.1, 1], "texture": "#2"},
				"west": {"uv": [1.8, 0, 2.1, 1], "texture": "#2"},
				"up": {"uv": [1.8, 0, 2.1, 1], "texture": "#2"},
				"down": {"uv": [1.8, 0, 2.1, 1], "texture": "#2"}
			}
		},
		{
			"from": [11.8, 2.8, 5.6],
			"to": [12, 3.3, 6.7],
			"rotation": {"angle": -22.5, "axis": "y", "origin": [16, -0.7, 0]},
			"faces": {
				"north": {"uv": [2.6, 0, 1.8, 0.6], "texture": "#2"},
				"east": {"uv": [2.6, 0, 1.8, 0.6], "texture": "#2"},
				"south": {"uv": [2.6, 0, 1.8, 0.6], "texture": "#2"},
				"west": {"uv": [2.6, 0, 1.8, 0.6], "texture": "#2"},
				"up": {"uv": [2.6, 0, 1.8, 0.6], "texture": "#2"},
				"down": {"uv": [2.6, 0, 1.8, 0.6], "texture": "#2"}
			}
		},
		{
			"from": [5.7, 7.5, 3.4],
			"to": [6.3, 8, 5.3],
			"faces": {
				"north": {"uv": [0, 0, 0.6, 0.5], "texture": "#2"},
				"east": {"uv": [0, 0, 0.6, 0.5], "texture": "#2"},
				"south": {"uv": [0, 0, 0.6, 0.5], "texture": "#2"},
				"west": {"uv": [0, 0, 0.6, 0.5], "texture": "#2"},
				"up": {"uv": [0, 0, 0.6, 0.5], "texture": "#2"},
				"down": {"uv": [0, 0, 0.6, 0.5], "texture": "#2"}
			}
		},
		{
			"from": [8, 7.5, 3],
			"to": [9.7, 8, 5],
			"rotation": {"angle": 0, "axis": "y", "origin": [16, 0, 0]},
			"faces": {
				"north": {"uv": [1.7, 0, 0, 0.5], "texture": "#2"},
				"east": {"uv": [1.7, 0, 0, 0.5], "texture": "#2"},
				"south": {"uv": [1.7, 0, 0, 0.5], "texture": "#2"},
				"west": {"uv": [1.7, 0, 0, 0.5], "texture": "#2"},
				"up": {"uv": [1.7, 0, 0, 0.5], "texture": "#2"},
				"down": {"uv": [1.7, 0, 0, 0.5], "texture": "#2"}
			}
		},
		{
			"from": [3.8, 7.8, 5.7],
			"to": [4, 9.2, 6.7],
			"rotation": {"angle": 22.5, "axis": "y", "origin": [0, 0, 0]},
			"faces": {
				"north": {"uv": [0, 0, 0.2, 1.4], "texture": "#2"},
				"east": {"uv": [0, 0, 0.2, 1.4], "texture": "#2"},
				"south": {"uv": [0, 0, 0.2, 1.4], "texture": "#2"},
				"west": {"uv": [0, 0, 0.2, 1.4], "texture": "#2"},
				"up": {"uv": [0, 0, 0.2, 1.4], "texture": "#2"},
				"down": {"uv": [0, 0, 0.2, 1.4], "texture": "#2"}
			}
		},
		{
			"from": [3.6, 9.2, 5.9],
			"to": [4, 10.6, 6.7],
			"rotation": {"angle": 22.5, "axis": "y", "origin": [0, 0, 0]},
			"faces": {
				"north": {"uv": [0, 0, 0.4, 1.4], "texture": "#2"},
				"east": {"uv": [0, 0, 0.4, 1.4], "texture": "#2"},
				"south": {"uv": [0, 0, 0.4, 1.4], "texture": "#2"},
				"west": {"uv": [0, 0, 0.4, 1.4], "texture": "#2"},
				"up": {"uv": [0, 0, 0.4, 1.4], "texture": "#2"},
				"down": {"uv": [0, 0, 0.4, 1.4], "texture": "#2"}
			}
		},
		{
			"from": [12, 7.8, 5.7],
			"to": [12.2, 9.2, 6.7],
			"rotation": {"angle": -22.5, "axis": "y", "origin": [16, 0, 0]},
			"faces": {
				"north": {"uv": [0.2, 0, 0, 1.4], "texture": "#2"},
				"east": {"uv": [0.2, 0, 0, 1.4], "texture": "#2"},
				"south": {"uv": [0.2, 0, 0, 1.4], "texture": "#2"},
				"west": {"uv": [0.2, 0, 0, 1.4], "texture": "#2"},
				"up": {"uv": [0.2, 0, 0, 1.4], "texture": "#2"},
				"down": {"uv": [0.2, 0, 0, 1.4], "texture": "#2"}
			}
		},
		{
			"from": [11, 7.8, 5.5],
			"to": [12, 9.5, 6.7],
			"rotation": {"angle": -22.5, "axis": "y", "origin": [16, 0, 0]},
			"faces": {
				"north": {"uv": [1, 0, 0, 1.7], "texture": "#2"},
				"east": {"uv": [1, 0, 0, 1.7], "texture": "#2"},
				"south": {"uv": [1, 0, 0, 1.7], "texture": "#2"},
				"west": {"uv": [1, 0, 0, 1.7], "texture": "#2"},
				"up": {"uv": [1, 0, 0, 1.7], "texture": "#2"},
				"down": {"uv": [1, 0, 0, 1.7], "texture": "#2"}
			}
		},
		{
			"from": [6.8, 10, -0.8],
			"to": [8, 13.6, 0.9],
			"rotation": {"angle": 22.5, "axis": "x", "origin": [0, 0, 0]},
			"faces": {
				"north": {"uv": [0, 0, 1.2, 3.6], "texture": "#2"},
				"east": {"uv": [0, 0, 1.2, 3.6], "texture": "#2"},
				"south": {"uv": [0, 0, 1.2, 3.6], "texture": "#2"},
				"west": {"uv": [0, 0, 1.2, 3.6], "texture": "#2"},
				"up": {"uv": [0, 0, 1.2, 3.6], "texture": "#2"},
				"down": {"uv": [0, 0, 1.2, 3.6], "texture": "#2"}
			}
		},
		{
			"from": [8, 8, 3],
			"to": [9.2, 9.7, 5],
			"rotation": {"angle": 0, "axis": "y", "origin": [16, 0, 0]},
			"faces": {
				"north": {"uv": [1.2, 0, 0, 1.7], "texture": "#2"},
				"east": {"uv": [1.2, 0, 0, 1.7], "texture": "#2"},
				"south": {"uv": [1.2, 0, 0, 1.7], "texture": "#2"},
				"west": {"uv": [1.2, 0, 0, 1.7], "texture": "#2"},
				"up": {"uv": [1.2, 0, 0, 1.7], "texture": "#2"},
				"down": {"uv": [1.2, 0, 0, 1.7], "texture": "#2"}
			}
		},
		{
			"from": [3.4, 7.3, 5.6],
			"to": [4.3, 7.5, 7.6],
			"rotation": {"angle": 22.5, "axis": "y", "origin": [0, 0, 0]},
			"faces": {
				"north": {"uv": [0, 0, 0.2, 0.9], "rotation": 90, "texture": "#2"},
				"east": {"uv": [0, 0, 0.2, 0.9], "rotation": 90, "texture": "#2"},
				"south": {"uv": [0, 0, 0.2, 0.9], "rotation": 90, "texture": "#2"},
				"west": {"uv": [0, 0, 0.2, 0.9], "rotation": 90, "texture": "#2"},
				"up": {"uv": [0, 0, 0.2, 0.9], "rotation": 90, "texture": "#2"},
				"down": {"uv": [0, 0, 0.2, 0.9], "rotation": 90, "texture": "#2"}
			}
		},
		{
			"from": [11.7, 6.7, 5.6],
			"to": [12.6, 6.9, 7.6],
			"rotation": {"angle": -22.5, "axis": "y", "origin": [16, 0, 0]},
			"faces": {
				"north": {"uv": [0, 0.9, 0.2, 0], "rotation": 90, "texture": "#2"},
				"east": {"uv": [0, 0.9, 0.2, 0], "rotation": 90, "texture": "#2"},
				"south": {"uv": [0, 0.9, 0.2, 0], "rotation": 90, "texture": "#2"},
				"west": {"uv": [0, 0.9, 0.2, 0], "rotation": 90, "texture": "#2"},
				"up": {"uv": [0, 0.9, 0.2, 0], "rotation": 90, "texture": "#2"},
				"down": {"uv": [0, 0.9, 0.2, 0], "rotation": 90, "texture": "#2"}
			}
		},
		{
			"from": [4.6, 2.7, 5.6],
			"to": [4.8, 4.9, 6.7],
			"rotation": {"angle": 22.5, "axis": "y", "origin": [0, -0.7, 0]},
			"faces": {
				"north": {"uv": [1.8, 0, 2.8, 1.6], "texture": "#2"},
				"east": {"uv": [1.8, 0, 2.8, 1.6], "texture": "#2"},
				"south": {"uv": [1.8, 0, 2.8, 1.6], "texture": "#2"},
				"west": {"uv": [1.8, 0, 2.8, 1.6], "texture": "#2"},
				"up": {"uv": [1.8, 0, 2.8, 1.6], "texture": "#2"},
				"down": {"uv": [1.8, 0, 2.8, 1.6], "texture": "#2"}
			}
		},
		{
			"from": [11.1, 3.7, 5.7],
			"to": [11.4, 6.2, 6.7],
			"rotation": {"angle": -22.5, "axis": "y", "origin": [16, 0, 0]},
			"faces": {
				"north": {"uv": [2.2, 0, 1.8, 2.5], "texture": "#2"},
				"east": {"uv": [2.2, 0, 1.8, 2.5], "texture": "#2"},
				"south": {"uv": [2.2, 0, 1.8, 2.5], "texture": "#2"},
				"west": {"uv": [2.2, 0, 1.8, 2.5], "texture": "#2"},
				"up": {"uv": [2.2, 0, 1.8, 2.5], "texture": "#2"},
				"down": {"uv": [2.2, 0, 1.8, 2.5], "texture": "#2"}
			}
		},
		{
			"from": [6.9, 3.1, 3.2],
			"to": [8, 3.3, 3.3],
			"faces": {
				"north": {"uv": [3.5, 4, 4.7, 5.2], "texture": "#1"},
				"east": {"uv": [3.5, 4, 4.7, 5.2], "texture": "#1"},
				"south": {"uv": [3.5, 4, 4.7, 5.2], "texture": "#1"},
				"west": {"uv": [3.5, 4, 4.7, 5.2], "texture": "#1"},
				"up": {"uv": [3.5, 4, 4.7, 5.2], "texture": "#1"},
				"down": {"uv": [3.5, 4, 4.7, 5.2], "texture": "#1"}
			}
		},
		{
			"from": [8, 3.4, 3.2],
			"to": [9.1, 3.6, 3.3],
			"rotation": {"angle": 0, "axis": "y", "origin": [16, 0, 0]},
			"faces": {
				"north": {"uv": [4.7, 4, 3.5, 5.2], "texture": "#1"},
				"east": {"uv": [4.7, 4, 3.5, 5.2], "texture": "#1"},
				"south": {"uv": [4.7, 4, 3.5, 5.2], "texture": "#1"},
				"west": {"uv": [4.7, 4, 3.5, 5.2], "texture": "#1"},
				"up": {"uv": [4.7, 4, 3.5, 5.2], "texture": "#1"},
				"down": {"uv": [4.7, 4, 3.5, 5.2], "texture": "#1"}
			}
		},
		{
			"from": [8, 3.7, 3.2],
			"to": [9.1, 3.9, 3.3],
			"rotation": {"angle": 0, "axis": "y", "origin": [16, 0, 0]},
			"faces": {
				"north": {"uv": [4.7, 4, 3.5, 5.2], "texture": "#1"},
				"east": {"uv": [4.7, 4, 3.5, 5.2], "texture": "#1"},
				"south": {"uv": [4.7, 4, 3.5, 5.2], "texture": "#1"},
				"west": {"uv": [4.7, 4, 3.5, 5.2], "texture": "#1"},
				"up": {"uv": [4.7, 4, 3.5, 5.2], "texture": "#1"},
				"down": {"uv": [4.7, 4, 3.5, 5.2], "texture": "#1"}
			}
		},
		{
			"from": [7.7, 2.5, 3.2],
			"to": [8, 3, 5.3],
			"faces": {
				"north": {"uv": [1.2, 0, 1.5, 0.2], "texture": "#2"},
				"east": {"uv": [1.2, 0, 1.5, 0.2], "texture": "#2"},
				"south": {"uv": [1.2, 0, 1.5, 0.2], "texture": "#2"},
				"west": {"uv": [1.2, 0, 1.5, 0.2], "texture": "#2"},
				"up": {"uv": [1.2, 0, 1.5, 0.2], "texture": "#2"},
				"down": {"uv": [1.2, 0, 1.5, 0.2], "texture": "#2"}
			}
		},
		{
			"from": [8.5, 2.3, 3.2],
			"to": [8.7, 2.6, 5.3],
			"rotation": {"angle": 0, "axis": "x", "origin": [16, 0, 0]},
			"faces": {
				"north": {"uv": [1.8, 0, 1.2, 0.3], "texture": "#2"},
				"east": {"uv": [1.8, 0, 1.2, 0.3], "texture": "#2"},
				"south": {"uv": [1.8, 0, 1.2, 0.3], "texture": "#2"},
				"west": {"uv": [1.8, 0, 1.2, 0.3], "texture": "#2"},
				"up": {"uv": [1.8, 0, 1.2, 0.3], "texture": "#2"},
				"down": {"uv": [1.8, 0, 1.2, 0.3], "texture": "#2"}
			}
		},
		{
			"from": [4.2, 2.7, 5.6],
			"to": [4.6, 2.8, 6.7],
			"rotation": {"angle": 22.5, "axis": "y", "origin": [0, 0, 0]},
			"faces": {
				"north": {"uv": [1.8, 0, 2.6, 0.6], "texture": "#2"},
				"east": {"uv": [1.8, 0, 2.6, 0.6], "texture": "#2"},
				"south": {"uv": [1.8, 0, 2.6, 0.6], "texture": "#2"},
				"west": {"uv": [1.8, 0, 2.6, 0.6], "texture": "#2"},
				"up": {"uv": [1.8, 0, 2.6, 0.6], "texture": "#2"},
				"down": {"uv": [1.8, 0, 2.6, 0.6], "texture": "#2"}
			}
		},
		{
			"from": [7.8, 5.4, -0.3],
			"to": [8.9, 5.9, 0],
			"rotation": {"angle": 45, "axis": "y", "origin": [16, 0, 0]},
			"faces": {
				"north": {"uv": [2.8, 0, 1.8, 1.6], "texture": "#2"},
				"east": {"uv": [2.8, 0, 1.8, 1.6], "texture": "#2"},
				"south": {"uv": [2.8, 0, 1.8, 1.6], "texture": "#2"},
				"west": {"uv": [2.8, 0, 1.8, 1.6], "texture": "#2"},
				"up": {"uv": [1.8, 1.6, 2.8, 0], "rotation": 270, "texture": "#2"},
				"down": {"uv": [1.8, 1.6, 2.8, 0], "rotation": 90, "texture": "#2"}
			}
		},
		{
			"from": [6.7, 2.4, 3.2],
			"to": [7.4, 2.5, 5.3],
			"faces": {
				"north": {"uv": [1.2, 0, 1.8, 0.3], "texture": "#2"},
				"east": {"uv": [1.2, 0, 1.8, 0.3], "texture": "#2"},
				"south": {"uv": [1.2, 0, 1.8, 0.3], "texture": "#2"},
				"west": {"uv": [1.2, 0, 1.8, 0.3], "texture": "#2"},
				"up": {"uv": [1.2, 0, 1.8, 0.3], "texture": "#2"},
				"down": {"uv": [1.2, 0, 1.8, 0.3], "texture": "#2"}
			}
		},
		{
			"from": [8, 2.1, 3.2],
			"to": [8.5, 2.5, 5.3],
			"rotation": {"angle": 0, "axis": "x", "origin": [16, 0, 0]},
			"faces": {
				"north": {"uv": [1.8, 0, 1.2, 0.3], "texture": "#2"},
				"east": {"uv": [1.8, 0, 1.2, 0.3], "texture": "#2"},
				"south": {"uv": [1.8, 0, 1.2, 0.3], "texture": "#2"},
				"west": {"uv": [1.8, 0, 1.2, 0.3], "texture": "#2"},
				"up": {"uv": [1.8, 0, 1.2, 0.3], "texture": "#2"},
				"down": {"uv": [1.8, 0, 1.2, 0.3], "texture": "#2"}
			}
		},
		{
			"from": [7.5, 2.5, 3.2],
			"to": [7.7, 2.8, 5.3],
			"faces": {
				"north": {"uv": [1.2, 0, 1.8, 0.3], "texture": "#2"},
				"east": {"uv": [1.2, 0, 1.8, 0.3], "texture": "#2"},
				"south": {"uv": [1.2, 0, 1.8, 0.3], "texture": "#2"},
				"west": {"uv": [1.2, 0, 1.8, 0.3], "texture": "#2"},
				"up": {"uv": [1.2, 0, 1.8, 0.3], "texture": "#2"},
				"down": {"uv": [1.2, 0, 1.8, 0.3], "texture": "#2"}
			}
		},
		{
			"from": [8.6, 2.4, 3.2],
			"to": [9.3, 2.5, 5.3],
			"rotation": {"angle": 0, "axis": "y", "origin": [16, 0, 0]},
			"faces": {
				"north": {"uv": [1.8, 0, 1.2, 0.3], "texture": "#2"},
				"east": {"uv": [1.8, 0, 1.2, 0.3], "texture": "#2"},
				"south": {"uv": [1.8, 0, 1.2, 0.3], "texture": "#2"},
				"west": {"uv": [1.8, 0, 1.2, 0.3], "texture": "#2"},
				"up": {"uv": [1.8, 0, 1.2, 0.3], "texture": "#2"},
				"down": {"uv": [1.8, 0, 1.2, 0.3], "texture": "#2"}
			}
		},
		{
			"from": [7.3, 2.3, 3.2],
			"to": [7.5, 2.6, 5.3],
			"faces": {
				"north": {"uv": [1.2, 0, 1.8, 0.3], "texture": "#2"},
				"east": {"uv": [1.2, 0, 1.8, 0.3], "texture": "#2"},
				"south": {"uv": [1.2, 0, 1.8, 0.3], "texture": "#2"},
				"west": {"uv": [1.2, 0, 1.8, 0.3], "texture": "#2"},
				"up": {"uv": [1.2, 0, 1.8, 0.3], "texture": "#2"},
				"down": {"uv": [1.2, 0, 1.8, 0.3], "texture": "#2"}
			}
		},
		{
			"from": [8.3, 2.5, 3.2],
			"to": [8.5, 2.8, 5.3],
			"rotation": {"angle": 0, "axis": "y", "origin": [16, 0, 0]},
			"faces": {
				"north": {"uv": [1.8, 0, 1.2, 0.3], "texture": "#2"},
				"east": {"uv": [1.8, 0, 1.2, 0.3], "texture": "#2"},
				"south": {"uv": [1.8, 0, 1.2, 0.3], "texture": "#2"},
				"west": {"uv": [1.8, 0, 1.2, 0.3], "texture": "#2"},
				"up": {"uv": [1.8, 0, 1.2, 0.3], "texture": "#2"},
				"down": {"uv": [1.8, 0, 1.2, 0.3], "texture": "#2"}
			}
		},
		{
			"from": [3.9, 3.3, 5.6],
			"to": [4.1, 4.9, 6.7],
			"rotation": {"angle": 22.5, "axis": "y", "origin": [0, -0.7, 0]},
			"faces": {
				"north": {"uv": [1.8, 0, 2.8, 1.6], "texture": "#2"},
				"east": {"uv": [1.8, 0, 2.8, 1.6], "texture": "#2"},
				"south": {"uv": [1.8, 0, 2.8, 1.6], "texture": "#2"},
				"west": {"uv": [1.8, 0, 2.8, 1.6], "texture": "#2"},
				"up": {"uv": [1.8, 0, 2.8, 1.6], "texture": "#2"},
				"down": {"uv": [1.8, 0, 2.8, 1.6], "texture": "#2"}
			}
		},
		{
			"from": [11.4, 4.8, 5.6],
			"to": [12.1, 4.9, 6.7],
			"rotation": {"angle": -22.5, "axis": "y", "origin": [16, -0.7, 0]},
			"faces": {
				"north": {"uv": [2.8, 0, 1.8, 1.6], "texture": "#2"},
				"east": {"uv": [2.8, 0, 1.8, 1.6], "texture": "#2"},
				"south": {"uv": [2.8, 0, 1.8, 1.6], "texture": "#2"},
				"west": {"uv": [2.8, 0, 1.8, 1.6], "texture": "#2"},
				"up": {"uv": [2.8, 0, 1.8, 1.6], "texture": "#2"},
				"down": {"uv": [2.8, 0, 1.8, 1.6], "texture": "#2"}
			}
		},
		{
			"from": [3.9, 4.8, 5.6],
			"to": [4.6, 4.9, 6.7],
			"rotation": {"angle": 22.5, "axis": "y", "origin": [0, -0.7, 0]},
			"faces": {
				"north": {"uv": [1.8, 0, 2.8, 1.6], "texture": "#2"},
				"east": {"uv": [1.8, 0, 2.8, 1.6], "texture": "#2"},
				"south": {"uv": [1.8, 0, 2.8, 1.6], "texture": "#2"},
				"west": {"uv": [1.8, 0, 2.8, 1.6], "texture": "#2"},
				"up": {"uv": [1.8, 0, 2.8, 1.6], "texture": "#2"},
				"down": {"uv": [1.8, 0, 2.8, 1.6], "texture": "#2"}
			}
		},
		{
			"from": [11.2, 2.7, 5.6],
			"to": [11.4, 4.9, 6.7],
			"rotation": {"angle": -22.5, "axis": "y", "origin": [16, -0.7, 0]},
			"faces": {
				"north": {"uv": [2.8, 0, 1.8, 1.6], "texture": "#2"},
				"east": {"uv": [2.8, 0, 1.8, 1.6], "texture": "#2"},
				"south": {"uv": [2.8, 0, 1.8, 1.6], "texture": "#2"},
				"west": {"uv": [2.8, 0, 1.8, 1.6], "texture": "#2"},
				"up": {"uv": [2.8, 0, 1.8, 1.6], "texture": "#2"},
				"down": {"uv": [2.8, 0, 1.8, 1.6], "texture": "#2"}
			}
		},
		{
			"from": [4, 2.8, 5.6],
			"to": [4.2, 3.3, 6.7],
			"rotation": {"angle": 22.5, "axis": "y", "origin": [0, -0.7, 0]},
			"faces": {
				"north": {"uv": [1.8, 0, 2.6, 0.6], "texture": "#2"},
				"east": {"uv": [1.8, 0, 2.6, 0.6], "texture": "#2"},
				"south": {"uv": [1.8, 0, 2.6, 0.6], "texture": "#2"},
				"west": {"uv": [1.8, 0, 2.6, 0.6], "texture": "#2"},
				"up": {"uv": [1.8, 0, 2.6, 0.6], "texture": "#2"},
				"down": {"uv": [1.8, 0, 2.6, 0.6], "texture": "#2"}
			}
		},
		{
			"from": [11.4, 2.7, 5.6],
			"to": [11.8, 2.8, 6.7],
			"rotation": {"angle": -22.5, "axis": "y", "origin": [16, 0, 0]},
			"faces": {
				"north": {"uv": [2.6, 0, 1.8, 0.6], "texture": "#2"},
				"east": {"uv": [2.6, 0, 1.8, 0.6], "texture": "#2"},
				"south": {"uv": [2.6, 0, 1.8, 0.6], "texture": "#2"},
				"west": {"uv": [2.6, 0, 1.8, 0.6], "texture": "#2"},
				"up": {"uv": [2.6, 0, 1.8, 0.6], "texture": "#2"},
				"down": {"uv": [2.6, 0, 1.8, 0.6], "texture": "#2"}
			}
		},
		{
			"from": [4.2, 2.8, 5.7],
			"to": [4.6, 4.8, 6.7],
			"rotation": {"angle": 22.5, "axis": "y", "origin": [0, -0.7, 0]},
			"faces": {
				"north": {"uv": [1.8, 0, 2.1, 1], "texture": "#1"},
				"east": {"uv": [1.8, 0, 2.1, 1], "texture": "#1"},
				"south": {"uv": [1.8, 0, 2.1, 1], "texture": "#1"},
				"west": {"uv": [1.8, 0, 2.1, 1], "texture": "#1"},
				"up": {"uv": [1.8, 0, 2.1, 1], "texture": "#1"},
				"down": {"uv": [1.8, 0, 2.1, 1], "texture": "#1"}
			}
		},
		{
			"from": [11.4, 5.5, 5.7],
			"to": [12.3, 6.2, 6.7],
			"rotation": {"angle": -22.5, "axis": "y", "origin": [16, 0, 0]},
			"faces": {
				"north": {"uv": [2.1, 0, 1.8, 1], "texture": "#2"},
				"east": {"uv": [2.1, 0, 1.8, 1], "texture": "#2"},
				"south": {"uv": [2.1, 0, 1.8, 1], "texture": "#2"},
				"west": {"uv": [2.1, 0, 1.8, 1], "texture": "#2"},
				"up": {"uv": [2.1, 0, 1.8, 1], "texture": "#2"},
				"down": {"uv": [2.1, 0, 1.8, 1], "texture": "#2"}
			}
		},
		{
			"from": [4.1, 3.3, 5.7],
			"to": [4.2, 4.8, 6.7],
			"rotation": {"angle": 22.5, "axis": "y", "origin": [0, -0.7, 0]},
			"faces": {
				"north": {"uv": [1.8, 0, 2.1, 1], "texture": "#1"},
				"east": {"uv": [1.8, 0, 2.1, 1], "texture": "#1"},
				"south": {"uv": [1.8, 0, 2.1, 1], "texture": "#1"},
				"west": {"uv": [1.8, 0, 2.1, 1], "texture": "#1"},
				"up": {"uv": [1.8, 0, 2.1, 1], "texture": "#1"},
				"down": {"uv": [1.8, 0, 2.1, 1], "texture": "#1"}
			}
		},
		{
			"from": [11.4, 2.8, 5.7],
			"to": [11.8, 4.8, 6.7],
			"rotation": {"angle": -22.5, "axis": "y", "origin": [16, -0.7, 0]},
			"faces": {
				"north": {"uv": [2.1, 0, 1.8, 1], "texture": "#1"},
				"east": {"uv": [2.1, 0, 1.8, 1], "texture": "#1"},
				"south": {"uv": [2.1, 0, 1.8, 1], "texture": "#1"},
				"west": {"uv": [2.1, 0, 1.8, 1], "texture": "#1"},
				"up": {"uv": [2.1, 0, 1.8, 1], "texture": "#1"},
				"down": {"uv": [2.1, 0, 1.8, 1], "texture": "#1"}
			}
		},
		{
			"from": [3.1, 11.8, 7.1],
			"to": [5.2, 12.3, 8.1],
			"rotation": {"angle": 22.5, "axis": "y", "origin": [0, 0, 0]},
			"faces": {
				"north": {"uv": [5, 5, 11, 6], "rotation": 90, "texture": "#0"},
				"east": {"uv": [5, 5, 11, 6], "rotation": 90, "texture": "#0"},
				"south": {"uv": [5, 5, 11, 6], "rotation": 90, "texture": "#0"},
				"west": {"uv": [5, 5, 11, 6], "rotation": 90, "texture": "#0"},
				"up": {"uv": [5, 5, 11, 6], "rotation": 90, "texture": "#0"},
				"down": {"uv": [5, 5, 11, 6], "rotation": 90, "texture": "#0"}
			}
		},
		{
			"from": [10.1, 6.6, 5.7],
			"to": [12.2, 7.6, 7.7],
			"rotation": {"angle": -22.5, "axis": "y", "origin": [16, 0, 0]},
			"faces": {
				"north": {"uv": [0, 16, 16, 0], "rotation": 90, "texture": "#0"},
				"east": {"uv": [0, 16, 16, 0], "rotation": 90, "texture": "#0"},
				"south": {"uv": [0, 16, 16, 0], "rotation": 90, "texture": "#0"},
				"west": {"uv": [0, 16, 16, 0], "rotation": 90, "texture": "#0"},
				"up": {"uv": [0, 16, 16, 0], "rotation": 90, "texture": "#0"},
				"down": {"uv": [0, 16, 16, 0], "rotation": 90, "texture": "#0"}
			}
		},
		{
			"from": [2.9, 10.1, 6.9],
			"to": [4, 12.2, 8],
			"rotation": {"angle": 22.5, "axis": "y", "origin": [0, 0, 0]},
			"faces": {
				"north": {"uv": [5, 5, 11, 6], "rotation": 90, "texture": "#0"},
				"east": {"uv": [5, 5, 11, 6], "rotation": 90, "texture": "#0"},
				"south": {"uv": [5, 5, 11, 6], "rotation": 90, "texture": "#0"},
				"west": {"uv": [5, 5, 11, 6], "rotation": 90, "texture": "#0"},
				"up": {"uv": [5, 5, 11, 6], "rotation": 90, "texture": "#0"},
				"down": {"uv": [5, 5, 11, 6], "rotation": 90, "texture": "#0"}
			}
		},
		{
			"from": [10.8, 11.8, 7.1],
			"to": [12.9, 12.3, 8.1],
			"rotation": {"angle": -22.5, "axis": "y", "origin": [16, 0, 0]},
			"faces": {
				"north": {"uv": [5, 6, 11, 5], "rotation": 90, "texture": "#0"},
				"east": {"uv": [5, 6, 11, 5], "rotation": 90, "texture": "#0"},
				"south": {"uv": [5, 6, 11, 5], "rotation": 90, "texture": "#0"},
				"west": {"uv": [5, 6, 11, 5], "rotation": 90, "texture": "#0"},
				"up": {"uv": [5, 6, 11, 5], "rotation": 90, "texture": "#0"},
				"down": {"uv": [5, 6, 11, 5], "rotation": 90, "texture": "#0"}
			}
		},
		{
			"from": [6.8, 7.1, 4.7],
			"to": [8, 12.8, 7.6],
			"faces": {
				"north": {"uv": [5, 5, 11, 6], "rotation": 90, "texture": "#0"},
				"east": {"uv": [5, 5, 11, 6], "rotation": 90, "texture": "#0"},
				"south": {"uv": [5, 5, 11, 6], "rotation": 90, "texture": "#0"},
				"west": {"uv": [5, 5, 11, 6], "rotation": 90, "texture": "#0"},
				"up": {"uv": [5, 5, 11, 6], "rotation": 90, "texture": "#0"},
				"down": {"uv": [5, 5, 11, 6], "rotation": 90, "texture": "#0"}
			}
		},
		{
			"from": [9.2, 10, -0.5],
			"to": [10.1, 13, 0.9],
			"rotation": {"angle": 22.5, "axis": "x", "origin": [16, 0, 0]},
			"faces": {
				"north": {"uv": [1.2, 0, 0, 3.6], "texture": "#2"},
				"east": {"uv": [1.2, 0, 0, 3.6], "texture": "#2"},
				"south": {"uv": [1.2, 0, 0, 3.6], "texture": "#2"},
				"west": {"uv": [1.2, 0, 0, 3.6], "texture": "#2"},
				"up": {"uv": [1.2, 0, 0, 3.6], "texture": "#2"},
				"down": {"uv": [1.2, 0, 0, 3.6], "texture": "#2"}
			}
		},
		{
			"from": [2.7, 7.6, 6],
			"to": [4, 9.3, 8],
			"rotation": {"angle": 22.5, "axis": "y", "origin": [0, 0, 0]},
			"faces": {
				"north": {"uv": [5, 5, 11, 6], "rotation": 90, "texture": "#0"},
				"east": {"uv": [5, 5, 11, 6], "rotation": 90, "texture": "#0"},
				"south": {"uv": [5, 5, 11, 6], "rotation": 90, "texture": "#0"},
				"west": {"uv": [5, 5, 11, 6], "rotation": 90, "texture": "#0"},
				"up": {"uv": [5, 5, 11, 6], "rotation": 90, "texture": "#0"},
				"down": {"uv": [5, 5, 11, 6], "rotation": 90, "texture": "#0"}
			}
		},
		{
			"from": [12, 10.1, 6.9],
			"to": [13.1, 12.2, 8],
			"rotation": {"angle": -22.5, "axis": "y", "origin": [16, 0, 0]},
			"faces": {
				"north": {"uv": [5, 6, 11, 5], "rotation": 90, "texture": "#0"},
				"east": {"uv": [5, 6, 11, 5], "rotation": 90, "texture": "#0"},
				"south": {"uv": [5, 6, 11, 5], "rotation": 90, "texture": "#0"},
				"west": {"uv": [5, 6, 11, 5], "rotation": 90, "texture": "#0"},
				"up": {"uv": [5, 6, 11, 5], "rotation": 90, "texture": "#0"},
				"down": {"uv": [5, 6, 11, 5], "rotation": 90, "texture": "#0"}
			}
		},
		{
			"from": [2.5, 5.6, 6],
			"to": [4, 7.6, 8],
			"rotation": {"angle": 22.5, "axis": "y", "origin": [0, 0, 0]},
			"faces": {
				"north": {"uv": [5, 5, 11, 6], "rotation": 90, "texture": "#0"},
				"east": {"uv": [5, 5, 11, 6], "rotation": 90, "texture": "#0"},
				"south": {"uv": [5, 5, 11, 6], "rotation": 90, "texture": "#0"},
				"west": {"uv": [5, 5, 11, 6], "rotation": 90, "texture": "#0"},
				"up": {"uv": [5, 5, 11, 6], "rotation": 90, "texture": "#0"},
				"down": {"uv": [5, 5, 11, 6], "rotation": 90, "texture": "#0"}
			}
		},
		{
			"from": [12, 9.5, 5.9],
			"to": [13.8, 9.5, 8],
			"rotation": {"angle": -22.5, "axis": "y", "origin": [16, 0, 0]},
			"faces": {
				"north": {"uv": [6, 3, 12, 2], "rotation": 90, "texture": "#1"},
				"east": {"uv": [6, 3, 12, 2], "rotation": 90, "texture": "#1"},
				"south": {"uv": [6, 3, 12, 2], "rotation": 90, "texture": "#1"},
				"west": {"uv": [6, 3, 12, 2], "rotation": 90, "texture": "#1"},
				"up": {"uv": [6, 3, 12, 2], "rotation": 90, "texture": "#1"},
				"down": {"uv": [6, 3, 12, 2], "rotation": 90, "texture": "#1"}
			}
		},
		{
			"from": [6.8, 3.9, 9.7],
			"to": [8, 11.8, 11.6],
			"faces": {
				"north": {"uv": [6, 5, 7.2, 8.6], "texture": "#0"},
				"east": {"uv": [6, 5, 7.2, 8.6], "texture": "#0"},
				"south": {"uv": [6, 5, 7.2, 8.6], "texture": "#0"},
				"west": {"uv": [6, 5, 7.2, 8.6], "texture": "#0"},
				"up": {"uv": [6, 5, 7.2, 8.6], "texture": "#0"},
				"down": {"uv": [6, 5, 7.2, 8.6], "texture": "#0"}
			}
		},
		{
			"from": [8, 12, 5.3],
			"to": [10.3, 12.7, 7.9],
			"rotation": {"angle": 0, "axis": "y", "origin": [16, 0, 0]},
			"faces": {
				"north": {"uv": [7.2, 5, 6, 8.6], "texture": "#0"},
				"east": {"uv": [7.2, 5, 6, 8.6], "texture": "#0"},
				"south": {"uv": [7.2, 5, 6, 8.6], "texture": "#0"},
				"west": {"uv": [7.2, 5, 6, 8.6], "texture": "#0"},
				"up": {"uv": [7.2, 5, 6, 8.6], "texture": "#0"},
				"down": {"uv": [7.2, 5, 6, 8.6], "texture": "#0"}
			}
		},
		{
			"from": [5.5, 5.4, 7.6],
			"to": [8, 12.3, 9.9],
			"faces": {
				"north": {"uv": [6, 5, 7.2, 8.6], "texture": "#0"},
				"east": {"uv": [6, 5, 7.2, 8.6], "texture": "#0"},
				"south": {"uv": [6, 5, 7.2, 8.6], "texture": "#0"},
				"west": {"uv": [6, 5, 7.2, 8.6], "texture": "#0"},
				"up": {"uv": [6, 5, 7.2, 8.6], "texture": "#0"},
				"down": {"uv": [6, 5, 7.2, 8.6], "texture": "#0"}
			}
		},
		{
			"from": [10.7, 5.1, 7.6],
			"to": [11.1, 11.5, 11.1],
			"rotation": {"angle": 0, "axis": "y", "origin": [16, 0, 0]},
			"faces": {
				"north": {"uv": [7.2, 5, 6, 8.6], "texture": "#0"},
				"east": {"uv": [7.2, 5, 6, 8.6], "texture": "#0"},
				"south": {"uv": [7.2, 5, 6, 8.6], "texture": "#0"},
				"west": {"uv": [7.2, 5, 6, 8.6], "texture": "#0"},
				"up": {"uv": [7.2, 5, 6, 8.6], "texture": "#0"},
				"down": {"uv": [7.2, 5, 6, 8.6], "texture": "#0"}
			}
		},
		{
			"from": [4.6, 6.7, 5.3],
			"to": [8, 10.8, 8.1],
			"faces": {
				"north": {"uv": [6, 5, 7.2, 8.6], "texture": "#0"},
				"east": {"uv": [6, 5, 7.2, 8.6], "texture": "#0"},
				"south": {"uv": [6, 5, 7.2, 8.6], "texture": "#0"},
				"west": {"uv": [6, 5, 7.2, 8.6], "texture": "#0"},
				"up": {"uv": [6, 5, 7.2, 8.6], "texture": "#0"},
				"down": {"uv": [6, 5, 7.2, 8.6], "texture": "#0"}
			}
		},
		{
			"from": [8, 7.1, 4.7],
			"to": [9.2, 12.8, 7.6],
			"rotation": {"angle": 0, "axis": "y", "origin": [16, 0, 0]},
			"faces": {
				"north": {"uv": [5, 6, 11, 5], "rotation": 90, "texture": "#0"},
				"east": {"uv": [5, 6, 11, 5], "rotation": 90, "texture": "#0"},
				"south": {"uv": [5, 6, 11, 5], "rotation": 90, "texture": "#0"},
				"west": {"uv": [5, 6, 11, 5], "rotation": 90, "texture": "#0"},
				"up": {"uv": [5, 6, 11, 5], "rotation": 90, "texture": "#0"},
				"down": {"uv": [5, 6, 11, 5], "rotation": 90, "texture": "#0"}
			}
		},
		{
			"from": [4.9, 10.8, 6.1],
			"to": [8, 11.7, 8.1],
			"faces": {
				"north": {"uv": [6, 5, 7.2, 8.6], "texture": "#0"},
				"east": {"uv": [6, 5, 7.2, 8.6], "texture": "#0"},
				"south": {"uv": [6, 5, 7.2, 8.6], "texture": "#0"},
				"west": {"uv": [6, 5, 7.2, 8.6], "texture": "#0"},
				"up": {"uv": [6, 5, 7.2, 8.6], "texture": "#0"},
				"down": {"uv": [6, 5, 7.2, 8.6], "texture": "#0"}
			}
		},
		{
			"from": [8, 7.4, 7.5],
			"to": [9.8, 9.1, 7.9],
			"rotation": {"angle": 22.5, "axis": "x", "origin": [16, 0, 0]},
			"faces": {
				"north": {"uv": [7.2, 5, 6, 8.6], "texture": "#0"},
				"east": {"uv": [7.2, 5, 6, 8.6], "texture": "#0"},
				"south": {"uv": [7.2, 5, 6, 8.6], "texture": "#0"},
				"west": {"uv": [7.2, 5, 6, 8.6], "texture": "#0"},
				"up": {"uv": [7.2, 5, 6, 8.6], "texture": "#0"},
				"down": {"uv": [7.2, 5, 6, 8.6], "texture": "#0"}
			}
		},
		{
			"from": [5.7, 12, 5.3],
			"to": [8, 12.7, 7.9],
			"faces": {
				"north": {"uv": [6, 5, 7.2, 8.6], "texture": "#0"},
				"east": {"uv": [6, 5, 7.2, 8.6], "texture": "#0"},
				"south": {"uv": [6, 5, 7.2, 8.6], "texture": "#0"},
				"west": {"uv": [6, 5, 7.2, 8.6], "texture": "#0"},
				"up": {"uv": [6, 5, 7.2, 8.6], "texture": "#0"},
				"down": {"uv": [6, 5, 7.2, 8.6], "texture": "#0"}
			}
		},
		{
			"from": [8, 10.8, 6.1],
			"to": [11.1, 11.7, 8.1],
			"rotation": {"angle": 0, "axis": "y", "origin": [16, 0, 0]},
			"faces": {
				"north": {"uv": [7.2, 5, 6, 8.6], "texture": "#0"},
				"east": {"uv": [7.2, 5, 6, 8.6], "texture": "#0"},
				"south": {"uv": [7.2, 5, 6, 8.6], "texture": "#0"},
				"west": {"uv": [7.2, 5, 6, 8.6], "texture": "#0"},
				"up": {"uv": [7.2, 5, 6, 8.6], "texture": "#0"},
				"down": {"uv": [7.2, 5, 6, 8.6], "texture": "#0"}
			}
		},
		{
			"from": [7, 2.9, -1.3],
			"to": [8.1, 4.5, -1.1],
			"rotation": {"angle": -45, "axis": "y", "origin": [0, 0, 0]},
			"faces": {
				"north": {"uv": [1.8, 0, 2.8, 1.6], "texture": "#2"},
				"east": {"uv": [1.8, 0, 2.8, 1.6], "texture": "#2"},
				"south": {"uv": [1.8, 0, 2.8, 1.6], "texture": "#2"},
				"west": {"uv": [1.8, 0, 2.8, 1.6], "texture": "#2"},
				"up": {"uv": [1.8, 0, 2.8, 1.6], "rotation": 270, "texture": "#2"},
				"down": {"uv": [1.8, 0, 2.8, 1.6], "rotation": 90, "texture": "#2"}
			}
		},
		{
			"from": [11.9, 3.3, 5.6],
			"to": [12.1, 4.9, 6.7],
			"rotation": {"angle": -22.5, "axis": "y", "origin": [16, -0.7, 0]},
			"faces": {
				"north": {"uv": [2.8, 0, 1.8, 1.6], "texture": "#2"},
				"east": {"uv": [2.8, 0, 1.8, 1.6], "texture": "#2"},
				"south": {"uv": [2.8, 0, 1.8, 1.6], "texture": "#2"},
				"west": {"uv": [2.8, 0, 1.8, 1.6], "texture": "#2"},
				"up": {"uv": [2.8, 0, 1.8, 1.6], "texture": "#2"},
				"down": {"uv": [2.8, 0, 1.8, 1.6], "texture": "#2"}
			}
		},
		{
			"from": [7, 3.2, -1.1],
			"to": [8.1, 3.6, -0.4],
			"rotation": {"angle": -45, "axis": "y", "origin": [0, 0, 0]},
			"faces": {
				"north": {"uv": [1.8, 0, 2.8, 1.6], "texture": "#2"},
				"east": {"uv": [1.8, 0, 2.8, 1.6], "texture": "#2"},
				"south": {"uv": [1.8, 0, 2.8, 1.6], "texture": "#2"},
				"west": {"uv": [1.8, 0, 2.8, 1.6], "texture": "#2"},
				"up": {"uv": [1.8, 0, 2.8, 1.6], "rotation": 270, "texture": "#2"},
				"down": {"uv": [1.8, 0, 2.8, 1.6], "rotation": 90, "texture": "#2"}
			}
		},
		{
			"from": [7.9, 2.9, -1.3],
			"to": [9, 4.5, -1.1],
			"rotation": {"angle": 45, "axis": "y", "origin": [16, 0, 0]},
			"faces": {
				"north": {"uv": [2.8, 0, 1.8, 1.6], "texture": "#2"},
				"east": {"uv": [2.8, 0, 1.8, 1.6], "texture": "#2"},
				"south": {"uv": [2.8, 0, 1.8, 1.6], "texture": "#2"},
				"west": {"uv": [2.8, 0, 1.8, 1.6], "texture": "#2"},
				"up": {"uv": [1.8, 1.6, 2.8, 0], "rotation": 270, "texture": "#2"},
				"down": {"uv": [1.8, 1.6, 2.8, 0], "rotation": 90, "texture": "#2"}
			}
		},
		{
			"from": [7, 3.6, -0.9],
			"to": [8.1, 4.4, -0.4],
			"rotation": {"angle": -45, "axis": "y", "origin": [0, 0, 0]},
			"faces": {
				"north": {"uv": [1.8, 0, 2.8, 1.6], "texture": "#2"},
				"east": {"uv": [1.8, 0, 2.8, 1.6], "texture": "#2"},
				"south": {"uv": [1.8, 0, 2.8, 1.6], "texture": "#2"},
				"west": {"uv": [1.8, 0, 2.8, 1.6], "texture": "#2"},
				"up": {"uv": [1.8, 0, 2.8, 1.6], "rotation": 270, "texture": "#2"},
				"down": {"uv": [1.8, 0, 2.8, 1.6], "rotation": 90, "texture": "#2"}
			}
		},
		{
			"from": [7.9, 3.4, -0.4],
			"to": [9, 3.6, 0.2],
			"rotation": {"angle": 45, "axis": "y", "origin": [16, 0, 0]},
			"faces": {
				"north": {"uv": [2.8, 0, 1.8, 1.6], "texture": "#2"},
				"east": {"uv": [2.8, 0, 1.8, 1.6], "texture": "#2"},
				"south": {"uv": [2.8, 0, 1.8, 1.6], "texture": "#2"},
				"west": {"uv": [2.8, 0, 1.8, 1.6], "texture": "#2"},
				"up": {"uv": [1.8, 1.6, 2.8, 0], "rotation": 270, "texture": "#2"},
				"down": {"uv": [1.8, 1.6, 2.8, 0], "rotation": 90, "texture": "#2"}
			}
		},
		{
			"from": [7, 4.4, -0.4],
			"to": [8.1, 4.9, 0],
			"rotation": {"angle": -45, "axis": "y", "origin": [0, 0, 0]},
			"faces": {
				"north": {"uv": [1.8, 0, 2.8, 1.6], "texture": "#2"},
				"east": {"uv": [1.8, 0, 2.8, 1.6], "texture": "#2"},
				"south": {"uv": [1.8, 0, 2.8, 1.6], "texture": "#2"},
				"west": {"uv": [1.8, 0, 2.8, 1.6], "texture": "#2"},
				"up": {"uv": [1.8, 0, 2.8, 1.6], "rotation": 270, "texture": "#2"},
				"down": {"uv": [1.8, 0, 2.8, 1.6], "rotation": 90, "texture": "#2"}
			}
		},
		{
			"from": [7.8, 3.5, -2.1],
			"to": [8.8, 5.6, -0.2],
			"rotation": {"angle": 45, "axis": "y", "origin": [16, -0.7, 0]},
			"faces": {
				"north": {"uv": [1.8, 1, 0.8, 1.6], "texture": "#2"},
				"east": {"uv": [1.8, 1, 0.8, 1.6], "texture": "#2"},
				"south": {"uv": [1.8, 1, 0.8, 1.6], "texture": "#2"},
				"west": {"uv": [1.8, 1, 0.8, 1.6], "texture": "#2"},
				"up": {"uv": [1.8, 1, 0.8, 1.6], "texture": "#2"},
				"down": {"uv": [1.8, 1, 0.8, 1.6], "texture": "#2"}
			}
		},
		{
			"from": [7, 4.9, -0.2],
			"to": [8.1, 5.4, 0.2],
			"rotation": {"angle": -45, "axis": "y", "origin": [0, 0, 0]},
			"faces": {
				"north": {"uv": [1.8, 0, 2.8, 1.6], "texture": "#2"},
				"east": {"uv": [1.8, 0, 2.8, 1.6], "texture": "#2"},
				"south": {"uv": [1.8, 0, 2.8, 1.6], "texture": "#2"},
				"west": {"uv": [1.8, 0, 2.8, 1.6], "texture": "#2"},
				"up": {"uv": [1.8, 0, 2.8, 1.6], "rotation": 270, "texture": "#2"},
				"down": {"uv": [1.8, 0, 2.8, 1.6], "rotation": 90, "texture": "#2"}
			}
		},
		{
			"from": [7.8, 4.4, -0.7],
			"to": [8.9, 4.9, -0.4],
			"rotation": {"angle": 45, "axis": "y", "origin": [16, 0, 0]},
			"faces": {
				"north": {"uv": [2.8, 0, 1.8, 1.6], "texture": "#2"},
				"east": {"uv": [2.8, 0, 1.8, 1.6], "texture": "#2"},
				"south": {"uv": [2.8, 0, 1.8, 1.6], "texture": "#2"},
				"west": {"uv": [2.8, 0, 1.8, 1.6], "texture": "#2"},
				"up": {"uv": [1.8, 1.6, 2.8, 0], "rotation": 270, "texture": "#2"},
				"down": {"uv": [1.8, 1.6, 2.8, 0], "rotation": 90, "texture": "#2"}
			}
		},
		{
			"from": [7, 5.4, 0],
			"to": [8.1, 5.9, 0.4],
			"rotation": {"angle": -45, "axis": "y", "origin": [0, 0, 0]},
			"faces": {
				"north": {"uv": [1.8, 0, 2.8, 1.6], "texture": "#2"},
				"east": {"uv": [1.8, 0, 2.8, 1.6], "texture": "#2"},
				"south": {"uv": [1.8, 0, 2.8, 1.6], "texture": "#2"},
				"west": {"uv": [1.8, 0, 2.8, 1.6], "texture": "#2"},
				"up": {"uv": [1.8, 0, 2.8, 1.6], "rotation": 270, "texture": "#2"},
				"down": {"uv": [1.8, 0, 2.8, 1.6], "rotation": 90, "texture": "#2"}
			}
		},
		{
			"from": [7.8, 4.9, -0.5],
			"to": [8.9, 5.4, -0.2],
			"rotation": {"angle": 45, "axis": "y", "origin": [16, 0, 0]},
			"faces": {
				"north": {"uv": [2.8, 0, 1.8, 1.6], "texture": "#2"},
				"east": {"uv": [2.8, 0, 1.8, 1.6], "texture": "#2"},
				"south": {"uv": [2.8, 0, 1.8, 1.6], "texture": "#2"},
				"west": {"uv": [2.8, 0, 1.8, 1.6], "texture": "#2"},
				"up": {"uv": [1.8, 1.6, 2.8, 0], "rotation": 270, "texture": "#2"},
				"down": {"uv": [1.8, 1.6, 2.8, 0], "rotation": 90, "texture": "#2"}
			}
		},
		{
			"from": [7, 3.4, -0.4],
			"to": [8.1, 3.6, 0.2],
			"rotation": {"angle": -45, "axis": "y", "origin": [0, 0, 0]},
			"faces": {
				"north": {"uv": [1.8, 0, 2.8, 1.6], "texture": "#2"},
				"east": {"uv": [1.8, 0, 2.8, 1.6], "texture": "#2"},
				"south": {"uv": [1.8, 0, 2.8, 1.6], "texture": "#2"},
				"west": {"uv": [1.8, 0, 2.8, 1.6], "texture": "#2"},
				"up": {"uv": [1.8, 0, 2.8, 1.6], "rotation": 270, "texture": "#2"},
				"down": {"uv": [1.8, 0, 2.8, 1.6], "rotation": 90, "texture": "#2"}
			}
		},
		{
			"from": [7.9, 3.2, -1.1],
			"to": [9, 3.6, -0.4],
			"rotation": {"angle": 45, "axis": "y", "origin": [16, 0, 0]},
			"faces": {
				"north": {"uv": [2.8, 0, 1.8, 1.6], "texture": "#2"},
				"east": {"uv": [2.8, 0, 1.8, 1.6], "texture": "#2"},
				"south": {"uv": [2.8, 0, 1.8, 1.6], "texture": "#2"},
				"west": {"uv": [2.8, 0, 1.8, 1.6], "texture": "#2"},
				"up": {"uv": [1.8, 1.6, 2.8, 0], "rotation": 270, "texture": "#2"},
				"down": {"uv": [1.8, 1.6, 2.8, 0], "rotation": 90, "texture": "#2"}
			}
		},
		{
			"from": [7.1, 5.4, -0.3],
			"to": [8.2, 5.9, 0],
			"rotation": {"angle": -45, "axis": "y", "origin": [0, 0, 0]},
			"faces": {
				"north": {"uv": [1.8, 0, 2.8, 1.6], "texture": "#2"},
				"east": {"uv": [1.8, 0, 2.8, 1.6], "texture": "#2"},
				"south": {"uv": [1.8, 0, 2.8, 1.6], "texture": "#2"},
				"west": {"uv": [1.8, 0, 2.8, 1.6], "texture": "#2"},
				"up": {"uv": [1.8, 0, 2.8, 1.6], "rotation": 270, "texture": "#2"},
				"down": {"uv": [1.8, 0, 2.8, 1.6], "rotation": 90, "texture": "#2"}
			}
		},
		{
			"from": [7.1, 4.9, -0.5],
			"to": [8.2, 5.4, -0.2],
			"rotation": {"angle": -45, "axis": "y", "origin": [0, 0, 0]},
			"faces": {
				"north": {"uv": [1.8, 0, 2.8, 1.6], "texture": "#2"},
				"east": {"uv": [1.8, 0, 2.8, 1.6], "texture": "#2"},
				"south": {"uv": [1.8, 0, 2.8, 1.6], "texture": "#2"},
				"west": {"uv": [1.8, 0, 2.8, 1.6], "texture": "#2"},
				"up": {"uv": [1.8, 0, 2.8, 1.6], "rotation": 270, "texture": "#2"},
				"down": {"uv": [1.8, 0, 2.8, 1.6], "rotation": 90, "texture": "#2"}
			}
		},
		{
			"from": [7.1, 4.4, -0.7],
			"to": [8.2, 4.9, -0.4],
			"rotation": {"angle": -45, "axis": "y", "origin": [0, 0, 0]},
			"faces": {
				"north": {"uv": [1.8, 0, 2.8, 1.6], "texture": "#2"},
				"east": {"uv": [1.8, 0, 2.8, 1.6], "texture": "#2"},
				"south": {"uv": [1.8, 0, 2.8, 1.6], "texture": "#2"},
				"west": {"uv": [1.8, 0, 2.8, 1.6], "texture": "#2"},
				"up": {"uv": [1.8, 0, 2.8, 1.6], "rotation": 270, "texture": "#2"},
				"down": {"uv": [1.8, 0, 2.8, 1.6], "rotation": 90, "texture": "#2"}
			}
		},
		{
			"from": [7.9, 5.4, 0],
			"to": [9, 5.9, 0.4],
			"rotation": {"angle": 45, "axis": "y", "origin": [16, 0, 0]},
			"faces": {
				"north": {"uv": [2.8, 0, 1.8, 1.6], "texture": "#2"},
				"east": {"uv": [2.8, 0, 1.8, 1.6], "texture": "#2"},
				"south": {"uv": [2.8, 0, 1.8, 1.6], "texture": "#2"},
				"west": {"uv": [2.8, 0, 1.8, 1.6], "texture": "#2"},
				"up": {"uv": [1.8, 1.6, 2.8, 0], "rotation": 270, "texture": "#2"},
				"down": {"uv": [1.8, 1.6, 2.8, 0], "rotation": 90, "texture": "#2"}
			}
		},
		{
			"from": [7.9, 4.9, -0.2],
			"to": [9, 5.4, 0.2],
			"rotation": {"angle": 45, "axis": "y", "origin": [16, 0, 0]},
			"faces": {
				"north": {"uv": [2.8, 0, 1.8, 1.6], "texture": "#2"},
				"east": {"uv": [2.8, 0, 1.8, 1.6], "texture": "#2"},
				"south": {"uv": [2.8, 0, 1.8, 1.6], "texture": "#2"},
				"west": {"uv": [2.8, 0, 1.8, 1.6], "texture": "#2"},
				"up": {"uv": [1.8, 1.6, 2.8, 0], "rotation": 270, "texture": "#2"},
				"down": {"uv": [1.8, 1.6, 2.8, 0], "rotation": 90, "texture": "#2"}
			}
		},
		{
			"from": [7.9, 4.4, -0.4],
			"to": [9, 4.9, 0],
			"rotation": {"angle": 45, "axis": "y", "origin": [16, 0, 0]},
			"faces": {
				"north": {"uv": [2.8, 0, 1.8, 1.6], "texture": "#2"},
				"east": {"uv": [2.8, 0, 1.8, 1.6], "texture": "#2"},
				"south": {"uv": [2.8, 0, 1.8, 1.6], "texture": "#2"},
				"west": {"uv": [2.8, 0, 1.8, 1.6], "texture": "#2"},
				"up": {"uv": [1.8, 1.6, 2.8, 0], "rotation": 270, "texture": "#2"},
				"down": {"uv": [1.8, 1.6, 2.8, 0], "rotation": 90, "texture": "#2"}
			}
		},
		{
			"from": [7.2, 3.5, -2.1],
			"to": [8.2, 5.6, -0.2],
			"rotation": {"angle": -45, "axis": "y", "origin": [0, -0.7, 0]},
			"faces": {
				"north": {"uv": [0.8, 1, 1.8, 1.6], "texture": "#2"},
				"east": {"uv": [0.8, 1, 1.8, 1.6], "texture": "#2"},
				"south": {"uv": [0.8, 1, 1.8, 1.6], "texture": "#2"},
				"west": {"uv": [0.8, 1, 1.8, 1.6], "texture": "#2"},
				"up": {"uv": [0.8, 1, 1.8, 1.6], "texture": "#2"},
				"down": {"uv": [0.8, 1, 1.8, 1.6], "texture": "#2"}
			}
		},
		{
			"from": [7.9, 3.6, -0.9],
			"to": [9, 4.4, -0.4],
			"rotation": {"angle": 45, "axis": "y", "origin": [16, 0, 0]},
			"faces": {
				"north": {"uv": [2.8, 0, 1.8, 1.6], "texture": "#2"},
				"east": {"uv": [2.8, 0, 1.8, 1.6], "texture": "#2"},
				"south": {"uv": [2.8, 0, 1.8, 1.6], "texture": "#2"},
				"west": {"uv": [2.8, 0, 1.8, 1.6], "texture": "#2"},
				"up": {"uv": [1.8, 1.6, 2.8, 0], "rotation": 270, "texture": "#2"},
				"down": {"uv": [1.8, 1.6, 2.8, 0], "rotation": 90, "texture": "#2"}
			}
		},
		{
			"from": [4.2, 5.7, 5.5],
			"to": [8, 7.3, 8.1],
			"faces": {
				"north": {"uv": [6, 5, 7.2, 8.6], "texture": "#0"},
				"east": {"uv": [6, 5, 7.2, 8.6], "texture": "#0"},
				"south": {"uv": [6, 5, 7.2, 8.6], "texture": "#0"},
				"west": {"uv": [6, 5, 7.2, 8.6], "texture": "#0"},
				"up": {"uv": [6, 5, 7.2, 8.6], "texture": "#0"},
				"down": {"uv": [6, 5, 7.2, 8.6], "texture": "#0"}
			}
		},
		{
			"from": [8, 6.7, 5.3],
			"to": [11.4, 10.8, 8.1],
			"rotation": {"angle": 0, "axis": "y", "origin": [16, 0, 0]},
			"faces": {
				"north": {"uv": [7.2, 5, 6, 8.6], "texture": "#0"},
				"east": {"uv": [7.2, 5, 6, 8.6], "texture": "#0"},
				"south": {"uv": [7.2, 5, 6, 8.6], "texture": "#0"},
				"west": {"uv": [7.2, 5, 6, 8.6], "texture": "#0"},
				"up": {"uv": [7.2, 5, 6, 8.6], "texture": "#0"},
				"down": {"uv": [7.2, 5, 6, 8.6], "texture": "#0"}
			}
		},
		{
			"from": [6.2, 5.4, 3.2],
			"to": [6.6, 6.1, 5.3],
			"faces": {
				"north": {"uv": [0.2, 0, 0.3, 3.3], "texture": "#2"},
				"east": {"uv": [0.2, 0, 0.3, 3.3], "texture": "#2"},
				"south": {"uv": [0.2, 0, 0.3, 3.3], "texture": "#2"},
				"west": {"uv": [0.2, 0, 0.3, 3.3], "texture": "#2"},
				"up": {"uv": [0.2, 0, 0.3, 3.3], "texture": "#2"},
				"down": {"uv": [0.2, 0, 0.3, 3.3], "texture": "#2"}
			}
		},
		{
			"from": [9.2, 2.5, 3.2],
			"to": [9.4, 6.1, 5.3],
			"rotation": {"angle": 0, "axis": "y", "origin": [16, 0, 0]},
			"faces": {
				"north": {"uv": [0.3, 0, 0.2, 3.3], "texture": "#2"},
				"east": {"uv": [0.3, 0, 0.2, 3.3], "texture": "#2"},
				"south": {"uv": [0.3, 0, 0.2, 3.3], "texture": "#2"},
				"west": {"uv": [0.3, 0, 0.2, 3.3], "texture": "#2"},
				"up": {"uv": [0.3, 0, 0.2, 3.3], "texture": "#2"},
				"down": {"uv": [0.3, 0, 0.2, 3.3], "texture": "#2"}
			}
		},
		{
			"from": [5.9, 5.7, 3.4],
			"to": [6.2, 6.1, 5.3],
			"faces": {
				"north": {"uv": [0.2, 0, 0.3, 3.3], "texture": "#2"},
				"east": {"uv": [0.2, 0, 0.3, 3.3], "texture": "#2"},
				"south": {"uv": [0.2, 0, 0.3, 3.3], "texture": "#2"},
				"west": {"uv": [0.2, 0, 0.3, 3.3], "texture": "#2"},
				"up": {"uv": [0.2, 0, 0.3, 3.3], "texture": "#2"},
				"down": {"uv": [0.2, 0, 0.3, 3.3], "texture": "#2"}
			}
		},
		{
			"from": [9.4, 5.4, 3.2],
			"to": [9.8, 6.1, 5.3],
			"rotation": {"angle": 0, "axis": "y", "origin": [16, 0, 0]},
			"faces": {
				"north": {"uv": [0.3, 0, 0.2, 3.3], "texture": "#2"},
				"east": {"uv": [0.3, 0, 0.2, 3.3], "texture": "#2"},
				"south": {"uv": [0.3, 0, 0.2, 3.3], "texture": "#2"},
				"west": {"uv": [0.3, 0, 0.2, 3.3], "texture": "#2"},
				"up": {"uv": [0.3, 0, 0.2, 3.3], "texture": "#2"},
				"down": {"uv": [0.3, 0, 0.2, 3.3], "texture": "#2"}
			}
		},
		{
			"from": [4.2, 7.4, 3.2],
			"to": [8, 9.7, 6.1],
			"rotation": {"angle": 22.5, "axis": "x", "origin": [0, 0, 0]},
			"faces": {
				"north": {"uv": [6, 5, 7.2, 8.6], "texture": "#0"},
				"east": {"uv": [6, 5, 7.2, 8.6], "texture": "#0"},
				"south": {"uv": [6, 5, 7.2, 8.6], "texture": "#0"},
				"west": {"uv": [6, 5, 7.2, 8.6], "texture": "#0"},
				"up": {"uv": [6, 5, 7.2, 8.6], "texture": "#0"},
				"down": {"uv": [6, 5, 7.2, 8.6], "texture": "#0"}
			}
		},
		{
			"from": [8, 5.7, 5.5],
			"to": [11.8, 7.3, 8.1],
			"rotation": {"angle": 0, "axis": "y", "origin": [16, 0, 0]},
			"faces": {
				"north": {"uv": [7.2, 5, 6, 8.6], "texture": "#0"},
				"east": {"uv": [7.2, 5, 6, 8.6], "texture": "#0"},
				"south": {"uv": [7.2, 5, 6, 8.6], "texture": "#0"},
				"west": {"uv": [7.2, 5, 6, 8.6], "texture": "#0"},
				"up": {"uv": [7.2, 5, 6, 8.6], "texture": "#0"},
				"down": {"uv": [7.2, 5, 6, 8.6], "texture": "#0"}
			}
		},
		{
			"from": [5, 7.4, 6.1],
			"to": [8, 9.1, 7.5],
			"rotation": {"angle": 22.5, "axis": "x", "origin": [0, 0, 0]},
			"faces": {
				"north": {"uv": [6, 5, 7.2, 8.6], "texture": "#0"},
				"east": {"uv": [6, 5, 7.2, 8.6], "texture": "#0"},
				"south": {"uv": [6, 5, 7.2, 8.6], "texture": "#0"},
				"west": {"uv": [6, 5, 7.2, 8.6], "texture": "#0"},
				"up": {"uv": [6, 5, 7.2, 8.6], "texture": "#0"},
				"down": {"uv": [6, 5, 7.2, 8.6], "texture": "#0"}
			}
		},
		{
			"from": [11.3, 10.3, 3.2],
			"to": [11.8, 11.3, 6.1],
			"rotation": {"angle": 22.5, "axis": "x", "origin": [16, 0, 0]},
			"faces": {
				"north": {"uv": [7.2, 5, 6, 8.6], "texture": "#0"},
				"east": {"uv": [7.2, 5, 6, 8.6], "texture": "#0"},
				"south": {"uv": [7.2, 5, 6, 8.6], "texture": "#0"},
				"west": {"uv": [7.2, 5, 6, 8.6], "texture": "#0"},
				"up": {"uv": [7.2, 5, 6, 8.6], "texture": "#0"},
				"down": {"uv": [7.2, 5, 6, 8.6], "texture": "#0"}
			}
		},
		{
			"from": [6.2, 7.4, 7.5],
			"to": [8, 9.1, 7.9],
			"rotation": {"angle": 22.5, "axis": "x", "origin": [0, 0, 0]},
			"faces": {
				"north": {"uv": [6, 5, 7.2, 8.6], "texture": "#0"},
				"east": {"uv": [6, 5, 7.2, 8.6], "texture": "#0"},
				"south": {"uv": [6, 5, 7.2, 8.6], "texture": "#0"},
				"west": {"uv": [6, 5, 7.2, 8.6], "texture": "#0"},
				"up": {"uv": [6, 5, 7.2, 8.6], "texture": "#0"},
				"down": {"uv": [6, 5, 7.2, 8.6], "texture": "#0"}
			}
		},
		{
			"from": [8, 7.4, 6.1],
			"to": [11, 9.1, 7.5],
			"rotation": {"angle": 22.5, "axis": "x", "origin": [16, 0, 0]},
			"faces": {
				"north": {"uv": [7.2, 5, 6, 8.6], "texture": "#0"},
				"east": {"uv": [7.2, 5, 6, 8.6], "texture": "#0"},
				"south": {"uv": [7.2, 5, 6, 8.6], "texture": "#0"},
				"west": {"uv": [7.2, 5, 6, 8.6], "texture": "#0"},
				"up": {"uv": [7.2, 5, 6, 8.6], "texture": "#0"},
				"down": {"uv": [7.2, 5, 6, 8.6], "texture": "#0"}
			}
		},
		{
			"from": [2.4, 10, 5.9],
			"to": [4, 10, 8],
			"rotation": {"angle": 22.5, "axis": "y", "origin": [0, 0, 0]},
			"faces": {
				"north": {"uv": [6, 2, 12, 3], "rotation": 90, "texture": "#1"},
				"east": {"uv": [6, 2, 12, 3], "rotation": 90, "texture": "#1"},
				"south": {"uv": [6, 2, 12, 3], "rotation": 90, "texture": "#1"},
				"west": {"uv": [6, 2, 12, 3], "rotation": 90, "texture": "#1"},
				"up": {"uv": [6, 2, 12, 3], "rotation": 90, "texture": "#1"},
				"down": {"uv": [6, 2, 12, 3], "rotation": 90, "texture": "#1"}
			}
		},
		{
			"from": [12, 9.3, 6.4],
			"to": [13.3, 10.3, 8],
			"rotation": {"angle": -22.5, "axis": "y", "origin": [16, 0, 0]},
			"faces": {
				"north": {"uv": [5, 6, 11, 5], "rotation": 90, "texture": "#0"},
				"east": {"uv": [5, 6, 11, 5], "rotation": 90, "texture": "#0"},
				"south": {"uv": [5, 6, 11, 5], "rotation": 90, "texture": "#0"},
				"west": {"uv": [5, 6, 11, 5], "rotation": 90, "texture": "#0"},
				"up": {"uv": [5, 6, 11, 5], "rotation": 90, "texture": "#0"},
				"down": {"uv": [5, 6, 11, 5], "rotation": 90, "texture": "#0"}
			}
		},
		{
			"from": [2.2, 9.5, 5.9],
			"to": [4, 9.5, 8],
			"rotation": {"angle": 22.5, "axis": "y", "origin": [0, 0, 0]},
			"faces": {
				"north": {"uv": [6, 2, 12, 3], "rotation": 90, "texture": "#1"},
				"east": {"uv": [6, 2, 12, 3], "rotation": 90, "texture": "#1"},
				"south": {"uv": [6, 2, 12, 3], "rotation": 90, "texture": "#1"},
				"west": {"uv": [6, 2, 12, 3], "rotation": 90, "texture": "#1"},
				"up": {"uv": [6, 2, 12, 3], "rotation": 90, "texture": "#1"},
				"down": {"uv": [6, 2, 12, 3], "rotation": 90, "texture": "#1"}
			}
		},
		{
			"from": [12, 9, 5.9],
			"to": [13.8, 9, 8],
			"rotation": {"angle": -22.5, "axis": "y", "origin": [16, 0, 0]},
			"faces": {
				"north": {"uv": [6, 3, 12, 2], "rotation": 90, "texture": "#1"},
				"east": {"uv": [6, 3, 12, 2], "rotation": 90, "texture": "#1"},
				"south": {"uv": [6, 3, 12, 2], "rotation": 90, "texture": "#1"},
				"west": {"uv": [6, 3, 12, 2], "rotation": 90, "texture": "#1"},
				"up": {"uv": [6, 3, 12, 2], "rotation": 90, "texture": "#1"},
				"down": {"uv": [6, 3, 12, 2], "rotation": 90, "texture": "#1"}
			}
		},
		{
			"from": [2.2, 9, 5.9],
			"to": [4, 9, 8],
			"rotation": {"angle": 22.5, "axis": "y", "origin": [0, 0, 0]},
			"faces": {
				"north": {"uv": [6, 2, 12, 3], "rotation": 90, "texture": "#1"},
				"east": {"uv": [6, 2, 12, 3], "rotation": 90, "texture": "#1"},
				"south": {"uv": [6, 2, 12, 3], "rotation": 90, "texture": "#1"},
				"west": {"uv": [6, 2, 12, 3], "rotation": 90, "texture": "#1"},
				"up": {"uv": [6, 2, 12, 3], "rotation": 90, "texture": "#1"},
				"down": {"uv": [6, 2, 12, 3], "rotation": 90, "texture": "#1"}
			}
		},
		{
			"from": [12, 8.5, 5.9],
			"to": [13.8, 8.5, 8],
			"rotation": {"angle": -22.5, "axis": "y", "origin": [16, 0, 0]},
			"faces": {
				"north": {"uv": [6, 3, 12, 2], "rotation": 90, "texture": "#1"},
				"east": {"uv": [6, 3, 12, 2], "rotation": 90, "texture": "#1"},
				"south": {"uv": [6, 3, 12, 2], "rotation": 90, "texture": "#1"},
				"west": {"uv": [6, 3, 12, 2], "rotation": 90, "texture": "#1"},
				"up": {"uv": [6, 3, 12, 2], "rotation": 90, "texture": "#1"},
				"down": {"uv": [6, 3, 12, 2], "rotation": 90, "texture": "#1"}
			}
		},
		{
			"from": [2.2, 8.5, 5.9],
			"to": [4, 8.5, 8],
			"rotation": {"angle": 22.5, "axis": "y", "origin": [0, 0, 0]},
			"faces": {
				"north": {"uv": [6, 2, 12, 3], "rotation": 90, "texture": "#1"},
				"east": {"uv": [6, 2, 12, 3], "rotation": 90, "texture": "#1"},
				"south": {"uv": [6, 2, 12, 3], "rotation": 90, "texture": "#1"},
				"west": {"uv": [6, 2, 12, 3], "rotation": 90, "texture": "#1"},
				"up": {"uv": [6, 2, 12, 3], "rotation": 90, "texture": "#1"},
				"down": {"uv": [6, 2, 12, 3], "rotation": 90, "texture": "#1"}
			}
		},
		{
			"from": [12, 7.9, 5.9],
			"to": [13.8, 7.9, 8],
			"rotation": {"angle": -22.5, "axis": "y", "origin": [16, 0, 0]},
			"faces": {
				"north": {"uv": [6, 3, 12, 2], "rotation": 90, "texture": "#1"},
				"east": {"uv": [6, 3, 12, 2], "rotation": 90, "texture": "#1"},
				"south": {"uv": [6, 3, 12, 2], "rotation": 90, "texture": "#1"},
				"west": {"uv": [6, 3, 12, 2], "rotation": 90, "texture": "#1"},
				"up": {"uv": [6, 3, 12, 2], "rotation": 90, "texture": "#1"},
				"down": {"uv": [6, 3, 12, 2], "rotation": 90, "texture": "#1"}
			}
		},
		{
			"from": [2.2, 7.9, 5.9],
			"to": [4, 7.9, 8],
			"rotation": {"angle": 22.5, "axis": "y", "origin": [0, 0, 0]},
			"faces": {
				"north": {"uv": [6, 2, 12, 3], "rotation": 90, "texture": "#1"},
				"east": {"uv": [6, 2, 12, 3], "rotation": 90, "texture": "#1"},
				"south": {"uv": [6, 2, 12, 3], "rotation": 90, "texture": "#1"},
				"west": {"uv": [6, 2, 12, 3], "rotation": 90, "texture": "#1"},
				"up": {"uv": [6, 2, 12, 3], "rotation": 90, "texture": "#1"},
				"down": {"uv": [6, 2, 12, 3], "rotation": 90, "texture": "#1"}
			}
		},
		{
			"from": [11.9, 7.2, 5.9],
			"to": [13.7, 7.2, 8],
			"rotation": {"angle": -22.5, "axis": "y", "origin": [16, 0, 0]},
			"faces": {
				"north": {"uv": [6, 3, 12, 2], "rotation": 90, "texture": "#1"},
				"east": {"uv": [6, 3, 12, 2], "rotation": 90, "texture": "#1"},
				"south": {"uv": [6, 3, 12, 2], "rotation": 90, "texture": "#1"},
				"west": {"uv": [6, 3, 12, 2], "rotation": 90, "texture": "#1"},
				"up": {"uv": [6, 3, 12, 2], "rotation": 90, "texture": "#1"},
				"down": {"uv": [6, 3, 12, 2], "rotation": 90, "texture": "#1"}
			}
		},
		{
			"from": [2.3, 7.2, 5.9],
			"to": [4.1, 7.2, 8],
			"rotation": {"angle": 22.5, "axis": "y", "origin": [0, 0, 0]},
			"faces": {
				"north": {"uv": [6, 2, 12, 3], "rotation": 90, "texture": "#1"},
				"east": {"uv": [6, 2, 12, 3], "rotation": 90, "texture": "#1"},
				"south": {"uv": [6, 2, 12, 3], "rotation": 90, "texture": "#1"},
				"west": {"uv": [6, 2, 12, 3], "rotation": 90, "texture": "#1"},
				"up": {"uv": [6, 2, 12, 3], "rotation": 90, "texture": "#1"},
				"down": {"uv": [6, 2, 12, 3], "rotation": 90, "texture": "#1"}
			}
		},
		{
			"from": [11.7, 6.5, 5.9],
			"to": [13.5, 6.5, 8],
			"rotation": {"angle": -22.5, "axis": "y", "origin": [16, 0, 0]},
			"faces": {
				"north": {"uv": [6, 3, 12, 2], "rotation": 90, "texture": "#1"},
				"east": {"uv": [6, 3, 12, 2], "rotation": 90, "texture": "#1"},
				"south": {"uv": [6, 3, 12, 2], "rotation": 90, "texture": "#1"},
				"west": {"uv": [6, 3, 12, 2], "rotation": 90, "texture": "#1"},
				"up": {"uv": [6, 3, 12, 2], "rotation": 90, "texture": "#1"},
				"down": {"uv": [6, 3, 12, 2], "rotation": 90, "texture": "#1"}
			}
		},
		{
			"from": [2.5, 6.5, 5.9],
			"to": [4.3, 6.5, 8],
			"rotation": {"angle": 22.5, "axis": "y", "origin": [0, 0, 0]},
			"faces": {
				"north": {"uv": [6, 2, 12, 3], "rotation": 90, "texture": "#1"},
				"east": {"uv": [6, 2, 12, 3], "rotation": 90, "texture": "#1"},
				"south": {"uv": [6, 2, 12, 3], "rotation": 90, "texture": "#1"},
				"west": {"uv": [6, 2, 12, 3], "rotation": 90, "texture": "#1"},
				"up": {"uv": [6, 2, 12, 3], "rotation": 90, "texture": "#1"},
				"down": {"uv": [6, 2, 12, 3], "rotation": 90, "texture": "#1"}
			}
		},
		{
			"from": [2.5, 10.6, 6.6],
			"to": [4.3, 10.6, 8.7],
			"rotation": {"angle": 22.5, "axis": "y", "origin": [0, 0, 0]},
			"faces": {
				"north": {"uv": [6, 2, 12, 3], "rotation": 90, "texture": "#1"},
				"east": {"uv": [6, 2, 12, 3], "rotation": 90, "texture": "#1"},
				"south": {"uv": [6, 2, 12, 3], "rotation": 90, "texture": "#1"},
				"west": {"uv": [6, 2, 12, 3], "rotation": 90, "texture": "#1"},
				"up": {"uv": [6, 2, 12, 3], "rotation": 90, "texture": "#1"},
				"down": {"uv": [6, 2, 12, 3], "rotation": 90, "texture": "#1"}
			}
		},
		{
			"from": [12, 10, 5.9],
			"to": [13.6, 10, 8],
			"rotation": {"angle": -22.5, "axis": "y", "origin": [16, 0, 0]},
			"faces": {
				"north": {"uv": [6, 3, 12, 2], "rotation": 90, "texture": "#1"},
				"east": {"uv": [6, 3, 12, 2], "rotation": 90, "texture": "#1"},
				"south": {"uv": [6, 3, 12, 2], "rotation": 90, "texture": "#1"},
				"west": {"uv": [6, 3, 12, 2], "rotation": 90, "texture": "#1"},
				"up": {"uv": [6, 3, 12, 2], "rotation": 90, "texture": "#1"},
				"down": {"uv": [6, 3, 12, 2], "rotation": 90, "texture": "#1"}
			}
		},
		{
			"from": [2.5, 11.2, 6.6],
			"to": [4.3, 11.2, 8.7],
			"rotation": {"angle": 22.5, "axis": "y", "origin": [0, 0, 0]},
			"faces": {
				"north": {"uv": [6, 2, 12, 3], "rotation": 90, "texture": "#1"},
				"east": {"uv": [6, 2, 12, 3], "rotation": 90, "texture": "#1"},
				"south": {"uv": [6, 2, 12, 3], "rotation": 90, "texture": "#1"},
				"west": {"uv": [6, 2, 12, 3], "rotation": 90, "texture": "#1"},
				"up": {"uv": [6, 2, 12, 3], "rotation": 90, "texture": "#1"},
				"down": {"uv": [6, 2, 12, 3], "rotation": 90, "texture": "#1"}
			}
		},
		{
			"from": [11.7, 10.6, 6.6],
			"to": [13.5, 10.6, 8.7],
			"rotation": {"angle": -22.5, "axis": "y", "origin": [16, 0, 0]},
			"faces": {
				"north": {"uv": [6, 3, 12, 2], "rotation": 90, "texture": "#1"},
				"east": {"uv": [6, 3, 12, 2], "rotation": 90, "texture": "#1"},
				"south": {"uv": [6, 3, 12, 2], "rotation": 90, "texture": "#1"},
				"west": {"uv": [6, 3, 12, 2], "rotation": 90, "texture": "#1"},
				"up": {"uv": [6, 3, 12, 2], "rotation": 90, "texture": "#1"},
				"down": {"uv": [6, 3, 12, 2], "rotation": 90, "texture": "#1"}
			}
		},
		{
			"from": [2.5, 11.8, 6.6],
			"to": [4.3, 11.8, 8.7],
			"rotation": {"angle": 22.5, "axis": "y", "origin": [0, 0, 0]},
			"faces": {
				"north": {"uv": [6, 2, 12, 3], "rotation": 90, "texture": "#1"},
				"east": {"uv": [6, 2, 12, 3], "rotation": 90, "texture": "#1"},
				"south": {"uv": [6, 2, 12, 3], "rotation": 90, "texture": "#1"},
				"west": {"uv": [6, 2, 12, 3], "rotation": 90, "texture": "#1"},
				"up": {"uv": [6, 2, 12, 3], "rotation": 90, "texture": "#1"},
				"down": {"uv": [6, 2, 12, 3], "rotation": 90, "texture": "#1"}
			}
		},
		{
			"from": [11.7, 11.2, 6.6],
			"to": [13.5, 11.2, 8.7],
			"rotation": {"angle": -22.5, "axis": "y", "origin": [16, 0, 0]},
			"faces": {
				"north": {"uv": [6, 3, 12, 2], "rotation": 90, "texture": "#1"},
				"east": {"uv": [6, 3, 12, 2], "rotation": 90, "texture": "#1"},
				"south": {"uv": [6, 3, 12, 2], "rotation": 90, "texture": "#1"},
				"west": {"uv": [6, 3, 12, 2], "rotation": 90, "texture": "#1"},
				"up": {"uv": [6, 3, 12, 2], "rotation": 90, "texture": "#1"},
				"down": {"uv": [6, 3, 12, 2], "rotation": 90, "texture": "#1"}
			}
		},
		{
			"from": [3.3, 12.5, 6.9],
			"to": [4.5, 12.5, 8.7],
			"rotation": {"angle": 22.5, "axis": "y", "origin": [0, 0, 0]},
			"faces": {
				"north": {"uv": [6, 2, 12, 3], "rotation": 90, "texture": "#1"},
				"east": {"uv": [6, 2, 12, 3], "rotation": 90, "texture": "#1"},
				"south": {"uv": [6, 2, 12, 3], "rotation": 90, "texture": "#1"},
				"west": {"uv": [6, 2, 12, 3], "rotation": 90, "texture": "#1"},
				"up": {"uv": [6, 2, 12, 3], "rotation": 90, "texture": "#1"},
				"down": {"uv": [6, 2, 12, 3], "rotation": 90, "texture": "#1"}
			}
		},
		{
			"from": [11.7, 11.8, 6.6],
			"to": [13.5, 11.8, 8.7],
			"rotation": {"angle": -22.5, "axis": "y", "origin": [16, 0, 0]},
			"faces": {
				"north": {"uv": [6, 3, 12, 2], "rotation": 90, "texture": "#1"},
				"east": {"uv": [6, 3, 12, 2], "rotation": 90, "texture": "#1"},
				"south": {"uv": [6, 3, 12, 2], "rotation": 90, "texture": "#1"},
				"west": {"uv": [6, 3, 12, 2], "rotation": 90, "texture": "#1"},
				"up": {"uv": [6, 3, 12, 2], "rotation": 90, "texture": "#1"},
				"down": {"uv": [6, 3, 12, 2], "rotation": 90, "texture": "#1"}
			}
		},
		{
			"from": [11.5, 12.5, 6.9],
			"to": [12.7, 12.5, 8.7],
			"rotation": {"angle": -22.5, "axis": "y", "origin": [16, 0, 0]},
			"faces": {
				"north": {"uv": [6, 3, 12, 2], "rotation": 90, "texture": "#1"},
				"east": {"uv": [6, 3, 12, 2], "rotation": 90, "texture": "#1"},
				"south": {"uv": [6, 3, 12, 2], "rotation": 90, "texture": "#1"},
				"west": {"uv": [6, 3, 12, 2], "rotation": 90, "texture": "#1"},
				"up": {"uv": [6, 3, 12, 2], "rotation": 90, "texture": "#1"},
				"down": {"uv": [6, 3, 12, 2], "rotation": 90, "texture": "#1"}
			}
		},
		{
			"from": [5.9, 10, -0.5],
			"to": [6.8, 13, 0.9],
			"rotation": {"angle": 22.5, "axis": "x", "origin": [0, 0, 0]},
			"faces": {
				"north": {"uv": [0, 0, 1.2, 3.6], "texture": "#2"},
				"east": {"uv": [0, 0, 1.2, 3.6], "texture": "#2"},
				"south": {"uv": [0, 0, 1.2, 3.6], "texture": "#2"},
				"west": {"uv": [0, 0, 1.2, 3.6], "texture": "#2"},
				"up": {"uv": [0, 0, 1.2, 3.6], "texture": "#2"},
				"down": {"uv": [0, 0, 1.2, 3.6], "texture": "#2"}
			}
		},
		{
			"from": [8, 10, -0.8],
			"to": [9.2, 13.6, 0.9],
			"rotation": {"angle": 22.5, "axis": "x", "origin": [16, 0, 0]},
			"faces": {
				"north": {"uv": [1.2, 0, 0, 3.6], "texture": "#2"},
				"east": {"uv": [1.2, 0, 0, 3.6], "texture": "#2"},
				"south": {"uv": [1.2, 0, 0, 3.6], "texture": "#2"},
				"west": {"uv": [1.2, 0, 0, 3.6], "texture": "#2"},
				"up": {"uv": [1.2, 0, 0, 3.6], "texture": "#2"},
				"down": {"uv": [1.2, 0, 0, 3.6], "texture": "#2"}
			}
		},
		{
			"from": [2.7, 9.3, 6.4],
			"to": [4, 10.3, 8],
			"rotation": {"angle": 22.5, "axis": "y", "origin": [0, 0, 0]},
			"faces": {
				"north": {"uv": [5, 5, 11, 6], "rotation": 90, "texture": "#0"},
				"east": {"uv": [5, 5, 11, 6], "rotation": 90, "texture": "#0"},
				"south": {"uv": [5, 5, 11, 6], "rotation": 90, "texture": "#0"},
				"west": {"uv": [5, 5, 11, 6], "rotation": 90, "texture": "#0"},
				"up": {"uv": [5, 5, 11, 6], "rotation": 90, "texture": "#0"},
				"down": {"uv": [5, 5, 11, 6], "rotation": 90, "texture": "#0"}
			}
		},
		{
			"from": [12, 7.6, 6],
			"to": [13.3, 9.3, 8],
			"rotation": {"angle": -22.5, "axis": "y", "origin": [16, 0, 0]},
			"faces": {
				"north": {"uv": [5, 6, 11, 5], "rotation": 90, "texture": "#0"},
				"east": {"uv": [5, 6, 11, 5], "rotation": 90, "texture": "#0"},
				"south": {"uv": [5, 6, 11, 5], "rotation": 90, "texture": "#0"},
				"west": {"uv": [5, 6, 11, 5], "rotation": 90, "texture": "#0"},
				"up": {"uv": [5, 6, 11, 5], "rotation": 90, "texture": "#0"},
				"down": {"uv": [5, 6, 11, 5], "rotation": 90, "texture": "#0"}
			}
		},
		{
			"from": [4, 8, 3.2],
			"to": [4.7, 10.3, 6.1],
			"rotation": {"angle": 22.5, "axis": "x", "origin": [0, 0, 0]},
			"faces": {
				"north": {"uv": [6, 5, 7.2, 8.6], "texture": "#0"},
				"east": {"uv": [6, 5, 7.2, 8.6], "texture": "#0"},
				"south": {"uv": [6, 5, 7.2, 8.6], "texture": "#0"},
				"west": {"uv": [6, 5, 7.2, 8.6], "texture": "#0"},
				"up": {"uv": [6, 5, 7.2, 8.6], "texture": "#0"},
				"down": {"uv": [6, 5, 7.2, 8.6], "texture": "#0"}
			}
		},
		{
			"from": [8, 7.4, 3.2],
			"to": [11.8, 9.7, 6.1],
			"rotation": {"angle": 22.5, "axis": "x", "origin": [16, 0, 0]},
			"faces": {
				"north": {"uv": [7.2, 5, 6, 8.6], "texture": "#0"},
				"east": {"uv": [7.2, 5, 6, 8.6], "texture": "#0"},
				"south": {"uv": [7.2, 5, 6, 8.6], "texture": "#0"},
				"west": {"uv": [7.2, 5, 6, 8.6], "texture": "#0"},
				"up": {"uv": [7.2, 5, 6, 8.6], "texture": "#0"},
				"down": {"uv": [7.2, 5, 6, 8.6], "texture": "#0"}
			}
		},
		{
			"from": [4.2, 10.3, 3.2],
			"to": [4.7, 11.3, 6.1],
			"rotation": {"angle": 22.5, "axis": "x", "origin": [0, 0, 0]},
			"faces": {
				"north": {"uv": [6, 5, 7.2, 8.6], "texture": "#0"},
				"east": {"uv": [6, 5, 7.2, 8.6], "texture": "#0"},
				"south": {"uv": [6, 5, 7.2, 8.6], "texture": "#0"},
				"west": {"uv": [6, 5, 7.2, 8.6], "texture": "#0"},
				"up": {"uv": [6, 5, 7.2, 8.6], "texture": "#0"},
				"down": {"uv": [6, 5, 7.2, 8.6], "texture": "#0"}
			}
		},
		{
			"from": [11.3, 8, 3.2],
			"to": [12, 10.3, 6.1],
			"rotation": {"angle": 22.5, "axis": "x", "origin": [16, 0, 0]},
			"faces": {
				"north": {"uv": [7.2, 5, 6, 8.6], "texture": "#0"},
				"east": {"uv": [7.2, 5, 6, 8.6], "texture": "#0"},
				"south": {"uv": [7.2, 5, 6, 8.6], "texture": "#0"},
				"west": {"uv": [7.2, 5, 6, 8.6], "texture": "#0"},
				"up": {"uv": [7.2, 5, 6, 8.6], "texture": "#0"},
				"down": {"uv": [7.2, 5, 6, 8.6], "texture": "#0"}
			}
		},
		{
			"from": [5.3, 4.1, 9.7],
			"to": [8, 11.5, 11.4],
			"faces": {
				"north": {"uv": [6, 5, 7.2, 8.6], "texture": "#0"},
				"east": {"uv": [6, 5, 7.2, 8.6], "texture": "#0"},
				"south": {"uv": [6, 5, 7.2, 8.6], "texture": "#0"},
				"west": {"uv": [6, 5, 7.2, 8.6], "texture": "#0"},
				"up": {"uv": [6, 5, 7.2, 8.6], "texture": "#0"},
				"down": {"uv": [6, 5, 7.2, 8.6], "texture": "#0"}
			}
		},
		{
			"from": [8, 3.9, 9.7],
			"to": [9.2, 11.8, 11.6],
			"rotation": {"angle": 0, "axis": "y", "origin": [16, 0, 0]},
			"faces": {
				"north": {"uv": [7.2, 5, 6, 8.6], "texture": "#0"},
				"east": {"uv": [7.2, 5, 6, 8.6], "texture": "#0"},
				"south": {"uv": [7.2, 5, 6, 8.6], "texture": "#0"},
				"west": {"uv": [7.2, 5, 6, 8.6], "texture": "#0"},
				"up": {"uv": [7.2, 5, 6, 8.6], "texture": "#0"},
				"down": {"uv": [7.2, 5, 6, 8.6], "texture": "#0"}
			}
		},
		{
			"from": [4.9, 5.1, 7.6],
			"to": [5.3, 11.5, 11.1],
			"faces": {
				"north": {"uv": [6, 5, 7.2, 8.6], "texture": "#0"},
				"east": {"uv": [6, 5, 7.2, 8.6], "texture": "#0"},
				"south": {"uv": [6, 5, 7.2, 8.6], "texture": "#0"},
				"west": {"uv": [6, 5, 7.2, 8.6], "texture": "#0"},
				"up": {"uv": [6, 5, 7.2, 8.6], "texture": "#0"},
				"down": {"uv": [6, 5, 7.2, 8.6], "texture": "#0"}
			}
		},
		{
			"from": [8, 4.1, 9.7],
			"to": [10.7, 11.5, 11.4],
			"rotation": {"angle": 0, "axis": "y", "origin": [16, 0, 0]},
			"faces": {
				"north": {"uv": [7.2, 5, 6, 8.6], "texture": "#0"},
				"east": {"uv": [7.2, 5, 6, 8.6], "texture": "#0"},
				"south": {"uv": [7.2, 5, 6, 8.6], "texture": "#0"},
				"west": {"uv": [7.2, 5, 6, 8.6], "texture": "#0"},
				"up": {"uv": [7.2, 5, 6, 8.6], "texture": "#0"},
				"down": {"uv": [7.2, 5, 6, 8.6], "texture": "#0"}
			}
		}
	],
	"display": {
		"gui": {
			"rotation": [0, 180, 0],
			"translation": [0, 0.5, 0],
			"scale": [1.5, 1.5, 1.5]
		},
		"head": {
			"translation": [0, 3.25, 0.25],
			"scale": [2.09, 2.09, 2.27]
		}
	}
}