{
	"credit": "Made with Blockbench",
	"parent": "82",
	"textures": {
		"0": "minecraft:block/blast_furnace_front",
		"1": "minecraft:block/cyan_glazed_terracotta",
		"2": "minecraft:block/cyan_shulker_box",
		"3": "minecraft:block/white_shulker_box",
		"4": "minecraft:block/lodestone_top",
		"particle": "minecraft:block/blast_furnace_front"
	},
	"elements": [
		{
			"from": [5.8, 6, 9.6],
			"to": [8, 15, 25.6],
			"rotation": {"angle": 0, "axis": "y", "origin": [16, 0, 9.6]},
			"faces": {
				"north": {"uv": [6.4, 0, 8.6, 10], "texture": "#2"},
				"east": {"uv": [6.4, 0, 8.6, 10], "texture": "#2"},
				"south": {"uv": [6.4, 0, 8.6, 10], "texture": "#2"},
				"west": {"uv": [6.4, 0, 8.6, 10], "texture": "#2"},
				"up": {"uv": [6.4, 0, 8.6, 10], "texture": "#2"},
				"down": {"uv": [6.4, 0, 8.6, 10], "texture": "#2"}
			}
		},
		{
			"from": [-2, 0.9, 13.2],
			"to": [4.1, 9.1, 24.2],
			"rotation": {"angle": -22.5, "axis": "z", "origin": [16, 0, 9.6]},
			"faces": {
				"north": {"uv": [0, 0, 16, 16], "texture": "#2"},
				"east": {"uv": [0, 0, 16, 16], "texture": "#2"},
				"south": {"uv": [0, 0, 16, 16], "texture": "#2"},
				"west": {"uv": [0, 0, 16, 16], "texture": "#2"},
				"up": {"uv": [0, 0, 16, 16], "texture": "#2"},
				"down": {"uv": [0, 0, 16, 16], "texture": "#2"}
			}
		},
		{
			"from": [8, 7.6, 2.3],
			"to": [10.1, 9.1, 9.4],
			"rotation": {"angle": 0, "axis": "x", "origin": [0, 0, 9.6]},
			"faces": {
				"north": {"uv": [8.3, 0, 6.2, 1.5], "texture": "#missing"},
				"east": {"uv": [16, 0, 8.9, 1.5], "texture": "#2"},
				"south": {"uv": [8.3, 0, 6.2, 1.5], "texture": "#missing"},
				"west": {"uv": [16, 0, 8.9, 1.5], "texture": "#missing"},
				"up": {"uv": [8.3, 0, 6.2, 7.1], "texture": "#missing"},
				"down": {"uv": [8.3, 0, 6.2, 7.1], "texture": "#2"}
			}
		},
		{
			"from": [0, 7.8, 8.5],
			"to": [4, 8.4, 22.8],
			"rotation": {"angle": 0, "axis": "y", "origin": [16, 0, 9.6]},
			"faces": {
				"north": {"uv": [2, 0, 6, 14.3], "texture": "#1"},
				"east": {"uv": [2, 0, 6, 14.3], "texture": "#1"},
				"south": {"uv": [2, 0, 6, 14.3], "texture": "#1"},
				"west": {"uv": [2, 0, 6, 14.3], "texture": "#1"},
				"up": {"uv": [2, 0, 6, 14.3], "texture": "#1"},
				"down": {"uv": [2, 0, 6, 14.3], "texture": "#1"}
			}
		},
		{
			"from": [8, 13.2, 9.5],
			"to": [11.2, 20.6, 16.2],
			"rotation": {"angle": 45, "axis": "x", "origin": [3.9, 0, 11.7]},
			"faces": {
				"north": {"uv": [13.6, 0, 10.4, 6.7], "texture": "#2"},
				"east": {"uv": [13.6, 0, 10.4, 6.7], "texture": "#2"},
				"south": {"uv": [13.6, 0, 10.4, 6.7], "texture": "#2"},
				"west": {"uv": [13.6, 0, 10.4, 6.7], "texture": "#2"},
				"up": {"uv": [13.6, 0, 10.4, 6.7], "texture": "#2"},
				"down": {"uv": [13.6, 0, 10.4, 6.7], "texture": "#2"}
			}
		},
		{
			"from": [-3.9, 6.2, 3.5],
			"to": [1.6, 9.8, 8.6],
			"rotation": {"angle": 45, "axis": "x", "origin": [12.1, 0, 11.7]},
			"faces": {
				"north": {"uv": [5.1, 7, 11.9, 11.9], "texture": "#0"},
				"east": {"uv": [10.2, 0, 15.3, 3.6], "texture": "#missing"},
				"south": {"uv": [9.1, 0, 14.6, 3.6], "texture": "#missing"},
				"west": {"uv": [10.2, 0, 15.3, 3.6], "texture": "#2"},
				"up": {"uv": [9.1, 0, 14.6, 5.1], "texture": "#2"},
				"down": {"uv": [9.1, 0, 14.6, 5.1], "texture": "#2"}
			}
		},
		{
			"from": [2.7, 8.5, 0.5],
			"to": [6, 9.8, 13.4],
			"rotation": {"angle": -22.5, "axis": "y", "origin": [0, 0, 9.6]},
			"faces": {
				"north": {"uv": [3.1, 2, 16, 3.3], "texture": "#1"},
				"east": {"uv": [3.1, 2, 16, 3.3], "texture": "#1"},
				"south": {"uv": [3.1, 2, 16, 3.3], "texture": "#1"},
				"west": {"uv": [3.1, 2, 16, 3.3], "texture": "#1"},
				"up": {"uv": [3.1, 2, 16, 3.3], "texture": "#1"},
				"down": {"uv": [3.1, 2, 16, 3.3], "texture": "#1"}
			}
		},
		{
			"from": [-3.9, 6.6, 12.6],
			"to": [1.7, 12, 27.1],
			"rotation": {"angle": 0, "axis": "y", "origin": [13.7, -1.5, 11.7]},
			"faces": {
				"north": {"uv": [0, 0, 16, 16], "texture": "#2"},
				"east": {"uv": [0, 0, 16, 16], "texture": "#2"},
				"south": {"uv": [0, 0, 16, 16], "texture": "#2"},
				"west": {"uv": [0, 0, 16, 16], "texture": "#2"},
				"up": {"uv": [0, 0, 16, 16], "texture": "#2"},
				"down": {"uv": [0, 0, 16, 16], "texture": "#2"}
			}
		},
		{
			"from": [12, 7.8, 8.5],
			"to": [16, 8.4, 22.8],
			"rotation": {"angle": 0, "axis": "y", "origin": [0, 0, 9.6]},
			"faces": {
				"north": {"uv": [6, 0, 2, 14.3], "texture": "#1"},
				"east": {"uv": [6, 0, 2, 14.3], "texture": "#1"},
				"south": {"uv": [6, 0, 2, 14.3], "texture": "#1"},
				"west": {"uv": [6, 0, 2, 14.3], "texture": "#1"},
				"up": {"uv": [6, 0, 2, 14.3], "texture": "#1"},
				"down": {"uv": [6, 0, 2, 14.3], "texture": "#1"}
			}
		},
		{
			"from": [-3.9, 8.4, 4.2],
			"to": [0.1, 10.4, 24.1],
			"rotation": {"angle": 0, "axis": "y", "origin": [16, 0, 9.6]},
			"faces": {
				"north": {"uv": [2, 0, 6, 16], "rotation": 180, "texture": "#2"},
				"east": {"uv": [2, 0, 6, 16], "rotation": 180, "texture": "#2"},
				"south": {"uv": [2, 0, 6, 16], "rotation": 180, "texture": "#2"},
				"west": {"uv": [2, 0, 6, 16], "rotation": 180, "texture": "#2"},
				"up": {"uv": [2, 0, 6, 16], "rotation": 180, "texture": "#2"},
				"down": {"uv": [2, 0, 6, 16], "rotation": 180, "texture": "#2"}
			}
		},
		{
			"from": [2.4, 13.9, 12.6],
			"to": [8, 19.3, 27.1],
			"rotation": {"angle": -45, "axis": "z", "origin": [2.3, -1.5, 11.7]},
			"faces": {
				"north": {"uv": [16, 0, 0, 16], "texture": "#2"},
				"east": {"uv": [16, 0, 0, 16], "texture": "#2"},
				"south": {"uv": [16, 0, 0, 16], "texture": "#2"},
				"west": {"uv": [16, 0, 0, 16], "texture": "#2"},
				"up": {"uv": [16, 0, 0, 16], "texture": "#2"},
				"down": {"uv": [16, 0, 0, 16], "texture": "#2"}
			}
		},
		{
			"from": [-7.9, 7.4, 0.3],
			"to": [-2.4, 9.2, 19.3],
			"rotation": {"angle": 0, "axis": "y", "origin": [16, 0, 9.6]},
			"faces": {
				"north": {"uv": [2, 0, 7.5, 16], "texture": "#2"},
				"east": {"uv": [2, 0, 7.5, 16], "texture": "#2"},
				"south": {"uv": [2, 0, 7.5, 16], "texture": "#2"},
				"west": {"uv": [2, 0, 7.5, 16], "texture": "#2"},
				"up": {"uv": [2, 0, 7.5, 16], "texture": "#2"},
				"down": {"uv": [2, 0, 7.5, 16], "texture": "#2"}
			}
		},
		{
			"from": [12.1, 8.4, 8.9],
			"to": [16.1, 10.4, 28.8],
			"rotation": {"angle": 0, "axis": "y", "origin": [0, 0, 9.6]},
			"faces": {
				"north": {"uv": [6, 0, 2, 2], "texture": "#1"},
				"east": {"uv": [6, 0, 2, 2], "texture": "#1"},
				"south": {"uv": [6, 0, 2, 2], "texture": "#1"},
				"west": {"uv": [6, 0, 2, 2], "texture": "#1"},
				"up": {"uv": [6, 0, 2, 2], "texture": "#1"},
				"down": {"uv": [6, 0, 2, 2], "texture": "#1"}
			}
		},
		{
			"from": [-9.9, 6.6, -2.1],
			"to": [-7.9, 7.7, 14.4],
			"rotation": {"angle": 0, "axis": "y", "origin": [16, 0, 9.6]},
			"faces": {
				"north": {"uv": [7.8, 0, 9.8, 16], "texture": "#3"},
				"east": {"uv": [7.8, 0, 9.8, 16], "texture": "#3"},
				"south": {"uv": [7.8, 0, 9.8, 16], "texture": "#3"},
				"west": {"uv": [7.8, 0, 9.8, 16], "texture": "#3"},
				"up": {"uv": [7.8, 0, 9.8, 16], "texture": "#3"},
				"down": {"uv": [7.8, 0, 9.8, 16], "texture": "#3"}
			}
		},
		{
			"from": [-3.1, 8.9, -13.3],
			"to": [0, 10.2, -10.6],
			"rotation": {"angle": 0, "axis": "y", "origin": [16, 0, 9.6]},
			"faces": {
				"north": {"uv": [6.2, 0, 9.3, 8.7], "texture": "#2"},
				"east": {"uv": [6.2, 0, 9.3, 8.7], "texture": "#2"},
				"south": {"uv": [6.2, 0, 9.3, 8.7], "texture": "#2"},
				"west": {"uv": [6.2, 0, 9.3, 8.7], "texture": "#2"},
				"up": {"uv": [6.2, 0, 9.3, 8.7], "texture": "#2"},
				"down": {"uv": [6.2, 0, 9.3, 8.7], "texture": "#2"}
			}
		},
		{
			"from": [18.4, 8.5, -2.1],
			"to": [21.5, 10, 19.3],
			"rotation": {"angle": 0, "axis": "y", "origin": [0, 0, 9.6]},
			"faces": {
				"north": {"uv": [5.1, 0, 2, 16], "texture": "#2"},
				"east": {"uv": [5.1, 0, 2, 16], "texture": "#2"},
				"south": {"uv": [5.1, 0, 2, 16], "texture": "#2"},
				"west": {"uv": [5.1, 0, 2, 16], "texture": "#2"},
				"up": {"uv": [5.1, 0, 2, 16], "texture": "#2"},
				"down": {"uv": [5.1, 0, 2, 16], "texture": "#2"}
			}
		},
		{
			"from": [-10.4, 7.6, -7],
			"to": [-8.6, 9, -0.6],
			"rotation": {"angle": -22.5, "axis": "y", "origin": [16, 0, 9.6]},
			"faces": {
				"north": {"uv": [7.8, 0, 9.6, 14.9], "texture": "#2"},
				"east": {"uv": [7.8, 0, 9.6, 14.9], "texture": "#2"},
				"south": {"uv": [7.8, 0, 9.6, 14.9], "texture": "#2"},
				"west": {"uv": [7.8, 0, 9.6, 14.9], "texture": "#2"},
				"up": {"uv": [7.8, 0, 9.6, 14.9], "texture": "#2"},
				"down": {"uv": [7.8, 0, 9.6, 14.9], "texture": "#2"}
			}
		},
		{
			"from": [20.9, 6.8, -6.9],
			"to": [25.2, 7.6, 11.5],
			"rotation": {"angle": 0, "axis": "y", "origin": [0, 0, 9.6]},
			"faces": {
				"north": {"uv": [15.3, 0, 11, 16], "texture": "#3"},
				"east": {"uv": [15.3, 0, 11, 16], "texture": "#3"},
				"south": {"uv": [15.3, 0, 11, 16], "texture": "#3"},
				"west": {"uv": [15.3, 0, 11, 16], "texture": "#3"},
				"up": {"uv": [15.3, 0, 11, 16], "texture": "#3"},
				"down": {"uv": [15.3, 0, 11, 16], "texture": "#3"}
			}
		},
		{
			"from": [-9.5, 6, 1.8],
			"to": [-7.1, 7.1, 9.3],
			"rotation": {"angle": 22.5, "axis": "y", "origin": [16, 0, 9.6]},
			"faces": {
				"north": {"uv": [7.8, 0, 10.2, 7.5], "texture": "#2"},
				"east": {"uv": [7.8, 0, 10.2, 7.5], "texture": "#2"},
				"south": {"uv": [7.8, 0, 10.2, 7.5], "texture": "#2"},
				"west": {"uv": [7.8, 0, 10.2, 7.5], "texture": "#2"},
				"up": {"uv": [7.8, 0, 10.2, 7.5], "texture": "#2"},
				"down": {"uv": [7.8, 0, 10.2, 7.5], "texture": "#2"}
			}
		},
		{
			"from": [27.7, 7.2, 5],
			"to": [30.4, 8, 14.5],
			"rotation": {"angle": 45, "axis": "y", "origin": [0, 0, 9.6]},
			"faces": {
				"north": {"uv": [9.5, 0, 0, 0.8], "texture": "#2"},
				"east": {"uv": [9.5, 0, 0, 0.8], "texture": "#2"},
				"south": {"uv": [9.5, 0, 0, 0.8], "texture": "#2"},
				"west": {"uv": [9.5, 0, 0, 0.8], "texture": "#2"},
				"up": {"uv": [9.5, 0, 0, 0.8], "texture": "#2"},
				"down": {"uv": [9.5, 0, 0, 0.8], "texture": "#2"}
			}
		},
		{
			"from": [5.9, 4.2, 13.8],
			"to": [8, 10.6, 20.4],
			"rotation": {"angle": -45, "axis": "x", "origin": [16, 0, 9.6]},
			"faces": {
				"north": {"uv": [2, 0, 4.1, 6.4], "texture": "#2"},
				"east": {"uv": [2, 0, 4.1, 6.4], "texture": "#2"},
				"south": {"uv": [2, 0, 4.1, 6.4], "texture": "#2"},
				"west": {"uv": [2, 0, 4.1, 6.4], "texture": "#2"},
				"up": {"uv": [1.7, 8, 3.8, 14.4], "texture": "#4"},
				"down": {"uv": [2, 0, 4.1, 6.4], "texture": "#2"}
			}
		},
		{
			"from": [12.4, 9.8, 13.2],
			"to": [14.4, 13.7, 24.3],
			"rotation": {"angle": 0, "axis": "y", "origin": [0, 0, 9.6]},
			"faces": {
				"north": {"uv": [16, 0, 0, 16], "texture": "#2"},
				"east": {"uv": [16, 0, 0, 16], "texture": "#3"},
				"south": {"uv": [16, 0, 0, 16], "texture": "#2"},
				"west": {"uv": [16, 0, 0, 16], "texture": "#2"},
				"up": {"uv": [16, 0, 0, 16], "texture": "#2"},
				"down": {"uv": [16, 0, 0, 16], "texture": "#2"}
			}
		},
		{
			"from": [5.9, 9.8, 5.7],
			"to": [8, 13.4, 14.5],
			"rotation": {"angle": -22.5, "axis": "x", "origin": [16, 0, 9.6]},
			"faces": {
				"north": {"uv": [10.2, 7.2, 11.8, 10], "texture": "#1"},
				"east": {"uv": [0, 0, 8.8, 3.6], "texture": "#missing"},
				"south": {"uv": [2, 0, 4.1, 3.6], "texture": "#missing"},
				"west": {"uv": [0, 0, 8.8, 3.6], "texture": "#2"},
				"up": {"uv": [1.7, 1.5, 3.8, 10.3], "texture": "#4"},
				"down": {"uv": [2, 0, 4.1, 8.8], "texture": "#missing"}
			}
		},
		{
			"from": [5.9, 7.6, 2.3],
			"to": [8, 9.1, 9.4],
			"rotation": {"angle": 0, "axis": "x", "origin": [16, 0, 9.6]},
			"faces": {
				"north": {"uv": [6.2, 0, 8.3, 1.5], "texture": "#missing"},
				"east": {"uv": [8.9, 0, 16, 1.5], "texture": "#missing"},
				"south": {"uv": [6.2, 0, 8.3, 1.5], "texture": "#missing"},
				"west": {"uv": [8.9, 0, 16, 1.5], "texture": "#2"},
				"up": {"uv": [6.2, 0, 8.3, 7.1], "texture": "#missing"},
				"down": {"uv": [6.2, 0, 8.3, 7.1], "texture": "#2"}
			}
		},
		{
			"from": [10, 8.5, 0.5],
			"to": [13.3, 9.8, 13.4],
			"rotation": {"angle": 22.5, "axis": "y", "origin": [16, 0, 9.6]},
			"faces": {
				"north": {"uv": [16, 2, 3.1, 3.3], "texture": "#1"},
				"east": {"uv": [16, 2, 3.1, 3.3], "texture": "#1"},
				"south": {"uv": [16, 2, 3.1, 3.3], "texture": "#1"},
				"west": {"uv": [16, 2, 3.1, 3.3], "texture": "#1"},
				"up": {"uv": [16, 2, 3.1, 3.3], "texture": "#1"},
				"down": {"uv": [16, 2, 3.1, 3.3], "texture": "#1"}
			}
		},
		{
			"from": [23.1, 6, 1.8],
			"to": [25.5, 7.1, 9.3],
			"rotation": {"angle": -22.5, "axis": "y", "origin": [0, 0, 9.6]},
			"faces": {
				"north": {"uv": [10.2, 0, 7.8, 7.5], "texture": "#2"},
				"east": {"uv": [10.2, 0, 7.8, 7.5], "texture": "#2"},
				"south": {"uv": [10.2, 0, 7.8, 7.5], "texture": "#2"},
				"west": {"uv": [10.2, 0, 7.8, 7.5], "texture": "#2"},
				"up": {"uv": [10.2, 0, 7.8, 7.5], "texture": "#2"},
				"down": {"uv": [10.2, 0, 7.8, 7.5], "texture": "#2"}
			}
		},
		{
			"from": [3.9, 6, 12.7],
			"to": [6, 9.4, 21.1],
			"rotation": {"angle": -45, "axis": "x", "origin": [16, 0, 9.6]},
			"faces": {
				"north": {"uv": [0, 0, 16, 16], "texture": "#2"},
				"east": {"uv": [0, 0, 16, 16], "texture": "#2"},
				"south": {"uv": [0, 0, 16, 16], "texture": "#2"},
				"west": {"uv": [0, 0, 16, 16], "texture": "#2"},
				"up": {"uv": [0, 0, 16, 16], "texture": "#2"},
				"down": {"uv": [0, 0, 16, 16], "texture": "#2"}
			}
		},
		{
			"from": [1.6, 5.9, 14],
			"to": [4, 7.2, 22],
			"rotation": {"angle": -45, "axis": "x", "origin": [16, 0, 9.6]},
			"faces": {
				"north": {"uv": [0, 0, 16, 16], "texture": "#2"},
				"east": {"uv": [0, 0, 16, 16], "texture": "#2"},
				"south": {"uv": [0, 0, 16, 16], "texture": "#2"},
				"west": {"uv": [0, 0, 16, 16], "texture": "#2"},
				"up": {"uv": [11, 1, 15, 5], "texture": "#1"},
				"down": {"uv": [0, 0, 16, 16], "texture": "#2"}
			}
		},
		{
			"from": [3.6, 9.8, 11],
			"to": [5.8, 14.8, 25.4],
			"rotation": {"angle": 0, "axis": "y", "origin": [16, 0, 9.6]},
			"faces": {
				"north": {"uv": [0, 0, 16, 16], "texture": "#2"},
				"east": {"uv": [0, 0, 16, 16], "texture": "#2"},
				"south": {"uv": [0, 0, 16, 16], "texture": "#2"},
				"west": {"uv": [0, 0, 16, 16], "texture": "#2"},
				"up": {"uv": [0, 0, 16, 16], "texture": "#2"},
				"down": {"uv": [0, 0, 16, 16], "texture": "#2"}
			}
		},
		{
			"from": [1.6, 9.8, 13.2],
			"to": [3.6, 13.7, 24.3],
			"rotation": {"angle": 0, "axis": "y", "origin": [16, 0, 9.6]},
			"faces": {
				"north": {"uv": [0, 0, 16, 16], "texture": "#2"},
				"east": {"uv": [0, 0, 16, 16], "texture": "#2"},
				"south": {"uv": [0, 0, 16, 16], "texture": "#2"},
				"west": {"uv": [0, 0, 16, 16], "texture": "#3"},
				"up": {"uv": [0, 0, 16, 16], "texture": "#2"},
				"down": {"uv": [0, 0, 16, 16], "texture": "#2"}
			}
		},
		{
			"from": [10.2, 9.8, 11],
			"to": [12.4, 14.8, 25.4],
			"rotation": {"angle": 0, "axis": "y", "origin": [0, 0, 9.6]},
			"faces": {
				"north": {"uv": [16, 0, 0, 16], "texture": "#2"},
				"east": {"uv": [16, 0, 0, 16], "texture": "#2"},
				"south": {"uv": [16, 0, 0, 16], "texture": "#2"},
				"west": {"uv": [16, 0, 0, 16], "texture": "#2"},
				"up": {"uv": [16, 0, 0, 16], "texture": "#2"},
				"down": {"uv": [16, 0, 0, 16], "texture": "#2"}
			}
		},
		{
			"from": [-3.8, 16.2, 13.6],
			"to": [1.8, 20.2, 17.5],
			"rotation": {"angle": 45, "axis": "x", "origin": [13.8, 0, 10]},
			"faces": {
				"north": {"uv": [10.4, 0, 16, 3.9], "texture": "#2"},
				"east": {"uv": [10.4, 0, 16, 3.9], "texture": "#2"},
				"south": {"uv": [5.1, 6.8, 11.9, 11.8], "texture": "#0"},
				"west": {"uv": [10.4, 0, 16, 3.9], "texture": "#2"},
				"up": {"uv": [10.4, 0, 16, 3.9], "texture": "#2"},
				"down": {"uv": [10.4, 0, 16, 3.9], "texture": "#2"}
			}
		},
		{
			"from": [14.4, 6.2, 3.5],
			"to": [19.9, 9.8, 8.6],
			"rotation": {"angle": 45, "axis": "x", "origin": [3.9, 0, 11.7]},
			"faces": {
				"north": {"uv": [11.9, 7, 5.1, 11.9], "texture": "#0"},
				"east": {"uv": [15.3, 0, 10.2, 3.6], "texture": "#2"},
				"south": {"uv": [14.6, 0, 9.1, 3.6], "texture": "#missing"},
				"west": {"uv": [15.3, 0, 10.2, 3.6], "texture": "#missing"},
				"up": {"uv": [14.6, 0, 9.1, 5.1], "texture": "#2"},
				"down": {"uv": [14.6, 0, 9.1, 5.1], "texture": "#2"}
			}
		},
		{
			"from": [8, 13.9, 12.6],
			"to": [13.6, 19.3, 27.1],
			"rotation": {"angle": 45, "axis": "z", "origin": [13.7, -1.5, 11.7]},
			"faces": {
				"north": {"uv": [0, 0, 16, 16], "texture": "#2"},
				"east": {"uv": [0, 0, 16, 16], "texture": "#2"},
				"south": {"uv": [0, 0, 16, 16], "texture": "#2"},
				"west": {"uv": [0, 0, 16, 16], "texture": "#2"},
				"up": {"uv": [0, 0, 16, 16], "texture": "#2"},
				"down": {"uv": [0, 0, 16, 16], "texture": "#2"}
			}
		},
		{
			"from": [14.2, 8.9, 27.1],
			"to": [19.8, 11.2, 29.6],
			"rotation": {"angle": 0, "axis": "y", "origin": [2.2, -1.5, 10]},
			"faces": {
				"north": {"uv": [7.6, 0, 2, 2.5], "texture": "#0"},
				"east": {"uv": [7.6, 0, 2, 2.5], "texture": "#0"},
				"south": {"uv": [7.6, 0, 2, 2.5], "texture": "#0"},
				"west": {"uv": [7.6, 0, 2, 2.5], "texture": "#0"},
				"up": {"uv": [7.6, 0, 2, 2.5], "texture": "#0"},
				"down": {"uv": [7.6, 0, 2, 2.5], "texture": "#0"}
			}
		},
		{
			"from": [-2.1, 7.9, -16],
			"to": [0, 9.7, -5.3],
			"rotation": {"angle": 0, "axis": "y", "origin": [16, 0, 9.6]},
			"faces": {
				"north": {"uv": [10.4, 0, 12.5, 10.7], "texture": "#2"},
				"east": {"uv": [10.4, 0, 12.5, 10.7], "texture": "#2"},
				"south": {"uv": [10.4, 0, 12.5, 10.7], "texture": "#2"},
				"west": {"uv": [10.4, 0, 12.5, 10.7], "texture": "#2"},
				"up": {"uv": [10.4, 0, 12.5, 10.7], "texture": "#2"},
				"down": {"uv": [10.4, 0, 12.5, 10.7], "texture": "#2"}
			}
		},
		{
			"from": [16, 8.9, -10.6],
			"to": [19.1, 10.2, -4.6],
			"rotation": {"angle": 0, "axis": "y", "origin": [0, 0, 9.6]},
			"faces": {
				"north": {"uv": [9.3, 0, 6.2, 8.7], "texture": "#3"},
				"east": {"uv": [9.3, 0, 6.2, 8.7], "texture": "#3"},
				"south": {"uv": [9.3, 0, 6.2, 8.7], "texture": "#3"},
				"west": {"uv": [9.3, 0, 6.2, 8.7], "texture": "#3"},
				"up": {"uv": [9.3, 0, 6.2, 8.7], "texture": "#3"},
				"down": {"uv": [9.3, 0, 6.2, 8.7], "texture": "#3"}
			}
		},
		{
			"from": [-11.4, 6.2, -2.1],
			"to": [-9.6, 6.8, 13.8],
			"rotation": {"angle": 0, "axis": "y", "origin": [16, 0, 9.6]},
			"faces": {
				"north": {"uv": [0, 0, 15.9, 0.6], "texture": "#2"},
				"east": {"uv": [0, 0, 15.9, 0.6], "texture": "#2"},
				"south": {"uv": [0, 0, 15.9, 0.6], "texture": "#2"},
				"west": {"uv": [0, 0, 15.9, 0.6], "texture": "#2"},
				"up": {"uv": [0, 0, 15.9, 0.6], "texture": "#2"},
				"down": {"uv": [0, 0, 15.9, 0.6], "texture": "#2"}
			}
		},
		{
			"from": [23.9, 6.6, -2.1],
			"to": [25.9, 7.7, 14.4],
			"rotation": {"angle": 0, "axis": "y", "origin": [0, 0, 9.6]},
			"faces": {
				"north": {"uv": [9.8, 0, 7.8, 16], "texture": "#3"},
				"east": {"uv": [9.8, 0, 7.8, 16], "texture": "#3"},
				"south": {"uv": [9.8, 0, 7.8, 16], "texture": "#3"},
				"west": {"uv": [9.8, 0, 7.8, 16], "texture": "#3"},
				"up": {"uv": [9.8, 0, 7.8, 16], "texture": "#3"},
				"down": {"uv": [9.8, 0, 7.8, 16], "texture": "#3"}
			}
		},
		{
			"from": [-9.2, 6.8, -6.9],
			"to": [-4.9, 7.6, 11.5],
			"rotation": {"angle": 0, "axis": "y", "origin": [16, 0, 9.6]},
			"faces": {
				"north": {"uv": [11, 0, 15.3, 16], "texture": "#3"},
				"east": {"uv": [11, 0, 15.3, 16], "texture": "#3"},
				"south": {"uv": [11, 0, 15.3, 16], "texture": "#3"},
				"west": {"uv": [11, 0, 15.3, 16], "texture": "#3"},
				"up": {"uv": [11, 0, 15.3, 16], "texture": "#3"},
				"down": {"uv": [11, 0, 15.3, 16], "texture": "#3"}
			}
		},
		{
			"from": [25.6, 6.2, -2.1],
			"to": [27.4, 6.8, 13.8],
			"rotation": {"angle": 0, "axis": "y", "origin": [0, 0, 9.6]},
			"faces": {
				"north": {"uv": [15.9, 0, 0, 0.6], "texture": "#2"},
				"east": {"uv": [15.9, 0, 0, 0.6], "texture": "#2"},
				"south": {"uv": [15.9, 0, 0, 0.6], "texture": "#2"},
				"west": {"uv": [15.9, 0, 0, 0.6], "texture": "#2"},
				"up": {"uv": [15.9, 0, 0, 0.6], "texture": "#2"},
				"down": {"uv": [15.9, 0, 0, 0.6], "texture": "#2"}
			}
		},
		{
			"from": [-13.5, 6.5, 2.6],
			"to": [-10.4, 7.4, 10.3],
			"rotation": {"angle": -22.5, "axis": "y", "origin": [16, 0, 9.6]},
			"faces": {
				"north": {"uv": [0, 0, 7.7, 0.9], "texture": "#2"},
				"east": {"uv": [0, 0, 7.7, 0.9], "texture": "#2"},
				"south": {"uv": [0, 0, 7.7, 0.9], "texture": "#2"},
				"west": {"uv": [0, 0, 7.7, 0.9], "texture": "#2"},
				"up": {"uv": [0, 0, 7.7, 0.9], "texture": "#2"},
				"down": {"uv": [0, 0, 7.7, 0.9], "texture": "#2"}
			}
		},
		{
			"from": [24.6, 7.6, -0.6],
			"to": [26.4, 9, 7.9],
			"rotation": {"angle": 22.5, "axis": "y", "origin": [0, 0, 9.6]},
			"faces": {
				"north": {"uv": [9.6, 0, 7.8, 14.9], "texture": "#3"},
				"east": {"uv": [9.6, 0, 7.8, 14.9], "texture": "#3"},
				"south": {"uv": [9.6, 0, 7.8, 14.9], "texture": "#3"},
				"west": {"uv": [9.6, 0, 7.8, 14.9], "texture": "#3"},
				"up": {"uv": [9.6, 0, 7.8, 14.9], "texture": "#3"},
				"down": {"uv": [9.6, 0, 7.8, 14.9], "texture": "#3"}
			}
		},
		{
			"from": [-14.4, 7.2, 5],
			"to": [-11.7, 8, 14.5],
			"rotation": {"angle": -45, "axis": "y", "origin": [16, 0, 9.6]},
			"faces": {
				"north": {"uv": [0, 0, 9.5, 0.8], "texture": "#2"},
				"east": {"uv": [0, 0, 9.5, 0.8], "texture": "#2"},
				"south": {"uv": [0, 0, 9.5, 0.8], "texture": "#2"},
				"west": {"uv": [0, 0, 9.5, 0.8], "texture": "#2"},
				"up": {"uv": [0, 0, 9.5, 0.8], "texture": "#2"},
				"down": {"uv": [0, 0, 9.5, 0.8], "texture": "#2"}
			}
		},
		{
			"from": [26.4, 6.5, 2.6],
			"to": [29.5, 7.4, 10.3],
			"rotation": {"angle": 22.5, "axis": "y", "origin": [0, 0, 9.6]},
			"faces": {
				"north": {"uv": [7.7, 0, 0, 0.9], "texture": "#2"},
				"east": {"uv": [7.7, 0, 0, 0.9], "texture": "#2"},
				"south": {"uv": [7.7, 0, 0, 0.9], "texture": "#2"},
				"west": {"uv": [7.7, 0, 0, 0.9], "texture": "#2"},
				"up": {"uv": [7.7, 0, 0, 0.9], "texture": "#2"},
				"down": {"uv": [7.7, 0, 0, 0.9], "texture": "#2"}
			}
		},
		{
			"from": [4.8, 13.2, 9.5],
			"to": [8, 20.6, 16.2],
			"rotation": {"angle": 45, "axis": "x", "origin": [12.1, 0, 11.7]},
			"faces": {
				"north": {"uv": [10.4, 0, 13.6, 6.7], "texture": "#2"},
				"east": {"uv": [10.4, 0, 13.6, 6.7], "texture": "#2"},
				"south": {"uv": [10.4, 0, 13.6, 6.7], "texture": "#2"},
				"west": {"uv": [10.4, 0, 13.6, 6.7], "texture": "#2"},
				"up": {"uv": [10.4, 0, 13.6, 6.7], "texture": "#2"},
				"down": {"uv": [10.4, 0, 13.6, 6.7], "texture": "#2"}
			}
		},
		{
			"from": [14.2, 16.2, 13.6],
			"to": [19.8, 20.2, 17.5],
			"rotation": {"angle": 45, "axis": "x", "origin": [2.2, 0, 10]},
			"faces": {
				"north": {"uv": [16, 0, 10.4, 3.9], "texture": "#2"},
				"east": {"uv": [16, 0, 10.4, 3.9], "texture": "#2"},
				"south": {"uv": [11.9, 6.8, 5.1, 11.8], "texture": "#0"},
				"west": {"uv": [16, 0, 10.4, 3.9], "texture": "#2"},
				"up": {"uv": [16, 0, 10.4, 3.9], "texture": "#2"},
				"down": {"uv": [16, 0, 10.4, 3.9], "texture": "#2"}
			}
		},
		{
			"from": [-3.8, 8.9, 27.1],
			"to": [1.8, 11.2, 29.6],
			"rotation": {"angle": 0, "axis": "y", "origin": [13.8, -1.5, 10]},
			"faces": {
				"north": {"uv": [2, 0, 7.6, 2.5], "texture": "#0"},
				"east": {"uv": [2, 0, 7.6, 2.5], "texture": "#0"},
				"south": {"uv": [2, 0, 7.6, 2.5], "texture": "#0"},
				"west": {"uv": [2, 0, 7.6, 2.5], "texture": "#0"},
				"up": {"uv": [2, 0, 7.6, 2.5], "texture": "#0"},
				"down": {"uv": [2, 0, 7.6, 2.5], "texture": "#0"}
			}
		},
		{
			"from": [14.3, 6.6, 12.6],
			"to": [19.9, 12, 27.1],
			"rotation": {"angle": 0, "axis": "y", "origin": [2.3, -1.5, 11.7]},
			"faces": {
				"north": {"uv": [16, 0, 0, 16], "texture": "#2"},
				"east": {"uv": [16, 0, 0, 16], "texture": "#2"},
				"south": {"uv": [16, 0, 0, 16], "texture": "#2"},
				"west": {"uv": [16, 0, 0, 16], "texture": "#2"},
				"up": {"uv": [16, 0, 0, 16], "texture": "#2"},
				"down": {"uv": [16, 0, 0, 16], "texture": "#2"}
			}
		},
		{
			"from": [15.9, 8.4, 4.2],
			"to": [19.9, 10.4, 24.1],
			"rotation": {"angle": 0, "axis": "y", "origin": [0, 0, 9.6]},
			"faces": {
				"north": {"uv": [6, 0, 2, 16], "rotation": 180, "texture": "#2"},
				"east": {"uv": [6, 0, 2, 16], "rotation": 180, "texture": "#2"},
				"south": {"uv": [6, 0, 2, 16], "rotation": 180, "texture": "#2"},
				"west": {"uv": [6, 0, 2, 16], "rotation": 180, "texture": "#2"},
				"up": {"uv": [6, 0, 2, 16], "rotation": 180, "texture": "#2"},
				"down": {"uv": [6, 0, 2, 16], "rotation": 180, "texture": "#2"}
			}
		},
		{
			"from": [-0.1, 8.4, 8.9],
			"to": [3.9, 10.4, 28.8],
			"rotation": {"angle": 0, "axis": "y", "origin": [16, 0, 9.6]},
			"faces": {
				"north": {"uv": [2, 0, 6, 2], "texture": "#1"},
				"east": {"uv": [2, 0, 6, 2], "texture": "#1"},
				"south": {"uv": [2, 0, 6, 2], "texture": "#1"},
				"west": {"uv": [2, 0, 6, 2], "texture": "#1"},
				"up": {"uv": [2, 0, 6, 2], "texture": "#1"},
				"down": {"uv": [2, 0, 6, 2], "texture": "#1"}
			}
		},
		{
			"from": [-5.5, 8.5, -2.1],
			"to": [-2.4, 10, 19.3],
			"rotation": {"angle": 0, "axis": "y", "origin": [16, 0, 9.6]},
			"faces": {
				"north": {"uv": [2, 0, 5.1, 16], "texture": "#2"},
				"east": {"uv": [2, 0, 5.1, 16], "texture": "#2"},
				"south": {"uv": [2, 0, 5.1, 16], "texture": "#2"},
				"west": {"uv": [2, 0, 5.1, 16], "texture": "#2"},
				"up": {"uv": [2, 0, 5.1, 16], "texture": "#2"},
				"down": {"uv": [2, 0, 5.1, 16], "texture": "#2"}
			}
		},
		{
			"from": [18.4, 7.4, 0.3],
			"to": [23.9, 9.2, 19.3],
			"rotation": {"angle": 0, "axis": "y", "origin": [0, 0, 9.6]},
			"faces": {
				"north": {"uv": [7.5, 0, 2, 16], "texture": "#2"},
				"east": {"uv": [7.5, 0, 2, 16], "texture": "#2"},
				"south": {"uv": [7.5, 0, 2, 16], "texture": "#2"},
				"west": {"uv": [7.5, 0, 2, 16], "texture": "#2"},
				"up": {"uv": [7.5, 0, 2, 16], "texture": "#2"},
				"down": {"uv": [7.5, 0, 2, 16], "texture": "#2"}
			}
		},
		{
			"from": [-10.4, 7.6, -0.6],
			"to": [-8.6, 9, 7.9],
			"rotation": {"angle": -22.5, "axis": "y", "origin": [16, 0, 9.6]},
			"faces": {
				"north": {"uv": [7.8, 0, 9.6, 14.9], "texture": "#3"},
				"east": {"uv": [7.8, 0, 9.6, 14.9], "texture": "#3"},
				"south": {"uv": [7.8, 0, 9.6, 14.9], "texture": "#3"},
				"west": {"uv": [7.8, 0, 9.6, 14.9], "texture": "#3"},
				"up": {"uv": [7.8, 0, 9.6, 14.9], "texture": "#3"},
				"down": {"uv": [7.8, 0, 9.6, 14.9], "texture": "#3"}
			}
		},
		{
			"from": [-3.1, 8.9, -10.6],
			"to": [0, 10.2, -4.6],
			"rotation": {"angle": 0, "axis": "y", "origin": [16, 0, 9.6]},
			"faces": {
				"north": {"uv": [6.2, 0, 9.3, 8.7], "texture": "#3"},
				"east": {"uv": [6.2, 0, 9.3, 8.7], "texture": "#3"},
				"south": {"uv": [6.2, 0, 9.3, 8.7], "texture": "#3"},
				"west": {"uv": [6.2, 0, 9.3, 8.7], "texture": "#3"},
				"up": {"uv": [6.2, 0, 9.3, 8.7], "texture": "#3"},
				"down": {"uv": [6.2, 0, 9.3, 8.7], "texture": "#3"}
			}
		},
		{
			"from": [16, 8.9, -13.3],
			"to": [19.1, 10.2, -10.6],
			"rotation": {"angle": 0, "axis": "y", "origin": [0, 0, 9.6]},
			"faces": {
				"north": {"uv": [9.3, 0, 6.2, 8.7], "texture": "#2"},
				"east": {"uv": [9.3, 0, 6.2, 8.7], "texture": "#2"},
				"south": {"uv": [9.3, 0, 6.2, 8.7], "texture": "#2"},
				"west": {"uv": [9.3, 0, 6.2, 8.7], "texture": "#2"},
				"up": {"uv": [9.3, 0, 6.2, 8.7], "texture": "#2"},
				"down": {"uv": [9.3, 0, 6.2, 8.7], "texture": "#2"}
			}
		},
		{
			"from": [-5.5, 8.5, -8.5],
			"to": [-2.4, 10, -2.1],
			"rotation": {"angle": 0, "axis": "y", "origin": [16, 0, 9.6]},
			"faces": {
				"north": {"uv": [2, 0, 5.1, 16], "texture": "#3"},
				"east": {"uv": [2, 0, 5.1, 16], "texture": "#3"},
				"south": {"uv": [2, 0, 5.1, 16], "texture": "#3"},
				"west": {"uv": [2, 0, 5.1, 16], "texture": "#3"},
				"up": {"uv": [2, 0, 5.1, 16], "texture": "#3"},
				"down": {"uv": [2, 0, 5.1, 16], "texture": "#3"}
			}
		},
		{
			"from": [-7.9, 7.4, -8.5],
			"to": [-2.4, 9.2, 0.3],
			"rotation": {"angle": 0, "axis": "y", "origin": [16, 0, 9.6]},
			"faces": {
				"north": {"uv": [2, 0, 7.5, 16], "texture": "#3"},
				"east": {"uv": [2, 0, 7.5, 16], "texture": "#3"},
				"south": {"uv": [2, 0, 7.5, 16], "texture": "#3"},
				"west": {"uv": [2, 0, 7.5, 16], "texture": "#3"},
				"up": {"uv": [2, 0, 7.5, 16], "texture": "#3"},
				"down": {"uv": [2, 0, 7.5, 16], "texture": "#3"}
			}
		},
		{
			"from": [18.4, 8.5, -8.5],
			"to": [21.5, 10, -2.1],
			"rotation": {"angle": 0, "axis": "y", "origin": [0, 0, 9.6]},
			"faces": {
				"north": {"uv": [5.1, 0, 2, 16], "texture": "#3"},
				"east": {"uv": [5.1, 0, 2, 16], "texture": "#3"},
				"south": {"uv": [5.1, 0, 2, 16], "texture": "#3"},
				"west": {"uv": [5.1, 0, 2, 16], "texture": "#3"},
				"up": {"uv": [5.1, 0, 2, 16], "texture": "#3"},
				"down": {"uv": [5.1, 0, 2, 16], "texture": "#3"}
			}
		},
		{
			"from": [18.4, 7.4, -8.5],
			"to": [23.9, 9.2, 0.3],
			"rotation": {"angle": 0, "axis": "y", "origin": [0, 0, 9.6]},
			"faces": {
				"north": {"uv": [7.5, 0, 2, 16], "texture": "#3"},
				"east": {"uv": [7.5, 0, 2, 16], "texture": "#3"},
				"south": {"uv": [7.5, 0, 2, 16], "texture": "#3"},
				"west": {"uv": [7.5, 0, 2, 16], "texture": "#3"},
				"up": {"uv": [7.5, 0, 2, 16], "texture": "#3"},
				"down": {"uv": [7.5, 0, 2, 16], "texture": "#3"}
			}
		},
		{
			"from": [3.9, 5.9, -0.7],
			"to": [5.2, 7.3, 14.1],
			"rotation": {"angle": 0, "axis": "x", "origin": [16, 0, 9.6]},
			"faces": {
				"north": {"uv": [12, 0, 16, 4], "texture": "#0"},
				"east": {"uv": [0, 0, 16, 16], "texture": "#2"},
				"south": {"uv": [0, 0, 16, 16], "texture": "#2"},
				"west": {"uv": [0, 0, 16, 16], "texture": "#2"},
				"up": {"uv": [0, 0, 16, 16], "texture": "#2"},
				"down": {"uv": [0, 0, 16, 16], "texture": "#2"}
			}
		},
		{
			"from": [10, 6, 12.7],
			"to": [12.1, 9.4, 21.1],
			"rotation": {"angle": -45, "axis": "x", "origin": [0, 0, 9.6]},
			"faces": {
				"north": {"uv": [16, 0, 0, 16], "texture": "#2"},
				"east": {"uv": [16, 0, 0, 16], "texture": "#2"},
				"south": {"uv": [16, 0, 0, 16], "texture": "#2"},
				"west": {"uv": [16, 0, 0, 16], "texture": "#2"},
				"up": {"uv": [16, 0, 0, 16], "texture": "#2"},
				"down": {"uv": [16, 0, 0, 16], "texture": "#2"}
			}
		},
		{
			"from": [11.9, 12.1, -0.7],
			"to": [13.2, 13.5, 14.1],
			"rotation": {"angle": 45, "axis": "z", "origin": [16, 0, 9.6]},
			"faces": {
				"north": {"uv": [12, 0, 16, 4], "texture": "#0"},
				"east": {"uv": [0, 0, 16, 16], "texture": "#2"},
				"south": {"uv": [0, 0, 16, 16], "texture": "#2"},
				"west": {"uv": [0, 0, 16, 16], "texture": "#2"},
				"up": {"uv": [0, 0, 16, 16], "texture": "#2"},
				"down": {"uv": [0, 0, 16, 16], "texture": "#2"}
			}
		},
		{
			"from": [8, 9.8, 5.7],
			"to": [10.1, 13.4, 14.5],
			"rotation": {"angle": -22.5, "axis": "x", "origin": [0, 0, 9.6]},
			"faces": {
				"north": {"uv": [11.8, 7.2, 10.2, 10], "texture": "#1"},
				"east": {"uv": [8.8, 0, 0, 3.6], "texture": "#2"},
				"south": {"uv": [4.1, 0, 2, 3.6], "texture": "#missing"},
				"west": {"uv": [8.8, 0, 0, 3.6], "texture": "#missing"},
				"up": {"uv": [3.8, 1.5, 1.7, 10.3], "texture": "#4"},
				"down": {"uv": [4.1, 0, 2, 8.8], "texture": "#missing"}
			}
		},
		{
			"from": [8, 4.2, 13.8],
			"to": [10.1, 10.6, 20.4],
			"rotation": {"angle": -45, "axis": "x", "origin": [0, 0, 9.6]},
			"faces": {
				"north": {"uv": [4.1, 0, 2, 6.4], "texture": "#2"},
				"east": {"uv": [4.1, 0, 2, 6.4], "texture": "#2"},
				"south": {"uv": [4.1, 0, 2, 6.4], "texture": "#2"},
				"west": {"uv": [4.1, 0, 2, 6.4], "texture": "#2"},
				"up": {"uv": [3.8, 8, 1.7, 14.4], "texture": "#4"},
				"down": {"uv": [4.1, 0, 2, 6.4], "texture": "#2"}
			}
		},
		{
			"from": [8, 6, 9.6],
			"to": [10.2, 15, 25.6],
			"rotation": {"angle": 0, "axis": "y", "origin": [0, 0, 9.6]},
			"faces": {
				"north": {"uv": [8.6, 0, 6.4, 10], "texture": "#2"},
				"east": {"uv": [8.6, 0, 6.4, 10], "texture": "#2"},
				"south": {"uv": [8.6, 0, 6.4, 10], "texture": "#2"},
				"west": {"uv": [8.6, 0, 6.4, 10], "texture": "#2"},
				"up": {"uv": [8.6, 0, 6.4, 10], "texture": "#2"},
				"down": {"uv": [8.6, 0, 6.4, 10], "texture": "#2"}
			}
		},
		{
			"from": [11.9, 0.9, 13.2],
			"to": [18, 9.1, 24.2],
			"rotation": {"angle": 22.5, "axis": "z", "origin": [0, 0, 9.6]},
			"faces": {
				"north": {"uv": [16, 0, 0, 16], "texture": "#2"},
				"east": {"uv": [16, 0, 0, 16], "texture": "#2"},
				"south": {"uv": [16, 0, 0, 16], "texture": "#2"},
				"west": {"uv": [16, 0, 0, 16], "texture": "#2"},
				"up": {"uv": [16, 0, 0, 16], "texture": "#2"},
				"down": {"uv": [16, 0, 0, 16], "texture": "#2"}
			}
		},
		{
			"from": [12, 5.9, 14],
			"to": [14.4, 7.2, 22],
			"rotation": {"angle": -45, "axis": "x", "origin": [0, 0, 9.6]},
			"faces": {
				"north": {"uv": [16, 0, 0, 16], "texture": "#2"},
				"east": {"uv": [16, 0, 0, 16], "texture": "#2"},
				"south": {"uv": [16, 0, 0, 16], "texture": "#2"},
				"west": {"uv": [16, 0, 0, 16], "texture": "#2"},
				"up": {"uv": [15, 1, 11, 5], "texture": "#1"},
				"down": {"uv": [16, 0, 0, 16], "texture": "#2"}
			}
		},
		{
			"from": [2.8, 12.1, -0.7],
			"to": [4.1, 13.5, 14.1],
			"rotation": {"angle": -45, "axis": "z", "origin": [0, 0, 9.6]},
			"faces": {
				"north": {"uv": [16, 0, 12, 4], "texture": "#0"},
				"east": {"uv": [16, 0, 0, 16], "texture": "#2"},
				"south": {"uv": [16, 0, 0, 16], "texture": "#2"},
				"west": {"uv": [16, 0, 0, 16], "texture": "#2"},
				"up": {"uv": [16, 0, 0, 16], "texture": "#2"},
				"down": {"uv": [16, 0, 0, 16], "texture": "#2"}
			}
		},
		{
			"from": [10.8, 5.9, -0.7],
			"to": [12.1, 7.3, 14.1],
			"rotation": {"angle": 0, "axis": "y", "origin": [0, 0, 9.6]},
			"faces": {
				"north": {"uv": [16, 0, 12, 4], "texture": "#0"},
				"east": {"uv": [16, 0, 0, 16], "texture": "#2"},
				"south": {"uv": [16, 0, 0, 16], "texture": "#2"},
				"west": {"uv": [16, 0, 0, 16], "texture": "#2"},
				"up": {"uv": [16, 0, 0, 16], "texture": "#2"},
				"down": {"uv": [16, 0, 0, 16], "texture": "#2"}
			}
		},
		{
			"from": [16, 7.9, -16],
			"to": [18.1, 9.7, -5.3],
			"rotation": {"angle": 0, "axis": "y", "origin": [0, 0, 9.6]},
			"faces": {
				"north": {"uv": [12.5, 0, 10.4, 10.7], "texture": "#2"},
				"east": {"uv": [12.5, 0, 10.4, 10.7], "texture": "#2"},
				"south": {"uv": [12.5, 0, 10.4, 10.7], "texture": "#2"},
				"west": {"uv": [12.5, 0, 10.4, 10.7], "texture": "#2"},
				"up": {"uv": [12.5, 0, 10.4, 10.7], "texture": "#2"},
				"down": {"uv": [12.5, 0, 10.4, 10.7], "texture": "#2"}
			}
		},
		{
			"from": [24.6, 7.6, -7],
			"to": [26.4, 9, -0.6],
			"rotation": {"angle": 22.5, "axis": "y", "origin": [0, 0, 9.6]},
			"faces": {
				"north": {"uv": [9.6, 0, 7.8, 14.9], "texture": "#2"},
				"east": {"uv": [9.6, 0, 7.8, 14.9], "texture": "#2"},
				"south": {"uv": [9.6, 0, 7.8, 14.9], "texture": "#2"},
				"west": {"uv": [9.6, 0, 7.8, 14.9], "texture": "#2"},
				"up": {"uv": [9.6, 0, 7.8, 14.9], "texture": "#2"},
				"down": {"uv": [9.6, 0, 7.8, 14.9], "texture": "#2"}
			}
		}
	],
	"display": {
		"gui": {
			"rotation": [82, 136, 0],
			"scale": [0.5, 0.5, 0.5]
		},
		"head": {
			"translation": [0, -20.75, -7],
			"scale": [4, 4, 4]
		}
	}
}