{
	"credit": "Made with Blockbench",
	"parent": "82",
	"textures": {
		"0": "minecraft:block/blast_furnace_front",
		"1": "minecraft:block/cyan_glazed_terracotta",
		"2": "minecraft:block/cyan_shulker_box",
		"4": "minecraft:block/lodestone_top",
		"5": "minecraft:block/medium_amethyst_bud",
		"particle": "minecraft:block/blast_furnace_front"
	},
	"elements": [
		{
			"from": [11.7, 10.8, 26.3],
			"to": [13.5, 12.7, 29.5],
			"rotation": {"angle": -22.5, "axis": "x", "origin": [-2.5, 5, 9.6]},
			"faces": {
				"north": {"uv": [16, 0, 0, 16], "texture": "#2"},
				"east": {"uv": [16, 0, 0, 16], "texture": "#2"},
				"south": {"uv": [16, 0, 0, 16], "texture": "#2"},
				"west": {"uv": [16, 0, 0, 16], "texture": "#2"},
				"up": {"uv": [16, 0, 0, 16], "texture": "#2"},
				"down": {"uv": [16, 0, 0, 16], "texture": "#2"}
			}
		},
		{
			"from": [9.4, 15.3, 9.8],
			"to": [11.5, 17.1, 20.5],
			"rotation": {"angle": 0, "axis": "y", "origin": [-6.6, 7.4, 35.4]},
			"faces": {
				"north": {"uv": [12.5, 0, 10.4, 10.7], "texture": "#2"},
				"east": {"uv": [12.5, 0, 10.4, 10.7], "texture": "#2"},
				"south": {"uv": [12.5, 0, 10.4, 10.7], "texture": "#2"},
				"west": {"uv": [12.5, 0, 10.4, 10.7], "texture": "#2"},
				"up": {"uv": [12.5, 0, 10.4, 10.7], "texture": "#2"},
				"down": {"uv": [12.5, 0, 10.4, 10.7], "texture": "#2"}
			}
		},
		{
			"from": [9.8, 7.4, 23.6],
			"to": [11.3, 10.3, 28.6],
			"rotation": {"angle": -45, "axis": "x", "origin": [0, -1.9, 9.6]},
			"faces": {
				"north": {"uv": [16, 0, 0, 16], "texture": "#2"},
				"east": {"uv": [16, 0, 0, 16], "texture": "#2"},
				"south": {"uv": [16, 0, 0, 16], "texture": "#2"},
				"west": {"uv": [16, 0, 0, 16], "texture": "#2"},
				"up": {"uv": [15, 1, 11, 5], "texture": "#1"},
				"down": {"uv": [16, 0, 0, 16], "texture": "#2"}
			}
		},
		{
			"from": [8, 16.8, 14.5],
			"to": [9.8, 19.4, 20.6],
			"rotation": {"angle": -22.5, "axis": "x", "origin": [0, 6, 15.7]},
			"faces": {
				"north": {"uv": [11.8, 7.2, 10.2, 10], "texture": "#1"},
				"east": {"uv": [8.8, 0, 0, 3.6], "texture": "#2"},
				"south": {"uv": [4.1, 0, 2, 3.6], "texture": "#missing"},
				"west": {"uv": [8.8, 0, 0, 3.6], "texture": "#missing"},
				"up": {"uv": [3.8, 1.5, 1.7, 10.3], "texture": "#4"},
				"down": {"uv": [4.1, 0, 2, 8.8], "texture": "#missing"}
			}
		},
		{
			"from": [8, 14.4, 23.6],
			"to": [9.8, 16.6, 26.6],
			"rotation": {"angle": -45, "axis": "x", "origin": [0, 6, 15.7]},
			"faces": {
				"north": {"uv": [4.1, 0, 2, 6.4], "texture": "#2"},
				"east": {"uv": [4.1, 0, 2, 6.4], "texture": "#2"},
				"south": {"uv": [4.1, 0, 2, 6.4], "texture": "#2"},
				"west": {"uv": [4.1, 0, 2, 6.4], "texture": "#2"},
				"up": {"uv": [3.8, 8, 1.7, 14.4], "texture": "#4"},
				"down": {"uv": [4.1, 0, 2, 6.4], "texture": "#2"}
			}
		},
		{
			"from": [3.8, 23.4, 8.9],
			"to": [5.1, 24.8, 23.7],
			"rotation": {"angle": -45, "axis": "z", "origin": [1, 11.3, 19.2]},
			"faces": {
				"north": {"uv": [16, 0, 12, 4], "texture": "#0"},
				"east": {"uv": [16, 0, 0, 16], "texture": "#2"},
				"south": {"uv": [16, 0, 0, 16], "texture": "#2"},
				"west": {"uv": [16, 0, 0, 16], "texture": "#2"},
				"up": {"uv": [16, 0, 0, 16], "texture": "#2"},
				"down": {"uv": [16, 0, 0, 16], "texture": "#2"}
			}
		},
		{
			"from": [8, 16.3, 15.8],
			"to": [10.2, 20.7, 25.6],
			"rotation": {"angle": 0, "axis": "y", "origin": [0, 4.7, 9.6]},
			"faces": {
				"north": {"uv": [8.6, 0, 6.4, 10], "texture": "#2"},
				"east": {"uv": [8.6, 0, 6.4, 10], "texture": "#2"},
				"south": {"uv": [8.6, 0, 6.4, 10], "texture": "#2"},
				"west": {"uv": [8.6, 0, 6.4, 10], "texture": "#2"},
				"up": {"uv": [8.6, 0, 6.4, 10], "texture": "#2"},
				"down": {"uv": [8.6, 0, 6.4, 10], "texture": "#2"}
			}
		},
		{
			"from": [18, 15, 18.8],
			"to": [19.8, 16.4, 25.2],
			"rotation": {"angle": 22.5, "axis": "y", "origin": [-6.6, 7.4, 35.4]},
			"faces": {
				"north": {"uv": [9.6, 0, 7.8, 14.9], "texture": "#2"},
				"east": {"uv": [9.6, 0, 7.8, 14.9], "texture": "#2"},
				"south": {"uv": [9.6, 0, 7.8, 14.9], "texture": "#2"},
				"west": {"uv": [9.6, 0, 7.8, 14.9], "texture": "#2"},
				"up": {"uv": [9.6, 0, 7.8, 14.9], "texture": "#2"},
				"down": {"uv": [9.6, 0, 7.8, 14.9], "texture": "#2"}
			}
		},
		{
			"from": [11.8, 17.2, 8.9],
			"to": [13.1, 18.6, 23.7],
			"rotation": {"angle": 0, "axis": "x", "origin": [1, 11.3, 19.2]},
			"faces": {
				"north": {"uv": [16, 0, 12, 4], "texture": "#0"},
				"east": {"uv": [16, 0, 0, 16], "texture": "#2"},
				"south": {"uv": [16, 0, 0, 16], "texture": "#2"},
				"west": {"uv": [16, 0, 0, 16], "texture": "#2"},
				"up": {"uv": [16, 0, 0, 16], "texture": "#2"},
				"down": {"uv": [16, 0, 0, 16], "texture": "#2"}
			}
		},
		{
			"from": [6.2, 16.8, 14.5],
			"to": [8, 19.4, 20.6],
			"rotation": {"angle": -22.5, "axis": "x", "origin": [16, 6, 15.7]},
			"faces": {
				"north": {"uv": [10.2, 7.2, 11.8, 10], "texture": "#1"},
				"east": {"uv": [0, 0, 8.8, 3.6], "texture": "#missing"},
				"south": {"uv": [2, 0, 4.1, 3.6], "texture": "#missing"},
				"west": {"uv": [0, 0, 8.8, 3.6], "texture": "#2"},
				"up": {"uv": [1.7, 1.5, 3.8, 10.3], "texture": "#4"},
				"down": {"uv": [2, 0, 4.1, 8.8], "texture": "#missing"}
			}
		},
		{
			"from": [6.2, 14.4, 23.6],
			"to": [8, 16.6, 26.6],
			"rotation": {"angle": -45, "axis": "x", "origin": [16, 6, 15.7]},
			"faces": {
				"north": {"uv": [2, 0, 4.1, 6.4], "texture": "#2"},
				"east": {"uv": [2, 0, 4.1, 6.4], "texture": "#2"},
				"south": {"uv": [2, 0, 4.1, 6.4], "texture": "#2"},
				"west": {"uv": [2, 0, 4.1, 6.4], "texture": "#2"},
				"up": {"uv": [1.7, 8, 3.8, 14.4], "texture": "#4"},
				"down": {"uv": [2, 0, 4.1, 6.4], "texture": "#2"}
			}
		},
		{
			"from": [5.8, 16.3, 15.8],
			"to": [8, 20.7, 25.6],
			"rotation": {"angle": 0, "axis": "y", "origin": [16, 4.7, 9.6]},
			"faces": {
				"north": {"uv": [6.4, 0, 8.6, 10], "texture": "#2"},
				"east": {"uv": [6.4, 0, 8.6, 10], "texture": "#2"},
				"south": {"uv": [6.4, 0, 8.6, 10], "texture": "#2"},
				"west": {"uv": [6.4, 0, 8.6, 10], "texture": "#2"},
				"up": {"uv": [6.4, 0, 8.6, 10], "texture": "#2"},
				"down": {"uv": [6.4, 0, 8.6, 10], "texture": "#2"}
			}
		},
		{
			"from": [-0.4, 12.2, 15.3],
			"to": [4.1, 15, 24.2],
			"rotation": {"angle": -22.5, "axis": "z", "origin": [16, 4.7, 9.6]},
			"faces": {
				"north": {"uv": [0, 0, 16, 16], "texture": "#2"},
				"east": {"uv": [0, 0, 16, 16], "texture": "#2"},
				"south": {"uv": [0, 0, 16, 16], "texture": "#2"},
				"west": {"uv": [0, 0, 16, 16], "texture": "#2"},
				"up": {"uv": [0, 0, 16, 16], "texture": "#2"},
				"down": {"uv": [0, 0, 16, 16], "texture": "#2"}
			}
		},
		{
			"from": [2.4, 15.3, 15.3],
			"to": [6.9, 18.1, 24.2],
			"rotation": {"angle": 0, "axis": "z", "origin": [16, 4.7, 9.6]},
			"faces": {
				"north": {"uv": [0, 0, 16, 16], "texture": "#2"},
				"east": {"uv": [0, 0, 16, 16], "texture": "#2"},
				"south": {"uv": [0, 0, 16, 16], "texture": "#2"},
				"west": {"uv": [0, 0, 16, 16], "texture": "#2"},
				"up": {"uv": [0, 0, 16, 16], "texture": "#2"},
				"down": {"uv": [0, 0, 16, 16], "texture": "#2"}
			}
		},
		{
			"from": [11.9, 12.2, 15.3],
			"to": [16.4, 15, 24.2],
			"rotation": {"angle": 22.5, "axis": "z", "origin": [0, 4.7, 9.6]},
			"faces": {
				"north": {"uv": [16, 0, 0, 16], "texture": "#2"},
				"east": {"uv": [16, 0, 0, 16], "texture": "#2"},
				"south": {"uv": [16, 0, 0, 16], "texture": "#2"},
				"west": {"uv": [16, 0, 0, 16], "texture": "#2"},
				"up": {"uv": [16, 0, 0, 16], "texture": "#2"},
				"down": {"uv": [16, 0, 0, 16], "texture": "#2"}
			}
		},
		{
			"from": [3.7, 6.1, 25.8],
			"to": [4.9, 9, 30.8],
			"rotation": {"angle": -45, "axis": "x", "origin": [16, -1.9, 9.6]},
			"faces": {
				"north": {"uv": [0, 0, 16, 16], "texture": "#2"},
				"east": {"uv": [0, 0, 16, 16], "texture": "#2"},
				"south": {"uv": [0, 0, 16, 16], "texture": "#2"},
				"west": {"uv": [0, 0, 16, 16], "texture": "#2"},
				"up": {"uv": [11, 1, 15, 5], "texture": "#1"},
				"down": {"uv": [0, 0, 16, 16], "texture": "#2"}
			}
		},
		{
			"from": [4.7, 7.4, 23.6],
			"to": [6.2, 10.3, 28.6],
			"rotation": {"angle": -45, "axis": "x", "origin": [16, -1.9, 9.6]},
			"faces": {
				"north": {"uv": [0, 0, 16, 16], "texture": "#2"},
				"east": {"uv": [0, 0, 16, 16], "texture": "#2"},
				"south": {"uv": [0, 0, 16, 16], "texture": "#2"},
				"west": {"uv": [0, 0, 16, 16], "texture": "#2"},
				"up": {"uv": [11, 1, 15, 5], "texture": "#1"},
				"down": {"uv": [0, 0, 16, 16], "texture": "#2"}
			}
		},
		{
			"from": [11.1, 6.1, 25.8],
			"to": [12.3, 9, 30.8],
			"rotation": {"angle": -45, "axis": "x", "origin": [0, -1.9, 9.6]},
			"faces": {
				"north": {"uv": [16, 0, 0, 16], "texture": "#2"},
				"east": {"uv": [16, 0, 0, 16], "texture": "#2"},
				"south": {"uv": [16, 0, 0, 16], "texture": "#2"},
				"west": {"uv": [16, 0, 0, 16], "texture": "#2"},
				"up": {"uv": [15, 1, 11, 5], "texture": "#1"},
				"down": {"uv": [16, 0, 0, 16], "texture": "#2"}
			}
		},
		{
			"from": [1.3, 16.8, 21],
			"to": [5.8, 19.6, 24.2],
			"rotation": {"angle": 0, "axis": "y", "origin": [16, 4.7, 9.6]},
			"faces": {
				"north": {"uv": [0, 0, 16, 16], "texture": "#2"},
				"east": {"uv": [0, 0, 16, 16], "texture": "#2"},
				"south": {"uv": [0, 0, 16, 16], "texture": "#2"},
				"west": {"uv": [0, 0, 16, 16], "texture": "#2"},
				"up": {"uv": [0, 0, 16, 16], "texture": "#2"},
				"down": {"uv": [0, 0, 16, 16], "texture": "#2"}
			}
		},
		{
			"from": [9.1, 15.3, 15.3],
			"to": [13.6, 18.1, 24.2],
			"rotation": {"angle": 0, "axis": "y", "origin": [0, 4.7, 9.6]},
			"faces": {
				"north": {"uv": [16, 0, 0, 16], "texture": "#2"},
				"east": {"uv": [16, 0, 0, 16], "texture": "#2"},
				"south": {"uv": [16, 0, 0, 16], "texture": "#2"},
				"west": {"uv": [16, 0, 0, 16], "texture": "#2"},
				"up": {"uv": [16, 0, 0, 16], "texture": "#2"},
				"down": {"uv": [16, 0, 0, 16], "texture": "#2"}
			}
		},
		{
			"from": [10.7, 23.1, 8.9],
			"to": [12, 24.5, 23.7],
			"rotation": {"angle": 45, "axis": "z", "origin": [14.8, 11, 19.2]},
			"faces": {
				"north": {"uv": [12, 0, 16, 4], "texture": "#0"},
				"east": {"uv": [0, 0, 16, 16], "texture": "#2"},
				"south": {"uv": [0, 0, 16, 16], "texture": "#2"},
				"west": {"uv": [0, 0, 16, 16], "texture": "#2"},
				"up": {"uv": [0, 0, 16, 16], "texture": "#2"},
				"down": {"uv": [0, 0, 16, 16], "texture": "#2"}
			}
		},
		{
			"from": [2.7, 16.9, 8.9],
			"to": [4, 18.3, 23.7],
			"rotation": {"angle": 0, "axis": "y", "origin": [14.8, 11, 19.2]},
			"faces": {
				"north": {"uv": [12, 0, 16, 4], "texture": "#0"},
				"east": {"uv": [0, 0, 16, 16], "texture": "#2"},
				"south": {"uv": [0, 0, 16, 16], "texture": "#2"},
				"west": {"uv": [0, 0, 16, 16], "texture": "#2"},
				"up": {"uv": [0, 0, 16, 16], "texture": "#2"},
				"down": {"uv": [0, 0, 16, 16], "texture": "#2"}
			}
		},
		{
			"from": [2.3, 10.5, 26.3],
			"to": [4.1, 12.4, 29.5],
			"rotation": {"angle": -22.5, "axis": "x", "origin": [18.3, 4.7, 9.6]},
			"faces": {
				"north": {"uv": [0, 0, 16, 16], "texture": "#2"},
				"east": {"uv": [0, 0, 16, 16], "texture": "#2"},
				"south": {"uv": [0, 0, 16, 16], "texture": "#2"},
				"west": {"uv": [0, 0, 16, 16], "texture": "#2"},
				"up": {"uv": [0, 0, 16, 16], "texture": "#2"},
				"down": {"uv": [0, 0, 16, 16], "texture": "#2"}
			}
		},
		{
			"from": [10.2, 16.8, 21],
			"to": [14.7, 19.6, 24.2],
			"rotation": {"angle": 0, "axis": "y", "origin": [0, 4.7, 9.6]},
			"faces": {
				"north": {"uv": [16, 0, 0, 16], "texture": "#2"},
				"east": {"uv": [16, 0, 0, 16], "texture": "#2"},
				"south": {"uv": [16, 0, 0, 16], "texture": "#2"},
				"west": {"uv": [16, 0, 0, 16], "texture": "#2"},
				"up": {"uv": [16, 0, 0, 16], "texture": "#2"},
				"down": {"uv": [16, 0, 0, 16], "texture": "#2"}
			}
		},
		{
			"from": [11.7, 17, 13.6],
			"to": [13.5, 18.9, 16.8],
			"rotation": {"angle": 0, "axis": "x", "origin": [-2.5, 5, 9.6]},
			"faces": {
				"north": {"uv": [16, 0, 0, 16], "texture": "#2"},
				"east": {"uv": [16, 0, 0, 16], "texture": "#2"},
				"south": {"uv": [16, 0, 0, 16], "texture": "#2"},
				"west": {"uv": [16, 0, 0, 16], "texture": "#2"},
				"up": {"uv": [16, 0, 0, 16], "texture": "#2"},
				"down": {"uv": [16, 0, 0, 16], "texture": "#2"}
			}
		},
		{
			"from": [11.7, 17, 5.9],
			"to": [13.5, 18.9, 9.1],
			"rotation": {"angle": 0, "axis": "y", "origin": [-2.5, 5, 9.6]},
			"faces": {
				"north": {"uv": [16, 0, 0, 16], "texture": "#2"},
				"east": {"uv": [16, 0, 0, 16], "texture": "#2"},
				"south": {"uv": [16, 0, 0, 16], "texture": "#2"},
				"west": {"uv": [16, 0, 0, 16], "texture": "#2"},
				"up": {"uv": [16, 0, 0, 16], "texture": "#2"},
				"down": {"uv": [16, 0, 0, 16], "texture": "#2"}
			}
		},
		{
			"from": [16.4, 2.7, -0.6],
			"to": [18.2, 4.4, 2.7],
			"rotation": {"angle": 45, "axis": "z", "origin": [-2.5, 5, 9.6]},
			"faces": {
				"north": {"uv": [13, 12, 3, 16], "texture": "#5"},
				"east": {"uv": [13, 12, 3, 16], "texture": "#5"},
				"south": {"uv": [13, 12, 3, 16], "texture": "#5"},
				"west": {"uv": [13, 12, 3, 16], "texture": "#5"},
				"up": {"uv": [13, 12, 3, 16], "texture": "#5"},
				"down": {"uv": [13, 12, 3, 16], "texture": "#5"}
			}
		},
		{
			"from": [11.7, 14.5, -1.9],
			"to": [13.5, 16.4, 1.4],
			"rotation": {"angle": 22.5, "axis": "x", "origin": [-2.5, 5, 9.6]},
			"faces": {
				"north": {"uv": [13, 12, 3, 16], "texture": "#5"},
				"east": {"uv": [13, 12, 3, 16], "texture": "#5"},
				"south": {"uv": [13, 12, 3, 16], "texture": "#5"},
				"west": {"uv": [13, 12, 3, 16], "texture": "#5"},
				"up": {"uv": [13, 12, 3, 16], "texture": "#5"},
				"down": {"uv": [13, 12, 3, 16], "texture": "#5"}
			}
		},
		{
			"from": [11.7, 18, 5.4],
			"to": [13.5, 19.9, 8.7],
			"rotation": {"angle": -22.5, "axis": "x", "origin": [-2.5, 11.6, 9.6]},
			"faces": {
				"north": {"uv": [13, 16, 3, 12], "texture": "#5"},
				"east": {"uv": [13, 16, 3, 12], "texture": "#5"},
				"south": {"uv": [13, 16, 3, 12], "texture": "#5"},
				"west": {"uv": [13, 16, 3, 12], "texture": "#5"},
				"up": {"uv": [13, 16, 3, 12], "texture": "#5"},
				"down": {"uv": [13, 16, 3, 12], "texture": "#5"}
			}
		},
		{
			"from": [9.1, 17, -2.7],
			"to": [10.9, 18.9, 0.6],
			"rotation": {"angle": -22.5, "axis": "y", "origin": [-2.5, 5, 9.6]},
			"faces": {
				"north": {"uv": [13, 12, 3, 16], "texture": "#5"},
				"east": {"uv": [13, 12, 3, 16], "texture": "#5"},
				"south": {"uv": [13, 12, 3, 16], "texture": "#5"},
				"west": {"uv": [13, 12, 3, 16], "texture": "#5"},
				"up": {"uv": [13, 12, 3, 16], "texture": "#5"},
				"down": {"uv": [13, 12, 3, 16], "texture": "#5"}
			}
		},
		{
			"from": [13.2, 17, 2.8],
			"to": [15, 18.9, 6.1],
			"rotation": {"angle": 22.5, "axis": "y", "origin": [13.5, 5, 9.6]},
			"faces": {
				"north": {"uv": [3, 12, 13, 16], "texture": "#5"},
				"east": {"uv": [3, 12, 13, 16], "texture": "#5"},
				"south": {"uv": [3, 12, 13, 16], "texture": "#5"},
				"west": {"uv": [3, 12, 13, 16], "texture": "#5"},
				"up": {"uv": [3, 12, 13, 16], "texture": "#5"},
				"down": {"uv": [3, 12, 13, 16], "texture": "#5"}
			}
		},
		{
			"from": [11.7, 14.5, 5.2],
			"to": [13.5, 16.4, 8.5],
			"rotation": {"angle": -22.5, "axis": "x", "origin": [-2.5, 5, -3.1]},
			"faces": {
				"north": {"uv": [3, 12, 13, 16], "texture": "#5"},
				"east": {"uv": [3, 12, 13, 16], "texture": "#5"},
				"south": {"uv": [3, 12, 13, 16], "texture": "#5"},
				"west": {"uv": [3, 12, 13, 16], "texture": "#5"},
				"up": {"uv": [3, 12, 13, 16], "texture": "#5"},
				"down": {"uv": [3, 12, 13, 16], "texture": "#5"}
			}
		},
		{
			"from": [9.1, 17, 5.9],
			"to": [10.9, 18.9, 9.2],
			"rotation": {"angle": 22.5, "axis": "y", "origin": [-2.5, 5, -3.1]},
			"faces": {
				"north": {"uv": [3, 12, 13, 16], "texture": "#5"},
				"east": {"uv": [3, 12, 13, 16], "texture": "#5"},
				"south": {"uv": [3, 12, 13, 16], "texture": "#5"},
				"west": {"uv": [3, 12, 13, 16], "texture": "#5"},
				"up": {"uv": [3, 12, 13, 16], "texture": "#5"},
				"down": {"uv": [3, 12, 13, 16], "texture": "#5"}
			}
		},
		{
			"from": [11.7, 18, -2.2],
			"to": [13.5, 19.9, 1.1],
			"rotation": {"angle": 22.5, "axis": "x", "origin": [-2.5, 11.6, -3.1]},
			"faces": {
				"north": {"uv": [3, 16, 13, 12], "texture": "#5"},
				"east": {"uv": [3, 16, 13, 12], "texture": "#5"},
				"south": {"uv": [3, 16, 13, 12], "texture": "#5"},
				"west": {"uv": [3, 16, 13, 12], "texture": "#5"},
				"up": {"uv": [3, 16, 13, 12], "texture": "#5"},
				"down": {"uv": [3, 16, 13, 12], "texture": "#5"}
			}
		},
		{
			"from": [13.2, 17, 0.4],
			"to": [15, 18.9, 3.7],
			"rotation": {"angle": -22.5, "axis": "y", "origin": [13.5, 5, -3.1]},
			"faces": {
				"north": {"uv": [13, 12, 3, 16], "texture": "#5"},
				"east": {"uv": [13, 12, 3, 16], "texture": "#5"},
				"south": {"uv": [13, 12, 3, 16], "texture": "#5"},
				"west": {"uv": [13, 12, 3, 16], "texture": "#5"},
				"up": {"uv": [13, 12, 3, 16], "texture": "#5"},
				"down": {"uv": [13, 12, 3, 16], "texture": "#5"}
			}
		},
		{
			"from": [4.5, 15.3, 9.8],
			"to": [6.6, 17.1, 20.5],
			"rotation": {"angle": 0, "axis": "y", "origin": [22.6, 7.4, 35.4]},
			"faces": {
				"north": {"uv": [10.4, 0, 12.5, 10.7], "texture": "#2"},
				"east": {"uv": [10.4, 0, 12.5, 10.7], "texture": "#2"},
				"south": {"uv": [10.4, 0, 12.5, 10.7], "texture": "#2"},
				"west": {"uv": [10.4, 0, 12.5, 10.7], "texture": "#2"},
				"up": {"uv": [10.4, 0, 12.5, 10.7], "texture": "#2"},
				"down": {"uv": [10.4, 0, 12.5, 10.7], "texture": "#2"}
			}
		},
		{
			"from": [-3.8, 15, 18.8],
			"to": [-2, 16.4, 25.2],
			"rotation": {"angle": -22.5, "axis": "y", "origin": [22.6, 7.4, 35.4]},
			"faces": {
				"north": {"uv": [7.8, 0, 9.6, 14.9], "texture": "#2"},
				"east": {"uv": [7.8, 0, 9.6, 14.9], "texture": "#2"},
				"south": {"uv": [7.8, 0, 9.6, 14.9], "texture": "#2"},
				"west": {"uv": [7.8, 0, 9.6, 14.9], "texture": "#2"},
				"up": {"uv": [7.8, 0, 9.6, 14.9], "texture": "#2"},
				"down": {"uv": [7.8, 0, 9.6, 14.9], "texture": "#2"}
			}
		},
		{
			"from": [11.78, 14.88, 14.12],
			"to": [13.4, 16.59, 17.09],
			"rotation": {"angle": 22.5, "axis": "x", "origin": [-1, 6.33, 24.47]},
			"faces": {
				"north": {"uv": [13, 12, 3, 16], "texture": "#5"},
				"east": {"uv": [13, 12, 3, 16], "texture": "#5"},
				"south": {"uv": [13, 12, 3, 16], "texture": "#5"},
				"west": {"uv": [13, 12, 3, 16], "texture": "#5"},
				"up": {"uv": [13, 12, 3, 16], "texture": "#5"},
				"down": {"uv": [13, 12, 3, 16], "texture": "#5"}
			}
		},
		{
			"from": [9.44, 17.13, 13.4],
			"to": [11.06, 18.84, 16.37],
			"rotation": {"angle": -22.5, "axis": "y", "origin": [-1, 6.33, 24.47]},
			"faces": {
				"north": {"uv": [13, 12, 3, 16], "texture": "#5"},
				"east": {"uv": [13, 12, 3, 16], "texture": "#5"},
				"south": {"uv": [13, 12, 3, 16], "texture": "#5"},
				"west": {"uv": [13, 12, 3, 16], "texture": "#5"},
				"up": {"uv": [13, 12, 3, 16], "texture": "#5"},
				"down": {"uv": [13, 12, 3, 16], "texture": "#5"}
			}
		},
		{
			"from": [11.78, 14.88, 20.51],
			"to": [13.4, 16.59, 23.48],
			"rotation": {"angle": -22.5, "axis": "x", "origin": [-1, 6.33, 13.04]},
			"faces": {
				"north": {"uv": [3, 12, 13, 16], "texture": "#5"},
				"east": {"uv": [3, 12, 13, 16], "texture": "#5"},
				"south": {"uv": [3, 12, 13, 16], "texture": "#5"},
				"west": {"uv": [3, 12, 13, 16], "texture": "#5"},
				"up": {"uv": [3, 12, 13, 16], "texture": "#5"},
				"down": {"uv": [3, 12, 13, 16], "texture": "#5"}
			}
		},
		{
			"from": [9.44, 17.13, 21.14],
			"to": [11.06, 18.84, 24.11],
			"rotation": {"angle": 22.5, "axis": "y", "origin": [-1, 6.33, 13.04]},
			"faces": {
				"north": {"uv": [3, 12, 13, 16], "texture": "#5"},
				"east": {"uv": [3, 12, 13, 16], "texture": "#5"},
				"south": {"uv": [3, 12, 13, 16], "texture": "#5"},
				"west": {"uv": [3, 12, 13, 16], "texture": "#5"},
				"up": {"uv": [3, 12, 13, 16], "texture": "#5"},
				"down": {"uv": [3, 12, 13, 16], "texture": "#5"}
			}
		},
		{
			"from": [16.01, 4.26, 15.29],
			"to": [17.63, 5.79, 18.26],
			"rotation": {"angle": 45, "axis": "z", "origin": [-1, 6.33, 24.47]},
			"faces": {
				"north": {"uv": [13, 12, 3, 16], "texture": "#5"},
				"east": {"uv": [13, 12, 3, 16], "texture": "#5"},
				"south": {"uv": [13, 12, 3, 16], "texture": "#5"},
				"west": {"uv": [13, 12, 3, 16], "texture": "#5"},
				"up": {"uv": [13, 12, 3, 16], "texture": "#5"},
				"down": {"uv": [13, 12, 3, 16], "texture": "#5"}
			}
		},
		{
			"from": [11.78, 18.03, 20.69],
			"to": [13.4, 19.74, 23.66],
			"rotation": {"angle": -22.5, "axis": "x", "origin": [-1, 12.27, 24.47]},
			"faces": {
				"north": {"uv": [13, 16, 3, 12], "texture": "#5"},
				"east": {"uv": [13, 16, 3, 12], "texture": "#5"},
				"south": {"uv": [13, 16, 3, 12], "texture": "#5"},
				"west": {"uv": [13, 16, 3, 12], "texture": "#5"},
				"up": {"uv": [13, 16, 3, 12], "texture": "#5"},
				"down": {"uv": [13, 16, 3, 12], "texture": "#5"}
			}
		},
		{
			"from": [11.78, 18.03, 13.85],
			"to": [13.4, 19.74, 16.82],
			"rotation": {"angle": 22.5, "axis": "x", "origin": [-1, 12.27, 13.04]},
			"faces": {
				"north": {"uv": [3, 16, 13, 12], "texture": "#5"},
				"east": {"uv": [3, 16, 13, 12], "texture": "#5"},
				"south": {"uv": [3, 16, 13, 12], "texture": "#5"},
				"west": {"uv": [3, 16, 13, 12], "texture": "#5"},
				"up": {"uv": [3, 16, 13, 12], "texture": "#5"},
				"down": {"uv": [3, 16, 13, 12], "texture": "#5"}
			}
		},
		{
			"from": [13.13, 17.13, 16.19],
			"to": [14.75, 18.84, 19.16],
			"rotation": {"angle": -22.5, "axis": "y", "origin": [13.4, 6.33, 13.04]},
			"faces": {
				"north": {"uv": [13, 12, 3, 16], "texture": "#5"},
				"east": {"uv": [13, 12, 3, 16], "texture": "#5"},
				"south": {"uv": [13, 12, 3, 16], "texture": "#5"},
				"west": {"uv": [13, 12, 3, 16], "texture": "#5"},
				"up": {"uv": [13, 12, 3, 16], "texture": "#5"},
				"down": {"uv": [13, 12, 3, 16], "texture": "#5"}
			}
		},
		{
			"from": [13.13, 17.13, 18.35],
			"to": [14.75, 18.84, 21.32],
			"rotation": {"angle": 22.5, "axis": "y", "origin": [13.4, 6.33, 24.47]},
			"faces": {
				"north": {"uv": [3, 12, 13, 16], "texture": "#5"},
				"east": {"uv": [3, 12, 13, 16], "texture": "#5"},
				"south": {"uv": [3, 12, 13, 16], "texture": "#5"},
				"west": {"uv": [3, 12, 13, 16], "texture": "#5"},
				"up": {"uv": [3, 12, 13, 16], "texture": "#5"},
				"down": {"uv": [3, 12, 13, 16], "texture": "#5"}
			}
		}
	],
	"display": {
		"gui": {
			"rotation": [82, 136, 0],
			"scale": [0.5, 0.5, 0.5]
		},
		"head": {
			"rotation": [-1, 0, 0],
			"translation": [0, -46.25, -7],
			"scale": [4, 4, 4]
		}
	}
}