{
	"credit": "Made with Blockbench",
	"parent": "garra",
	"textures": {
		"0": "minecraft:block/netherite_block",
		"particle": "minecraft:block/netherite_block"
	},
	"elements": [
		{
			"from": [6, 0.5, 3],
			"to": [10, 1, 10],
			"faces": {
				"north": {"uv": [0, 0, 4, 0.5], "texture": "#0"},
				"east": {"uv": [0, 0, 7, 0.5], "texture": "#0"},
				"south": {"uv": [0, 0, 4, 0.5], "texture": "#0"},
				"west": {"uv": [0, 0, 7, 0.5], "texture": "#0"},
				"up": {"uv": [0, 0, 4, 7], "texture": "#0"},
				"down": {"uv": [0, 0, 4, 7], "texture": "#0"}
			}
		},
		{
			"from": [6, 5, 3],
			"to": [10, 5.5, 10],
			"faces": {
				"north": {"uv": [0, 0, 4, 0.5], "texture": "#0"},
				"east": {"uv": [0, 0, 7, 0.5], "texture": "#0"},
				"south": {"uv": [0, 0, 4, 0.5], "texture": "#0"},
				"west": {"uv": [0, 0, 7, 0.5], "texture": "#0"},
				"up": {"uv": [0, 0, 4, 7], "texture": "#0"},
				"down": {"uv": [0, 0, 4, 7], "texture": "#0"}
			}
		},
		{
			"from": [9, 4.25, -5],
			"to": [10, 7.25, -0.5],
			"rotation": {"angle": 45, "axis": "x", "origin": [1.5, 0, 0]},
			"faces": {
				"north": {"uv": [0, 0, 1, 3], "texture": "#0"},
				"east": {"uv": [0, 0, 4.5, 3], "texture": "#0"},
				"south": {"uv": [0, 0, 1, 3], "texture": "#0"},
				"west": {"uv": [0, 0, 4.5, 3], "texture": "#0"},
				"up": {"uv": [0, 0, 1, 4.5], "texture": "#0"},
				"down": {"uv": [0, 0, 1, 4.5], "texture": "#0"}
			}
		},
		{
			"from": [8.9, 5.25, -7],
			"to": [10.1, 8.25, -1.5],
			"rotation": {"angle": 22.5, "axis": "x", "origin": [1.5, 0, 0]},
			"faces": {
				"north": {"uv": [0, 0, 1.2, 3], "texture": "#0"},
				"east": {"uv": [0, 0, 5.5, 3], "texture": "#0"},
				"south": {"uv": [0, 0, 1.2, 3], "texture": "#0"},
				"west": {"uv": [0, 0, 5.5, 3], "texture": "#0"},
				"up": {"uv": [0, 6, 0.95, 11.5], "texture": "#0"},
				"down": {"uv": [0, 0, 1.2, 5.5], "texture": "#0"}
			}
		},
		{
			"from": [9, 8.25, -3],
			"to": [10, 11.25, 0.5],
			"rotation": {"angle": -22.5, "axis": "x", "origin": [1.5, 0, 0]},
			"faces": {
				"north": {"uv": [0, 0, 1, 3], "texture": "#0"},
				"east": {"uv": [0, 0, 3.5, 3], "texture": "#0"},
				"south": {"uv": [0, 0, 1, 3], "texture": "#0"},
				"west": {"uv": [0, 0, 3.5, 3], "texture": "#0"},
				"up": {"uv": [0, 0, 1, 3.5], "texture": "#0"},
				"down": {"uv": [0, 0, 1, 3.5], "texture": "#0"}
			}
		},
		{
			"from": [9, 8.25, -3.5],
			"to": [10, 11, -3],
			"rotation": {"angle": -22.5, "axis": "x", "origin": [1.5, 0, 0]},
			"faces": {
				"north": {"uv": [0, 0, 1, 2.75], "texture": "#0"},
				"east": {"uv": [3, 0, 3.5, 2.75], "texture": "#0"},
				"south": {"uv": [0, 0, 1, 2.75], "texture": "#0"},
				"west": {"uv": [3, 0, 3.5, 2.75], "texture": "#0"},
				"up": {"uv": [0, 0, 1, 0.5], "texture": "#0"},
				"down": {"uv": [0, 0, 1, 0.5], "texture": "#0"}
			}
		},
		{
			"from": [9, 8.25, -4],
			"to": [10, 10.75, -3.5],
			"rotation": {"angle": -22.5, "axis": "x", "origin": [1.5, 0, 0]},
			"faces": {
				"north": {"uv": [0, 0, 1, 2.5], "texture": "#0"},
				"east": {"uv": [3.5, 0, 4, 2.5], "texture": "#0"},
				"south": {"uv": [0, 0, 1, 2.5], "texture": "#0"},
				"west": {"uv": [3.5, 0, 4, 2.5], "texture": "#0"},
				"up": {"uv": [0, 0, 1, 0.5], "texture": "#0"},
				"down": {"uv": [0, 0, 1, 0.5], "texture": "#0"}
			}
		},
		{
			"from": [9, 8.25, -4.5],
			"to": [10, 10.5, -4],
			"rotation": {"angle": -22.5, "axis": "x", "origin": [1.5, 0, 0]},
			"faces": {
				"north": {"uv": [0, 0, 1, 2.25], "texture": "#0"},
				"east": {"uv": [4, 0, 4.5, 2.25], "texture": "#0"},
				"south": {"uv": [0, 0, 1, 2.25], "texture": "#0"},
				"west": {"uv": [4, 0, 4.5, 2.25], "texture": "#0"},
				"up": {"uv": [0, 0, 1, 0.5], "texture": "#0"},
				"down": {"uv": [0, 0, 1, 0.5], "texture": "#0"}
			}
		},
		{
			"from": [9, 8.25, -5],
			"to": [10, 10.25, -4.5],
			"rotation": {"angle": -22.5, "axis": "x", "origin": [1.5, 0, 0]},
			"faces": {
				"north": {"uv": [0, 0, 1, 2], "texture": "#0"},
				"east": {"uv": [4.5, 0, 5, 2], "texture": "#0"},
				"south": {"uv": [0, 0, 1, 2], "texture": "#0"},
				"west": {"uv": [4.5, 0, 5, 2], "texture": "#0"},
				"up": {"uv": [0, 0, 1, 0.5], "texture": "#0"},
				"down": {"uv": [0, 0, 1, 0.5], "texture": "#0"}
			}
		},
		{
			"from": [9, 8.25, -5.5],
			"to": [10, 10, -5],
			"rotation": {"angle": -22.5, "axis": "x", "origin": [1.5, 0, 0]},
			"faces": {
				"north": {"uv": [0, 0, 1, 1.75], "texture": "#0"},
				"east": {"uv": [5, 0, 5.5, 1.75], "texture": "#0"},
				"south": {"uv": [0, 0, 1, 1.75], "texture": "#0"},
				"west": {"uv": [5.5, 0, 5, 1.75], "texture": "#0"},
				"up": {"uv": [0, 0, 1, 0.5], "texture": "#0"},
				"down": {"uv": [0, 0, 1, 0.5], "texture": "#0"}
			}
		},
		{
			"from": [9, 8.25, -6],
			"to": [10, 9.75, -5.5],
			"rotation": {"angle": -22.5, "axis": "x", "origin": [1.5, 0, 0]},
			"faces": {
				"north": {"uv": [0, 0, 1, 1.5], "texture": "#0"},
				"east": {"uv": [5.5, 0, 6, 1.5], "texture": "#0"},
				"south": {"uv": [0, 0, 1, 1.5], "texture": "#0"},
				"west": {"uv": [5.5, 0, 6, 1.5], "texture": "#0"},
				"up": {"uv": [0, 0, 1, 0.5], "texture": "#0"},
				"down": {"uv": [0, 0, 1, 0.5], "texture": "#0"}
			}
		},
		{
			"from": [9, 8.25, -6.5],
			"to": [10, 9.5, -6],
			"rotation": {"angle": -22.5, "axis": "x", "origin": [1.5, 0, 0]},
			"faces": {
				"north": {"uv": [0, 0, 1, 1.25], "texture": "#0"},
				"east": {"uv": [6, 0, 6.5, 1.25], "texture": "#0"},
				"south": {"uv": [0, 0, 1, 1.25], "texture": "#0"},
				"west": {"uv": [6, 0, 6.5, 1.25], "texture": "#0"},
				"up": {"uv": [0, 0, 1, 0.5], "texture": "#0"},
				"down": {"uv": [0, 0, 1, 0.5], "texture": "#0"}
			}
		},
		{
			"from": [9, 8.25, -7],
			"to": [10, 9.25, -6.5],
			"rotation": {"angle": -22.5, "axis": "x", "origin": [1.5, 0, 0]},
			"faces": {
				"north": {"uv": [0, 0, 1, 1], "texture": "#0"},
				"east": {"uv": [6.5, 0, 7, 1], "texture": "#0"},
				"south": {"uv": [0, 0, 1, 1], "texture": "#0"},
				"west": {"uv": [6.5, 0, 7, 1], "texture": "#0"},
				"up": {"uv": [0, 0, 1, 0.5], "texture": "#0"},
				"down": {"uv": [0, 0, 1, 0.5], "texture": "#0"}
			}
		},
		{
			"from": [6, 8.25, -3.5],
			"to": [7, 11, -3],
			"rotation": {"angle": -22.5, "axis": "x", "origin": [1.5, 0, 0]},
			"faces": {
				"north": {"uv": [0, 0, 1, 2.75], "texture": "#0"},
				"east": {"uv": [3, 0, 3.5, 2.75], "texture": "#0"},
				"south": {"uv": [0, 0, 1, 2.75], "texture": "#0"},
				"west": {"uv": [3, 0, 3.5, 2.75], "texture": "#0"},
				"up": {"uv": [0, 0, 1, 0.5], "texture": "#0"},
				"down": {"uv": [0, 0, 1, 0.5], "texture": "#0"}
			}
		},
		{
			"from": [6, 8.25, -4],
			"to": [7, 10.75, -3.5],
			"rotation": {"angle": -22.5, "axis": "x", "origin": [1.5, 0, 0]},
			"faces": {
				"north": {"uv": [0, 0, 1, 2.5], "texture": "#0"},
				"east": {"uv": [3.5, 0, 4, 2.5], "texture": "#0"},
				"south": {"uv": [0, 0, 1, 2.5], "texture": "#0"},
				"west": {"uv": [3.5, 0, 4, 2.5], "texture": "#0"},
				"up": {"uv": [0, 0, 1, 0.5], "texture": "#0"},
				"down": {"uv": [0, 0, 1, 0.5], "texture": "#0"}
			}
		},
		{
			"from": [6, 8.25, -4.5],
			"to": [7, 10.5, -4],
			"rotation": {"angle": -22.5, "axis": "x", "origin": [1.5, 0, 0]},
			"faces": {
				"north": {"uv": [0, 0, 1, 2.25], "texture": "#0"},
				"east": {"uv": [4, 0, 4.5, 2.25], "texture": "#0"},
				"south": {"uv": [0, 0, 1, 2.25], "texture": "#0"},
				"west": {"uv": [4, 0, 4.5, 2.25], "texture": "#0"},
				"up": {"uv": [0, 0, 1, 0.5], "texture": "#0"},
				"down": {"uv": [0, 0, 1, 0.5], "texture": "#0"}
			}
		},
		{
			"from": [6, 8.25, -5],
			"to": [7, 10.25, -4.5],
			"rotation": {"angle": -22.5, "axis": "x", "origin": [1.5, 0, 0]},
			"faces": {
				"north": {"uv": [0, 0, 1, 2], "texture": "#0"},
				"east": {"uv": [4.5, 0, 5, 2], "texture": "#0"},
				"south": {"uv": [0, 0, 1, 2], "texture": "#0"},
				"west": {"uv": [4.5, 0, 5, 2], "texture": "#0"},
				"up": {"uv": [0, 0, 1, 0.5], "texture": "#0"},
				"down": {"uv": [0, 0, 1, 0.5], "texture": "#0"}
			}
		},
		{
			"from": [6, 8.25, -5.5],
			"to": [7, 10, -5],
			"rotation": {"angle": -22.5, "axis": "x", "origin": [1.5, 0, 0]},
			"faces": {
				"north": {"uv": [0, 0, 1, 1.75], "texture": "#0"},
				"east": {"uv": [5, 0, 5.5, 1.75], "texture": "#0"},
				"south": {"uv": [0, 0, 1, 1.75], "texture": "#0"},
				"west": {"uv": [5.5, 0, 5, 1.75], "texture": "#0"},
				"up": {"uv": [0, 0, 1, 0.5], "texture": "#0"},
				"down": {"uv": [0, 0, 1, 0.5], "texture": "#0"}
			}
		},
		{
			"from": [6, 8.25, -6],
			"to": [7, 9.75, -5.5],
			"rotation": {"angle": -22.5, "axis": "x", "origin": [1.5, 0, 0]},
			"faces": {
				"north": {"uv": [0, 0, 1, 1.5], "texture": "#0"},
				"east": {"uv": [5.5, 0, 6, 1.5], "texture": "#0"},
				"south": {"uv": [0, 0, 1, 1.5], "texture": "#0"},
				"west": {"uv": [5.5, 0, 6, 1.5], "texture": "#0"},
				"up": {"uv": [0, 0, 1, 0.5], "texture": "#0"},
				"down": {"uv": [0, 0, 1, 0.5], "texture": "#0"}
			}
		},
		{
			"from": [6, 8.25, -6.5],
			"to": [7, 9.5, -6],
			"rotation": {"angle": -22.5, "axis": "x", "origin": [1.5, 0, 0]},
			"faces": {
				"north": {"uv": [0, 0, 1, 1.25], "texture": "#0"},
				"east": {"uv": [6, 0, 6.5, 1.25], "texture": "#0"},
				"south": {"uv": [0, 0, 1, 1.25], "texture": "#0"},
				"west": {"uv": [6, 0, 6.5, 1.25], "texture": "#0"},
				"up": {"uv": [0, 0, 1, 0.5], "texture": "#0"},
				"down": {"uv": [0, 0, 1, 0.5], "texture": "#0"}
			}
		},
		{
			"from": [6, 8.25, -7],
			"to": [7, 9.25, -6.5],
			"rotation": {"angle": -22.5, "axis": "x", "origin": [1.5, 0, 0]},
			"faces": {
				"north": {"uv": [0, 0, 1, 1], "texture": "#0"},
				"east": {"uv": [6.5, 0, 7, 1], "texture": "#0"},
				"south": {"uv": [0, 0, 1, 1], "texture": "#0"},
				"west": {"uv": [6.5, 0, 7, 1], "texture": "#0"},
				"up": {"uv": [0, 0, 1, 0.5], "texture": "#0"},
				"down": {"uv": [0, 0, 1, 0.5], "texture": "#0"}
			}
		},
		{
			"from": [5.9, 5.25, -7],
			"to": [7.1, 8.25, -1.5],
			"rotation": {"angle": 22.5, "axis": "x", "origin": [-1.5, 0, 0]},
			"faces": {
				"north": {"uv": [0, 0, 1.2, 3], "texture": "#0"},
				"east": {"uv": [0, 0, 5.5, 3], "texture": "#0"},
				"south": {"uv": [0, 0, 1.2, 3], "texture": "#0"},
				"west": {"uv": [0, 0, 5.5, 3], "texture": "#0"},
				"up": {"uv": [0, 6, 0.95, 11.5], "texture": "#0"},
				"down": {"uv": [0, 0, 1.2, 5.5], "texture": "#0"}
			}
		},
		{
			"from": [6, 4.25, -5],
			"to": [7, 7.25, -0.5],
			"rotation": {"angle": 45, "axis": "x", "origin": [-1.5, 0, 0]},
			"faces": {
				"north": {"uv": [0, 0, 1, 3], "texture": "#0"},
				"east": {"uv": [0, 0, 4.5, 3], "texture": "#0"},
				"south": {"uv": [0, 0, 1, 3], "texture": "#0"},
				"west": {"uv": [0, 0, 4.5, 3], "texture": "#0"},
				"up": {"uv": [0, 0, 1, 4.5], "texture": "#0"},
				"down": {"uv": [0, 0, 1, 4.5], "texture": "#0"}
			}
		},
		{
			"from": [5.9, 4.15, -2],
			"to": [7.1, 7.35, -0.5],
			"rotation": {"angle": 45, "axis": "x", "origin": [-1.5, 0, 0]},
			"faces": {
				"north": {"uv": [0, 0, 1.2, 3.2], "texture": "#0"},
				"east": {"uv": [0, 0, 1.5, 3.2], "texture": "#0"},
				"south": {"uv": [0, 0, 1.2, 3.2], "texture": "#0"},
				"west": {"uv": [0, 0, 1.5, 3.2], "texture": "#0"},
				"up": {"uv": [0, 0, 0.95, 1.5], "texture": "#0"},
				"down": {"uv": [0, 0, 1.2, 1.5], "texture": "#0"}
			}
		},
		{
			"from": [8.9, 4.15, -2],
			"to": [10.1, 7.35, -0.5],
			"rotation": {"angle": 45, "axis": "x", "origin": [-1.5, 0, 0]},
			"faces": {
				"north": {"uv": [0, 0, 1.2, 3.2], "texture": "#0"},
				"east": {"uv": [0, 0, 1.5, 3.2], "texture": "#0"},
				"south": {"uv": [0, 0, 1.2, 3.2], "texture": "#0"},
				"west": {"uv": [0, 0, 1.5, 3.2], "texture": "#0"},
				"up": {"uv": [0, 0, 0.95, 1.5], "texture": "#0"},
				"down": {"uv": [0, 0, 1.2, 1.5], "texture": "#0"}
			}
		},
		{
			"from": [6, 8.25, -3],
			"to": [7, 11.25, 0.5],
			"rotation": {"angle": -22.5, "axis": "x", "origin": [-1.5, 0, 0]},
			"faces": {
				"north": {"uv": [0, 0, 1, 3], "texture": "#0"},
				"east": {"uv": [0, 0, 3.5, 3], "texture": "#0"},
				"south": {"uv": [0, 0, 1, 3], "texture": "#0"},
				"west": {"uv": [0, 0, 3.5, 3], "texture": "#0"},
				"up": {"uv": [0, 0, 1, 3.5], "texture": "#0"},
				"down": {"uv": [0, 0, 1, 3.5], "texture": "#0"}
			}
		},
		{
			"from": [7.4, -0.25, -5],
			"to": [8.6, 2.75, 0.5],
			"rotation": {"angle": -22.5, "axis": "x", "origin": [0, 8, 2]},
			"faces": {
				"north": {"uv": [0, 3, 1.2, 6], "texture": "#0"},
				"east": {"uv": [0, 13, 5.5, 16], "texture": "#0"},
				"south": {"uv": [0, 3, 1.2, 6], "texture": "#0"},
				"west": {"uv": [0, 13, 5.5, 16], "texture": "#0"},
				"up": {"uv": [0, 5.5, 0.95, 11], "texture": "#0"},
				"down": {"uv": [0, 5.5, 1.2, 11], "texture": "#0"}
			}
		},
		{
			"from": [7.5, -3.25, -1],
			"to": [8.5, -0.25, 2.5],
			"rotation": {"angle": 22.5, "axis": "x", "origin": [0, 8, 2]},
			"faces": {
				"north": {"uv": [0, 3, 1, 6], "texture": "#0"},
				"east": {"uv": [0, 13, 3.5, 16], "texture": "#0"},
				"south": {"uv": [0, 3, 1, 6], "texture": "#0"},
				"west": {"uv": [0, 13, 3.5, 16], "texture": "#0"},
				"up": {"uv": [0, 3.5, 1, 7], "texture": "#0"},
				"down": {"uv": [0, 3.5, 1, 7], "texture": "#0"}
			}
		},
		{
			"from": [7.5, -3, -1.5],
			"to": [8.5, -0.25, -1],
			"rotation": {"angle": 22.5, "axis": "x", "origin": [0, 8, 2]},
			"faces": {
				"north": {"uv": [0, 2.75, 1, 5.5], "texture": "#0"},
				"east": {"uv": [1.75, 13.25, 2.25, 16], "texture": "#0"},
				"south": {"uv": [0, 2.75, 1, 5.5], "texture": "#0"},
				"west": {"uv": [1.75, 13.25, 2.25, 16], "texture": "#0"},
				"up": {"uv": [0, 0.5, 1, 1], "texture": "#0"},
				"down": {"uv": [0, 0.5, 1, 1], "texture": "#0"}
			}
		},
		{
			"from": [7.5, -2.75, -2],
			"to": [8.5, -0.25, -1.5],
			"rotation": {"angle": 22.5, "axis": "x", "origin": [0, 8, 2]},
			"faces": {
				"north": {"uv": [0, 2.5, 1, 5], "texture": "#0"},
				"east": {"uv": [2.25, 13.5, 2.75, 16], "texture": "#0"},
				"south": {"uv": [0, 2.5, 1, 5], "texture": "#0"},
				"west": {"uv": [2.25, 13.5, 2.75, 16], "texture": "#0"},
				"up": {"uv": [0, 0.5, 1, 1], "texture": "#0"},
				"down": {"uv": [0, 0.5, 1, 1], "texture": "#0"}
			}
		},
		{
			"from": [7.5, -2.5, -2.5],
			"to": [8.5, -0.25, -2],
			"rotation": {"angle": 22.5, "axis": "x", "origin": [0, 8, 2]},
			"faces": {
				"north": {"uv": [0, 2.25, 1, 4.5], "texture": "#0"},
				"east": {"uv": [2.75, 13.75, 3.25, 16], "texture": "#0"},
				"south": {"uv": [0, 2.25, 1, 4.5], "texture": "#0"},
				"west": {"uv": [2.75, 13.75, 3.25, 16], "texture": "#0"},
				"up": {"uv": [0, 0.5, 1, 1], "texture": "#0"},
				"down": {"uv": [0, 0.5, 1, 1], "texture": "#0"}
			}
		},
		{
			"from": [7.5, -2.25, -3],
			"to": [8.5, -0.25, -2.5],
			"rotation": {"angle": 22.5, "axis": "x", "origin": [0, 8, 2]},
			"faces": {
				"north": {"uv": [0, 2, 1, 4], "texture": "#0"},
				"east": {"uv": [3.25, 14, 3.75, 16], "texture": "#0"},
				"south": {"uv": [0, 2, 1, 4], "texture": "#0"},
				"west": {"uv": [3.25, 14, 3.75, 16], "texture": "#0"},
				"up": {"uv": [0, 0.5, 1, 1], "texture": "#0"},
				"down": {"uv": [0, 0.5, 1, 1], "texture": "#0"}
			}
		},
		{
			"from": [7.5, -2, -3.5],
			"to": [8.5, -0.25, -3],
			"rotation": {"angle": 22.5, "axis": "x", "origin": [0, 8, 2]},
			"faces": {
				"north": {"uv": [0, 1.75, 1, 3.5], "texture": "#0"},
				"east": {"uv": [3.75, 14.25, 4.25, 16], "texture": "#0"},
				"south": {"uv": [0, 1.75, 1, 3.5], "texture": "#0"},
				"west": {"uv": [3.75, 14.25, 4.25, 16], "texture": "#0"},
				"up": {"uv": [0, 0.5, 1, 1], "texture": "#0"},
				"down": {"uv": [0, 0.5, 1, 1], "texture": "#0"}
			}
		},
		{
			"from": [7.5, -1.75, -4],
			"to": [8.5, -0.25, -3.5],
			"rotation": {"angle": 22.5, "axis": "x", "origin": [0, 8, 2]},
			"faces": {
				"north": {"uv": [0, 1.5, 1, 3], "texture": "#0"},
				"east": {"uv": [4.35, 14.5, 4.85, 16], "texture": "#0"},
				"south": {"uv": [0, 1.5, 1, 3], "texture": "#0"},
				"west": {"uv": [4.35, 14.5, 4.85, 16], "texture": "#0"},
				"up": {"uv": [0, 0.5, 1, 1], "texture": "#0"},
				"down": {"uv": [0, 0.5, 1, 1], "texture": "#0"}
			}
		},
		{
			"from": [7.5, -1.5, -4.5],
			"to": [8.5, -0.25, -4],
			"rotation": {"angle": 22.5, "axis": "x", "origin": [0, 8, 2]},
			"faces": {
				"north": {"uv": [0, 1.25, 1, 2.5], "texture": "#0"},
				"east": {"uv": [4.9, 14.75, 5.4, 16], "texture": "#0"},
				"south": {"uv": [0, 1.25, 1, 2.5], "texture": "#0"},
				"west": {"uv": [4.9, 14.75, 5.4, 16], "texture": "#0"},
				"up": {"uv": [0, 0.5, 1, 1], "texture": "#0"},
				"down": {"uv": [0, 0.5, 1, 1], "texture": "#0"}
			}
		},
		{
			"from": [7.5, -1.25, -5],
			"to": [8.5, -0.25, -4.5],
			"rotation": {"angle": 22.5, "axis": "x", "origin": [0, 8, 2]},
			"faces": {
				"north": {"uv": [0, 1, 1, 2], "texture": "#0"},
				"east": {"uv": [5.75, 15, 6.25, 16], "texture": "#0"},
				"south": {"uv": [0, 1, 1, 2], "texture": "#0"},
				"west": {"uv": [5.75, 15, 6.25, 16], "texture": "#0"},
				"up": {"uv": [0, 0.5, 1, 1], "texture": "#0"},
				"down": {"uv": [0, 0.5, 1, 1], "texture": "#0"}
			}
		},
		{
			"from": [5.5, 1, 3],
			"to": [6, 5, 10],
			"faces": {
				"north": {"uv": [0, 0, 0.5, 4], "texture": "#0"},
				"east": {"uv": [0, 0, 7, 4], "texture": "#0"},
				"south": {"uv": [0, 0, 0.5, 4], "texture": "#0"},
				"west": {"uv": [0, 0, 7, 4], "texture": "#0"},
				"up": {"uv": [0, 0, 0.5, 7], "texture": "#0"},
				"down": {"uv": [0, 0, 0.5, 7], "texture": "#0"}
			}
		},
		{
			"from": [10, 1, 3],
			"to": [10.5, 5, 10],
			"faces": {
				"north": {"uv": [0, 0, 0.5, 4], "texture": "#0"},
				"east": {"uv": [0, 0, 7, 4], "texture": "#0"},
				"south": {"uv": [0, 0, 0.5, 4], "texture": "#0"},
				"west": {"uv": [0, 0, 7, 4], "texture": "#0"},
				"up": {"uv": [0, 0, 0.5, 7], "texture": "#0"},
				"down": {"uv": [0, 0, 0.5, 7], "texture": "#0"}
			}
		},
		{
			"from": [6, 1, 2],
			"to": [10, 5, 3],
			"faces": {
				"north": {"uv": [0, 0, 4, 4], "texture": "#0"},
				"east": {"uv": [0, 0, 1, 4], "texture": "#0"},
				"south": {"uv": [0, 0, 4, 4], "texture": "#0"},
				"west": {"uv": [0, 0, 1, 4], "texture": "#0"},
				"up": {"uv": [0, 0, 4, 1], "texture": "#0"},
				"down": {"uv": [0, 0, 4, 1], "texture": "#0"}
			}
		}
	],
	"display": {
		"thirdperson_righthand": {
			"rotation": [43, 0, 0],
			"translation": [0, 1.25, 6],
			"scale": [1.13, 0.76, 0.76]
		},
		"thirdperson_lefthand": {
			"rotation": [43, 0, 0],
			"translation": [0, 1.25, 6],
			"scale": [1.13, 0.76, 0.76]
		},
		"firstperson_righthand": {
			"translation": [0, 3, 5]
		},
		"firstperson_lefthand": {
			"translation": [0, 3, 5]
		}
	},
	"groups": [
		{
			"name": "group",
			"origin": [8, 8, 8],
			"color": 0,
			"children": [0, 1, 2, 3, 4, 5, 6, 7, 8, 9, 10, 11, 12, 13, 14, 15, 16, 17, 18, 19, 20, 21, 22, 23, 24, 25, 26, 27, 28, 29, 30, 31, 32, 33, 34, 35, 36, 37, 38]
		}
	]
}