{
	"credit": "Made with Blockbench",
	"parent": "16",
	"textures": {
		"0": "minecraft:block/hay_block_top",
		"2": "minecraft:block/observer_back_on",
		"3": "minecraft:block/blast_furnace_top",
		"4": "minecraft:block/glow_item_frame",
		"5": "minecraft:block/warped_planks",
		"6": "minecraft:block/redstone_block",
		"8": "minecraft:block/light_gray_wool",
		"9": "minecraft:block/gray_terracotta",
		"particle": "minecraft:block/hay_block_top"
	},
	"elements": [
		{
			"from": [7, 3, 8.4],
			"to": [8.2, 7, 9.9],
			"rotation": {"angle": -22.5, "axis": "x", "origin": [0, 0, 0]},
			"faces": {
				"north": {"uv": [0, 0, 16, 16], "texture": "#9"},
				"east": {"uv": [0, 0, 16, 16], "texture": "#9"},
				"south": {"uv": [0, 0, 16, 16], "texture": "#9"},
				"west": {"uv": [0, 0, 16, 16], "texture": "#9"},
				"up": {"uv": [0, 0, 16, 16], "texture": "#9"},
				"down": {"uv": [0, 0, 16, 16], "texture": "#9"}
			}
		},
		{
			"from": [7, 8.9, 4.4],
			"to": [8.2, 13, 5.8],
			"rotation": {"angle": 22.5, "axis": "x", "origin": [0, 0, 0]},
			"faces": {
				"north": {"uv": [0, 0, 16, 16], "texture": "#9"},
				"east": {"uv": [0, 0, 16, 16], "texture": "#9"},
				"south": {"uv": [0, 0, 16, 16], "texture": "#9"},
				"west": {"uv": [0, 0, 16, 16], "texture": "#9"},
				"up": {"uv": [0, 0, 16, 16], "texture": "#9"},
				"down": {"uv": [0, 0, 16, 16], "texture": "#9"}
			}
		},
		{
			"from": [6.4, 3, 8.7],
			"to": [9, 7.3, 9.9],
			"rotation": {"angle": -22.5, "axis": "x", "origin": [0, 0, 0]},
			"faces": {
				"north": {"uv": [0, 0, 16, 16], "texture": "#9"},
				"east": {"uv": [0, 0, 16, 16], "texture": "#9"},
				"south": {"uv": [0, 0, 16, 16], "texture": "#9"},
				"west": {"uv": [0, 0, 16, 16], "rotation": 180, "texture": "#9"},
				"up": {"uv": [0, 0, 16, 16], "texture": "#9"},
				"down": {"uv": [0, 0, 16, 16], "texture": "#9"}
			}
		},
		{
			"from": [6.4, 8.9, 4.4],
			"to": [9, 13.2, 5.6],
			"rotation": {"angle": 22.5, "axis": "x", "origin": [0, 0, 0]},
			"faces": {
				"north": {"uv": [0, 0, 16, 16], "texture": "#9"},
				"east": {"uv": [0, 0, 16, 16], "texture": "#9"},
				"south": {"uv": [0, 0, 16, 16], "texture": "#9"},
				"west": {"uv": [0, 0, 16, 16], "texture": "#9"},
				"up": {"uv": [0, 0, 16, 16], "texture": "#9"},
				"down": {"uv": [0, 0, 16, 16], "texture": "#9"}
			}
		},
		{
			"from": [1.5, 7.3, 7.6],
			"to": [3.1, 12.7, 7.9],
			"rotation": {"angle": -22.5, "axis": "z", "origin": [0, 0, 0]},
			"faces": {
				"north": {"uv": [0, 7, 13, 16], "rotation": 180, "texture": "#3"},
				"east": {"uv": [0, 7, 13, 16], "rotation": 180, "texture": "#3"},
				"south": {"uv": [0, 7, 13, 16], "rotation": 180, "texture": "#3"},
				"west": {"uv": [0, 7, 13, 16], "rotation": 180, "texture": "#3"},
				"up": {"uv": [0, 7, 13, 16], "rotation": 180, "texture": "#3"},
				"down": {"uv": [0, 7, 13, 16], "rotation": 180, "texture": "#3"}
			}
		},
		{
			"from": [5.8, 8.9, 3.6],
			"to": [8.2, 11.4, 5.1],
			"rotation": {"angle": 22.5, "axis": "x", "origin": [0, 0, 0]},
			"faces": {
				"north": {"uv": [0, 0, 16, 16], "texture": "#8"},
				"east": {"uv": [0, 0, 16, 16], "texture": "#8"},
				"south": {"uv": [0, 0, 16, 16], "texture": "#8"},
				"west": {"uv": [0, 0, 16, 16], "texture": "#8"},
				"up": {"uv": [0, 0, 16, 16], "texture": "#8"},
				"down": {"uv": [0, 0, 16, 16], "texture": "#8"}
			}
		},
		{
			"from": [5.8, 3, 9.2],
			"to": [8.2, 5.5, 10.6],
			"rotation": {"angle": -22.5, "axis": "x", "origin": [0, 0, 0]},
			"faces": {
				"north": {"uv": [0, 0, 16, 16], "texture": "#8"},
				"east": {"uv": [0, 0, 16, 16], "texture": "#8"},
				"south": {"uv": [0, 0, 16, 16], "texture": "#8"},
				"west": {"uv": [0, 0, 16, 16], "texture": "#8"},
				"up": {"uv": [0, 0, 16, 16], "texture": "#8"},
				"down": {"uv": [0, 0, 16, 16], "texture": "#8"}
			}
		},
		{
			"from": [1.8, 7.4, 7.2],
			"to": [3.3, 12.7, 8.3],
			"rotation": {"angle": -22.5, "axis": "z", "origin": [0, 0, 0]},
			"faces": {
				"north": {"uv": [0, 0, 16, 16], "texture": "#9"},
				"east": {"uv": [0, 0, 16, 16], "texture": "#9"},
				"south": {"uv": [0, 0, 16, 16], "texture": "#9"},
				"west": {"uv": [0, 0, 16, 16], "texture": "#9"},
				"up": {"uv": [0, 0, 16, 16], "texture": "#9"},
				"down": {"uv": [0, 0, 16, 16], "texture": "#2"}
			}
		},
		{
			"from": [2.1, 8.3, 7.3],
			"to": [4.3, 12.7, 8.2],
			"rotation": {"angle": -22.5, "axis": "z", "origin": [0, 0, 0]},
			"faces": {
				"north": {"uv": [0, 0, 16, 16], "texture": "#9"},
				"east": {"uv": [0, 0, 16, 16], "texture": "#9"},
				"south": {"uv": [0, 0, 16, 16], "texture": "#9"},
				"west": {"uv": [0, 0, 16, 16], "texture": "#9"},
				"up": {"uv": [0, 0, 16, 16], "texture": "#9"},
				"down": {"uv": [0, 0, 16, 16], "texture": "#9"}
			}
		},
		{
			"from": [5.4, 11.7, 3.7],
			"to": [6.4, 12.8, 5.1],
			"rotation": {"angle": 22.5, "axis": "x", "origin": [0, 0, 0]},
			"faces": {
				"north": {"uv": [0, 0, 1, 1.4], "texture": "#missing"},
				"east": {"uv": [0, 0, 1.4, 1.4], "texture": "#missing"},
				"south": {"uv": [0, 7, 13, 16], "rotation": 180, "texture": "#3"},
				"west": {"uv": [2, 3, 10, 11], "texture": "#6"},
				"up": {"uv": [0, 0, 1, 1.4], "texture": "#missing"},
				"down": {"uv": [0, 0, 1, 1.4], "texture": "#missing"}
			}
		},
		{
			"from": [5.4, 5.8, 9.2],
			"to": [6.4, 6.9, 10.6],
			"rotation": {"angle": -22.5, "axis": "x", "origin": [0, 0, 0]},
			"faces": {
				"north": {"uv": [0, 7, 13, 16], "rotation": 180, "texture": "#3"},
				"east": {"uv": [0, 0, 1.4, 1.4], "texture": "#missing"},
				"south": {"uv": [0, 0, 1, 1.4], "texture": "#missing"},
				"west": {"uv": [2, 3, 10, 11], "texture": "#6"},
				"up": {"uv": [0, 0, 1, 1.4], "texture": "#missing"},
				"down": {"uv": [0, 0, 1, 1.4], "texture": "#missing"}
			}
		},
		{
			"from": [1.9, 9.3, 7.3],
			"to": [2.1, 12.7, 8.2],
			"rotation": {"angle": -22.5, "axis": "z", "origin": [0, 0, 0]},
			"faces": {
				"north": {"uv": [0, 0, 16, 16], "texture": "#8"},
				"east": {"uv": [0, 0, 16, 16], "texture": "#8"},
				"south": {"uv": [0, 0, 16, 16], "texture": "#8"},
				"west": {"uv": [0, 0, 16, 16], "texture": "#8"},
				"up": {"uv": [0, 0, 16, 16], "texture": "#8"},
				"down": {"uv": [0, 0, 16, 16], "texture": "#8"}
			}
		},
		{
			"from": [1.6, 10.2, 7.3],
			"to": [1.9, 12.7, 8.2],
			"rotation": {"angle": -22.5, "axis": "z", "origin": [0, 0, 0]},
			"faces": {
				"north": {"uv": [0, 0, 16, 16], "texture": "#8"},
				"east": {"uv": [0, 0, 16, 16], "texture": "#8"},
				"south": {"uv": [0, 0, 16, 16], "texture": "#8"},
				"west": {"uv": [0, 0, 16, 16], "texture": "#9"},
				"up": {"uv": [0, 0, 16, 16], "texture": "#8"},
				"down": {"uv": [0, 0, 16, 16], "texture": "#8"}
			}
		},
		{
			"from": [6.1, 5.9, 8.9],
			"to": [6.4, 7.3, 10.6],
			"rotation": {"angle": -22.5, "axis": "x", "origin": [0, 0, 0]},
			"faces": {
				"north": {"uv": [0, 0, 16, 16], "texture": "#9"},
				"east": {"uv": [0, 0, 16, 16], "texture": "#9"},
				"south": {"uv": [0, 0, 16, 16], "texture": "#9"},
				"west": {"uv": [0, 0, 16, 16], "texture": "#9"},
				"up": {"uv": [0, 0, 16, 16], "texture": "#9"},
				"down": {"uv": [0, 0, 16, 16], "texture": "#9"}
			}
		},
		{
			"from": [6.1, 11.8, 3.6],
			"to": [6.4, 13.2, 5.4],
			"rotation": {"angle": 22.5, "axis": "x", "origin": [0, 0, 0]},
			"faces": {
				"north": {"uv": [0, 0, 16, 16], "texture": "#9"},
				"east": {"uv": [0, 0, 16, 16], "texture": "#9"},
				"south": {"uv": [0, 0, 16, 16], "texture": "#9"},
				"west": {"uv": [0, 0, 16, 16], "texture": "#9"},
				"up": {"uv": [0, 0, 16, 16], "texture": "#9"},
				"down": {"uv": [0, 0, 16, 16], "texture": "#9"}
			}
		},
		{
			"from": [5.4, 5.7, 6.7],
			"to": [6.1, 6.9, 8.8],
			"faces": {
				"north": {"uv": [0, 0, 16, 16], "texture": "#9"},
				"east": {"uv": [0, 0, 16, 16], "texture": "#9"},
				"south": {"uv": [0, 0, 16, 16], "texture": "#9"},
				"west": {"uv": [0, 0, 16, 16], "texture": "#9"},
				"up": {"uv": [0, 0, 16, 16], "texture": "#9"},
				"down": {"uv": [0, 0, 16, 16], "texture": "#9"}
			}
		},
		{
			"from": [5.6, 6, 6.5],
			"to": [6.5, 8.5, 9],
			"faces": {
				"north": {"uv": [0, 0, 16, 16], "texture": "#9"},
				"east": {"uv": [0, 0, 16, 16], "texture": "#9"},
				"south": {"uv": [0, 0, 16, 16], "texture": "#9"},
				"west": {"uv": [0, 0, 16, 16], "texture": "#9"},
				"up": {"uv": [0, 0, 16, 16], "texture": "#9"},
				"down": {"uv": [0, 0, 16, 16], "texture": "#9"}
			}
		},
		{
			"from": [5.8, 7.7, 5.9],
			"to": [7.8, 9.5, 9.5],
			"faces": {
				"north": {"uv": [0, 0, 16, 16], "texture": "#9"},
				"east": {"uv": [0, 0, 16, 16], "texture": "#9"},
				"south": {"uv": [0, 0, 16, 16], "texture": "#9"},
				"west": {"uv": [0, 0, 16, 16], "texture": "#9"},
				"up": {"uv": [0, 0, 16, 16], "texture": "#9"},
				"down": {"uv": [0, 0, 16, 16], "texture": "#9"}
			}
		},
		{
			"from": [5.2, 6.9, 6.7],
			"to": [6.5, 8.4, 8.8],
			"faces": {
				"north": {"uv": [0, 0, 16, 16], "texture": "#9"},
				"east": {"uv": [0, 0, 16, 16], "texture": "#9"},
				"south": {"uv": [0, 0, 16, 16], "texture": "#9"},
				"west": {"uv": [0, 0, 16, 16], "texture": "#9"},
				"up": {"uv": [0, 0, 16, 16], "texture": "#9"},
				"down": {"uv": [0, 0, 16, 16], "texture": "#9"}
			}
		},
		{
			"from": [5.3, 7.3, 7],
			"to": [6.5, 8.9, 8.6],
			"faces": {
				"north": {"uv": [0, 0, 16, 16], "texture": "#9"},
				"east": {"uv": [0, 0, 16, 16], "texture": "#9"},
				"south": {"uv": [0, 0, 16, 16], "texture": "#9"},
				"west": {"uv": [0, 0, 16, 16], "texture": "#9"},
				"up": {"uv": [0, 0, 16, 16], "texture": "#9"},
				"down": {"uv": [0, 0, 16, 16], "texture": "#9"}
			}
		},
		{
			"from": [4.7, 5.9, 7.1],
			"to": [6.5, 6.9, 8.4],
			"faces": {
				"north": {"uv": [0, 0, 16, 16], "texture": "#9"},
				"east": {"uv": [0, 0, 16, 16], "texture": "#9"},
				"south": {"uv": [0, 0, 16, 16], "texture": "#9"},
				"west": {"uv": [0, 0, 16, 16], "texture": "#9"},
				"up": {"uv": [0, 0, 16, 16], "texture": "#9"},
				"down": {"uv": [0, 0, 16, 16], "texture": "#2"}
			}
		},
		{
			"from": [4.9, 5.9, 7],
			"to": [6.3, 7.4, 8.5],
			"faces": {
				"north": {"uv": [0, 0, 16, 16], "texture": "#9"},
				"east": {"uv": [0, 0, 16, 16], "texture": "#9"},
				"south": {"uv": [0, 0, 16, 16], "texture": "#9"},
				"west": {"uv": [0, 0, 16, 16], "texture": "#9"},
				"up": {"uv": [0, 0, 16, 16], "texture": "#9"},
				"down": {"uv": [0, 0, 16, 16], "texture": "#9"}
			}
		},
		{
			"from": [5.1, 6, 7],
			"to": [6.6, 8, 8.5],
			"faces": {
				"north": {"uv": [0, 0, 16, 16], "texture": "#9"},
				"east": {"uv": [0, 0, 16, 16], "texture": "#9"},
				"south": {"uv": [0, 0, 16, 16], "texture": "#9"},
				"west": {"uv": [0, 0, 16, 16], "texture": "#9"},
				"up": {"uv": [0, 0, 16, 16], "texture": "#9"},
				"down": {"uv": [0, 0, 16, 16], "texture": "#9"}
			}
		},
		{
			"from": [5.8, 6.7, 6.4],
			"to": [6.5, 8.5, 9.1],
			"faces": {
				"north": {"uv": [0, 0, 16, 16], "texture": "#9"},
				"east": {"uv": [0, 0, 16, 16], "texture": "#9"},
				"south": {"uv": [0, 0, 16, 16], "texture": "#9"},
				"west": {"uv": [0, 0, 16, 16], "texture": "#9"},
				"up": {"uv": [0, 0, 16, 16], "texture": "#9"},
				"down": {"uv": [0, 0, 16, 16], "texture": "#9"}
			}
		},
		{
			"from": [5.6, 8, 6],
			"to": [7.8, 9.5, 9.4],
			"faces": {
				"north": {"uv": [0, 0, 16, 16], "texture": "#9"},
				"east": {"uv": [0, 0, 16, 16], "texture": "#9"},
				"south": {"uv": [0, 0, 16, 16], "texture": "#9"},
				"west": {"uv": [0, 0, 16, 16], "texture": "#9"},
				"up": {"uv": [0, 0, 16, 16], "texture": "#9"},
				"down": {"uv": [0, 0, 16, 16], "texture": "#9"}
			}
		},
		{
			"from": [1.4, 10.2, 7.6],
			"to": [4.3, 12.7, 7.9],
			"rotation": {"angle": -22.5, "axis": "z", "origin": [0, 0, 0]},
			"faces": {
				"north": {"uv": [0, 7, 13, 16], "rotation": 180, "texture": "#3"},
				"east": {"uv": [0, 7, 13, 16], "rotation": 180, "texture": "#3"},
				"south": {"uv": [0, 7, 13, 16], "rotation": 180, "texture": "#3"},
				"west": {"uv": [0, 7, 13, 16], "rotation": 180, "texture": "#3"},
				"up": {"uv": [0, 7, 13, 16], "rotation": 180, "texture": "#3"},
				"down": {"uv": [0, 7, 13, 16], "rotation": 180, "texture": "#3"}
			}
		},
		{
			"from": [5.2, 10, 5.3],
			"to": [10.2, 10.3, 10.2],
			"faces": {
				"north": {"uv": [0, 7, 13, 16], "rotation": 180, "texture": "#3"},
				"east": {"uv": [0, 7, 13, 16], "rotation": 180, "texture": "#3"},
				"south": {"uv": [0, 7, 13, 16], "rotation": 180, "texture": "#3"},
				"west": {"uv": [0, 7, 13, 16], "rotation": 180, "texture": "#3"},
				"up": {"uv": [0, 7, 13, 16], "rotation": 180, "texture": "#3"},
				"down": {"uv": [0, 7, 13, 16], "rotation": 180, "texture": "#3"}
			}
		},
		{
			"from": [5.7, 10, 5.4],
			"to": [10.2, 11.7, 10.1],
			"faces": {
				"north": {"uv": [0, 7, 13, 16], "rotation": 180, "texture": "#3"},
				"east": {"uv": [0, 7, 13, 16], "rotation": 180, "texture": "#3"},
				"south": {"uv": [0, 7, 13, 16], "rotation": 180, "texture": "#3"},
				"west": {"uv": [0, 7, 13, 16], "rotation": 180, "texture": "#3"},
				"up": {"uv": [0, 7, 13, 16], "rotation": 180, "texture": "#3"},
				"down": {"uv": [0, 7, 13, 16], "rotation": 180, "texture": "#3"}
			}
		},
		{
			"from": [5.7, 11.7, 5.5],
			"to": [10.2, 11.9, 10],
			"faces": {
				"north": {"uv": [0, 7, 13, 16], "rotation": 180, "texture": "#3"},
				"east": {"uv": [0, 7, 13, 16], "rotation": 180, "texture": "#3"},
				"south": {"uv": [0, 7, 13, 16], "rotation": 180, "texture": "#3"},
				"west": {"uv": [0, 7, 13, 16], "rotation": 180, "texture": "#3"},
				"up": {"uv": [0, 7, 13, 16], "rotation": 180, "texture": "#3"},
				"down": {"uv": [0, 7, 13, 16], "rotation": 180, "texture": "#3"}
			}
		},
		{
			"from": [5.9, 11.9, 5.6],
			"to": [10.2, 12.1, 9.9],
			"faces": {
				"north": {"uv": [0, 7, 13, 16], "rotation": 180, "texture": "#3"},
				"east": {"uv": [0, 7, 13, 16], "rotation": 180, "texture": "#3"},
				"south": {"uv": [0, 7, 13, 16], "rotation": 180, "texture": "#3"},
				"west": {"uv": [0, 7, 13, 16], "rotation": 180, "texture": "#3"},
				"up": {"uv": [0, 7, 13, 16], "rotation": 180, "texture": "#3"},
				"down": {"uv": [0, 7, 13, 16], "rotation": 180, "texture": "#3"}
			}
		},
		{
			"from": [5.3, 10, 5.6],
			"to": [5.7, 11.7, 9.9],
			"faces": {
				"north": {"uv": [0, 7, 13, 16], "rotation": 180, "texture": "#3"},
				"east": {"uv": [0, 7, 13, 16], "rotation": 180, "texture": "#3"},
				"south": {"uv": [0, 7, 13, 16], "rotation": 180, "texture": "#3"},
				"west": {"uv": [0, 7, 13, 16], "rotation": 180, "texture": "#3"},
				"up": {"uv": [0, 7, 13, 16], "rotation": 180, "texture": "#3"},
				"down": {"uv": [0, 7, 13, 16], "rotation": 180, "texture": "#3"}
			}
		},
		{
			"from": [5.4, 11.5, 5.8],
			"to": [5.7, 11.8, 9.7],
			"faces": {
				"north": {"uv": [0, 7, 13, 16], "rotation": 180, "texture": "#3"},
				"east": {"uv": [0, 7, 13, 16], "rotation": 180, "texture": "#3"},
				"south": {"uv": [0, 7, 13, 16], "rotation": 180, "texture": "#3"},
				"west": {"uv": [0, 7, 13, 16], "rotation": 180, "texture": "#3"},
				"up": {"uv": [0, 7, 13, 16], "rotation": 180, "texture": "#3"},
				"down": {"uv": [0, 7, 13, 16], "rotation": 180, "texture": "#3"}
			}
		},
		{
			"from": [6, 12.1, 7.4],
			"to": [9.1, 12.9, 8.2],
			"faces": {
				"north": {"uv": [0, 7, 13, 16], "rotation": 180, "texture": "#3"},
				"east": {"uv": [0, 7, 13, 16], "rotation": 180, "texture": "#3"},
				"south": {"uv": [0, 7, 13, 16], "rotation": 180, "texture": "#3"},
				"west": {"uv": [0, 7, 13, 16], "rotation": 180, "texture": "#3"},
				"up": {"uv": [0, 7, 13, 16], "rotation": 180, "texture": "#3"},
				"down": {"uv": [0, 7, 13, 16], "rotation": 180, "texture": "#3"}
			}
		},
		{
			"from": [0.5, 14.3, 7.4],
			"to": [4.6, 15.2, 8.2],
			"rotation": {"angle": -22.5, "axis": "z", "origin": [0, 0, 0]},
			"faces": {
				"north": {"uv": [0, 7, 13, 16], "rotation": 180, "texture": "#3"},
				"east": {"uv": [0, 7, 13, 16], "rotation": 180, "texture": "#3"},
				"south": {"uv": [0, 7, 13, 16], "rotation": 180, "texture": "#3"},
				"west": {"uv": [0, 7, 13, 16], "rotation": 180, "texture": "#3"},
				"up": {"uv": [0, 7, 13, 16], "rotation": 180, "texture": "#3"},
				"down": {"uv": [0, 7, 13, 16], "rotation": 180, "texture": "#3"}
			}
		},
		{
			"from": [5.8, 4.1, 13.2],
			"to": [10.2, 5.6, 13.3],
			"rotation": {"angle": -22.5, "axis": "x", "origin": [0, 0, 0]},
			"faces": {
				"north": {"uv": [0, 7, 13, 16], "rotation": 180, "texture": "#3"},
				"east": {"uv": [0, 7, 13, 16], "rotation": 180, "texture": "#3"},
				"south": {"uv": [0, 7, 13, 16], "rotation": 180, "texture": "#3"},
				"west": {"uv": [0, 7, 13, 16], "rotation": 180, "texture": "#3"},
				"up": {"uv": [0, 7, 13, 16], "rotation": 180, "texture": "#3"},
				"down": {"uv": [0, 7, 13, 16], "rotation": 180, "texture": "#3"}
			}
		},
		{
			"from": [5.8, 10, 1],
			"to": [10.2, 11.5, 1.1],
			"rotation": {"angle": 22.5, "axis": "x", "origin": [0, 0, 0]},
			"faces": {
				"north": {"uv": [0, 7, 13, 16], "rotation": 180, "texture": "#3"},
				"east": {"uv": [0, 7, 13, 16], "rotation": 180, "texture": "#3"},
				"south": {"uv": [0, 7, 13, 16], "rotation": 180, "texture": "#3"},
				"west": {"uv": [0, 7, 13, 16], "rotation": 180, "texture": "#3"},
				"up": {"uv": [0, 7, 13, 16], "rotation": 180, "texture": "#3"},
				"down": {"uv": [0, 7, 13, 16], "rotation": 180, "texture": "#3"}
			}
		},
		{
			"from": [5.9, 8.5, 6],
			"to": [10.2, 10, 9.4],
			"faces": {
				"north": {"uv": [0, 7, 13, 16], "rotation": 180, "texture": "#3"},
				"east": {"uv": [0, 7, 13, 16], "rotation": 180, "texture": "#3"},
				"south": {"uv": [0, 7, 13, 16], "rotation": 180, "texture": "#3"},
				"west": {"uv": [0, 7, 13, 16], "rotation": 180, "texture": "#3"},
				"up": {"uv": [0, 7, 13, 16], "rotation": 180, "texture": "#3"},
				"down": {"uv": [0, 7, 13, 16], "rotation": 180, "texture": "#3"}
			}
		},
		{
			"from": [8.2, 7.5, 6.3],
			"to": [10, 10, 9.2],
			"faces": {
				"north": {"uv": [0, 7, 13, 16], "rotation": 180, "texture": "#3"},
				"east": {"uv": [0, 7, 13, 16], "rotation": 180, "texture": "#3"},
				"south": {"uv": [0, 7, 13, 16], "rotation": 180, "texture": "#3"},
				"west": {"uv": [0, 7, 13, 16], "rotation": 180, "texture": "#3"},
				"up": {"uv": [0, 7, 13, 16], "rotation": 180, "texture": "#3"},
				"down": {"uv": [0, 7, 13, 16], "rotation": 180, "texture": "#3"}
			}
		},
		{
			"from": [6, 6.8, 6.5],
			"to": [9.5, 10, 8.9],
			"faces": {
				"north": {"uv": [0, 7, 13, 16], "rotation": 180, "texture": "#3"},
				"east": {"uv": [0, 7, 13, 16], "rotation": 180, "texture": "#3"},
				"south": {"uv": [0, 7, 13, 16], "rotation": 180, "texture": "#3"},
				"west": {"uv": [0, 7, 13, 16], "rotation": 180, "texture": "#3"},
				"up": {"uv": [0, 7, 13, 16], "rotation": 180, "texture": "#3"},
				"down": {"uv": [0, 7, 13, 16], "rotation": 180, "texture": "#3"}
			}
		},
		{
			"from": [5.2, 10.8, 7.6],
			"to": [5.3, 11.1, 7.9],
			"faces": {
				"north": {"uv": [0, 0, 16, 16], "texture": "#0"},
				"east": {"uv": [0, 0, 16, 16], "texture": "#0"},
				"south": {"uv": [0, 0, 16, 16], "texture": "#0"},
				"west": {"uv": [0, 0, 16, 16], "texture": "#0"},
				"up": {"uv": [0, 0, 16, 16], "texture": "#0"},
				"down": {"uv": [0, 0, 16, 16], "texture": "#0"}
			}
		},
		{
			"from": [5.2, 10.6, 7.5],
			"to": [5.3, 10.8, 7.6],
			"faces": {
				"north": {"uv": [0, 0, 16, 16], "texture": "#0"},
				"east": {"uv": [0, 0, 16, 16], "texture": "#0"},
				"south": {"uv": [0, 0, 16, 16], "texture": "#0"},
				"west": {"uv": [0, 0, 16, 16], "texture": "#0"},
				"up": {"uv": [0, 0, 16, 16], "texture": "#0"},
				"down": {"uv": [0, 0, 16, 16], "texture": "#0"}
			}
		},
		{
			"from": [5.2, 10.6, 7.9],
			"to": [5.3, 10.8, 8],
			"faces": {
				"north": {"uv": [0, 0, 16, 16], "texture": "#0"},
				"east": {"uv": [0, 0, 16, 16], "texture": "#0"},
				"south": {"uv": [0, 0, 16, 16], "texture": "#0"},
				"west": {"uv": [0, 0, 16, 16], "texture": "#0"},
				"up": {"uv": [0, 0, 16, 16], "texture": "#0"},
				"down": {"uv": [0, 0, 16, 16], "texture": "#0"}
			}
		},
		{
			"from": [5.1, 10, 5.2],
			"to": [10.2, 10.1, 10.3],
			"faces": {
				"north": {"uv": [0, 7, 13, 16], "rotation": 180, "texture": "#3"},
				"east": {"uv": [0, 7, 13, 16], "rotation": 180, "texture": "#3"},
				"south": {"uv": [0, 7, 13, 16], "rotation": 180, "texture": "#3"},
				"west": {"uv": [0, 7, 13, 16], "rotation": 180, "texture": "#3"},
				"up": {"uv": [0, 7, 13, 16], "rotation": 180, "texture": "#3"},
				"down": {"uv": [0, 7, 13, 16], "rotation": 180, "texture": "#3"}
			}
		},
		{
			"from": [5.2, 11, 7.9],
			"to": [5.3, 11.1, 8.1],
			"faces": {
				"north": {"uv": [0, 0, 16, 16], "texture": "#0"},
				"east": {"uv": [0, 0, 16, 16], "texture": "#0"},
				"south": {"uv": [0, 0, 16, 16], "texture": "#0"},
				"west": {"uv": [0, 0, 16, 16], "texture": "#0"},
				"up": {"uv": [0, 0, 16, 16], "texture": "#0"},
				"down": {"uv": [0, 0, 16, 16], "texture": "#0"}
			}
		},
		{
			"from": [5.2, 11, 7.4],
			"to": [5.3, 11.1, 7.6],
			"faces": {
				"north": {"uv": [0, 0, 16, 16], "texture": "#0"},
				"east": {"uv": [0, 0, 16, 16], "texture": "#0"},
				"south": {"uv": [0, 0, 16, 16], "texture": "#0"},
				"west": {"uv": [0, 0, 16, 16], "texture": "#0"},
				"up": {"uv": [0, 0, 16, 16], "texture": "#0"},
				"down": {"uv": [0, 0, 16, 16], "texture": "#0"}
			}
		},
		{
			"from": [5.2, 7.3, 10.5],
			"to": [5.3, 7.4, 11.1],
			"rotation": {"angle": -22.5, "axis": "x", "origin": [0, 0, 0]},
			"faces": {
				"north": {"uv": [0, 0, 16, 16], "texture": "#0"},
				"east": {"uv": [0, 0, 16, 16], "texture": "#0"},
				"south": {"uv": [0, 0, 16, 16], "texture": "#0"},
				"west": {"uv": [0, 0, 16, 16], "texture": "#0"},
				"up": {"uv": [0, 0, 16, 16], "texture": "#0"},
				"down": {"uv": [0, 0, 16, 16], "texture": "#0"}
			}
		},
		{
			"from": [5.2, 13.2, 3.2],
			"to": [5.3, 13.3, 3.8],
			"rotation": {"angle": 22.5, "axis": "x", "origin": [0, 0, 0]},
			"faces": {
				"north": {"uv": [0, 0, 16, 16], "texture": "#0"},
				"east": {"uv": [0, 0, 16, 16], "texture": "#0"},
				"south": {"uv": [0, 0, 16, 16], "texture": "#0"},
				"west": {"uv": [0, 0, 16, 16], "texture": "#0"},
				"up": {"uv": [0, 0, 16, 16], "texture": "#0"},
				"down": {"uv": [0, 0, 16, 16], "texture": "#0"}
			}
		},
		{
			"from": [5.2, 10.9, 6.7],
			"to": [5.3, 11, 7.3],
			"faces": {
				"north": {"uv": [0, 0, 16, 16], "texture": "#0"},
				"east": {"uv": [0, 0, 16, 16], "texture": "#0"},
				"south": {"uv": [0, 0, 16, 16], "texture": "#0"},
				"west": {"uv": [0, 0, 16, 16], "texture": "#0"},
				"up": {"uv": [0, 0, 16, 16], "texture": "#0"},
				"down": {"uv": [0, 0, 16, 16], "texture": "#0"}
			}
		},
		{
			"from": [5.2, 10.7, 7.7],
			"to": [5.3, 10.8, 7.8],
			"faces": {
				"north": {"uv": [0, 0, 16, 16], "texture": "#0"},
				"east": {"uv": [0, 0, 16, 16], "texture": "#0"},
				"south": {"uv": [0, 0, 16, 16], "texture": "#0"},
				"west": {"uv": [0, 0, 16, 16], "texture": "#0"},
				"up": {"uv": [0, 0, 16, 16], "texture": "#0"},
				"down": {"uv": [0, 0, 16, 16], "texture": "#0"}
			}
		},
		{
			"from": [5.2, 11.2, 7.6],
			"to": [5.3, 11.3, 7.9],
			"faces": {
				"north": {"uv": [0, 0, 16, 16], "texture": "#0"},
				"east": {"uv": [0, 0, 16, 16], "texture": "#0"},
				"south": {"uv": [0, 0, 16, 16], "texture": "#0"},
				"west": {"uv": [0, 0, 16, 16], "texture": "#0"},
				"up": {"uv": [0, 0, 16, 16], "texture": "#0"},
				"down": {"uv": [0, 0, 16, 16], "texture": "#0"}
			}
		},
		{
			"from": [5.2, 11.1, 8.1],
			"to": [5.3, 11.2, 9],
			"faces": {
				"north": {"uv": [0, 0, 16, 16], "texture": "#0"},
				"east": {"uv": [0, 0, 16, 16], "texture": "#0"},
				"south": {"uv": [0, 0, 16, 16], "texture": "#0"},
				"west": {"uv": [0, 0, 16, 16], "texture": "#0"},
				"up": {"uv": [0, 0, 16, 16], "texture": "#0"},
				"down": {"uv": [0, 0, 16, 16], "texture": "#0"}
			}
		},
		{
			"from": [5.2, 11.1, 6.5],
			"to": [5.3, 11.2, 7.4],
			"faces": {
				"north": {"uv": [0, 0, 16, 16], "texture": "#0"},
				"east": {"uv": [0, 0, 16, 16], "texture": "#0"},
				"south": {"uv": [0, 0, 16, 16], "texture": "#0"},
				"west": {"uv": [0, 0, 16, 16], "texture": "#0"},
				"up": {"uv": [0, 0, 16, 16], "texture": "#0"},
				"down": {"uv": [0, 0, 16, 16], "texture": "#0"}
			}
		},
		{
			"from": [5.2, 11.3, 8],
			"to": [5.3, 11.4, 9.2],
			"faces": {
				"north": {"uv": [0, 0, 16, 16], "texture": "#0"},
				"east": {"uv": [0, 0, 16, 16], "texture": "#0"},
				"south": {"uv": [0, 0, 16, 16], "texture": "#0"},
				"west": {"uv": [0, 0, 16, 16], "texture": "#0"},
				"up": {"uv": [0, 0, 16, 16], "texture": "#0"},
				"down": {"uv": [0, 0, 16, 16], "texture": "#0"}
			}
		},
		{
			"from": [5.2, 11.2, 8.1],
			"to": [5.3, 11.3, 8.2],
			"faces": {
				"north": {"uv": [0, 0, 16, 16], "texture": "#0"},
				"east": {"uv": [0, 0, 16, 16], "texture": "#0"},
				"south": {"uv": [0, 0, 16, 16], "texture": "#0"},
				"west": {"uv": [0, 0, 16, 16], "texture": "#0"},
				"up": {"uv": [0, 0, 16, 16], "texture": "#0"},
				"down": {"uv": [0, 0, 16, 16], "texture": "#0"}
			}
		},
		{
			"from": [5.2, 11.2, 7.3],
			"to": [5.3, 11.3, 7.4],
			"faces": {
				"north": {"uv": [0, 0, 16, 16], "texture": "#0"},
				"east": {"uv": [0, 0, 16, 16], "texture": "#0"},
				"south": {"uv": [0, 0, 16, 16], "texture": "#0"},
				"west": {"uv": [0, 0, 16, 16], "texture": "#0"},
				"up": {"uv": [0, 0, 16, 16], "texture": "#0"},
				"down": {"uv": [0, 0, 16, 16], "texture": "#0"}
			}
		},
		{
			"from": [5.2, 11.3, 6.3],
			"to": [5.3, 11.4, 7.5],
			"faces": {
				"north": {"uv": [0, 0, 16, 16], "texture": "#0"},
				"east": {"uv": [0, 0, 16, 16], "texture": "#0"},
				"south": {"uv": [0, 0, 16, 16], "texture": "#0"},
				"west": {"uv": [0, 0, 16, 16], "texture": "#0"},
				"up": {"uv": [0, 0, 16, 16], "texture": "#0"},
				"down": {"uv": [0, 0, 16, 16], "texture": "#0"}
			}
		},
		{
			"from": [5.2, 11.1, 7.7],
			"to": [5.3, 11.2, 7.8],
			"faces": {
				"north": {"uv": [0, 0, 16, 16], "texture": "#0"},
				"east": {"uv": [0, 0, 16, 16], "texture": "#0"},
				"south": {"uv": [0, 0, 16, 16], "texture": "#0"},
				"west": {"uv": [0, 0, 16, 16], "texture": "#0"},
				"up": {"uv": [0, 0, 16, 16], "texture": "#0"},
				"down": {"uv": [0, 0, 16, 16], "texture": "#0"}
			}
		},
		{
			"from": [5.2, 10.9, 8.2],
			"to": [5.3, 11, 8.8],
			"faces": {
				"north": {"uv": [0, 0, 16, 16], "texture": "#0"},
				"east": {"uv": [0, 0, 16, 16], "texture": "#0"},
				"south": {"uv": [0, 0, 16, 16], "texture": "#0"},
				"west": {"uv": [0, 0, 16, 16], "texture": "#0"},
				"up": {"uv": [0, 0, 16, 16], "texture": "#0"},
				"down": {"uv": [0, 0, 16, 16], "texture": "#0"}
			}
		},
		{
			"from": [5.2, 8.8, 6.3],
			"to": [7.4, 8.9, 6.4],
			"faces": {
				"north": {"uv": [0, 7, 13, 16], "rotation": 180, "texture": "#3"},
				"east": {"uv": [0, 7, 13, 16], "rotation": 180, "texture": "#3"},
				"south": {"uv": [0, 7, 13, 16], "rotation": 180, "texture": "#3"},
				"west": {"uv": [0, 7, 13, 16], "rotation": 180, "texture": "#3"},
				"up": {"uv": [0, 7, 13, 16], "rotation": 180, "texture": "#3"},
				"down": {"uv": [0, 7, 13, 16], "rotation": 180, "texture": "#3"}
			}
		},
		{
			"from": [5.2, 8.8, 9.1],
			"to": [7.4, 8.9, 9.2],
			"faces": {
				"north": {"uv": [0, 7, 13, 16], "rotation": 180, "texture": "#3"},
				"east": {"uv": [0, 7, 13, 16], "rotation": 180, "texture": "#3"},
				"south": {"uv": [0, 7, 13, 16], "rotation": 180, "texture": "#3"},
				"west": {"uv": [0, 7, 13, 16], "rotation": 180, "texture": "#3"},
				"up": {"uv": [0, 7, 13, 16], "rotation": 180, "texture": "#3"},
				"down": {"uv": [0, 7, 13, 16], "rotation": 180, "texture": "#3"}
			}
		},
		{
			"from": [5.2, 8.8, 8.5],
			"to": [7.4, 8.9, 9.1],
			"faces": {
				"north": {"uv": [0, 7, 13, 16], "rotation": 180, "texture": "#3"},
				"east": {"uv": [0, 7, 13, 16], "rotation": 180, "texture": "#3"},
				"south": {"uv": [0, 7, 13, 16], "rotation": 180, "texture": "#3"},
				"west": {"uv": [0, 7, 13, 16], "rotation": 180, "texture": "#3"},
				"up": {"uv": [0, 7, 13, 16], "rotation": 180, "texture": "#3"},
				"down": {"uv": [0, 7, 13, 16], "rotation": 180, "texture": "#3"}
			}
		},
		{
			"from": [5.2, 8.8, 6.4],
			"to": [7.4, 8.9, 7],
			"faces": {
				"north": {"uv": [0, 7, 13, 16], "rotation": 180, "texture": "#3"},
				"east": {"uv": [0, 7, 13, 16], "rotation": 180, "texture": "#3"},
				"south": {"uv": [0, 7, 13, 16], "rotation": 180, "texture": "#3"},
				"west": {"uv": [0, 7, 13, 16], "rotation": 180, "texture": "#3"},
				"up": {"uv": [0, 7, 13, 16], "rotation": 180, "texture": "#3"},
				"down": {"uv": [0, 7, 13, 16], "rotation": 180, "texture": "#3"}
			}
		},
		{
			"from": [5.2, 8.9, 6.2],
			"to": [7.4, 9.1, 6.3],
			"faces": {
				"north": {"uv": [0, 7, 13, 16], "rotation": 180, "texture": "#3"},
				"east": {"uv": [0, 7, 13, 16], "rotation": 180, "texture": "#3"},
				"south": {"uv": [0, 7, 13, 16], "rotation": 180, "texture": "#3"},
				"west": {"uv": [0, 7, 13, 16], "rotation": 180, "texture": "#3"},
				"up": {"uv": [0, 7, 13, 16], "rotation": 180, "texture": "#3"},
				"down": {"uv": [0, 7, 13, 16], "rotation": 180, "texture": "#3"}
			}
		},
		{
			"from": [5.2, 8.9, 9.2],
			"to": [7.4, 9.1, 9.3],
			"faces": {
				"north": {"uv": [0, 7, 13, 16], "rotation": 180, "texture": "#3"},
				"east": {"uv": [0, 7, 13, 16], "rotation": 180, "texture": "#3"},
				"south": {"uv": [0, 7, 13, 16], "rotation": 180, "texture": "#3"},
				"west": {"uv": [0, 7, 13, 16], "rotation": 180, "texture": "#3"},
				"up": {"uv": [0, 7, 13, 16], "rotation": 180, "texture": "#3"},
				"down": {"uv": [0, 7, 13, 16], "rotation": 180, "texture": "#3"}
			}
		},
		{
			"from": [5.2, 9.1, 9.3],
			"to": [7.4, 9.3, 9.4],
			"faces": {
				"north": {"uv": [0, 7, 13, 16], "rotation": 180, "texture": "#3"},
				"east": {"uv": [0, 7, 13, 16], "rotation": 180, "texture": "#3"},
				"south": {"uv": [0, 7, 13, 16], "rotation": 180, "texture": "#3"},
				"west": {"uv": [0, 7, 13, 16], "rotation": 180, "texture": "#3"},
				"up": {"uv": [0, 7, 13, 16], "rotation": 180, "texture": "#3"},
				"down": {"uv": [0, 7, 13, 16], "rotation": 180, "texture": "#3"}
			}
		},
		{
			"from": [5.2, 9.1, 6.1],
			"to": [7.4, 9.3, 6.2],
			"faces": {
				"north": {"uv": [0, 7, 13, 16], "rotation": 180, "texture": "#3"},
				"east": {"uv": [0, 7, 13, 16], "rotation": 180, "texture": "#3"},
				"south": {"uv": [0, 7, 13, 16], "rotation": 180, "texture": "#3"},
				"west": {"uv": [0, 7, 13, 16], "rotation": 180, "texture": "#3"},
				"up": {"uv": [0, 7, 13, 16], "rotation": 180, "texture": "#3"},
				"down": {"uv": [0, 7, 13, 16], "rotation": 180, "texture": "#3"}
			}
		},
		{
			"from": [5.2, 9.3, 6],
			"to": [7.4, 10, 6.1],
			"faces": {
				"north": {"uv": [0, 7, 13, 16], "rotation": 180, "texture": "#3"},
				"east": {"uv": [0, 7, 13, 16], "rotation": 180, "texture": "#3"},
				"south": {"uv": [0, 7, 13, 16], "rotation": 180, "texture": "#3"},
				"west": {"uv": [0, 7, 13, 16], "rotation": 180, "texture": "#3"},
				"up": {"uv": [0, 7, 13, 16], "rotation": 180, "texture": "#3"},
				"down": {"uv": [0, 7, 13, 16], "rotation": 180, "texture": "#3"}
			}
		},
		{
			"from": [5.2, 9.3, 9.4],
			"to": [7.4, 10, 9.5],
			"faces": {
				"north": {"uv": [0, 7, 13, 16], "rotation": 180, "texture": "#3"},
				"east": {"uv": [0, 7, 13, 16], "rotation": 180, "texture": "#3"},
				"south": {"uv": [0, 7, 13, 16], "rotation": 180, "texture": "#3"},
				"west": {"uv": [0, 7, 13, 16], "rotation": 180, "texture": "#3"},
				"up": {"uv": [0, 7, 13, 16], "rotation": 180, "texture": "#3"},
				"down": {"uv": [0, 7, 13, 16], "rotation": 180, "texture": "#3"}
			}
		},
		{
			"from": [5.2, 8.8, 7],
			"to": [7.4, 9, 7.2],
			"faces": {
				"north": {"uv": [0, 7, 13, 16], "rotation": 180, "texture": "#3"},
				"east": {"uv": [0, 7, 13, 16], "rotation": 180, "texture": "#3"},
				"south": {"uv": [0, 7, 13, 16], "rotation": 180, "texture": "#3"},
				"west": {"uv": [0, 7, 13, 16], "rotation": 180, "texture": "#3"},
				"up": {"uv": [0, 7, 13, 16], "rotation": 180, "texture": "#3"},
				"down": {"uv": [0, 7, 13, 16], "rotation": 180, "texture": "#3"}
			}
		},
		{
			"from": [5.2, 9, 7.5],
			"to": [7.4, 10.1, 7.6],
			"faces": {
				"north": {"uv": [0, 7, 13, 16], "rotation": 180, "texture": "#3"},
				"east": {"uv": [0, 7, 13, 16], "rotation": 180, "texture": "#3"},
				"south": {"uv": [0, 7, 13, 16], "rotation": 180, "texture": "#3"},
				"west": {"uv": [0, 7, 13, 16], "rotation": 180, "texture": "#3"},
				"up": {"uv": [0, 7, 13, 16], "rotation": 180, "texture": "#3"},
				"down": {"uv": [0, 7, 13, 16], "rotation": 180, "texture": "#3"}
			}
		},
		{
			"from": [5.2, 9, 7.9],
			"to": [7.4, 10, 8],
			"faces": {
				"north": {"uv": [0, 7, 13, 16], "rotation": 180, "texture": "#3"},
				"east": {"uv": [0, 7, 13, 16], "rotation": 180, "texture": "#3"},
				"south": {"uv": [0, 7, 13, 16], "rotation": 180, "texture": "#3"},
				"west": {"uv": [0, 7, 13, 16], "rotation": 180, "texture": "#3"},
				"up": {"uv": [0, 7, 13, 16], "rotation": 180, "texture": "#3"},
				"down": {"uv": [0, 7, 13, 16], "rotation": 180, "texture": "#3"}
			}
		},
		{
			"from": [5.2, 8.9, 7.2],
			"to": [7.4, 9.1, 7.3],
			"faces": {
				"north": {"uv": [0, 7, 13, 16], "rotation": 180, "texture": "#3"},
				"east": {"uv": [0, 7, 13, 16], "rotation": 180, "texture": "#3"},
				"south": {"uv": [0, 7, 13, 16], "rotation": 180, "texture": "#3"},
				"west": {"uv": [0, 7, 13, 16], "rotation": 180, "texture": "#3"},
				"up": {"uv": [0, 7, 13, 16], "rotation": 180, "texture": "#3"},
				"down": {"uv": [0, 7, 13, 16], "rotation": 180, "texture": "#3"}
			}
		},
		{
			"from": [5.2, 8.9, 8.2],
			"to": [7.4, 9.1, 8.3],
			"faces": {
				"north": {"uv": [0, 7, 13, 16], "rotation": 180, "texture": "#3"},
				"east": {"uv": [0, 7, 13, 16], "rotation": 180, "texture": "#3"},
				"south": {"uv": [0, 7, 13, 16], "rotation": 180, "texture": "#3"},
				"west": {"uv": [0, 7, 13, 16], "rotation": 180, "texture": "#3"},
				"up": {"uv": [0, 7, 13, 16], "rotation": 180, "texture": "#3"},
				"down": {"uv": [0, 7, 13, 16], "rotation": 180, "texture": "#3"}
			}
		},
		{
			"from": [5.2, 9, 8],
			"to": [7.4, 9.3, 8.2],
			"faces": {
				"north": {"uv": [0, 7, 13, 16], "rotation": 180, "texture": "#3"},
				"east": {"uv": [0, 7, 13, 16], "rotation": 180, "texture": "#3"},
				"south": {"uv": [0, 7, 13, 16], "rotation": 180, "texture": "#3"},
				"west": {"uv": [0, 7, 13, 16], "rotation": 180, "texture": "#3"},
				"up": {"uv": [0, 7, 13, 16], "rotation": 180, "texture": "#3"},
				"down": {"uv": [0, 7, 13, 16], "rotation": 180, "texture": "#3"}
			}
		},
		{
			"from": [5.2, 9, 7.3],
			"to": [7.4, 9.3, 7.5],
			"faces": {
				"north": {"uv": [0, 7, 13, 16], "rotation": 180, "texture": "#3"},
				"east": {"uv": [0, 7, 13, 16], "rotation": 180, "texture": "#3"},
				"south": {"uv": [0, 7, 13, 16], "rotation": 180, "texture": "#3"},
				"west": {"uv": [0, 7, 13, 16], "rotation": 180, "texture": "#3"},
				"up": {"uv": [0, 7, 13, 16], "rotation": 180, "texture": "#3"},
				"down": {"uv": [0, 7, 13, 16], "rotation": 180, "texture": "#3"}
			}
		},
		{
			"from": [5.2, 9.3, 7.4],
			"to": [7.4, 10, 7.5],
			"faces": {
				"north": {"uv": [0, 7, 13, 16], "rotation": 180, "texture": "#3"},
				"east": {"uv": [0, 7, 13, 16], "rotation": 180, "texture": "#3"},
				"south": {"uv": [0, 7, 13, 16], "rotation": 180, "texture": "#3"},
				"west": {"uv": [0, 7, 13, 16], "rotation": 180, "texture": "#3"},
				"up": {"uv": [0, 7, 13, 16], "rotation": 180, "texture": "#3"},
				"down": {"uv": [0, 7, 13, 16], "rotation": 180, "texture": "#3"}
			}
		},
		{
			"from": [5.2, 9.3, 8],
			"to": [7.4, 10, 8.1],
			"faces": {
				"north": {"uv": [0, 7, 13, 16], "rotation": 180, "texture": "#3"},
				"east": {"uv": [0, 7, 13, 16], "rotation": 180, "texture": "#3"},
				"south": {"uv": [0, 7, 13, 16], "rotation": 180, "texture": "#3"},
				"west": {"uv": [0, 7, 13, 16], "rotation": 180, "texture": "#3"},
				"up": {"uv": [0, 7, 13, 16], "rotation": 180, "texture": "#3"},
				"down": {"uv": [0, 7, 13, 16], "rotation": 180, "texture": "#3"}
			}
		},
		{
			"from": [5.4, 8.9, 6.4],
			"to": [7.4, 9.3, 7.3],
			"faces": {
				"north": {"uv": [0, 3, 16, 4], "texture": "#5"},
				"east": {"uv": [0, 3, 16, 4], "texture": "#5"},
				"south": {"uv": [0, 3, 16, 4], "texture": "#5"},
				"west": {"uv": [4, 4, 12, 12], "texture": "#6"},
				"up": {"uv": [0, 3, 16, 4], "texture": "#5"},
				"down": {"uv": [0, 3, 16, 4], "texture": "#5"}
			}
		},
		{
			"from": [5.4, 8.9, 8.2],
			"to": [7.4, 9.3, 9.1],
			"faces": {
				"north": {"uv": [0, 3, 16, 4], "texture": "#5"},
				"east": {"uv": [0, 3, 16, 4], "texture": "#5"},
				"south": {"uv": [0, 3, 16, 4], "texture": "#5"},
				"west": {"uv": [4, 4, 12, 12], "texture": "#6"},
				"up": {"uv": [0, 3, 16, 4], "texture": "#5"},
				"down": {"uv": [0, 3, 16, 4], "texture": "#5"}
			}
		},
		{
			"from": [5.9, 12.1, 7.4],
			"to": [6.3, 13.8, 8.2],
			"faces": {
				"north": {"uv": [0, 7, 13, 16], "rotation": 180, "texture": "#3"},
				"east": {"uv": [0, 7, 13, 16], "rotation": 180, "texture": "#3"},
				"south": {"uv": [0, 7, 13, 16], "rotation": 180, "texture": "#3"},
				"west": {"uv": [0, 7, 13, 16], "rotation": 180, "texture": "#3"},
				"up": {"uv": [0, 7, 13, 16], "rotation": 180, "texture": "#3"},
				"down": {"uv": [0, 7, 13, 16], "rotation": 180, "texture": "#3"}
			}
		},
		{
			"from": [5.2, 8.8, 8.3],
			"to": [7.4, 9, 8.5],
			"faces": {
				"north": {"uv": [0, 7, 13, 16], "rotation": 180, "texture": "#3"},
				"east": {"uv": [0, 7, 13, 16], "rotation": 180, "texture": "#3"},
				"south": {"uv": [0, 7, 13, 16], "rotation": 180, "texture": "#3"},
				"west": {"uv": [0, 7, 13, 16], "rotation": 180, "texture": "#3"},
				"up": {"uv": [0, 7, 13, 16], "rotation": 180, "texture": "#3"},
				"down": {"uv": [0, 7, 13, 16], "rotation": 180, "texture": "#3"}
			}
		},
		{
			"from": [1.7, 7.1, 7.4],
			"to": [2.4, 7.2, 8.1],
			"rotation": {"angle": -22.5, "axis": "z", "origin": [0, 0, 0]},
			"faces": {
				"north": {"uv": [0, 0, 16, 16], "texture": "#4"},
				"east": {"uv": [0, 0, 16, 16], "texture": "#4"},
				"south": {"uv": [0, 0, 16, 16], "texture": "#4"},
				"west": {"uv": [0, 0, 16, 16], "texture": "#4"},
				"up": {"uv": [0, 0, 16, 16], "texture": "#4"},
				"down": {"uv": [0, 0, 16, 16], "texture": "#4"}
			}
		},
		{
			"from": [1.8, 7, 7.5],
			"to": [2.3, 7.3, 8],
			"rotation": {"angle": -22.5, "axis": "z", "origin": [0, 0, 0]},
			"faces": {
				"north": {"uv": [0, 0, 16, 16], "texture": "#4"},
				"east": {"uv": [0, 0, 16, 16], "texture": "#4"},
				"south": {"uv": [0, 0, 16, 16], "texture": "#4"},
				"west": {"uv": [0, 0, 16, 16], "texture": "#4"},
				"up": {"uv": [0, 0, 16, 16], "texture": "#4"},
				"down": {"uv": [0, 0, 16, 16], "texture": "#4"}
			}
		},
		{
			"from": [4.7, 4, 7.6],
			"to": [5, 5, 7.9],
			"faces": {
				"north": {"uv": [0, 0, 4, 16], "texture": "#2"},
				"east": {"uv": [0, 0, 4, 16], "texture": "#2"},
				"south": {"uv": [0, 0, 4, 16], "texture": "#2"},
				"west": {"uv": [0, 0, 4, 16], "texture": "#2"},
				"up": {"uv": [0, 0, 4, 16], "texture": "#2"},
				"down": {"uv": [0, 0, 4, 16], "texture": "#2"}
			}
		},
		{
			"from": [4.7, 5.8, 5.4],
			"to": [5, 6.8, 5.7],
			"rotation": {"angle": 22.5, "axis": "x", "origin": [0, 0, 0]},
			"faces": {
				"north": {"uv": [0, 0, 4, 16], "texture": "#2"},
				"east": {"uv": [0, 0, 4, 16], "texture": "#2"},
				"south": {"uv": [0, 0, 4, 16], "texture": "#2"},
				"west": {"uv": [0, 0, 4, 16], "texture": "#2"},
				"up": {"uv": [0, 0, 4, 16], "texture": "#2"},
				"down": {"uv": [0, 0, 4, 16], "texture": "#2"}
			}
		},
		{
			"from": [5.3, -3, 7.2],
			"to": [5.6, -2, 7.5],
			"rotation": {"angle": 45, "axis": "z", "origin": [0, 0, 0]},
			"faces": {
				"north": {"uv": [0, 0, 4, 16], "texture": "#2"},
				"east": {"uv": [0, 0, 4, 16], "texture": "#2"},
				"south": {"uv": [0, 0, 4, 16], "texture": "#2"},
				"west": {"uv": [0, 0, 4, 16], "texture": "#2"},
				"up": {"uv": [0, 0, 4, 16], "texture": "#2"},
				"down": {"uv": [0, 0, 4, 16], "texture": "#2"}
			}
		},
		{
			"from": [5.6, 0.2, 7.2],
			"to": [5.9, 1.2, 7.5],
			"rotation": {"angle": 22.5, "axis": "z", "origin": [0, 0, 0]},
			"faces": {
				"north": {"uv": [0, 0, 4, 16], "texture": "#2"},
				"east": {"uv": [0, 0, 4, 16], "texture": "#2"},
				"south": {"uv": [0, 0, 4, 16], "texture": "#2"},
				"west": {"uv": [0, 0, 4, 16], "texture": "#2"},
				"up": {"uv": [0, 0, 4, 16], "texture": "#2"},
				"down": {"uv": [0, 0, 4, 16], "texture": "#2"}
			}
		},
		{
			"from": [6.2, 2.7, 7.6],
			"to": [6.5, 3.7, 7.9],
			"rotation": {"angle": 22.5, "axis": "z", "origin": [0, 0, 0]},
			"faces": {
				"north": {"uv": [0, 0, 4, 16], "texture": "#2"},
				"east": {"uv": [0, 0, 4, 16], "texture": "#2"},
				"south": {"uv": [0, 0, 4, 16], "texture": "#2"},
				"west": {"uv": [0, 0, 4, 16], "texture": "#2"},
				"up": {"uv": [0, 0, 4, 16], "texture": "#2"},
				"down": {"uv": [0, 0, 4, 16], "texture": "#2"}
			}
		},
		{
			"from": [5.9, 0.9, 6.7],
			"to": [6.6, 2.1, 8.8],
			"faces": {
				"north": {"uv": [0, 0, 16, 16], "texture": "#4"},
				"east": {"uv": [0, 0, 16, 16], "texture": "#4"},
				"south": {"uv": [0, 0, 16, 16], "texture": "#4"},
				"west": {"uv": [0, 0, 16, 16], "texture": "#4"},
				"up": {"uv": [0, 0, 16, 16], "texture": "#4"},
				"down": {"uv": [0, 0, 16, 16], "texture": "#4"}
			}
		},
		{
			"from": [5.9, 7.5, 6.3],
			"to": [7.1, 10, 9.2],
			"faces": {
				"north": {"uv": [0, 0, 16, 16], "rotation": 180, "texture": "#9"},
				"east": {"uv": [0, 0, 16, 16], "rotation": 180, "texture": "#9"},
				"south": {"uv": [0, 0, 16, 16], "rotation": 180, "texture": "#9"},
				"west": {"uv": [0, 0, 16, 16], "rotation": 180, "texture": "#9"},
				"up": {"uv": [0, 0, 16, 16], "rotation": 180, "texture": "#9"},
				"down": {"uv": [0, 0, 16, 16], "rotation": 180, "texture": "#9"}
			}
		}
	],
	"display": {
		"head": {
			"rotation": [0, -90, 0],
			"translation": [-1, -3, 0],
			"scale": [3.31, 2.81, 3.33]
		}
	}
}