{
	"credit": "Made with Blockbench",
	"parent": "17",
	"textures": {
		"0": "minecraft:block/redstone_block",
		"2": "minecraft:block/bone_block_side",
		"4": "minecraft:block/green_concrete_powder",
		"5": "minecraft:block/green_terracotta",
		"7": "minecraft:block/lime_terracotta",
		"9": "minecraft:block/spruce_door_top",
		"10": "minecraft:block/red_concrete",
		"particle": "minecraft:block/redstone_block"
	},
	"elements": [
		{
			"from": [6.284, 3.3, 3.776],
			"to": [9.716, 7.176, 6.68],
			"rotation": {"angle": 0, "axis": "y", "origin": [-2.56, 0, -2.56]},
			"faces": {
				"north": {"uv": [0, 0, 16, 16], "texture": "#5"},
				"east": {"uv": [0, 0, 16, 16], "texture": "#5"},
				"south": {"uv": [0, 0, 16, 16], "texture": "#5"},
				"west": {"uv": [0, 0, 16, 16], "texture": "#5"},
				"up": {"uv": [0, 0, 16, 16], "texture": "#5"},
				"down": {"uv": [0, 0, 16, 16], "texture": "#5"}
			}
		},
		{
			"from": [4.244, 6.732, 3.776],
			"to": [6.284, 8.64, 6.68],
			"rotation": {"angle": 0, "axis": "y", "origin": [-2.56, 0, -2.56]},
			"faces": {
				"north": {"uv": [0, 0, 16, 16], "texture": "#9"},
				"east": {"uv": [0, 0, 16, 16], "texture": "#9"},
				"south": {"uv": [0, 0, 16, 16], "texture": "#9"},
				"west": {"uv": [0, 0, 16, 16], "texture": "#9"},
				"up": {"uv": [0, 0, 16, 16], "texture": "#9"},
				"down": {"uv": [0, 0, 16, 16], "texture": "#9"}
			}
		},
		{
			"from": [9.716, 6.732, 3.776],
			"to": [11.756, 8.64, 6.68],
			"rotation": {"angle": 0, "axis": "y", "origin": [-2.56, 0, -2.56]},
			"faces": {
				"north": {"uv": [0, 0, 16, 16], "texture": "#9"},
				"east": {"uv": [0, 0, 16, 16], "texture": "#9"},
				"south": {"uv": [0, 0, 16, 16], "texture": "#9"},
				"west": {"uv": [0, 0, 16, 16], "texture": "#9"},
				"up": {"uv": [0, 0, 16, 16], "texture": "#9"},
				"down": {"uv": [0, 0, 16, 16], "texture": "#9"}
			}
		},
		{
			"from": [9.32, 2.64, 4.04],
			"to": [10.112, 3.3, 6.416],
			"rotation": {"angle": 0, "axis": "y", "origin": [-2.56, 0, -2.56]},
			"faces": {
				"north": {"uv": [0, 0, 16, 16], "texture": "#10"},
				"east": {"uv": [0, 0, 16, 16], "texture": "#10"},
				"south": {"uv": [0, 0, 16, 16], "texture": "#10"},
				"west": {"uv": [0, 0, 16, 16], "texture": "#10"},
				"up": {"uv": [0, 0, 16, 16], "texture": "#10"},
				"down": {"uv": [0, 0, 16, 16], "texture": "#10"}
			}
		},
		{
			"from": [5.888, 2.64, 4.04],
			"to": [6.68, 3.3, 6.416],
			"rotation": {"angle": 0, "axis": "y", "origin": [-2.56, 0, -2.56]},
			"faces": {
				"north": {"uv": [0, 0, 16, 16], "texture": "#10"},
				"east": {"uv": [0, 0, 16, 16], "texture": "#10"},
				"south": {"uv": [0, 0, 16, 16], "texture": "#10"},
				"west": {"uv": [0, 0, 16, 16], "texture": "#10"},
				"up": {"uv": [0, 0, 16, 16], "texture": "#10"},
				"down": {"uv": [0, 0, 16, 16], "texture": "#10"}
			}
		},
		{
			"from": [5.624, 1.968, 3.512],
			"to": [7.868, 2.904, 5.888],
			"rotation": {"angle": 0, "axis": "y", "origin": [-2.56, 0, -2.56]},
			"faces": {
				"north": {"uv": [0, 0, 16, 16], "texture": "#7"},
				"east": {"uv": [0, 0, 16, 16], "texture": "#7"},
				"south": {"uv": [0, 0, 16, 16], "texture": "#7"},
				"west": {"uv": [0, 0, 16, 16], "texture": "#7"},
				"up": {"uv": [0, 0, 16, 16], "texture": "#7"},
				"down": {"uv": [0, 0, 16, 16], "texture": "#7"}
			}
		},
		{
			"from": [8.132, 1.968, 3.512],
			"to": [10.376, 2.904, 5.888],
			"rotation": {"angle": 0, "axis": "y", "origin": [-2.56, 0, -2.56]},
			"faces": {
				"north": {"uv": [0, 0, 16, 16], "texture": "#7"},
				"east": {"uv": [0, 0, 16, 16], "texture": "#7"},
				"south": {"uv": [0, 0, 16, 16], "texture": "#7"},
				"west": {"uv": [0, 0, 16, 16], "texture": "#7"},
				"up": {"uv": [0, 0, 16, 16], "texture": "#7"},
				"down": {"uv": [0, 0, 16, 16], "texture": "#7"}
			}
		},
		{
			"from": [5.756, 0.068, 3.38],
			"to": [7.868, 2.64, 5.412],
			"rotation": {"angle": 0, "axis": "y", "origin": [-2.56, 0, -2.56]},
			"faces": {
				"north": {"uv": [0, 0, 16, 16], "texture": "#7"},
				"east": {"uv": [0, 0, 16, 16], "texture": "#7"},
				"south": {"uv": [0, 0, 16, 16], "texture": "#7"},
				"west": {"uv": [0, 0, 16, 16], "texture": "#7"},
				"up": {"uv": [0, 0, 16, 16], "texture": "#7"},
				"down": {"uv": [0, 0, 16, 16], "texture": "#7"}
			}
		},
		{
			"from": [8.132, 0.068, 3.38],
			"to": [10.244, 2.64, 5.412],
			"rotation": {"angle": 0, "axis": "y", "origin": [-2.56, 0, -2.56]},
			"faces": {
				"north": {"uv": [0, 0, 16, 16], "texture": "#7"},
				"east": {"uv": [0, 0, 16, 16], "texture": "#7"},
				"south": {"uv": [0, 0, 16, 16], "texture": "#7"},
				"west": {"uv": [0, 0, 16, 16], "texture": "#7"},
				"up": {"uv": [0, 0, 16, 16], "texture": "#7"},
				"down": {"uv": [0, 0, 16, 16], "texture": "#7"}
			}
		},
		{
			"from": [5.888, 1.256, 3.116],
			"to": [7.868, 2.64, 3.38],
			"rotation": {"angle": 0, "axis": "y", "origin": [-2.56, 0, -2.56]},
			"faces": {
				"north": {"uv": [0, 0, 16, 16], "texture": "#7"},
				"east": {"uv": [0, 0, 16, 16], "texture": "#7"},
				"south": {"uv": [0, 0, 16, 16], "texture": "#7"},
				"west": {"uv": [0, 0, 16, 16], "texture": "#7"},
				"up": {"uv": [0, 0, 16, 16], "texture": "#7"},
				"down": {"uv": [0, 0, 16, 16], "texture": "#7"}
			}
		},
		{
			"from": [8.132, 1.256, 3.116],
			"to": [10.112, 2.64, 3.38],
			"rotation": {"angle": 0, "axis": "y", "origin": [-2.56, 0, -2.56]},
			"faces": {
				"north": {"uv": [0, 0, 16, 16], "texture": "#7"},
				"east": {"uv": [0, 0, 16, 16], "texture": "#7"},
				"south": {"uv": [0, 0, 16, 16], "texture": "#7"},
				"west": {"uv": [0, 0, 16, 16], "texture": "#7"},
				"up": {"uv": [0, 0, 16, 16], "texture": "#7"},
				"down": {"uv": [0, 0, 16, 16], "texture": "#7"}
			}
		},
		{
			"from": [8.132, 5.344, 6.68],
			"to": [9.98, 6.956, 7.044],
			"rotation": {"angle": 0, "axis": "y", "origin": [-2.56, 0, -2.56]},
			"faces": {
				"north": {"uv": [0, 0, 16, 16], "texture": "#7"},
				"east": {"uv": [0, 0, 16, 16], "texture": "#7"},
				"south": {"uv": [0, 0, 16, 16], "texture": "#7"},
				"west": {"uv": [0, 0, 16, 16], "texture": "#7"},
				"up": {"uv": [0, 0, 16, 16], "texture": "#7"},
				"down": {"uv": [0, 0, 16, 16], "texture": "#7"}
			}
		},
		{
			"from": [6.02, 5.344, 6.68],
			"to": [8, 6.956, 7.044],
			"rotation": {"angle": 0, "axis": "y", "origin": [-2.56, 0, -2.56]},
			"faces": {
				"north": {"uv": [0, 0, 16, 16], "texture": "#7"},
				"east": {"uv": [0, 0, 16, 16], "texture": "#7"},
				"south": {"uv": [0, 0, 16, 16], "texture": "#7"},
				"west": {"uv": [0, 0, 16, 16], "texture": "#7"},
				"up": {"uv": [0, 0, 16, 16], "texture": "#7"},
				"down": {"uv": [0, 0, 16, 16], "texture": "#7"}
			}
		},
		{
			"from": [8.528, 5.476, 4.04],
			"to": [9.98, 6.428, 7.176],
			"rotation": {"angle": 0, "axis": "y", "origin": [-2.56, 0, -2.56]},
			"faces": {
				"north": {"uv": [0, 0, 16, 16], "texture": "#7"},
				"east": {"uv": [0, 0, 16, 16], "texture": "#7"},
				"south": {"uv": [0, 0, 16, 16], "texture": "#7"},
				"west": {"uv": [0, 0, 16, 16], "texture": "#7"},
				"up": {"uv": [0, 0, 16, 16], "texture": "#7"},
				"down": {"uv": [0, 0, 16, 16], "texture": "#7"}
			}
		},
		{
			"from": [6.02, 5.476, 4.04],
			"to": [7.472, 6.428, 7.176],
			"rotation": {"angle": 0, "axis": "y", "origin": [-2.56, 0, -2.56]},
			"faces": {
				"north": {"uv": [0, 0, 16, 16], "texture": "#7"},
				"east": {"uv": [0, 0, 16, 16], "texture": "#7"},
				"south": {"uv": [0, 0, 16, 16], "texture": "#7"},
				"west": {"uv": [0, 0, 16, 16], "texture": "#7"},
				"up": {"uv": [0, 0, 16, 16], "texture": "#7"},
				"down": {"uv": [0, 0, 16, 16], "texture": "#7"}
			}
		},
		{
			"from": [8.132, 4.488, 4.04],
			"to": [9.452, 5.412, 7.044],
			"rotation": {"angle": 0, "axis": "y", "origin": [-2.56, 0, -2.56]},
			"faces": {
				"north": {"uv": [0, 0, 16, 16], "texture": "#7"},
				"east": {"uv": [0, 0, 16, 16], "texture": "#7"},
				"south": {"uv": [0, 0, 16, 16], "texture": "#7"},
				"west": {"uv": [0, 0, 16, 16], "texture": "#7"},
				"up": {"uv": [0, 0, 16, 16], "texture": "#7"},
				"down": {"uv": [0, 0, 16, 16], "texture": "#7"}
			}
		},
		{
			"from": [6.548, 4.488, 4.04],
			"to": [8, 5.412, 7.044],
			"rotation": {"angle": 0, "axis": "y", "origin": [-2.56, 0, -2.56]},
			"faces": {
				"north": {"uv": [0, 0, 16, 16], "texture": "#7"},
				"east": {"uv": [0, 0, 16, 16], "texture": "#7"},
				"south": {"uv": [0, 0, 16, 16], "texture": "#7"},
				"west": {"uv": [0, 0, 16, 16], "texture": "#7"},
				"up": {"uv": [0, 0, 16, 16], "texture": "#7"},
				"down": {"uv": [0, 0, 16, 16], "texture": "#7"}
			}
		},
		{
			"from": [6.944, 3.3, 6.548],
			"to": [8, 3.96, 6.912],
			"rotation": {"angle": 0, "axis": "y", "origin": [-2.56, 0, -2.56]},
			"faces": {
				"north": {"uv": [0, 0, 16, 16], "texture": "#7"},
				"east": {"uv": [0, 0, 16, 16], "texture": "#7"},
				"south": {"uv": [0, 0, 16, 16], "texture": "#7"},
				"west": {"uv": [0, 0, 16, 16], "texture": "#7"},
				"up": {"uv": [0, 0, 16, 16], "texture": "#7"},
				"down": {"uv": [0, 0, 16, 16], "texture": "#7"}
			}
		},
		{
			"from": [8.132, 3.3, 6.548],
			"to": [9.056, 3.96, 6.912],
			"rotation": {"angle": 0, "axis": "y", "origin": [-2.56, 0, -2.56]},
			"faces": {
				"north": {"uv": [0, 0, 16, 16], "texture": "#7"},
				"east": {"uv": [0, 0, 16, 16], "texture": "#7"},
				"south": {"uv": [0, 0, 16, 16], "texture": "#7"},
				"west": {"uv": [0, 0, 16, 16], "texture": "#7"},
				"up": {"uv": [0, 0, 16, 16], "texture": "#7"},
				"down": {"uv": [0, 0, 16, 16], "texture": "#7"}
			}
		},
		{
			"from": [7.176, 2.772, 6.416],
			"to": [7.968, 3.3, 6.68],
			"rotation": {"angle": 0, "axis": "y", "origin": [-2.56, 0, -2.56]},
			"faces": {
				"north": {"uv": [0, 0, 16, 16], "texture": "#7"},
				"east": {"uv": [0, 0, 16, 16], "texture": "#7"},
				"south": {"uv": [0, 0, 16, 16], "texture": "#7"},
				"west": {"uv": [0, 0, 16, 16], "texture": "#7"},
				"up": {"uv": [0, 0, 16, 16], "texture": "#7"},
				"down": {"uv": [0, 0, 16, 16], "texture": "#7"}
			}
		},
		{
			"from": [8.132, 2.772, 6.416],
			"to": [8.924, 3.3, 6.68],
			"rotation": {"angle": 0, "axis": "y", "origin": [-2.56, 0, -2.56]},
			"faces": {
				"north": {"uv": [0, 0, 16, 16], "texture": "#7"},
				"east": {"uv": [0, 0, 16, 16], "texture": "#7"},
				"south": {"uv": [0, 0, 16, 16], "texture": "#7"},
				"west": {"uv": [0, 0, 16, 16], "texture": "#7"},
				"up": {"uv": [0, 0, 16, 16], "texture": "#7"},
				"down": {"uv": [0, 0, 16, 16], "texture": "#7"}
			}
		},
		{
			"from": [9.716, 6.336, 6.68],
			"to": [9.98, 6.336, 6.944],
			"rotation": {"angle": 0, "axis": "y", "origin": [-2.56, 0, -2.56]},
			"color": 0,
			"faces": {
				"north": {"uv": [0, 0, 0.2, 0], "texture": "#missing"},
				"east": {"uv": [0, 0, 0.2, 0], "texture": "#missing"},
				"south": {"uv": [0, 0, 0.2, 0], "texture": "#missing"},
				"west": {"uv": [0, 0, 0.2, 0], "texture": "#missing"},
				"up": {"uv": [0, 0, 0.2, 0.2], "texture": "#missing"},
				"down": {"uv": [0, 0, 0.2, 0.2], "texture": "#missing"}
			}
		},
		{
			"from": [6.02, 6.336, 6.68],
			"to": [6.284, 6.336, 6.944],
			"rotation": {"angle": 0, "axis": "y", "origin": [-2.56, 0, -2.56]},
			"color": 0,
			"faces": {
				"north": {"uv": [0, 0, 0.2, 0], "texture": "#missing"},
				"east": {"uv": [0, 0, 0.2, 0], "texture": "#missing"},
				"south": {"uv": [0, 0, 0.2, 0], "texture": "#missing"},
				"west": {"uv": [0, 0, 0.2, 0], "texture": "#missing"},
				"up": {"uv": [0, 0, 0.2, 0.2], "texture": "#missing"},
				"down": {"uv": [0, 0, 0.2, 0.2], "texture": "#missing"}
			}
		},
		{
			"from": [6.02, 6.96, 6.68],
			"to": [7.472, 7.08, 6.812],
			"rotation": {"angle": 0, "axis": "y", "origin": [-2.56, 0, -2.56]},
			"faces": {
				"north": {"uv": [0, 0, 1.1, 1], "texture": "#7"},
				"east": {"uv": [0, 0, 1.1, 1], "texture": "#7"},
				"south": {"uv": [0, 0, 1.1, 1], "texture": "#7"},
				"west": {"uv": [0, 0, 1.1, 1], "texture": "#7"},
				"up": {"uv": [0, 0, 1.1, 1], "texture": "#7"},
				"down": {"uv": [0, 0, 1.1, 1], "texture": "#7"}
			}
		},
		{
			"from": [8.528, 6.532, 6.68],
			"to": [9.98, 7.08, 6.812],
			"rotation": {"angle": 0, "axis": "y", "origin": [-2.56, 0, -2.56]},
			"faces": {
				"north": {"uv": [0, 0, 1.1, 1.4], "texture": "#7"},
				"east": {"uv": [0, 0, 1.1, 1.4], "texture": "#7"},
				"south": {"uv": [0, 0, 1.1, 1.4], "texture": "#7"},
				"west": {"uv": [0, 0, 1.1, 1.4], "texture": "#7"},
				"up": {"uv": [0, 0, 1.1, 1.4], "texture": "#7"},
				"down": {"uv": [0, 0, 1.1, 1.4], "texture": "#7"}
			}
		},
		{
			"from": [7.472, 5.412, 6.68],
			"to": [8.528, 6.992, 6.812],
			"rotation": {"angle": 0, "axis": "y", "origin": [-2.56, 0, -2.56]},
			"faces": {
				"north": {"uv": [0, 0, 16, 16], "texture": "#5"},
				"east": {"uv": [0, 0, 16, 16], "texture": "#5"},
				"south": {"uv": [0, 0, 16, 16], "texture": "#5"},
				"west": {"uv": [0, 0, 16, 16], "texture": "#5"},
				"up": {"uv": [0, 0, 16, 16], "texture": "#5"},
				"down": {"uv": [0, 0, 16, 16], "texture": "#5"}
			}
		},
		{
			"from": [6.68, 2.376, 3.644],
			"to": [9.32, 3.3, 6.548],
			"rotation": {"angle": 0, "axis": "y", "origin": [-2.56, 0, -2.56]},
			"faces": {
				"north": {"uv": [0, 0, 16, 16], "texture": "#10"},
				"east": {"uv": [0, 0, 16, 16], "texture": "#10"},
				"south": {"uv": [0, 0, 16, 16], "texture": "#10"},
				"west": {"uv": [0, 0, 16, 16], "texture": "#10"},
				"up": {"uv": [0, 0, 16, 16], "texture": "#10"},
				"down": {"uv": [0, 0, 16, 16], "texture": "#10"}
			}
		},
		{
			"from": [7.472, 1.848, 3.644],
			"to": [8.528, 2.508, 6.68],
			"rotation": {"angle": 0, "axis": "y", "origin": [-2.56, 0, -2.56]},
			"faces": {
				"north": {"uv": [0, 0, 16, 16], "texture": "#10"},
				"east": {"uv": [0, 0, 16, 16], "texture": "#10"},
				"south": {"uv": [0, 0, 16, 16], "texture": "#10"},
				"west": {"uv": [0, 0, 16, 16], "texture": "#10"},
				"up": {"uv": [0, 0, 16, 16], "texture": "#10"},
				"down": {"uv": [0, 0, 16, 16], "texture": "#10"}
			}
		},
		{
			"from": [7.472, 1.716, 3.644],
			"to": [8.528, 1.848, 6.548],
			"rotation": {"angle": 0, "axis": "y", "origin": [-2.56, 0, -2.56]},
			"faces": {
				"north": {"uv": [0, 0, 16, 16], "texture": "#10"},
				"east": {"uv": [0, 0, 16, 16], "texture": "#10"},
				"south": {"uv": [0, 0, 16, 16], "texture": "#10"},
				"west": {"uv": [0, 0, 16, 16], "texture": "#10"},
				"up": {"uv": [0, 0, 16, 16], "texture": "#10"},
				"down": {"uv": [0, 0, 16, 16], "texture": "#10"}
			}
		},
		{
			"from": [8.132, 3.96, 6.548],
			"to": [9.32, 4.488, 6.912],
			"rotation": {"angle": 0, "axis": "y", "origin": [-2.56, 0, -2.56]},
			"faces": {
				"north": {"uv": [0, 0, 16, 16], "texture": "#7"},
				"east": {"uv": [0, 0, 16, 16], "texture": "#7"},
				"south": {"uv": [0, 0, 16, 16], "texture": "#7"},
				"west": {"uv": [0, 0, 16, 16], "texture": "#7"},
				"up": {"uv": [0, 0, 16, 16], "texture": "#7"},
				"down": {"uv": [0, 0, 16, 16], "texture": "#7"}
			}
		},
		{
			"from": [6.68, 3.96, 6.548],
			"to": [8, 4.488, 6.912],
			"rotation": {"angle": 0, "axis": "y", "origin": [-2.56, 0, -2.56]},
			"faces": {
				"north": {"uv": [0, 0, 16, 16], "texture": "#7"},
				"east": {"uv": [0, 0, 16, 16], "texture": "#7"},
				"south": {"uv": [0, 0, 16, 16], "texture": "#7"},
				"west": {"uv": [0, 0, 16, 16], "texture": "#7"},
				"up": {"uv": [0, 0, 16, 16], "texture": "#7"},
				"down": {"uv": [0, 0, 16, 16], "texture": "#7"}
			}
		},
		{
			"from": [8.924, 5.312, 6.68],
			"to": [9.716, 5.444, 7.176],
			"rotation": {"angle": 0, "axis": "y", "origin": [-2.56, 0, -2.56]},
			"faces": {
				"north": {"uv": [0, 0, 16, 16], "texture": "#7"},
				"east": {"uv": [0, 0, 16, 16], "texture": "#7"},
				"south": {"uv": [0, 0, 16, 16], "texture": "#7"},
				"west": {"uv": [0, 0, 16, 16], "texture": "#7"},
				"up": {"uv": [0, 0, 16, 16], "texture": "#7"},
				"down": {"uv": [0, 0, 16, 16], "texture": "#7"}
			}
		},
		{
			"from": [6.284, 5.312, 6.68],
			"to": [7.076, 5.444, 7.176],
			"rotation": {"angle": 0, "axis": "y", "origin": [-2.56, 0, -2.56]},
			"faces": {
				"north": {"uv": [0, 0, 16, 16], "texture": "#7"},
				"east": {"uv": [0, 0, 16, 16], "texture": "#7"},
				"south": {"uv": [0, 0, 16, 16], "texture": "#7"},
				"west": {"uv": [0, 0, 16, 16], "texture": "#7"},
				"up": {"uv": [0, 0, 16, 16], "texture": "#7"},
				"down": {"uv": [0, 0, 16, 16], "texture": "#7"}
			}
		},
		{
			"from": [8.132, 0.596, 3.116],
			"to": [9.848, 1.056, 3.38],
			"rotation": {"angle": 0, "axis": "y", "origin": [-2.56, 0, -2.56]},
			"faces": {
				"north": {"uv": [0, 0, 16, 16], "texture": "#7"},
				"east": {"uv": [0, 0, 16, 16], "texture": "#7"},
				"south": {"uv": [0, 0, 16, 16], "texture": "#7"},
				"west": {"uv": [0, 0, 16, 16], "texture": "#7"},
				"up": {"uv": [0, 0, 16, 16], "texture": "#7"},
				"down": {"uv": [0, 0, 16, 16], "texture": "#7"}
			}
		},
		{
			"from": [6.152, 0.596, 3.116],
			"to": [7.868, 1.056, 3.38],
			"rotation": {"angle": 0, "axis": "y", "origin": [-2.56, 0, -2.56]},
			"faces": {
				"north": {"uv": [0, 0, 16, 16], "texture": "#7"},
				"east": {"uv": [0, 0, 16, 16], "texture": "#7"},
				"south": {"uv": [0, 0, 16, 16], "texture": "#7"},
				"west": {"uv": [0, 0, 16, 16], "texture": "#7"},
				"up": {"uv": [0, 0, 16, 16], "texture": "#7"},
				"down": {"uv": [0, 0, 16, 16], "texture": "#7"}
			}
		},
		{
			"from": [8.264, 0.992, 2.852],
			"to": [9.32, 2.64, 3.448],
			"rotation": {"angle": 0, "axis": "y", "origin": [-2.56, 0, -2.56]},
			"faces": {
				"north": {"uv": [0, 0, 16, 16], "texture": "#7"},
				"east": {"uv": [0, 0, 16, 16], "texture": "#7"},
				"south": {"uv": [0, 0, 16, 16], "texture": "#7"},
				"west": {"uv": [0, 0, 16, 16], "texture": "#7"},
				"up": {"uv": [0, 0, 16, 16], "texture": "#7"},
				"down": {"uv": [0, 0, 16, 16], "texture": "#7"}
			}
		},
		{
			"from": [6.548, 0.992, 2.852],
			"to": [7.736, 2.64, 3.448],
			"rotation": {"angle": 0, "axis": "y", "origin": [-2.56, 0, -2.56]},
			"faces": {
				"north": {"uv": [0, 0, 16, 16], "texture": "#7"},
				"east": {"uv": [0, 0, 16, 16], "texture": "#7"},
				"south": {"uv": [0, 0, 16, 16], "texture": "#7"},
				"west": {"uv": [0, 0, 16, 16], "texture": "#7"},
				"up": {"uv": [0, 0, 16, 16], "texture": "#7"},
				"down": {"uv": [0, 0, 16, 16], "texture": "#7"}
			}
		},
		{
			"from": [10.116, 5.632, 4.076],
			"to": [11.456, 6.74, 6.48],
			"rotation": {"angle": 0, "axis": "y", "origin": [-2.56, 0, -2.56]},
			"faces": {
				"north": {"uv": [0, 0, 16, 16], "texture": "#7"},
				"east": {"uv": [0, 0, 16, 16], "texture": "#7"},
				"south": {"uv": [0, 0, 16, 16], "texture": "#7"},
				"west": {"uv": [0, 0, 16, 16], "texture": "#7"},
				"up": {"uv": [0, 0, 16, 16], "texture": "#7"},
				"down": {"uv": [0, 0, 16, 16], "texture": "#7"}
			}
		},
		{
			"from": [4.544, 5.632, 4.076],
			"to": [5.884, 6.74, 6.48],
			"rotation": {"angle": 0, "axis": "y", "origin": [-2.56, 0, -2.56]},
			"faces": {
				"north": {"uv": [0, 0, 16, 16], "texture": "#7"},
				"east": {"uv": [0, 0, 16, 16], "texture": "#7"},
				"south": {"uv": [0, 0, 16, 16], "texture": "#7"},
				"west": {"uv": [0, 0, 16, 16], "texture": "#7"},
				"up": {"uv": [0, 0, 16, 16], "texture": "#7"},
				"down": {"uv": [0, 0, 16, 16], "texture": "#7"}
			}
		},
		{
			"from": [9.72933, 5.79608, 1.01022],
			"to": [10.15976, 6.11891, 1.92488],
			"rotation": {"angle": 45, "axis": "x", "origin": [3.5957, 4.39719, 8.0047]},
			"faces": {
				"north": {"uv": [0, 0, 16, 16], "rotation": 90, "texture": "#7"},
				"east": {"uv": [0, 0, 16, 16], "rotation": 90, "texture": "#7"},
				"south": {"uv": [0, 0, 16, 16], "rotation": 90, "texture": "#7"},
				"west": {"uv": [0, 0, 16, 16], "rotation": 90, "texture": "#7"},
				"up": {"uv": [0, 0, 16, 16], "rotation": 90, "texture": "#7"},
				"down": {"uv": [0, 0, 16, 16], "rotation": 90, "texture": "#7"}
			}
		},
		{
			"from": [7.46957, 12.73676, 3.75421],
			"to": [8.59945, 13.221, 5.31452],
			"rotation": {"angle": 0, "axis": "y", "origin": [3.5957, 5.31185, 8.0047]},
			"faces": {
				"north": {"uv": [0, 0, 16, 16], "texture": "#10"},
				"east": {"uv": [0, 0, 16, 16], "texture": "#10"},
				"south": {"uv": [0, 0, 16, 16], "texture": "#10"},
				"west": {"uv": [0, 0, 16, 16], "texture": "#10"},
				"up": {"uv": [0, 0, 16, 16], "texture": "#10"},
				"down": {"uv": [0, 0, 16, 16], "texture": "#10"}
			}
		},
		{
			"from": [7.52337, 12.73676, 3.10856],
			"to": [8.54564, 13.221, 5.31452],
			"rotation": {"angle": 0, "axis": "y", "origin": [3.5957, 5.31185, 8.0047]},
			"faces": {
				"north": {"uv": [0, 0, 16, 16], "texture": "#10"},
				"east": {"uv": [0, 0, 16, 16], "texture": "#10"},
				"south": {"uv": [0, 0, 16, 16], "texture": "#10"},
				"west": {"uv": [0, 0, 16, 16], "texture": "#10"},
				"up": {"uv": [0, 0, 16, 16], "texture": "#10"},
				"down": {"uv": [0, 0, 16, 16], "texture": "#10"}
			}
		},
		{
			"from": [8.00761, 14.29707, 6.22918],
			"to": [8.06141, 14.35088, 7.52047],
			"rotation": {"angle": -22.5, "axis": "x", "origin": [3.5957, 5.31185, 8.0047]},
			"faces": {
				"north": {"uv": [0, 0, 16, 16], "texture": "#10"},
				"east": {"uv": [0, 0, 16, 16], "texture": "#10"},
				"south": {"uv": [0, 0, 16, 16], "texture": "#10"},
				"west": {"uv": [0, 0, 16, 16], "texture": "#10"},
				"up": {"uv": [0, 0, 16, 16], "texture": "#10"},
				"down": {"uv": [0, 0, 16, 16], "texture": "#10"}
			}
		},
		{
			"from": [7.8462, 14.18946, 6.22918],
			"to": [7.9, 14.24327, 7.52047],
			"rotation": {"angle": -22.5, "axis": "x", "origin": [3.5957, 5.31185, 8.0047]},
			"faces": {
				"north": {"uv": [0, 0, 16, 16], "rotation": 90, "texture": "#10"},
				"east": {"uv": [0, 0, 16, 16], "rotation": 90, "texture": "#10"},
				"south": {"uv": [0, 0, 16, 16], "rotation": 90, "texture": "#10"},
				"west": {"uv": [0, 0, 16, 16], "rotation": 90, "texture": "#10"},
				"up": {"uv": [0, 0, 16, 16], "rotation": 90, "texture": "#10"},
				"down": {"uv": [0, 0, 16, 16], "rotation": 90, "texture": "#10"}
			}
		},
		{
			"from": [7.68479, 12.73676, 4.29225],
			"to": [8.43804, 13.11339, 5.52973],
			"rotation": {"angle": 0, "axis": "y", "origin": [3.5957, 5.31185, 8.0047]},
			"faces": {
				"north": {"uv": [0, 0, 16, 16], "rotation": 90, "texture": "#missing"},
				"east": {"uv": [0, 0, 16, 16], "rotation": 90, "texture": "#missing"},
				"south": {"uv": [0, 0, 16, 16], "rotation": 90, "texture": "#missing"},
				"west": {"uv": [0, 0, 16, 16], "rotation": 90, "texture": "#missing"},
				"up": {"uv": [0, 0, 16, 16], "texture": "#missing"},
				"down": {"uv": [0, 0, 16, 16], "rotation": 180, "texture": "#missing"}
			}
		},
		{
			"from": [7.57718, 12.73676, 3.91562],
			"to": [8.49184, 13.16719, 5.58354],
			"rotation": {"angle": 0, "axis": "y", "origin": [3.5957, 5.31185, 8.0047]},
			"faces": {
				"north": {"uv": [0, 0, 16, 16], "texture": "#10"},
				"east": {"uv": [0, 0, 16, 16], "texture": "#10"},
				"south": {"uv": [0, 0, 16, 16], "texture": "#10"},
				"west": {"uv": [0, 0, 16, 16], "texture": "#10"},
				"up": {"uv": [0, 0, 16, 16], "texture": "#10"},
				"down": {"uv": [0, 0, 16, 16], "texture": "#10"}
			}
		},
		{
			"from": [8.11521, 12.95198, 2.73194],
			"to": [8.16902, 13.05959, 4.88409],
			"rotation": {"angle": 0, "axis": "y", "origin": [3.5957, 5.31185, 8.0047]},
			"faces": {
				"north": {"uv": [0, 0, 16, 16], "texture": "#10"},
				"east": {"uv": [0, 0, 16, 16], "texture": "#10"},
				"south": {"uv": [0, 0, 16, 16], "texture": "#10"},
				"west": {"uv": [0, 0, 16, 16], "texture": "#10"},
				"up": {"uv": [0, 0, 16, 16], "texture": "#10"},
				"down": {"uv": [0, 0, 16, 16], "texture": "#10"}
			}
		},
		{
			"from": [7.63098, 13.11339, 3.05476],
			"to": [7.68479, 13.38241, 4.88409],
			"rotation": {"angle": 0, "axis": "y", "origin": [3.5957, 5.31185, 8.0047]},
			"faces": {
				"north": {"uv": [0, 0, 16, 16], "texture": "#10"},
				"east": {"uv": [0, 0, 16, 16], "texture": "#10"},
				"south": {"uv": [0, 0, 16, 16], "texture": "#10"},
				"west": {"uv": [0, 0, 16, 16], "texture": "#10"},
				"up": {"uv": [0, 0, 16, 16], "texture": "#10"},
				"down": {"uv": [0, 0, 16, 16], "texture": "#10"}
			}
		},
		{
			"from": [8.33043, 13.11339, 3.21617],
			"to": [8.38423, 13.38241, 4.88409],
			"rotation": {"angle": 0, "axis": "y", "origin": [3.5957, 5.31185, 8.0047]},
			"faces": {
				"north": {"uv": [0, 0, 16, 16], "texture": "#10"},
				"east": {"uv": [0, 0, 16, 16], "texture": "#10"},
				"south": {"uv": [0, 0, 16, 16], "texture": "#10"},
				"west": {"uv": [0, 0, 16, 16], "texture": "#10"},
				"up": {"uv": [0, 0, 16, 16], "texture": "#10"},
				"down": {"uv": [0, 0, 16, 16], "texture": "#10"}
			}
		},
		{
			"from": [8.11521, 13.3286, 2.73194],
			"to": [8.16902, 13.43621, 4.88409],
			"rotation": {"angle": 0, "axis": "y", "origin": [3.5957, 5.31185, 8.0047]},
			"faces": {
				"north": {"uv": [0, 0, 16, 16], "texture": "#10"},
				"east": {"uv": [0, 0, 16, 16], "texture": "#10"},
				"south": {"uv": [0, 0, 16, 16], "texture": "#10"},
				"west": {"uv": [0, 0, 16, 16], "texture": "#10"},
				"up": {"uv": [0, 0, 16, 16], "texture": "#10"},
				"down": {"uv": [0, 0, 16, 16], "texture": "#10"}
			}
		},
		{
			"from": [7.8462, 13.2748, 2.89335],
			"to": [7.9, 13.43621, 5.15311],
			"rotation": {"angle": 0, "axis": "y", "origin": [3.5957, 5.31185, 8.0047]},
			"faces": {
				"north": {"uv": [0, 0, 16, 16], "texture": "#10"},
				"east": {"uv": [0, 0, 16, 16], "texture": "#10"},
				"south": {"uv": [0, 0, 16, 16], "texture": "#10"},
				"west": {"uv": [0, 0, 16, 16], "texture": "#10"},
				"up": {"uv": [0, 0, 16, 16], "texture": "#10"},
				"down": {"uv": [0, 0, 16, 16], "texture": "#10"}
			}
		},
		{
			"from": [7.79239, 12.73676, 3.05476],
			"to": [7.8462, 12.79057, 4.34605],
			"rotation": {"angle": 0, "axis": "y", "origin": [3.5957, 5.31185, 8.0047]},
			"faces": {
				"north": {"uv": [0, 0, 16, 16], "rotation": 90, "texture": "#missing"},
				"east": {"uv": [0, 0, 16, 16], "rotation": 90, "texture": "#missing"},
				"south": {"uv": [0, 0, 16, 16], "rotation": 90, "texture": "#missing"},
				"west": {"uv": [0, 0, 16, 16], "rotation": 90, "texture": "#missing"},
				"up": {"uv": [0, 0, 16, 16], "texture": "#missing"},
				"down": {"uv": [0, 0, 16, 16], "rotation": 180, "texture": "#missing"}
			}
		},
		{
			"from": [7.9538, 13.16719, 3.05476],
			"to": [8.00761, 13.221, 4.34605],
			"rotation": {"angle": 0, "axis": "y", "origin": [3.5957, 5.31185, 8.0047]},
			"faces": {
				"north": {"uv": [0, 0, 16, 16], "rotation": 90, "texture": "#missing"},
				"east": {"uv": [0, 0, 16, 16], "rotation": 90, "texture": "#missing"},
				"south": {"uv": [0, 0, 16, 16], "rotation": 90, "texture": "#missing"},
				"west": {"uv": [0, 0, 16, 16], "rotation": 90, "texture": "#missing"},
				"up": {"uv": [0, 0, 16, 16], "texture": "#missing"},
				"down": {"uv": [0, 0, 16, 16], "rotation": 180, "texture": "#missing"}
			}
		},
		{
			"from": [8.11521, 13.16719, 2.73194],
			"to": [8.16902, 13.221, 4.02323],
			"rotation": {"angle": 0, "axis": "y", "origin": [3.5957, 5.31185, 8.0047]},
			"faces": {
				"north": {"uv": [0, 0, 16, 16], "rotation": 90, "texture": "#10"},
				"east": {"uv": [0, 0, 16, 16], "rotation": 90, "texture": "#10"},
				"south": {"uv": [0, 0, 16, 16], "rotation": 90, "texture": "#10"},
				"west": {"uv": [0, 0, 16, 16], "rotation": 90, "texture": "#10"},
				"up": {"uv": [0, 0, 16, 16], "rotation": 90, "texture": "#10"},
				"down": {"uv": [0, 0, 16, 16], "rotation": 90, "texture": "#10"}
			}
		},
		{
			"from": [8.27663, 12.84437, 3.05476],
			"to": [8.33043, 12.89818, 4.34605],
			"rotation": {"angle": 0, "axis": "y", "origin": [3.5957, 5.31185, 8.0047]},
			"faces": {
				"north": {"uv": [0, 0, 16, 16], "rotation": 90, "texture": "#10"},
				"east": {"uv": [0, 0, 16, 16], "rotation": 90, "texture": "#10"},
				"south": {"uv": [0, 0, 16, 16], "rotation": 90, "texture": "#10"},
				"west": {"uv": [0, 0, 16, 16], "rotation": 90, "texture": "#10"},
				"up": {"uv": [0, 0, 16, 16], "rotation": 90, "texture": "#10"},
				"down": {"uv": [0, 0, 16, 16], "rotation": 90, "texture": "#10"}
			}
		},
		{
			"from": [8.22282, 14.18946, 6.22918],
			"to": [8.27663, 14.24327, 7.52047],
			"rotation": {"angle": -22.5, "axis": "x", "origin": [3.5957, 5.31185, 8.0047]},
			"faces": {
				"north": {"uv": [0, 0, 16, 16], "rotation": 90, "texture": "#10"},
				"east": {"uv": [0, 0, 16, 16], "rotation": 90, "texture": "#10"},
				"south": {"uv": [0, 0, 16, 16], "rotation": 90, "texture": "#10"},
				"west": {"uv": [0, 0, 16, 16], "rotation": 90, "texture": "#10"},
				"up": {"uv": [0, 0, 16, 16], "rotation": 90, "texture": "#10"},
				"down": {"uv": [0, 0, 16, 16], "rotation": 90, "texture": "#10"}
			}
		},
		{
			"from": [7.8462, 13.05959, 3.32378],
			"to": [7.9, 13.11339, 4.34605],
			"rotation": {"angle": 0, "axis": "y", "origin": [3.5957, 5.31185, 8.0047]},
			"faces": {
				"north": {"uv": [0, 0, 16, 16], "rotation": 90, "texture": "#missing"},
				"east": {"uv": [0, 0, 16, 16], "rotation": 90, "texture": "#missing"},
				"south": {"uv": [0, 0, 16, 16], "rotation": 90, "texture": "#missing"},
				"west": {"uv": [0, 0, 16, 16], "rotation": 90, "texture": "#missing"},
				"up": {"uv": [0, 0, 16, 16], "texture": "#missing"},
				"down": {"uv": [0, 0, 16, 16], "rotation": 180, "texture": "#missing"}
			}
		},
		{
			"from": [7.8462, 12.84437, 3.32378],
			"to": [7.9, 12.89818, 4.34605],
			"rotation": {"angle": 0, "axis": "y", "origin": [3.5957, 5.31185, 8.0047]},
			"faces": {
				"north": {"uv": [0, 0, 16, 16], "rotation": 90, "texture": "#missing"},
				"east": {"uv": [0, 0, 16, 16], "rotation": 90, "texture": "#missing"},
				"south": {"uv": [0, 0, 16, 16], "rotation": 90, "texture": "#missing"},
				"west": {"uv": [0, 0, 16, 16], "rotation": 90, "texture": "#missing"},
				"up": {"uv": [0, 0, 16, 16], "texture": "#missing"},
				"down": {"uv": [0, 0, 16, 16], "rotation": 180, "texture": "#missing"}
			}
		},
		{
			"from": [8.00761, 12.84437, 3.32378],
			"to": [8.06141, 12.89818, 4.34605],
			"rotation": {"angle": 0, "axis": "y", "origin": [3.5957, 5.31185, 8.0047]},
			"faces": {
				"north": {"uv": [0, 0, 16, 16], "rotation": 90, "texture": "#missing"},
				"east": {"uv": [0, 0, 16, 16], "rotation": 90, "texture": "#missing"},
				"south": {"uv": [0, 0, 16, 16], "rotation": 90, "texture": "#missing"},
				"west": {"uv": [0, 0, 16, 16], "rotation": 90, "texture": "#missing"},
				"up": {"uv": [0, 0, 16, 16], "texture": "#missing"},
				"down": {"uv": [0, 0, 16, 16], "rotation": 180, "texture": "#missing"}
			}
		},
		{
			"from": [8.22282, 12.89818, 3.32378],
			"to": [8.27663, 12.95198, 4.34605],
			"rotation": {"angle": 0, "axis": "y", "origin": [3.5957, 5.31185, 8.0047]},
			"faces": {
				"north": {"uv": [0, 0, 16, 16], "rotation": 90, "texture": "#missing"},
				"east": {"uv": [0, 0, 16, 16], "rotation": 90, "texture": "#missing"},
				"south": {"uv": [0, 0, 16, 16], "rotation": 90, "texture": "#missing"},
				"west": {"uv": [0, 0, 16, 16], "rotation": 90, "texture": "#missing"},
				"up": {"uv": [0, 0, 16, 16], "texture": "#missing"},
				"down": {"uv": [0, 0, 16, 16], "rotation": 180, "texture": "#missing"}
			}
		},
		{
			"from": [8.33043, 12.89818, 3.32378],
			"to": [8.38423, 12.95198, 4.34605],
			"rotation": {"angle": 0, "axis": "y", "origin": [3.5957, 5.31185, 8.0047]},
			"faces": {
				"north": {"uv": [0, 0, 16, 16], "rotation": 90, "texture": "#missing"},
				"east": {"uv": [0, 0, 16, 16], "rotation": 90, "texture": "#missing"},
				"south": {"uv": [0, 0, 16, 16], "rotation": 90, "texture": "#missing"},
				"west": {"uv": [0, 0, 16, 16], "rotation": 90, "texture": "#missing"},
				"up": {"uv": [0, 0, 16, 16], "texture": "#missing"},
				"down": {"uv": [0, 0, 16, 16], "rotation": 180, "texture": "#missing"}
			}
		},
		{
			"from": [8.06141, 12.73676, 3.32378],
			"to": [8.11521, 12.79057, 4.34605],
			"rotation": {"angle": 0, "axis": "y", "origin": [3.5957, 5.31185, 8.0047]},
			"faces": {
				"north": {"uv": [0, 0, 16, 16], "rotation": 90, "texture": "#missing"},
				"east": {"uv": [0, 0, 16, 16], "rotation": 90, "texture": "#missing"},
				"south": {"uv": [0, 0, 16, 16], "rotation": 90, "texture": "#missing"},
				"west": {"uv": [0, 0, 16, 16], "rotation": 90, "texture": "#missing"},
				"up": {"uv": [0, 0, 16, 16], "texture": "#missing"},
				"down": {"uv": [0, 0, 16, 16], "rotation": 180, "texture": "#missing"}
			}
		},
		{
			"from": [7.8462, 13.11339, 2.78574],
			"to": [7.9, 13.16719, 4.07703],
			"rotation": {"angle": 0, "axis": "y", "origin": [3.5957, 5.31185, 8.0047]},
			"faces": {
				"north": {"uv": [0, 0, 16, 16], "rotation": 90, "texture": "#10"},
				"east": {"uv": [0, 0, 16, 16], "rotation": 90, "texture": "#10"},
				"south": {"uv": [0, 0, 16, 16], "rotation": 90, "texture": "#10"},
				"west": {"uv": [0, 0, 16, 16], "rotation": 90, "texture": "#10"},
				"up": {"uv": [0, 0, 16, 16], "rotation": 90, "texture": "#10"},
				"down": {"uv": [0, 0, 16, 16], "rotation": 90, "texture": "#10"}
			}
		},
		{
			"from": [8.22282, 12.79057, 3.32378],
			"to": [8.27663, 12.84437, 4.34605],
			"rotation": {"angle": 0, "axis": "y", "origin": [3.5957, 5.31185, 8.0047]},
			"faces": {
				"north": {"uv": [0, 0, 16, 16], "rotation": 90, "texture": "#missing"},
				"east": {"uv": [0, 0, 16, 16], "rotation": 90, "texture": "#missing"},
				"south": {"uv": [0, 0, 16, 16], "rotation": 90, "texture": "#missing"},
				"west": {"uv": [0, 0, 16, 16], "rotation": 90, "texture": "#missing"},
				"up": {"uv": [0, 0, 16, 16], "texture": "#missing"},
				"down": {"uv": [0, 0, 16, 16], "rotation": 180, "texture": "#missing"}
			}
		},
		{
			"from": [7.8462, 12.79057, 3.53899],
			"to": [7.9, 12.84437, 4.34605],
			"rotation": {"angle": 0, "axis": "y", "origin": [3.5957, 5.31185, 8.0047]},
			"faces": {
				"north": {"uv": [0, 0, 16, 16], "rotation": 90, "texture": "#missing"},
				"east": {"uv": [0, 0, 16, 16], "rotation": 90, "texture": "#missing"},
				"south": {"uv": [0, 0, 16, 16], "rotation": 90, "texture": "#missing"},
				"west": {"uv": [0, 0, 16, 16], "rotation": 90, "texture": "#missing"},
				"up": {"uv": [0, 0, 16, 16], "texture": "#missing"},
				"down": {"uv": [0, 0, 16, 16], "rotation": 180, "texture": "#missing"}
			}
		},
		{
			"from": [7.63098, 12.79057, 3.53899],
			"to": [7.68479, 12.84437, 4.34605],
			"rotation": {"angle": 0, "axis": "y", "origin": [3.5957, 5.31185, 8.0047]},
			"faces": {
				"north": {"uv": [0, 0, 16, 16], "rotation": 90, "texture": "#missing"},
				"east": {"uv": [0, 0, 16, 16], "rotation": 90, "texture": "#missing"},
				"south": {"uv": [0, 0, 16, 16], "rotation": 90, "texture": "#missing"},
				"west": {"uv": [0, 0, 16, 16], "rotation": 90, "texture": "#missing"},
				"up": {"uv": [0, 0, 16, 16], "texture": "#missing"},
				"down": {"uv": [0, 0, 16, 16], "rotation": 180, "texture": "#missing"}
			}
		},
		{
			"from": [7.73859, 12.62916, 4.34605],
			"to": [8.33043, 13.2748, 5.74495],
			"rotation": {"angle": 0, "axis": "y", "origin": [3.5957, 5.31185, 8.0047]},
			"faces": {
				"north": {"uv": [0, 0, 16, 16], "rotation": 90, "texture": "#10"},
				"east": {"uv": [0, 0, 16, 16], "rotation": 90, "texture": "#10"},
				"south": {"uv": [0, 0, 16, 16], "rotation": 90, "texture": "#10"},
				"west": {"uv": [0, 0, 16, 16], "rotation": 90, "texture": "#10"},
				"up": {"uv": [0, 0, 16, 16], "rotation": 90, "texture": "#10"},
				"down": {"uv": [0, 0, 16, 16], "rotation": 90, "texture": "#10"}
			}
		},
		{
			"from": [7.73859, 11.49928, 5.20691],
			"to": [8.33043, 12.62916, 5.79875],
			"rotation": {"angle": 0, "axis": "y", "origin": [3.5957, 5.31185, 8.0047]},
			"faces": {
				"north": {"uv": [0, 0, 16, 16], "texture": "#9"},
				"east": {"uv": [0, 0, 16, 16], "texture": "#9"},
				"south": {"uv": [0, 0, 16, 16], "texture": "#9"},
				"west": {"uv": [0, 0, 16, 16], "texture": "#9"},
				"up": {"uv": [0, 0, 16, 16], "texture": "#9"},
				"down": {"uv": [0, 0, 16, 16], "texture": "#9"}
			}
		},
		{
			"from": [7.73859, 12.62916, 3.53899],
			"to": [7.79239, 12.68296, 4.34605],
			"rotation": {"angle": 0, "axis": "y", "origin": [3.5957, 5.31185, 8.0047]},
			"faces": {
				"north": {"uv": [0, 0, 16, 16], "rotation": 90, "texture": "#missing"},
				"east": {"uv": [0, 0, 16, 16], "rotation": 90, "texture": "#missing"},
				"south": {"uv": [0, 0, 16, 16], "rotation": 90, "texture": "#missing"},
				"west": {"uv": [0, 0, 16, 16], "rotation": 90, "texture": "#missing"},
				"up": {"uv": [0, 0, 16, 16], "texture": "#missing"},
				"down": {"uv": [0, 0, 16, 16], "rotation": 180, "texture": "#missing"}
			}
		},
		{
			"from": [6.33969, 7.4102, 7.19765],
			"to": [9.56792, 7.67921, 7.52047],
			"rotation": {"angle": 0, "axis": "y", "origin": [3.5957, 5.31185, 8.0047]},
			"faces": {
				"north": {"uv": [0, 0, 16, 16], "texture": "#7"},
				"east": {"uv": [0, 0, 16, 16], "texture": "#7"},
				"south": {"uv": [0, 0, 16, 16], "texture": "#7"},
				"west": {"uv": [0, 0, 16, 16], "texture": "#7"},
				"up": {"uv": [0, 0, 16, 16], "texture": "#7"},
				"down": {"uv": [0, 0, 16, 16], "texture": "#7"}
			}
		},
		{
			"from": [6.28589, 9.66995, 5.63734],
			"to": [6.60871, 11.01505, 5.74495],
			"rotation": {"angle": 0, "axis": "y", "origin": [3.5957, 4.39719, 8.0047]},
			"faces": {
				"north": {"uv": [0, 0, 16, 16], "texture": "#7"},
				"east": {"uv": [0, 0, 16, 16], "texture": "#7"},
				"south": {"uv": [0, 0, 16, 16], "texture": "#7"},
				"west": {"uv": [0, 0, 16, 16], "texture": "#7"},
				"up": {"uv": [0, 0, 16, 16], "texture": "#7"},
				"down": {"uv": [0, 0, 16, 16], "texture": "#7"}
			}
		},
		{
			"from": [9.4065, 9.66995, 5.63734],
			"to": [9.78313, 11.01505, 5.74495],
			"rotation": {"angle": 0, "axis": "y", "origin": [3.5957, 4.39719, 8.0047]},
			"faces": {
				"north": {"uv": [0, 0, 16, 16], "texture": "#7"},
				"east": {"uv": [0, 0, 16, 16], "texture": "#7"},
				"south": {"uv": [0, 0, 16, 16], "texture": "#7"},
				"west": {"uv": [0, 0, 16, 16], "texture": "#7"},
				"up": {"uv": [0, 0, 16, 16], "texture": "#7"},
				"down": {"uv": [0, 0, 16, 16], "texture": "#7"}
			}
		},
		{
			"from": [10.15976, 6.44173, -0.01205],
			"to": [10.32117, 6.76455, 1.33304],
			"rotation": {"angle": 45, "axis": "x", "origin": [3.5957, 4.39719, 8.0047]},
			"faces": {
				"north": {"uv": [0, 0, 16, 16], "texture": "#7"},
				"east": {"uv": [0, 0, 16, 16], "texture": "#7"},
				"south": {"uv": [0, 0, 16, 16], "texture": "#7"},
				"west": {"uv": [0, 0, 16, 16], "texture": "#7"},
				"up": {"uv": [0, 0, 16, 16], "texture": "#7"},
				"down": {"uv": [0, 0, 16, 16], "texture": "#7"}
			}
		},
		{
			"from": [5.69405, 6.44173, -0.01205],
			"to": [5.85546, 6.76455, 1.33304],
			"rotation": {"angle": 45, "axis": "x", "origin": [3.5957, 4.39719, 8.0047]},
			"faces": {
				"north": {"uv": [0, 0, 16, 16], "rotation": 90, "texture": "#7"},
				"east": {"uv": [0, 0, 16, 16], "rotation": 90, "texture": "#7"},
				"south": {"uv": [0, 0, 16, 16], "rotation": 90, "texture": "#7"},
				"west": {"uv": [0, 0, 16, 16], "rotation": 90, "texture": "#7"},
				"up": {"uv": [0, 0, 16, 16], "rotation": 90, "texture": "#7"},
				"down": {"uv": [0, 0, 16, 16], "rotation": 90, "texture": "#7"}
			}
		},
		{
			"from": [6.33969, 8.8629, 6.82102],
			"to": [9.72933, 8.9705, 7.14384],
			"rotation": {"angle": 0, "axis": "y", "origin": [3.5957, 5.31185, 8.0047]},
			"faces": {
				"north": {"uv": [0, 0, 16, 16], "texture": "#7"},
				"east": {"uv": [0, 0, 16, 16], "texture": "#7"},
				"south": {"uv": [0, 0, 16, 16], "texture": "#7"},
				"west": {"uv": [0, 0, 16, 16], "texture": "#7"},
				"up": {"uv": [0, 0, 16, 16], "texture": "#7"},
				"down": {"uv": [0, 0, 16, 16], "texture": "#7"}
			}
		},
		{
			"from": [7.46957, 9.18572, 6.71341],
			"to": [8.65325, 9.93897, 6.92863],
			"rotation": {"angle": 0, "axis": "y", "origin": [3.5957, 5.31185, 8.0047]},
			"faces": {
				"north": {"uv": [0, 0, 16, 16], "texture": "#7"},
				"east": {"uv": [0, 0, 16, 16], "texture": "#7"},
				"south": {"uv": [0, 0, 16, 16], "texture": "#7"},
				"west": {"uv": [0, 0, 16, 16], "texture": "#7"},
				"up": {"uv": [0, 0, 16, 16], "texture": "#7"},
				"down": {"uv": [0, 0, 16, 16], "texture": "#7"}
			}
		},
		{
			"from": [6.87773, 9.18572, 6.65961],
			"to": [9.2989, 9.77756, 6.87482],
			"rotation": {"angle": 0, "axis": "y", "origin": [3.5957, 5.31185, 8.0047]},
			"faces": {
				"north": {"uv": [0, 0, 16, 16], "texture": "#7"},
				"east": {"uv": [0, 0, 16, 16], "texture": "#7"},
				"south": {"uv": [0, 0, 16, 16], "texture": "#7"},
				"west": {"uv": [0, 0, 16, 16], "texture": "#7"},
				"up": {"uv": [0, 0, 16, 16], "texture": "#7"},
				"down": {"uv": [0, 0, 16, 16], "texture": "#7"}
			}
		},
		{
			"from": [6.60871, 7.464, 7.25145],
			"to": [9.51411, 7.78682, 8.05851],
			"rotation": {"angle": -22.5, "axis": "x", "origin": [3.5957, 5.31185, 8.0047]},
			"faces": {
				"north": {"uv": [0, 0, 16, 16], "texture": "#7"},
				"east": {"uv": [0, 0, 16, 16], "texture": "#7"},
				"south": {"uv": [0, 0, 16, 16], "texture": "#7"},
				"west": {"uv": [0, 0, 16, 16], "texture": "#7"},
				"up": {"uv": [0, 0, 16, 16], "texture": "#7"},
				"down": {"uv": [0, 0, 16, 16], "texture": "#7"}
			}
		},
		{
			"from": [6.55491, 7.4102, 7.09004],
			"to": [9.4065, 7.78682, 8.32753],
			"rotation": {"angle": -22.5, "axis": "x", "origin": [3.5957, 5.31185, 8.0047]},
			"faces": {
				"north": {"uv": [0, 0, 16, 16], "rotation": 90, "texture": "#7"},
				"east": {"uv": [0, 0, 16, 16], "rotation": 90, "texture": "#7"},
				"south": {"uv": [0, 0, 16, 16], "rotation": 90, "texture": "#7"},
				"west": {"uv": [0, 0, 16, 16], "rotation": 90, "texture": "#7"},
				"up": {"uv": [0, 0, 16, 16], "rotation": 90, "texture": "#7"},
				"down": {"uv": [0, 0, 16, 16], "rotation": 90, "texture": "#7"}
			}
		},
		{
			"from": [6.71632, 7.62541, 6.76722],
			"to": [9.4065, 7.67921, 7.25145],
			"rotation": {"angle": 0, "axis": "y", "origin": [3.5957, 5.31185, 8.0047]},
			"faces": {
				"north": {"uv": [0, 0, 16, 16], "rotation": 270, "texture": "#7"},
				"east": {"uv": [0, 0, 16, 16], "rotation": 270, "texture": "#7"},
				"south": {"uv": [0, 0, 16, 16], "rotation": 270, "texture": "#7"},
				"west": {"uv": [0, 0, 16, 16], "rotation": 270, "texture": "#7"},
				"up": {"uv": [0, 0, 16, 16], "rotation": 270, "texture": "#7"},
				"down": {"uv": [0, 0, 16, 16], "rotation": 270, "texture": "#7"}
			}
		},
		{
			"from": [6.3935, 7.57161, 6.76722],
			"to": [9.67552, 7.67921, 7.09004],
			"rotation": {"angle": 0, "axis": "y", "origin": [3.5957, 5.31185, 8.0047]},
			"faces": {
				"north": {"uv": [0, 0, 16, 16], "texture": "#7"},
				"east": {"uv": [0, 0, 16, 16], "texture": "#7"},
				"south": {"uv": [0, 0, 16, 16], "texture": "#7"},
				"west": {"uv": [0, 0, 16, 16], "texture": "#7"},
				"up": {"uv": [0, 0, 16, 16], "texture": "#7"},
				"down": {"uv": [0, 0, 16, 16], "texture": "#7"}
			}
		},
		{
			"from": [7.79239, 9.93897, 6.65961],
			"to": [8.43804, 10.79983, 7.19765],
			"rotation": {"angle": 0, "axis": "y", "origin": [3.5957, 5.31185, 8.0047]},
			"faces": {
				"north": {"uv": [0, 0, 16, 16], "rotation": 270, "texture": "#5"},
				"east": {"uv": [0, 0, 16, 16], "rotation": 270, "texture": "#5"},
				"south": {"uv": [0, 0, 16, 16], "rotation": 270, "texture": "#5"},
				"west": {"uv": [0, 0, 16, 16], "rotation": 270, "texture": "#5"},
				"up": {"uv": [0, 0, 16, 16], "rotation": 270, "texture": "#5"},
				"down": {"uv": [0, 0, 16, 16], "rotation": 270, "texture": "#5"}
			}
		},
		{
			"from": [5.85546, 7.67921, 5.15311],
			"to": [10.10595, 8.37866, 5.90636],
			"rotation": {"angle": 0, "axis": "y", "origin": [3.5957, 5.31185, 8.0047]},
			"faces": {
				"north": {"uv": [0, 0, 16, 16], "texture": "#7"},
				"east": {"uv": [0, 0, 16, 16], "texture": "#7"},
				"south": {"uv": [0, 0, 16, 16], "texture": "#7"},
				"west": {"uv": [0, 0, 16, 16], "texture": "#7"},
				"up": {"uv": [0, 0, 16, 16], "texture": "#7"},
				"down": {"uv": [0, 0, 16, 16], "texture": "#7"}
			}
		},
		{
			"from": [9.62172, 6.0651, 0.14936],
			"to": [9.78313, 6.76455, 1.33304],
			"rotation": {"angle": 45, "axis": "x", "origin": [3.5957, 4.39719, 8.0047]},
			"faces": {
				"north": {"uv": [0, 0, 16, 16], "rotation": 90, "texture": "#7"},
				"east": {"uv": [0, 0, 16, 16], "rotation": 90, "texture": "#7"},
				"south": {"uv": [0, 0, 16, 16], "rotation": 90, "texture": "#7"},
				"west": {"uv": [0, 0, 16, 16], "rotation": 90, "texture": "#7"},
				"up": {"uv": [0, 0, 16, 16], "rotation": 90, "texture": "#7"},
				"down": {"uv": [0, 0, 16, 16], "rotation": 90, "texture": "#7"}
			}
		},
		{
			"from": [6.60871, 9.02431, 4.02323],
			"to": [9.46031, 10.90744, 6.4444],
			"rotation": {"angle": 0, "axis": "y", "origin": [4.56417, 5.31185, 8.0047]},
			"faces": {
				"north": {"uv": [0, 0, 16, 16], "texture": "#0"},
				"east": {"uv": [0, 0, 16, 16], "texture": "#0"},
				"south": {"uv": [0, 0, 16, 16], "texture": "#0"},
				"west": {"uv": [0, 0, 16, 16], "texture": "#0"},
				"up": {"uv": [0, 0, 16, 16], "texture": "#0"},
				"down": {"uv": [0, 0, 16, 16], "texture": "#0"}
			}
		},
		{
			"from": [5.69405, 6.0651, 0.14936],
			"to": [5.85546, 6.76455, 1.33304],
			"rotation": {"angle": 45, "axis": "x", "origin": [3.5957, 4.39719, 8.0047]},
			"faces": {
				"north": {"uv": [0, 0, 16, 16], "rotation": 90, "texture": "#7"},
				"east": {"uv": [0, 0, 16, 16], "rotation": 90, "texture": "#7"},
				"south": {"uv": [0, 0, 16, 16], "rotation": 90, "texture": "#7"},
				"west": {"uv": [0, 0, 16, 16], "rotation": 90, "texture": "#7"},
				"up": {"uv": [0, 0, 16, 16], "rotation": 90, "texture": "#7"},
				"down": {"uv": [0, 0, 16, 16], "rotation": 90, "texture": "#7"}
			}
		},
		{
			"from": [9.72933, 5.90369, 0.36458],
			"to": [10.15976, 6.76455, 1.92488],
			"rotation": {"angle": 45, "axis": "x", "origin": [3.5957, 4.39719, 8.0047]},
			"faces": {
				"north": {"uv": [0, 0, 16, 16], "rotation": 90, "texture": "#7"},
				"east": {"uv": [0, 0, 16, 16], "rotation": 90, "texture": "#7"},
				"south": {"uv": [0, 0, 16, 16], "rotation": 90, "texture": "#7"},
				"west": {"uv": [0, 0, 16, 16], "rotation": 90, "texture": "#7"},
				"up": {"uv": [0, 0, 16, 16], "rotation": 90, "texture": "#7"},
				"down": {"uv": [0, 0, 16, 16], "rotation": 90, "texture": "#7"}
			}
		},
		{
			"from": [5.85546, 5.90369, 0.36458],
			"to": [6.28589, 6.76455, 1.92488],
			"rotation": {"angle": 45, "axis": "x", "origin": [3.5957, 4.39719, 8.0047]},
			"faces": {
				"north": {"uv": [0, 0, 16, 16], "rotation": 90, "texture": "#7"},
				"east": {"uv": [0, 0, 16, 16], "rotation": 90, "texture": "#7"},
				"south": {"uv": [0, 0, 16, 16], "rotation": 90, "texture": "#7"},
				"west": {"uv": [0, 0, 16, 16], "rotation": 90, "texture": "#7"},
				"up": {"uv": [0, 0, 16, 16], "rotation": 90, "texture": "#7"},
				"down": {"uv": [0, 0, 16, 16], "rotation": 90, "texture": "#7"}
			}
		},
		{
			"from": [9.72933, 9.88517, 4.66887],
			"to": [10.05215, 11.01505, 5.63734],
			"rotation": {"angle": 0, "axis": "y", "origin": [3.5957, 4.39719, 8.0047]},
			"faces": {
				"north": {"uv": [0, 0, 16, 16], "texture": "#7"},
				"east": {"uv": [0, 0, 16, 16], "texture": "#7"},
				"south": {"uv": [0, 0, 16, 16], "texture": "#7"},
				"west": {"uv": [0, 0, 16, 16], "texture": "#7"},
				"up": {"uv": [0, 0, 16, 16], "texture": "#7"},
				"down": {"uv": [0, 0, 16, 16], "texture": "#7"}
			}
		},
		{
			"from": [5.96307, 9.83136, 4.66887],
			"to": [6.28589, 11.01505, 5.63734],
			"rotation": {"angle": 0, "axis": "y", "origin": [3.5957, 4.39719, 8.0047]},
			"faces": {
				"north": {"uv": [0, 0, 16, 16], "texture": "#7"},
				"east": {"uv": [0, 0, 16, 16], "texture": "#7"},
				"south": {"uv": [0, 0, 16, 16], "texture": "#7"},
				"west": {"uv": [0, 0, 16, 16], "texture": "#7"},
				"up": {"uv": [0, 0, 16, 16], "texture": "#7"},
				"down": {"uv": [0, 0, 16, 16], "texture": "#7"}
			}
		},
		{
			"from": [8.81466, 8.32486, 6.552],
			"to": [9.08368, 8.8629, 6.92863],
			"rotation": {"angle": 0, "axis": "y", "origin": [3.5957, 5.31185, 8.0047]},
			"faces": {
				"north": {"uv": [0, 0, 16, 16], "texture": "#2"},
				"east": {"uv": [0, 0, 16, 16], "texture": "#2"},
				"south": {"uv": [0, 0, 16, 16], "texture": "#2"},
				"west": {"uv": [0, 0, 16, 16], "texture": "#2"},
				"up": {"uv": [0, 0, 16, 16], "texture": "#2"},
				"down": {"uv": [0, 0, 16, 16], "texture": "#2"}
			}
		},
		{
			"from": [6.23208, 7.67921, 3.71562],
			"to": [9.83693, 9.07811, 5.96016],
			"rotation": {"angle": 0, "axis": "y", "origin": [3.5957, 5.31185, 8.0047]},
			"faces": {
				"north": {"uv": [0, 0, 16, 16], "texture": "#7"},
				"east": {"uv": [0, 0, 16, 16], "texture": "#7"},
				"south": {"uv": [0, 0, 16, 16], "texture": "#4"},
				"west": {"uv": [0, 0, 16, 16], "texture": "#7"},
				"up": {"uv": [0, 0, 16, 16], "texture": "#7"},
				"down": {"uv": [0, 0, 16, 16], "texture": "#7"}
			}
		},
		{
			"from": [9.4065, 7.62541, 6.552],
			"to": [9.67552, 8.32486, 6.92863],
			"rotation": {"angle": 0, "axis": "y", "origin": [3.5957, 5.31185, 8.0047]},
			"faces": {
				"north": {"uv": [0, 0, 16, 16], "texture": "#2"},
				"east": {"uv": [0, 0, 16, 16], "texture": "#2"},
				"south": {"uv": [0, 0, 16, 16], "texture": "#2"},
				"west": {"uv": [0, 0, 16, 16], "texture": "#2"},
				"up": {"uv": [0, 0, 16, 16], "texture": "#2"},
				"down": {"uv": [0, 0, 16, 16], "texture": "#2"}
			}
		},
		{
			"from": [7.9, 8.43247, 6.71341],
			"to": [8.16902, 8.9167, 7.09004],
			"rotation": {"angle": 0, "axis": "y", "origin": [3.5957, 5.31185, 8.0047]},
			"faces": {
				"north": {"uv": [0, 0, 16, 16], "texture": "#2"},
				"east": {"uv": [0, 0, 16, 16], "texture": "#2"},
				"south": {"uv": [0, 0, 16, 16], "texture": "#2"},
				"west": {"uv": [0, 0, 16, 16], "texture": "#2"},
				"up": {"uv": [0, 0, 16, 16], "texture": "#2"},
				"down": {"uv": [0, 0, 16, 16], "texture": "#2"}
			}
		},
		{
			"from": [8.33043, 7.62541, 6.87482],
			"to": [8.59945, 8.43247, 7.25145],
			"rotation": {"angle": 0, "axis": "y", "origin": [3.5957, 5.31185, 8.0047]},
			"faces": {
				"north": {"uv": [0, 0, 16, 16], "texture": "#2"},
				"east": {"uv": [0, 0, 16, 16], "texture": "#2"},
				"south": {"uv": [0, 0, 16, 16], "texture": "#2"},
				"west": {"uv": [0, 0, 16, 16], "texture": "#2"},
				"up": {"uv": [0, 0, 16, 16], "texture": "#2"},
				"down": {"uv": [0, 0, 16, 16], "texture": "#2"}
			}
		},
		{
			"from": [9.2989, 8.48627, 6.4444],
			"to": [9.56792, 9.02431, 6.82102],
			"rotation": {"angle": 0, "axis": "y", "origin": [3.5957, 5.31185, 8.0047]},
			"faces": {
				"north": {"uv": [0, 0, 16, 16], "texture": "#2"},
				"east": {"uv": [0, 0, 16, 16], "texture": "#2"},
				"south": {"uv": [0, 0, 16, 16], "texture": "#2"},
				"west": {"uv": [0, 0, 16, 16], "texture": "#2"},
				"up": {"uv": [0, 0, 16, 16], "texture": "#2"},
				"down": {"uv": [0, 0, 16, 16], "texture": "#2"}
			}
		},
		{
			"from": [8.81466, 7.4102, 6.82102],
			"to": [9.19129, 8.21725, 7.30525],
			"rotation": {"angle": 0, "axis": "y", "origin": [3.5957, 5.31185, 8.0047]},
			"faces": {
				"north": {"uv": [0, 0, 16, 16], "texture": "#2"},
				"east": {"uv": [0, 0, 16, 16], "texture": "#2"},
				"south": {"uv": [0, 0, 16, 16], "texture": "#2"},
				"west": {"uv": [0, 0, 16, 16], "texture": "#2"},
				"up": {"uv": [0, 0, 16, 16], "texture": "#2"},
				"down": {"uv": [0, 0, 16, 16], "texture": "#2"}
			}
		},
		{
			"from": [7.73859, 7.4102, 7.09004],
			"to": [8.11521, 8.48627, 7.41286],
			"rotation": {"angle": 0, "axis": "y", "origin": [3.5957, 5.31185, 8.0047]},
			"faces": {
				"north": {"uv": [0, 0, 16, 16], "texture": "#2"},
				"east": {"uv": [0, 0, 16, 16], "texture": "#2"},
				"south": {"uv": [0, 0, 16, 16], "texture": "#2"},
				"west": {"uv": [0, 0, 16, 16], "texture": "#2"},
				"up": {"uv": [0, 0, 16, 16], "texture": "#2"},
				"down": {"uv": [0, 0, 16, 16], "texture": "#2"}
			}
		},
		{
			"from": [7.25436, 7.464, 6.98243],
			"to": [7.57718, 8.32486, 7.30525],
			"rotation": {"angle": 0, "axis": "y", "origin": [3.5957, 5.31185, 8.0047]},
			"faces": {
				"north": {"uv": [0, 0, 16, 16], "texture": "#2"},
				"east": {"uv": [0, 0, 16, 16], "texture": "#2"},
				"south": {"uv": [0, 0, 16, 16], "texture": "#2"},
				"west": {"uv": [0, 0, 16, 16], "texture": "#2"},
				"up": {"uv": [0, 0, 16, 16], "texture": "#2"},
				"down": {"uv": [0, 0, 16, 16], "texture": "#2"}
			}
		},
		{
			"from": [6.5011, 7.57161, 6.65961],
			"to": [6.77012, 8.16345, 6.98243],
			"rotation": {"angle": 0, "axis": "y", "origin": [3.5957, 5.31185, 8.0047]},
			"faces": {
				"north": {"uv": [0, 0, 16, 16], "texture": "#2"},
				"east": {"uv": [0, 0, 16, 16], "texture": "#2"},
				"south": {"uv": [0, 0, 16, 16], "texture": "#2"},
				"west": {"uv": [0, 0, 16, 16], "texture": "#2"},
				"up": {"uv": [0, 0, 16, 16], "texture": "#2"},
				"down": {"uv": [0, 0, 16, 16], "texture": "#2"}
			}
		},
		{
			"from": [6.87773, 7.62541, 6.71341],
			"to": [7.09294, 8.43247, 7.25145],
			"rotation": {"angle": 0, "axis": "y", "origin": [3.5957, 5.31185, 8.0047]},
			"faces": {
				"north": {"uv": [0, 0, 16, 16], "texture": "#2"},
				"east": {"uv": [0, 0, 16, 16], "texture": "#2"},
				"south": {"uv": [0, 0, 16, 16], "texture": "#2"},
				"west": {"uv": [0, 0, 16, 16], "texture": "#2"},
				"up": {"uv": [0, 0, 16, 16], "texture": "#2"},
				"down": {"uv": [0, 0, 16, 16], "texture": "#2"}
			}
		},
		{
			"from": [6.60871, 9.13192, 5.58354],
			"to": [6.66251, 10.74603, 6.4982],
			"rotation": {"angle": 0, "axis": "y", "origin": [4.56417, 5.31185, 8.0047]},
			"faces": {
				"north": {"uv": [0, 0, 16, 16], "texture": "#7"},
				"east": {"uv": [0, 0, 16, 16], "texture": "#7"},
				"south": {"uv": [0, 0, 16, 16], "texture": "#7"},
				"west": {"uv": [0, 0, 16, 16], "texture": "#7"},
				"up": {"uv": [0, 0, 16, 16], "texture": "#7"},
				"down": {"uv": [0, 0, 16, 16], "texture": "#7"}
			}
		},
		{
			"from": [6.23208, 7.5178, 6.76722],
			"to": [9.83693, 7.67921, 6.87482],
			"rotation": {"angle": 0, "axis": "y", "origin": [3.5957, 5.31185, 8.0047]},
			"faces": {
				"north": {"uv": [0, 0, 16, 16], "texture": "#7"},
				"east": {"uv": [0, 0, 16, 16], "texture": "#7"},
				"south": {"uv": [0, 0, 16, 16], "texture": "#7"},
				"west": {"uv": [0, 0, 16, 16], "texture": "#7"},
				"up": {"uv": [0, 0, 16, 16], "texture": "#7"},
				"down": {"uv": [0, 0, 16, 16], "texture": "#7"}
			}
		},
		{
			"from": [6.23208, 8.8629, 6.82102],
			"to": [9.83693, 9.02431, 6.87482],
			"rotation": {"angle": 0, "axis": "y", "origin": [3.5957, 5.31185, 8.0047]},
			"faces": {
				"north": {"uv": [0, 0, 16, 16], "texture": "#7"},
				"east": {"uv": [0, 0, 16, 16], "texture": "#7"},
				"south": {"uv": [0, 0, 16, 16], "texture": "#7"},
				"west": {"uv": [0, 0, 16, 16], "texture": "#7"},
				"up": {"uv": [0, 0, 16, 16], "texture": "#7"},
				"down": {"uv": [0, 0, 16, 16], "texture": "#7"}
			}
		},
		{
			"from": [5.96307, 7.57161, 3.91562],
			"to": [9.99834, 7.62541, 6.65961],
			"rotation": {"angle": 0, "axis": "y", "origin": [3.5957, 5.31185, 8.0047]},
			"faces": {
				"north": {"uv": [0, 0, 16, 16], "rotation": 270, "texture": "#7"},
				"east": {"uv": [0, 0, 16, 16], "rotation": 270, "texture": "#7"},
				"south": {"uv": [0, 0, 16, 16], "rotation": 270, "texture": "#7"},
				"west": {"uv": [0, 0, 16, 16], "rotation": 270, "texture": "#7"},
				"up": {"uv": [0, 0, 16, 16], "rotation": 270, "texture": "#7"},
				"down": {"uv": [0, 0, 16, 16], "rotation": 270, "texture": "#7"}
			}
		},
		{
			"from": [6.33969, 9.88517, 5.58354],
			"to": [9.72933, 10.04658, 6.552],
			"rotation": {"angle": 0, "axis": "y", "origin": [3.5957, 5.31185, 8.0047]},
			"faces": {
				"north": {"uv": [0, 0, 16, 16], "texture": "#7"},
				"east": {"uv": [0, 0, 16, 16], "texture": "#7"},
				"south": {"uv": [0, 0, 16, 16], "texture": "#7"},
				"west": {"uv": [0, 0, 16, 16], "texture": "#7"},
				"up": {"uv": [0, 0, 16, 16], "texture": "#7"},
				"down": {"uv": [0, 0, 16, 16], "texture": "#7"}
			}
		},
		{
			"from": [10.26736, 8.21725, 5.58354],
			"to": [11.39724, 8.64768, 6.65961],
			"rotation": {"angle": 22.5, "axis": "z", "origin": [3.5957, 4.6124, 8.0047]},
			"faces": {
				"north": {"uv": [0, 0, 16, 16], "texture": "#7"},
				"east": {"uv": [0, 0, 16, 16], "texture": "#7"},
				"south": {"uv": [0, 0, 16, 16], "texture": "#7"},
				"west": {"uv": [0, 0, 16, 16], "texture": "#7"},
				"up": {"uv": [0, 0, 16, 16], "texture": "#7"},
				"down": {"uv": [0, 0, 16, 16], "texture": "#7"}
			}
		},
		{
			"from": [4.07994, 11.60689, 5.58354],
			"to": [5.26362, 12.03732, 6.65961],
			"rotation": {"angle": -22.5, "axis": "z", "origin": [3.5957, 4.6124, 8.0047]},
			"faces": {
				"north": {"uv": [0, 0, 16, 16], "texture": "#7"},
				"east": {"uv": [0, 0, 16, 16], "texture": "#7"},
				"south": {"uv": [0, 0, 16, 16], "texture": "#7"},
				"west": {"uv": [0, 0, 16, 16], "texture": "#7"},
				"up": {"uv": [0, 0, 16, 16], "texture": "#7"},
				"down": {"uv": [0, 0, 16, 16], "texture": "#7"}
			}
		},
		{
			"from": [6.33969, 12.62916, 5.58354],
			"to": [7.03914, 12.84437, 6.65961],
			"rotation": {"angle": -22.5, "axis": "z", "origin": [3.5957, 4.6124, 8.0047]},
			"faces": {
				"north": {"uv": [0, 0, 16, 16], "texture": "#7"},
				"east": {"uv": [0, 0, 16, 16], "texture": "#7"},
				"south": {"uv": [0, 0, 16, 16], "texture": "#7"},
				"west": {"uv": [0, 0, 16, 16], "texture": "#7"},
				"up": {"uv": [0, 0, 16, 16], "texture": "#7"},
				"down": {"uv": [0, 0, 16, 16], "texture": "#7"}
			}
		},
		{
			"from": [9.83693, 6.65694, 4.34605],
			"to": [10.10595, 7.03357, 5.90636],
			"rotation": {"angle": 22.5, "axis": "x", "origin": [3.5957, 5.31185, 8.0047]},
			"faces": {
				"north": {"uv": [0, 0, 16, 16], "rotation": 90, "texture": "#7"},
				"east": {"uv": [0, 0, 16, 16], "rotation": 90, "texture": "#7"},
				"south": {"uv": [0, 0, 16, 16], "rotation": 90, "texture": "#7"},
				"west": {"uv": [0, 0, 16, 16], "rotation": 90, "texture": "#7"},
				"up": {"uv": [0, 0, 16, 16], "rotation": 90, "texture": "#7"},
				"down": {"uv": [0, 0, 16, 16], "rotation": 90, "texture": "#7"}
			}
		},
		{
			"from": [8.33043, 9.18572, 5.58354],
			"to": [9.02988, 9.40093, 6.65961],
			"rotation": {"angle": 22.5, "axis": "z", "origin": [3.5957, 4.6124, 8.0047]},
			"faces": {
				"north": {"uv": [0, 0, 16, 16], "texture": "#7"},
				"east": {"uv": [0, 0, 16, 16], "texture": "#7"},
				"south": {"uv": [0, 0, 16, 16], "texture": "#7"},
				"west": {"uv": [0, 0, 16, 16], "texture": "#7"},
				"up": {"uv": [0, 0, 16, 16], "texture": "#7"},
				"down": {"uv": [0, 0, 16, 16], "texture": "#7"}
			}
		},
		{
			"from": [10.48258, 5.63467, 5.69114],
			"to": [10.7516, 6.54934, 6.60581],
			"rotation": {"angle": 22.5, "axis": "z", "origin": [3.5957, 5.31185, 7.30525]},
			"faces": {
				"north": {"uv": [0, 0, 16, 16], "texture": "#7"},
				"east": {"uv": [0, 0, 16, 16], "texture": "#7"},
				"south": {"uv": [0, 0, 16, 16], "texture": "#7"},
				"west": {"uv": [0, 0, 16, 16], "texture": "#7"},
				"up": {"uv": [0, 0, 16, 16], "texture": "#7"},
				"down": {"uv": [0, 0, 16, 16], "texture": "#7"}
			}
		},
		{
			"from": [5.85546, 6.65694, 4.34605],
			"to": [6.12448, 7.03357, 5.90636],
			"rotation": {"angle": 22.5, "axis": "x", "origin": [3.5957, 5.31185, 8.0047]},
			"faces": {
				"north": {"uv": [0, 0, 16, 16], "rotation": 90, "texture": "#7"},
				"east": {"uv": [0, 0, 16, 16], "rotation": 90, "texture": "#7"},
				"south": {"uv": [0, 0, 16, 16], "rotation": 90, "texture": "#7"},
				"west": {"uv": [0, 0, 16, 16], "rotation": 90, "texture": "#7"},
				"up": {"uv": [0, 0, 16, 16], "rotation": 90, "texture": "#7"},
				"down": {"uv": [0, 0, 16, 16], "rotation": 90, "texture": "#7"}
			}
		},
		{
			"from": [4.61797, 9.02431, 5.69114],
			"to": [4.83319, 9.93897, 6.60581],
			"rotation": {"angle": -22.5, "axis": "z", "origin": [3.5957, 5.31185, 7.30525]},
			"faces": {
				"north": {"uv": [0, 0, 16, 16], "rotation": 270, "texture": "#7"},
				"east": {"uv": [0, 0, 16, 16], "rotation": 270, "texture": "#7"},
				"south": {"uv": [0, 0, 16, 16], "rotation": 270, "texture": "#7"},
				"west": {"uv": [0, 0, 16, 16], "rotation": 270, "texture": "#7"},
				"up": {"uv": [0, 0, 16, 16], "rotation": 270, "texture": "#7"},
				"down": {"uv": [0, 0, 16, 16], "rotation": 270, "texture": "#7"}
			}
		},
		{
			"from": [10.96681, 7.84063, 4.77648],
			"to": [11.28963, 8.80909, 6.76722],
			"rotation": {"angle": 22.5, "axis": "z", "origin": [3.5957, 5.31185, 8.0047]},
			"faces": {
				"north": {"uv": [0, 0, 16, 16], "texture": "#7"},
				"east": {"uv": [0, 0, 16, 16], "texture": "#7"},
				"south": {"uv": [0, 0, 16, 16], "texture": "#7"},
				"west": {"uv": [0, 0, 16, 16], "texture": "#7"},
				"up": {"uv": [0, 0, 16, 16], "texture": "#7"},
				"down": {"uv": [0, 0, 16, 16], "texture": "#7"}
			}
		},
		{
			"from": [4.13374, 11.23026, 4.77648],
			"to": [4.45656, 12.19873, 6.76722],
			"rotation": {"angle": -22.5, "axis": "z", "origin": [3.5957, 5.31185, 8.0047]},
			"faces": {
				"north": {"uv": [0, 0, 16, 16], "texture": "#7"},
				"east": {"uv": [0, 0, 16, 16], "texture": "#7"},
				"south": {"uv": [0, 0, 16, 16], "texture": "#7"},
				"west": {"uv": [0, 0, 16, 16], "texture": "#7"},
				"up": {"uv": [0, 0, 16, 16], "texture": "#7"},
				"down": {"uv": [0, 0, 16, 16], "texture": "#7"}
			}
		},
		{
			"from": [10.37497, 7.03357, 5.58354],
			"to": [11.07442, 7.5178, 6.65961],
			"rotation": {"angle": 22.5, "axis": "z", "origin": [3.5957, 4.6124, 8.0047]},
			"faces": {
				"north": {"uv": [0, 0, 16, 16], "texture": "#7"},
				"east": {"uv": [0, 0, 16, 16], "texture": "#7"},
				"south": {"uv": [0, 0, 16, 16], "texture": "#7"},
				"west": {"uv": [0, 0, 16, 16], "texture": "#7"},
				"up": {"uv": [0, 0, 16, 16], "texture": "#7"},
				"down": {"uv": [0, 0, 16, 16], "texture": "#7"}
			}
		},
		{
			"from": [4.18754, 10.4232, 5.58354],
			"to": [5.26362, 10.90744, 6.65961],
			"rotation": {"angle": -22.5, "axis": "z", "origin": [3.5957, 4.6124, 8.0047]},
			"faces": {
				"north": {"uv": [0, 0, 16, 16], "texture": "#7"},
				"east": {"uv": [0, 0, 16, 16], "texture": "#7"},
				"south": {"uv": [0, 0, 16, 16], "texture": "#7"},
				"west": {"uv": [0, 0, 16, 16], "texture": "#7"},
				"up": {"uv": [0, 0, 16, 16], "texture": "#7"},
				"down": {"uv": [0, 0, 16, 16], "texture": "#7"}
			}
		},
		{
			"from": [6.4473, 6.17271, 2.83955],
			"to": [9.56792, 6.71075, 5.96016],
			"rotation": {"angle": 22.5, "axis": "x", "origin": [3.5957, 5.31185, 8.0047]},
			"faces": {
				"north": {"uv": [0, 0, 16, 16], "texture": "#7"},
				"east": {"uv": [0, 0, 16, 16], "texture": "#7"},
				"south": {"uv": [0, 0, 16, 16], "texture": "#7"},
				"west": {"uv": [0, 0, 16, 16], "texture": "#7"},
				"up": {"uv": [0, 0, 16, 16], "texture": "#7"},
				"down": {"uv": [0, 0, 16, 16], "texture": "#7"}
			}
		},
		{
			"from": [7.36196, 8.32486, 6.76722],
			"to": [7.63098, 8.8629, 7.14384],
			"rotation": {"angle": 0, "axis": "y", "origin": [3.5957, 5.31185, 8.0047]},
			"faces": {
				"north": {"uv": [0, 0, 16, 16], "texture": "#2"},
				"east": {"uv": [0, 0, 16, 16], "texture": "#2"},
				"south": {"uv": [0, 0, 16, 16], "texture": "#2"},
				"west": {"uv": [0, 0, 16, 16], "texture": "#2"},
				"up": {"uv": [0, 0, 16, 16], "texture": "#2"},
				"down": {"uv": [0, 0, 16, 16], "texture": "#2"}
			}
		},
		{
			"from": [8.43804, 8.59388, 6.92863],
			"to": [8.65325, 8.8629, 7.14384],
			"rotation": {"angle": 0, "axis": "y", "origin": [3.5957, 5.31185, 8.0047]},
			"faces": {
				"north": {"uv": [0, 0, 16, 16], "texture": "#2"},
				"east": {"uv": [0, 0, 16, 16], "texture": "#2"},
				"south": {"uv": [0, 0, 16, 16], "texture": "#2"},
				"west": {"uv": [0, 0, 16, 16], "texture": "#2"},
				"up": {"uv": [0, 0, 16, 16], "texture": "#2"},
				"down": {"uv": [0, 0, 16, 16], "texture": "#2"}
			}
		},
		{
			"from": [6.4473, 8.32486, 6.4982],
			"to": [6.71632, 8.9167, 6.82102],
			"rotation": {"angle": 0, "axis": "y", "origin": [3.5957, 5.31185, 8.0047]},
			"faces": {
				"north": {"uv": [0, 0, 16, 16], "texture": "#2"},
				"east": {"uv": [0, 0, 16, 16], "texture": "#2"},
				"south": {"uv": [0, 0, 16, 16], "texture": "#2"},
				"west": {"uv": [0, 0, 16, 16], "texture": "#2"},
				"up": {"uv": [0, 0, 16, 16], "texture": "#2"},
				"down": {"uv": [0, 0, 16, 16], "texture": "#2"}
			}
		},
		{
			"from": [6.87773, 8.48627, 6.4444],
			"to": [7.09294, 8.9167, 6.98243],
			"rotation": {"angle": 0, "axis": "y", "origin": [3.5957, 5.31185, 8.0047]},
			"faces": {
				"north": {"uv": [0, 0, 16, 16], "texture": "#2"},
				"east": {"uv": [0, 0, 16, 16], "texture": "#2"},
				"south": {"uv": [0, 0, 16, 16], "texture": "#2"},
				"west": {"uv": [0, 0, 16, 16], "texture": "#2"},
				"up": {"uv": [0, 0, 16, 16], "texture": "#2"},
				"down": {"uv": [0, 0, 16, 16], "texture": "#2"}
			}
		},
		{
			"from": [5.96307, 7.30259, 6.39059],
			"to": [9.99834, 7.67921, 6.76722],
			"rotation": {"angle": 0, "axis": "y", "origin": [3.5957, 5.31185, 8.0047]},
			"faces": {
				"north": {"uv": [0, 0, 16, 16], "texture": "#7"},
				"east": {"uv": [0, 0, 16, 16], "texture": "#7"},
				"south": {"uv": [0, 0, 16, 16], "texture": "#7"},
				"west": {"uv": [0, 0, 16, 16], "texture": "#7"},
				"up": {"uv": [0, 0, 16, 16], "texture": "#7"},
				"down": {"uv": [0, 0, 16, 16], "texture": "#7"}
			}
		},
		{
			"from": [6.33969, 8.8629, 5.58354],
			"to": [9.72933, 9.18572, 6.82102],
			"rotation": {"angle": 0, "axis": "y", "origin": [3.5957, 5.31185, 8.0047]},
			"faces": {
				"north": {"uv": [0, 0, 16, 16], "texture": "#7"},
				"east": {"uv": [0, 0, 16, 16], "texture": "#7"},
				"south": {"uv": [0, 0, 16, 16], "texture": "#7"},
				"west": {"uv": [0, 0, 16, 16], "texture": "#7"},
				"up": {"uv": [0, 0, 16, 16], "texture": "#7"},
				"down": {"uv": [0, 0, 16, 16], "texture": "#7"}
			}
		},
		{
			"from": [5.53264, 11.23026, 6.65961],
			"to": [5.69405, 11.98351, 7.30525],
			"rotation": {"angle": -22.5, "axis": "z", "origin": [3.5957, 5.31185, 8.0047]},
			"faces": {
				"north": {"uv": [0, 0, 16, 16], "rotation": 270, "texture": "#5"},
				"east": {"uv": [0, 0, 16, 16], "rotation": 270, "texture": "#5"},
				"south": {"uv": [0, 0, 16, 16], "rotation": 270, "texture": "#5"},
				"west": {"uv": [0, 0, 16, 16], "rotation": 270, "texture": "#5"},
				"up": {"uv": [0, 0, 16, 16], "rotation": 270, "texture": "#5"},
				"down": {"uv": [0, 0, 16, 16], "rotation": 270, "texture": "#5"}
			}
		},
		{
			"from": [9.83693, 7.78682, 6.65961],
			"to": [9.99834, 8.54007, 7.30525],
			"rotation": {"angle": 22.5, "axis": "z", "origin": [3.5957, 5.31185, 8.0047]},
			"faces": {
				"north": {"uv": [0, 0, 16, 16], "rotation": 270, "texture": "#5"},
				"east": {"uv": [0, 0, 16, 16], "rotation": 270, "texture": "#5"},
				"south": {"uv": [0, 0, 16, 16], "rotation": 270, "texture": "#5"},
				"west": {"uv": [0, 0, 16, 16], "rotation": 270, "texture": "#5"},
				"up": {"uv": [0, 0, 16, 16], "rotation": 270, "texture": "#5"},
				"down": {"uv": [0, 0, 16, 16], "rotation": 270, "texture": "#5"}
			}
		},
		{
			"from": [7.79239, 9.93897, 6.65961],
			"to": [8.43804, 10.58462, 7.25145],
			"rotation": {"angle": 0, "axis": "y", "origin": [3.5957, 5.31185, 8.0047]},
			"faces": {
				"north": {"uv": [0, 0, 16, 16], "texture": "#5"},
				"east": {"uv": [0, 0, 16, 16], "texture": "#5"},
				"south": {"uv": [0, 0, 16, 16], "texture": "#5"},
				"west": {"uv": [0, 0, 16, 16], "texture": "#5"},
				"up": {"uv": [0, 0, 16, 16], "texture": "#5"},
				"down": {"uv": [0, 0, 16, 16], "texture": "#5"}
			}
		},
		{
			"from": [6.66251, 9.18572, 5.58354],
			"to": [9.46031, 9.88517, 6.552],
			"rotation": {"angle": 0, "axis": "y", "origin": [3.5957, 5.31185, 8.0047]},
			"faces": {
				"north": {"uv": [0, 0, 16, 16], "texture": "#7"},
				"east": {"uv": [0, 0, 16, 16], "texture": "#7"},
				"south": {"uv": [0, 0, 16, 16], "texture": "#7"},
				"west": {"uv": [0, 0, 16, 16], "texture": "#7"},
				"up": {"uv": [0, 0, 16, 16], "texture": "#7"},
				"down": {"uv": [0, 0, 16, 16], "texture": "#7"}
			}
		},
		{
			"from": [5.85546, 11.44547, 5.58354],
			"to": [6.66251, 11.7683, 7.14384],
			"rotation": {"angle": -22.5, "axis": "z", "origin": [3.5957, 4.6124, 8.0047]},
			"faces": {
				"north": {"uv": [0, 0, 16, 16], "texture": "#7"},
				"east": {"uv": [0, 0, 16, 16], "texture": "#7"},
				"south": {"uv": [0, 0, 16, 16], "texture": "#7"},
				"west": {"uv": [0, 0, 16, 16], "texture": "#7"},
				"up": {"uv": [0, 0, 16, 16], "texture": "#7"},
				"down": {"uv": [0, 0, 16, 16], "texture": "#7"}
			}
		},
		{
			"from": [9.46031, 9.18572, 5.58354],
			"to": [9.51411, 10.74603, 6.4982],
			"rotation": {"angle": 0, "axis": "y", "origin": [3.38049, 5.31185, 8.0047]},
			"faces": {
				"north": {"uv": [0, 0, 16, 16], "texture": "#7"},
				"east": {"uv": [0, 0, 16, 16], "texture": "#7"},
				"south": {"uv": [0, 0, 16, 16], "texture": "#7"},
				"west": {"uv": [0, 0, 16, 16], "texture": "#7"},
				"up": {"uv": [0, 0, 16, 16], "texture": "#7"},
				"down": {"uv": [0, 0, 16, 16], "texture": "#7"}
			}
		},
		{
			"from": [6.60871, 10.90744, 8.38133],
			"to": [9.46031, 11.60689, 8.97317],
			"rotation": {"angle": -22.5, "axis": "x", "origin": [3.5957, 5.31185, 8.0047]},
			"faces": {
				"north": {"uv": [0, 0, 16, 16], "texture": "#7"},
				"east": {"uv": [0, 0, 16, 16], "texture": "#7"},
				"south": {"uv": [0, 0, 16, 16], "texture": "#7"},
				"west": {"uv": [0, 0, 16, 16], "texture": "#7"},
				"up": {"uv": [0, 0, 16, 16], "texture": "#7"},
				"down": {"uv": [0, 0, 16, 16], "texture": "#7"}
			}
		},
		{
			"from": [6.66251, 10.96124, 3.66887],
			"to": [9.4065, 11.49928, 6.39059],
			"rotation": {"angle": 0, "axis": "y", "origin": [3.5957, 5.31185, 8.0047]},
			"faces": {
				"north": {"uv": [0, 0, 16, 16], "texture": "#7"},
				"east": {"uv": [0, 0, 16, 16], "texture": "#7"},
				"south": {"uv": [0, 0, 16, 16], "texture": "#7"},
				"west": {"uv": [0, 0, 16, 16], "texture": "#7"},
				"up": {"uv": [0, 0, 16, 16], "texture": "#7"},
				"down": {"uv": [0, 0, 16, 16], "texture": "#7"}
			}
		},
		{
			"from": [8.76086, 8.00204, 5.58354],
			"to": [9.72933, 8.32486, 7.14384],
			"rotation": {"angle": 22.5, "axis": "z", "origin": [3.5957, 4.6124, 8.0047]},
			"faces": {
				"north": {"uv": [0, 0, 16, 16], "texture": "#7"},
				"east": {"uv": [0, 0, 16, 16], "texture": "#7"},
				"south": {"uv": [0, 0, 16, 16], "texture": "#7"},
				"west": {"uv": [0, 0, 16, 16], "texture": "#7"},
				"up": {"uv": [0, 0, 16, 16], "texture": "#7"},
				"down": {"uv": [0, 0, 16, 16], "texture": "#7"}
			}
		},
		{
			"from": [8.132, 0.268, 3.512],
			"to": [9.976, 1.968, 5.888],
			"rotation": {"angle": 0, "axis": "y", "origin": [-2.56, 0, -2.56]},
			"faces": {
				"north": {"uv": [0, 0, 16, 16], "texture": "#7"},
				"east": {"uv": [0, 0, 16, 16], "texture": "#7"},
				"south": {"uv": [0, 0, 16, 16], "texture": "#7"},
				"west": {"uv": [0, 0, 16, 16], "texture": "#7"},
				"up": {"uv": [0, 0, 16, 16], "texture": "#7"},
				"down": {"uv": [0, 0, 16, 16], "texture": "#7"}
			}
		},
		{
			"from": [6.024, 0.268, 3.512],
			"to": [7.868, 1.968, 5.888],
			"rotation": {"angle": 0, "axis": "y", "origin": [-2.56, 0, -2.56]},
			"faces": {
				"north": {"uv": [0, 0, 16, 16], "texture": "#7"},
				"east": {"uv": [0, 0, 16, 16], "texture": "#7"},
				"south": {"uv": [0, 0, 16, 16], "texture": "#7"},
				"west": {"uv": [0, 0, 16, 16], "texture": "#7"},
				"up": {"uv": [0, 0, 16, 16], "texture": "#7"},
				"down": {"uv": [0, 0, 16, 16], "texture": "#7"}
			}
		},
		{
			"from": [6.23208, 8.47921, 3.51562],
			"to": [9.83693, 11.07811, 5.66016],
			"rotation": {"angle": 0, "axis": "y", "origin": [3.5957, 5.31185, 8.0047]},
			"faces": {
				"north": {"uv": [0, 0, 16, 16], "texture": "#7"},
				"east": {"uv": [0, 0, 16, 16], "texture": "#7"},
				"south": {"uv": [0, 0, 16, 16], "texture": "#4"},
				"west": {"uv": [0, 0, 16, 16], "texture": "#7"},
				"up": {"uv": [0, 0, 16, 16], "texture": "#7"},
				"down": {"uv": [0, 0, 16, 16], "texture": "#7"}
			}
		},
		{
			"from": [5.932, 7.6, 6.548],
			"to": [6.856, 9.76, 6.812],
			"rotation": {"angle": -22.5, "axis": "z", "origin": [-2.56, 0, -2.56]},
			"faces": {
				"north": {"uv": [0, 0, 16, 16], "texture": "#7"},
				"east": {"uv": [0, 0, 16, 16], "texture": "#7"},
				"south": {"uv": [0, 0, 16, 16], "texture": "#7"},
				"west": {"uv": [0, 0, 16, 16], "texture": "#7"},
				"up": {"uv": [0, 0, 16, 16], "texture": "#7"},
				"down": {"uv": [0, 0, 16, 16], "texture": "#7"}
			}
		},
		{
			"from": [7.544, -0.5, 6.548],
			"to": [8.6, 1.66, 6.812],
			"rotation": {"angle": 22.5, "axis": "z", "origin": [-2.56, 0, -2.56]},
			"faces": {
				"north": {"uv": [0, 0, 16, 16], "texture": "#7"},
				"east": {"uv": [0, 0, 16, 16], "texture": "#7"},
				"south": {"uv": [0, 0, 16, 16], "texture": "#7"},
				"west": {"uv": [0, 0, 16, 16], "texture": "#7"},
				"up": {"uv": [0, 0, 16, 16], "texture": "#7"},
				"down": {"uv": [0, 0, 16, 16], "texture": "#7"}
			}
		},
		{
			"from": [4.732, 6.6, 6.448],
			"to": [5.656, 7.16, 6.712],
			"rotation": {"angle": -22.5, "axis": "z", "origin": [-2.56, 0, -2.56]},
			"faces": {
				"north": {"uv": [0, 0, 16, 16], "texture": "#7"},
				"east": {"uv": [0, 0, 16, 16], "texture": "#7"},
				"south": {"uv": [0, 0, 16, 16], "texture": "#7"},
				"west": {"uv": [0, 0, 16, 16], "texture": "#7"},
				"up": {"uv": [0, 0, 16, 16], "texture": "#7"},
				"down": {"uv": [0, 0, 16, 16], "texture": "#7"}
			}
		},
		{
			"from": [8.844, -1.5, 6.448],
			"to": [9.7, -0.84, 6.712],
			"rotation": {"angle": 22.5, "axis": "z", "origin": [-2.56, 0, -2.56]},
			"faces": {
				"north": {"uv": [0, 0, 16, 16], "texture": "#7"},
				"east": {"uv": [0, 0, 16, 16], "texture": "#7"},
				"south": {"uv": [0, 0, 16, 16], "texture": "#7"},
				"west": {"uv": [0, 0, 16, 16], "texture": "#7"},
				"up": {"uv": [0, 0, 16, 16], "texture": "#7"},
				"down": {"uv": [0, 0, 16, 16], "texture": "#7"}
			}
		}
	],
	"display": {
		"head": {
			"rotation": [0, 180, 0],
			"translation": [0.25, -3, -12.5],
			"scale": [4, 4, 4]
		}
	},
	"groups": [
		{
			"name": "body",
			"origin": [8, 8, 8],
			"color": 0,
			"children": [0, 1, 2, 3, 4, 5, 6, 7, 8, 9, 10, 11, 12, 13, 14, 15, 16, 17, 18, 19, 20, 21, 22, 23, 24, 25, 26, 27, 28, 29, 30, 31, 32, 33, 34, 35, 36, 37, 38]
		},
		{
			"name": "head",
			"origin": [8, 8, 8],
			"color": 0,
			"children": [
				39,
				40,
				41,
				42,
				43,
				44,
				45,
				46,
				47,
				48,
				49,
				50,
				51,
				52,
				53,
				54,
				55,
				56,
				57,
				58,
				59,
				60,
				61,
				62,
				63,
				64,
				65,
				66,
				67,
				68,
				69,
				70,
				71,
				72,
				73,
				74,
				75,
				76,
				77,
				78,
				79,
				80,
				81,
				82,
				83,
				84,
				85,
				86,
				87,
				88,
				89,
				90,
				91,
				92,
				93,
				94,
				95,
				96,
				97,
				98,
				99,
				100,
				101,
				102,
				103,
				104,
				105,
				106,
				107,
				108,
				109,
				110,
				111,
				112,
				113,
				114,
				115,
				116,
				117,
				118,
				119,
				120,
				121,
				122,
				123,
				124,
				125,
				126,
				127,
				128,
				129,
				130,
				131,
				132,
				133
			]
		},
		134,
		135,
		136,
		137,
		138,
		139,
		140
	]
}