{
	"credit": "Made with Blockbench",
	"parent": "18",
	"textures": {
		"0": "minecraft:block/blast_furnace_front_on",
		"1": "minecraft:block/blast_furnace_side",
		"2": "minecraft:block/dropper_front",
		"4": "minecraft:block/blue_shulker_box",
		"particle": "minecraft:block/blast_furnace_front_on"
	},
	"elements": [
		{
			"from": [2, 4.5, 7.3],
			"to": [13.6, 6.5, 9.3],
			"rotation": {"angle": -22.5, "axis": "x", "origin": [0, 0, 0]},
			"faces": {
				"north": {"uv": [0, 0, 16, 16], "texture": "#4"},
				"east": {"uv": [0, 0, 16, 16], "texture": "#4"},
				"south": {"uv": [0, 0, 16, 16], "texture": "#4"},
				"west": {"uv": [0, 0, 16, 16], "texture": "#4"},
				"up": {"uv": [0, 0, 16, 16], "texture": "#4"},
				"down": {"uv": [0, 0, 16, 16], "texture": "#4"}
			}
		},
		{
			"from": [4, 2.1, 5],
			"to": [11.7, 7, 7],
			"faces": {
				"north": {"uv": [0, 0, 7.7, 4.9], "texture": "#4"},
				"east": {"uv": [0, 0, 7.7, 4.9], "texture": "#4"},
				"south": {"uv": [0, 0, 16, 16], "texture": "#4"},
				"west": {"uv": [0, 0, 7.7, 4.9], "texture": "#4"},
				"up": {"uv": [0, 0, 7.7, 4.9], "texture": "#4"},
				"down": {"uv": [0, 0, 7.7, 4.9], "texture": "#4"}
			}
		},
		{
			"from": [4.6, 2.1, 7],
			"to": [11, 8.6, 7.3],
			"faces": {
				"north": {"uv": [0, 0, 6.4, 6.5], "texture": "#4"},
				"east": {"uv": [0, 0, 6.4, 6.5], "texture": "#4"},
				"south": {"uv": [0, 0, 16, 16], "texture": "#4"},
				"west": {"uv": [0, 0, 6.4, 6.5], "texture": "#4"},
				"up": {"uv": [0, 0, 6.4, 6.5], "texture": "#4"},
				"down": {"uv": [0, 0, 6.4, 6.5], "texture": "#4"}
			}
		},
		{
			"from": [2.6, -1.3, 7.5],
			"to": [5.4, 4.5, 9.5],
			"rotation": {"angle": -22.5, "axis": "x", "origin": [0, 0, 0]},
			"faces": {
				"north": {"uv": [0, 0, 16, 16], "texture": "#4"},
				"east": {"uv": [0, 0, 16, 16], "texture": "#4"},
				"south": {"uv": [0, 0, 16, 16], "texture": "#4"},
				"west": {"uv": [0, 0, 16, 16], "texture": "#4"},
				"up": {"uv": [0, 0, 16, 16], "texture": "#4"},
				"down": {"uv": [0, 0, 16, 16], "texture": "#4"}
			}
		},
		{
			"from": [10, -1.3, 7.5],
			"to": [12.9, 4.5, 9.5],
			"rotation": {"angle": -22.5, "axis": "x", "origin": [0, 0, 0]},
			"faces": {
				"north": {"uv": [0, 0, 2.9, 5.8], "texture": "#4"},
				"east": {"uv": [0, 0, 2.9, 5.8], "texture": "#4"},
				"south": {"uv": [0, 0, 16, 16], "texture": "#4"},
				"west": {"uv": [0, 0, 2.9, 5.8], "texture": "#4"},
				"up": {"uv": [0, 0, 2.9, 5.8], "texture": "#4"},
				"down": {"uv": [0, 0, 2.9, 5.8], "texture": "#4"}
			}
		},
		{
			"from": [5.2, 3.3, 7.3],
			"to": [10.3, 8.3, 7.5],
			"faces": {
				"north": {"uv": [0, 0, 5.1, 5], "texture": "#4"},
				"east": {"uv": [0, 0, 5.1, 5], "texture": "#4"},
				"south": {"uv": [0, 0, 16, 16], "texture": "#4"},
				"west": {"uv": [0, 0, 5.1, 5], "texture": "#4"},
				"up": {"uv": [0, 0, 5.1, 5], "texture": "#4"},
				"down": {"uv": [0, 0, 5.1, 5], "texture": "#4"}
			}
		},
		{
			"from": [5.2, 0.6, 5],
			"to": [10.3, 3.6, 7.2],
			"faces": {
				"north": {"uv": [0, 0, 5.1, 3], "texture": "#4"},
				"east": {"uv": [0, 0, 5.1, 3], "texture": "#4"},
				"south": {"uv": [0, 0, 16, 16], "texture": "#4"},
				"west": {"uv": [0, 0, 5.1, 3], "texture": "#4"},
				"up": {"uv": [0, 0, 5.1, 3], "texture": "#4"},
				"down": {"uv": [0, 0, 5.1, 3], "texture": "#4"}
			}
		},
		{
			"from": [2, 7.6, 3],
			"to": [13.6, 9.6, 6.1],
			"faces": {
				"north": {"uv": [0, 0, 16, 16], "texture": "#4"},
				"east": {"uv": [0, 0, 16, 16], "texture": "#4"},
				"south": {"uv": [0, 0, 16, 16], "texture": "#4"},
				"west": {"uv": [0, 0, 16, 16], "texture": "#4"},
				"up": {"uv": [0, 0, 16, 16], "texture": "#4"},
				"down": {"uv": [0, 0, 16, 16], "texture": "#4"}
			}
		},
		{
			"from": [9.4, 7.6, 1.9],
			"to": [13.6, 10.1, 6.1],
			"faces": {
				"north": {"uv": [0, 0, 16, 16], "texture": "#0"},
				"east": {"uv": [0, 0, 16, 16], "texture": "#4"},
				"south": {"uv": [0, 0, 16, 16], "texture": "#1"},
				"west": {"uv": [0, 0, 16, 16], "texture": "#4"},
				"up": {"uv": [0, 0, 16, 16], "texture": "#4"},
				"down": {"uv": [0, 0, 16, 16], "texture": "#4"}
			}
		},
		{
			"from": [2, 7.6, 1.9],
			"to": [6.2, 10.1, 6.1],
			"faces": {
				"north": {"uv": [0, 0, 16, 16], "texture": "#0"},
				"east": {"uv": [0, 0, 16, 16], "texture": "#4"},
				"south": {"uv": [0, 0, 16, 16], "texture": "#1"},
				"west": {"uv": [0, 0, 16, 16], "texture": "#4"},
				"up": {"uv": [0, 0, 16, 16], "texture": "#4"},
				"down": {"uv": [0, 0, 16, 16], "texture": "#4"}
			}
		},
		{
			"from": [10.2, -1.7, 7.5],
			"to": [12.7, -1.3, 9.5],
			"rotation": {"angle": -22.5, "axis": "x", "origin": [0, 0, 0]},
			"faces": {
				"north": {"uv": [0, 0, 16, 16], "texture": "#4"},
				"east": {"uv": [0, 0, 16, 16], "texture": "#4"},
				"south": {"uv": [0, 0, 16, 16], "texture": "#4"},
				"west": {"uv": [0, 0, 16, 16], "texture": "#4"},
				"up": {"uv": [0, 0, 16, 16], "texture": "#4"},
				"down": {"uv": [4, 8, 12, 13], "texture": "#2"}
			}
		},
		{
			"from": [2.8, -1.7, 7.5],
			"to": [5.2, -1.3, 9.5],
			"rotation": {"angle": -22.5, "axis": "x", "origin": [0, 0, 0]},
			"faces": {
				"north": {"uv": [0, 0, 16, 16], "texture": "#4"},
				"east": {"uv": [0, 0, 16, 16], "texture": "#4"},
				"south": {"uv": [0, 0, 16, 16], "texture": "#4"},
				"west": {"uv": [0, 0, 16, 16], "texture": "#4"},
				"up": {"uv": [0, 0, 16, 16], "texture": "#4"},
				"down": {"uv": [4, 8, 12, 13], "texture": "#2"}
			}
		},
		{
			"from": [6.5, 5.1, 7.5],
			"to": [9, 5.5, 7.8],
			"faces": {
				"north": {"uv": [3, 12, 4.1, 6.4], "texture": "#2"},
				"east": {"uv": [3, 12, 4.1, 6.4], "texture": "#2"},
				"south": {"uv": [3, 12, 4.1, 6.4], "texture": "#2"},
				"west": {"uv": [3, 12, 4.1, 6.4], "texture": "#2"},
				"up": {"uv": [3, 12, 4.1, 6.4], "texture": "#2"},
				"down": {"uv": [3, 12, 4.1, 6.4], "texture": "#2"}
			}
		},
		{
			"from": [6.3, 5.5, 7.5],
			"to": [6.8, 5.9, 7.8],
			"faces": {
				"north": {"uv": [3, 12, 4.1, 6.4], "texture": "#2"},
				"east": {"uv": [3, 12, 4.1, 6.4], "texture": "#2"},
				"south": {"uv": [3, 12, 4.1, 6.4], "texture": "#2"},
				"west": {"uv": [3, 12, 4.1, 6.4], "texture": "#2"},
				"up": {"uv": [3, 12, 4.1, 6.4], "texture": "#2"},
				"down": {"uv": [3, 12, 4.1, 6.4], "texture": "#2"}
			}
		},
		{
			"from": [8.6, 5.5, 7.5],
			"to": [9.1, 5.9, 7.8],
			"faces": {
				"north": {"uv": [3, 12, 4.1, 6.4], "texture": "#2"},
				"east": {"uv": [3, 12, 4.1, 6.4], "texture": "#2"},
				"south": {"uv": [3, 12, 4.1, 6.4], "texture": "#2"},
				"west": {"uv": [3, 12, 4.1, 6.4], "texture": "#2"},
				"up": {"uv": [3, 12, 4.1, 6.4], "texture": "#2"},
				"down": {"uv": [3, 12, 4.1, 6.4], "texture": "#2"}
			}
		},
		{
			"from": [8.8, 5.9, 7.5],
			"to": [9.3, 6.3, 7.8],
			"faces": {
				"north": {"uv": [3, 12, 4.1, 6.4], "texture": "#2"},
				"east": {"uv": [3, 12, 4.1, 6.4], "texture": "#2"},
				"south": {"uv": [3, 12, 4.1, 6.4], "texture": "#2"},
				"west": {"uv": [3, 12, 4.1, 6.4], "texture": "#2"},
				"up": {"uv": [3, 12, 4.1, 6.4], "texture": "#2"},
				"down": {"uv": [3, 12, 4.1, 6.4], "texture": "#2"}
			}
		},
		{
			"from": [6.1, 5.9, 7.5],
			"to": [6.6, 6.3, 7.8],
			"faces": {
				"north": {"uv": [3, 12, 4.1, 6.4], "texture": "#2"},
				"east": {"uv": [3, 12, 4.1, 6.4], "texture": "#2"},
				"south": {"uv": [3, 12, 4.1, 6.4], "texture": "#2"},
				"west": {"uv": [3, 12, 4.1, 6.4], "texture": "#2"},
				"up": {"uv": [3, 12, 4.1, 6.4], "texture": "#2"},
				"down": {"uv": [3, 12, 4.1, 6.4], "texture": "#2"}
			}
		},
		{
			"from": [6.4, 6.3, 7.5],
			"to": [6.9, 6.7, 7.8],
			"faces": {
				"north": {"uv": [3, 12, 4.1, 6.4], "texture": "#2"},
				"east": {"uv": [3, 12, 4.1, 6.4], "texture": "#2"},
				"south": {"uv": [3, 12, 4.1, 6.4], "texture": "#2"},
				"west": {"uv": [3, 12, 4.1, 6.4], "texture": "#2"},
				"up": {"uv": [3, 12, 4.1, 6.4], "texture": "#2"},
				"down": {"uv": [3, 12, 4.1, 6.4], "texture": "#2"}
			}
		},
		{
			"from": [8.5, 6.3, 7.5],
			"to": [9, 6.7, 7.8],
			"faces": {
				"north": {"uv": [3, 12, 4.1, 6.4], "texture": "#2"},
				"east": {"uv": [3, 12, 4.1, 6.4], "texture": "#2"},
				"south": {"uv": [3, 12, 4.1, 6.4], "texture": "#2"},
				"west": {"uv": [3, 12, 4.1, 6.4], "texture": "#2"},
				"up": {"uv": [3, 12, 4.1, 6.4], "texture": "#2"},
				"down": {"uv": [3, 12, 4.1, 6.4], "texture": "#2"}
			}
		},
		{
			"from": [8.2, 6.9, 7.5],
			"to": [9.3, 7.3, 7.8],
			"faces": {
				"north": {"uv": [3, 12, 4.1, 6.4], "texture": "#2"},
				"east": {"uv": [3, 12, 4.1, 6.4], "texture": "#2"},
				"south": {"uv": [3, 12, 4.1, 6.4], "texture": "#2"},
				"west": {"uv": [3, 12, 4.1, 6.4], "texture": "#2"},
				"up": {"uv": [3, 12, 4.1, 6.4], "texture": "#2"},
				"down": {"uv": [3, 12, 4.1, 6.4], "texture": "#2"}
			}
		},
		{
			"from": [6.1, 6.9, 7.5],
			"to": [7.2, 7.3, 7.8],
			"faces": {
				"north": {"uv": [3, 12, 4.1, 6.4], "texture": "#2"},
				"east": {"uv": [3, 12, 4.1, 6.4], "texture": "#2"},
				"south": {"uv": [3, 12, 4.1, 6.4], "texture": "#2"},
				"west": {"uv": [3, 12, 4.1, 6.4], "texture": "#2"},
				"up": {"uv": [3, 12, 4.1, 6.4], "texture": "#2"},
				"down": {"uv": [3, 12, 4.1, 6.4], "texture": "#2"}
			}
		},
		{
			"from": [6.6, 6.7, 7.5],
			"to": [7, 6.9, 7.8],
			"faces": {
				"north": {"uv": [3, 12, 4.1, 6.4], "texture": "#2"},
				"east": {"uv": [3, 12, 4.1, 6.4], "texture": "#2"},
				"south": {"uv": [3, 12, 4.1, 6.4], "texture": "#2"},
				"west": {"uv": [3, 12, 4.1, 6.4], "texture": "#2"},
				"up": {"uv": [3, 12, 4.1, 6.4], "texture": "#2"},
				"down": {"uv": [3, 12, 4.1, 6.4], "texture": "#2"}
			}
		},
		{
			"from": [8.4, 6.7, 7.5],
			"to": [8.8, 6.9, 7.8],
			"faces": {
				"north": {"uv": [3, 12, 4.1, 6.4], "texture": "#2"},
				"east": {"uv": [3, 12, 4.1, 6.4], "texture": "#2"},
				"south": {"uv": [3, 12, 4.1, 6.4], "texture": "#2"},
				"west": {"uv": [3, 12, 4.1, 6.4], "texture": "#2"},
				"up": {"uv": [3, 12, 4.1, 6.4], "texture": "#2"},
				"down": {"uv": [3, 12, 4.1, 6.4], "texture": "#2"}
			}
		}
	],
	"display": {
		"thirdperson_righthand": {
			"rotation": [54, 0, 0],
			"translation": [-5.75, -6, 13.5],
			"scale": [1.58, 1.18, 1.49]
		},
		"thirdperson_lefthand": {
			"rotation": [54, 0, 0],
			"translation": [-6.5, -6, 13.5],
			"scale": [1.58, 1.18, 1.49]
		}
	}
}