{
	"credit": "Made with Blockbench",
	"parent": "19",
	"textures": {
		"0": "block/blue_shulker_box",
		"1": "block/bone_block_side",
		"2": "block/comparator_on",
		"3": "block/dropper_front_vertical",
		"4": "block/dispenser_front_vertical",
		"5": "block/furnace_side",
		"6": "block/blast_furnace_front_on",
		"particle": "block/blue_shulker_box"
	},
	"elements": [
		{
			"from": [2.64, 6.968, 3.444],
			"to": [13.36, 12.328, 9.34],
			"rotation": {"angle": -45, "axis": "x", "origin": [-2.72, 2.948, -2.72]},
			"faces": {
				"north": {"uv": [0, 0, 16, 16], "texture": "#0"},
				"east": {"uv": [0, 0, 16, 16], "texture": "#0"},
				"south": {"uv": [0, 0, 16, 16], "texture": "#0"},
				"west": {"uv": [0, 0, 16, 16], "texture": "#0"},
				"up": {"uv": [0, 0, 16, 16], "texture": "#0"},
				"down": {"uv": [0, 0, 16, 16], "texture": "#0"}
			}
		},
		{
			"from": [9.608, 6.7, 3.444],
			"to": [13.36, 12.596, 10.412],
			"rotation": {"angle": -45, "axis": "x", "origin": [-2.72, 2.948, -2.72]},
			"faces": {
				"north": {"uv": [0, 0, 16, 16], "texture": "#0"},
				"east": {"uv": [0, 0, 16, 16], "texture": "#0"},
				"south": {"uv": [0, 0, 16, 16], "texture": "#0"},
				"west": {"uv": [0, 0, 16, 16], "texture": "#0"},
				"up": {"uv": [0, 0, 16, 16], "texture": "#0"},
				"down": {"uv": [0, 0, 16, 16], "texture": "#0"}
			}
		},
		{
			"from": [2.64, 6.7, 3.444],
			"to": [6.258, 12.596, 10.412],
			"rotation": {"angle": -45, "axis": "x", "origin": [-2.72, 2.948, -2.72]},
			"faces": {
				"north": {"uv": [0, 0, 16, 16], "texture": "#0"},
				"east": {"uv": [0, 0, 16, 16], "texture": "#0"},
				"south": {"uv": [0, 0, 16, 16], "texture": "#0"},
				"west": {"uv": [0, 0, 16, 16], "texture": "#0"},
				"up": {"uv": [0, 0, 16, 16], "texture": "#0"},
				"down": {"uv": [0, 0, 16, 16], "texture": "#0"}
			}
		},
		{
			"from": [2.64, 13.668, -0.442],
			"to": [6.66, 19.028, 3.846],
			"rotation": {"angle": 0, "axis": "y", "origin": [-2.72, 2.948, -2.72]},
			"faces": {
				"north": {"uv": [0, 0, 16, 16], "texture": "#0"},
				"east": {"uv": [0, 0, 16, 16], "texture": "#0"},
				"south": {"uv": [0, 0, 16, 16], "texture": "#0"},
				"west": {"uv": [0, 0, 16, 16], "texture": "#0"},
				"up": {"uv": [0, 0, 16, 16], "texture": "#0"},
				"down": {"uv": [0, 0, 16, 16], "texture": "#0"}
			}
		},
		{
			"from": [9.34, 13.668, -0.442],
			"to": [13.36, 19.028, 3.846],
			"rotation": {"angle": 0, "axis": "y", "origin": [-2.72, 2.948, -2.72]},
			"faces": {
				"north": {"uv": [0, 0, 16, 16], "texture": "#0"},
				"east": {"uv": [0, 0, 16, 16], "texture": "#0"},
				"south": {"uv": [0, 0, 16, 16], "texture": "#0"},
				"west": {"uv": [0, 0, 16, 16], "texture": "#0"},
				"up": {"uv": [0, 0, 16, 16], "texture": "#0"},
				"down": {"uv": [0, 0, 16, 16], "texture": "#0"}
			}
		},
		{
			"from": [2.64, 10.72, -1.782],
			"to": [6.66, 15.678, 3.31],
			"rotation": {"angle": 0, "axis": "y", "origin": [-2.72, 4.02, -2.72]},
			"faces": {
				"north": {"uv": [0, 0, 3, 3.7], "texture": "#4"},
				"east": {"uv": [0, 0, 3, 3.7], "texture": "#4"},
				"south": {"uv": [0, 0, 3, 3.7], "texture": "#4"},
				"west": {"uv": [0, 0, 3, 3.7], "texture": "#4"},
				"up": {"uv": [0, 0, 3, 3.7], "texture": "#4"},
				"down": {"uv": [0, 0, 3, 3.7], "texture": "#4"}
			}
		},
		{
			"from": [9.34, 10.72, -1.782],
			"to": [13.36, 15.678, 3.31],
			"rotation": {"angle": 0, "axis": "y", "origin": [-2.72, 4.02, -2.72]},
			"faces": {
				"north": {"uv": [0, 0, 3, 3.7], "texture": "#4"},
				"east": {"uv": [0, 0, 3, 3.7], "texture": "#4"},
				"south": {"uv": [0, 0, 3, 3.7], "texture": "#4"},
				"west": {"uv": [0, 0, 3, 3.7], "texture": "#4"},
				"up": {"uv": [0, 0, 3, 3.7], "texture": "#4"},
				"down": {"uv": [0, 0, 3, 3.7], "texture": "#4"}
			}
		},
		{
			"from": [6.526, 4.02, 0.63],
			"to": [9.34, 6.164, 5.856],
			"rotation": {"angle": -45, "axis": "x", "origin": [-2.72, 2.948, -2.72]},
			"faces": {
				"north": {"uv": [0, 0, 16, 16], "texture": "#0"},
				"east": {"uv": [0, 0, 16, 16], "texture": "#0"},
				"south": {"uv": [0, 0, 16, 16], "texture": "#0"},
				"west": {"uv": [0, 0, 16, 16], "texture": "#0"},
				"up": {"uv": [0, 0, 16, 16], "texture": "#0"},
				"down": {"uv": [0, 0, 16, 16], "texture": "#0"}
			}
		},
		{
			"from": [6.258, 6.03, -1.514],
			"to": [9.608, 11.926, 2.506],
			"rotation": {"angle": 0, "axis": "y", "origin": [-2.72, 1.876, -2.72]},
			"faces": {
				"north": {"uv": [0, 0, 2.5, 4.4], "texture": "#0"},
				"east": {"uv": [0, 0, 2.5, 4.4], "texture": "#0"},
				"south": {"uv": [0, 0, 2.5, 4.4], "texture": "#0"},
				"west": {"uv": [0, 0, 2.5, 4.4], "texture": "#0"},
				"up": {"uv": [0, 0, 2.5, 4.4], "texture": "#0"},
				"down": {"uv": [0, 0, 2.5, 4.4], "texture": "#0"}
			}
		},
		{
			"from": [9.608, 0.67, -1.782],
			"to": [12.69, 3.216, 2.774],
			"rotation": {"angle": 22.5, "axis": "z", "origin": [-2.72, 4.02, -2.72]},
			"faces": {
				"north": {"uv": [0, 0, 16, 16], "texture": "#0"},
				"east": {"uv": [0, 0, 16, 16], "texture": "#0"},
				"south": {"uv": [0, 0, 16, 16], "texture": "#0"},
				"west": {"uv": [0, 0, 16, 16], "texture": "#0"},
				"up": {"uv": [0, 0, 16, 16], "texture": "#0"},
				"down": {"uv": [0, 0, 16, 16], "texture": "#0"}
			}
		},
		{
			"from": [1.568, 8.71, -1.782],
			"to": [4.65, 11.256, 2.774],
			"rotation": {"angle": -22.5, "axis": "z", "origin": [-2.72, 4.02, -2.72]},
			"faces": {
				"north": {"uv": [0, 0, 16, 16], "texture": "#0"},
				"east": {"uv": [0, 0, 16, 16], "texture": "#0"},
				"south": {"uv": [0, 0, 16, 16], "texture": "#0"},
				"west": {"uv": [0, 0, 16, 16], "texture": "#0"},
				"up": {"uv": [0, 0, 16, 16], "texture": "#0"},
				"down": {"uv": [0, 0, 16, 16], "texture": "#0"}
			}
		},
		{
			"from": [5.052, 12.194, -0.576],
			"to": [8.402, 14.74, 3.98],
			"rotation": {"angle": 22.5, "axis": "z", "origin": [-2.72, 2.412, -2.72]},
			"faces": {
				"north": {"uv": [0, 0, 16, 16], "texture": "#0"},
				"east": {"uv": [0, 0, 16, 16], "texture": "#0"},
				"south": {"uv": [0, 0, 16, 16], "texture": "#0"},
				"west": {"uv": [0, 0, 16, 16], "texture": "#0"},
				"up": {"uv": [0, 0, 16, 16], "texture": "#0"},
				"down": {"uv": [0, 0, 16, 16], "texture": "#0"}
			}
		},
		{
			"from": [6.124, 20.368, -0.576],
			"to": [9.474, 22.914, 3.98],
			"rotation": {"angle": -22.5, "axis": "z", "origin": [-2.72, 2.412, -2.72]},
			"faces": {
				"north": {"uv": [0, 0, 16, 16], "texture": "#0"},
				"east": {"uv": [0, 0, 16, 16], "texture": "#0"},
				"south": {"uv": [0, 0, 16, 16], "texture": "#0"},
				"west": {"uv": [0, 0, 16, 16], "texture": "#0"},
				"up": {"uv": [0, 0, 16, 16], "texture": "#0"},
				"down": {"uv": [0, 0, 16, 16], "texture": "#0"}
			}
		},
		{
			"from": [3.176, 3.082, -0.576],
			"to": [6.526, 5.628, 3.98],
			"rotation": {"angle": 22.5, "axis": "z", "origin": [-2.72, 3.484, -2.72]},
			"faces": {
				"north": {"uv": [0, 0, 2.5, 1.9], "texture": "#3"},
				"east": {"uv": [0, 0, 2.5, 1.9], "texture": "#3"},
				"south": {"uv": [0, 0, 2.5, 1.9], "texture": "#3"},
				"west": {"uv": [0, 0, 2.5, 1.9], "texture": "#3"},
				"up": {"uv": [0, 0, 2.5, 1.9], "texture": "#3"},
				"down": {"uv": [0, 0, 2.5, 1.9], "texture": "#3"}
			}
		},
		{
			"from": [7.598, 11.256, -0.576],
			"to": [10.948, 13.802, 3.98],
			"rotation": {"angle": -22.5, "axis": "z", "origin": [-2.72, 3.484, -2.72]},
			"faces": {
				"north": {"uv": [0, 0, 2.5, 1.9], "texture": "#3"},
				"east": {"uv": [0, 0, 2.5, 1.9], "texture": "#3"},
				"south": {"uv": [0, 0, 2.5, 1.9], "texture": "#3"},
				"west": {"uv": [0, 0, 2.5, 1.9], "texture": "#3"},
				"up": {"uv": [0, 0, 2.5, 1.9], "texture": "#3"},
				"down": {"uv": [0, 0, 2.5, 1.9], "texture": "#3"}
			}
		},
		{
			"from": [11.216, 4.824, -1.112],
			"to": [14.566, 7.37, 3.444],
			"rotation": {"angle": 0, "axis": "y", "origin": [-2.72, 4.02, -2.72]},
			"faces": {
				"north": {"uv": [0, 0, 16, 16], "texture": "#0"},
				"east": {"uv": [0, 0, 16, 16], "texture": "#0"},
				"south": {"uv": [0, 0, 16, 16], "texture": "#0"},
				"west": {"uv": [0, 0, 16, 16], "texture": "#0"},
				"up": {"uv": [0, 0, 16, 16], "texture": "#0"},
				"down": {"uv": [0, 0, 16, 16], "texture": "#0"}
			}
		},
		{
			"from": [1.3, 4.824, -1.112],
			"to": [4.65, 7.37, 3.444],
			"rotation": {"angle": 0, "axis": "y", "origin": [-2.72, 4.02, -2.72]},
			"faces": {
				"north": {"uv": [0, 0, 16, 16], "texture": "#0"},
				"east": {"uv": [0, 0, 16, 16], "texture": "#0"},
				"south": {"uv": [0, 0, 16, 16], "texture": "#0"},
				"west": {"uv": [0, 0, 16, 16], "texture": "#0"},
				"up": {"uv": [0, 0, 16, 16], "texture": "#0"},
				"down": {"uv": [0, 0, 16, 16], "texture": "#0"}
			}
		},
		{
			"from": [11.484, 3.082, -0.308],
			"to": [14.298, 4.824, 2.774],
			"rotation": {"angle": 0, "axis": "y", "origin": [-2.72, 4.02, -1.648]},
			"faces": {
				"north": {"uv": [1, 9, 4.1, 11.3], "texture": "#5"},
				"east": {"uv": [1, 9, 4.1, 11.3], "texture": "#5"},
				"south": {"uv": [1, 9, 4.1, 11.3], "texture": "#5"},
				"west": {"uv": [1, 9, 4.1, 11.3], "texture": "#5"},
				"up": {"uv": [1, 9, 4.1, 11.3], "texture": "#5"},
				"down": {"uv": [1, 9, 4.1, 11.3], "texture": "#5"}
			}
		},
		{
			"from": [1.568, 3.082, -0.308],
			"to": [4.382, 4.824, 2.774],
			"rotation": {"angle": 0, "axis": "y", "origin": [-2.72, 4.02, -1.648]},
			"faces": {
				"north": {"uv": [1, 9, 4.1, 11.3], "texture": "#5"},
				"east": {"uv": [1, 9, 4.1, 11.3], "texture": "#5"},
				"south": {"uv": [1, 9, 4.1, 11.3], "texture": "#5"},
				"west": {"uv": [1, 9, 4.1, 11.3], "texture": "#5"},
				"up": {"uv": [1, 9, 4.1, 11.3], "texture": "#5"},
				"down": {"uv": [1, 9, 4.1, 11.3], "texture": "#5"}
			}
		},
		{
			"from": [12.154, 2.278, -2.184],
			"to": [13.628, 3.216, -0.308],
			"rotation": {"angle": -22.5, "axis": "x", "origin": [-2.72, 4.02, -1.648]},
			"faces": {
				"north": {"uv": [1, 9, 3.1, 10.7], "texture": "#5"},
				"east": {"uv": [1, 9, 3.1, 10.7], "texture": "#5"},
				"south": {"uv": [1, 9, 3.1, 10.7], "texture": "#5"},
				"west": {"uv": [1, 9, 3.1, 10.7], "texture": "#5"},
				"up": {"uv": [1, 9, 3.1, 10.7], "texture": "#5"},
				"down": {"uv": [1, 9, 3.1, 10.7], "texture": "#5"}
			}
		},
		{
			"from": [2.238, 2.278, -2.184],
			"to": [3.712, 3.216, -0.308],
			"rotation": {"angle": -22.5, "axis": "x", "origin": [-2.72, 4.02, -1.648]},
			"faces": {
				"north": {"uv": [1, 9, 3.1, 10.7], "texture": "#5"},
				"east": {"uv": [1, 9, 3.1, 10.7], "texture": "#5"},
				"south": {"uv": [1, 9, 3.1, 10.7], "texture": "#5"},
				"west": {"uv": [1, 9, 3.1, 10.7], "texture": "#5"},
				"up": {"uv": [1, 9, 3.1, 10.7], "texture": "#5"},
				"down": {"uv": [1, 9, 3.1, 10.7], "texture": "#5"}
			}
		},
		{
			"from": [13.092, 9.246, 0.228],
			"to": [14.566, 10.184, 2.104],
			"rotation": {"angle": -22.5, "axis": "z", "origin": [-2.72, 4.02, -1.648]},
			"faces": {
				"north": {"uv": [1, 9, 3.1, 10.7], "texture": "#5"},
				"east": {"uv": [1, 9, 3.1, 10.7], "texture": "#5"},
				"south": {"uv": [1, 9, 3.1, 10.7], "texture": "#5"},
				"west": {"uv": [1, 9, 3.1, 10.7], "texture": "#5"},
				"up": {"uv": [1, 9, 3.1, 10.7], "texture": "#5"},
				"down": {"uv": [1, 9, 3.1, 10.7], "texture": "#5"}
			}
		},
		{
			"from": [3.98, 5.628, 0.228],
			"to": [5.454, 6.566, 2.104],
			"rotation": {"angle": -22.5, "axis": "z", "origin": [-2.72, 4.02, -1.648]},
			"faces": {
				"north": {"uv": [1, 9, 3.1, 10.7], "texture": "#5"},
				"east": {"uv": [1, 9, 3.1, 10.7], "texture": "#5"},
				"south": {"uv": [1, 9, 3.1, 10.7], "texture": "#5"},
				"west": {"uv": [1, 9, 3.1, 10.7], "texture": "#5"},
				"up": {"uv": [1, 9, 3.1, 10.7], "texture": "#5"},
				"down": {"uv": [1, 9, 3.1, 10.7], "texture": "#5"}
			}
		},
		{
			"from": [12.154, 4.422, 2.104],
			"to": [13.628, 5.36, 3.98],
			"rotation": {"angle": 22.5, "axis": "x", "origin": [-2.72, 4.02, -1.648]},
			"faces": {
				"north": {"uv": [1, 9, 3.1, 10.7], "texture": "#5"},
				"east": {"uv": [1, 9, 3.1, 10.7], "texture": "#5"},
				"south": {"uv": [1, 9, 3.1, 10.7], "texture": "#5"},
				"west": {"uv": [1, 9, 3.1, 10.7], "texture": "#5"},
				"up": {"uv": [1, 9, 3.1, 10.7], "texture": "#5"},
				"down": {"uv": [1, 9, 3.1, 10.7], "texture": "#5"}
			}
		},
		{
			"from": [2.238, 4.422, 2.104],
			"to": [3.712, 5.36, 3.98],
			"rotation": {"angle": 22.5, "axis": "x", "origin": [-2.72, 4.02, -1.648]},
			"faces": {
				"north": {"uv": [1, 9, 3.1, 10.7], "texture": "#5"},
				"east": {"uv": [1, 9, 3.1, 10.7], "texture": "#5"},
				"south": {"uv": [1, 9, 3.1, 10.7], "texture": "#5"},
				"west": {"uv": [1, 9, 3.1, 10.7], "texture": "#5"},
				"up": {"uv": [1, 9, 3.1, 10.7], "texture": "#5"},
				"down": {"uv": [1, 9, 3.1, 10.7], "texture": "#5"}
			}
		},
		{
			"from": [-0.308, 1.206, 0.228],
			"to": [1.166, 2.144, 2.104],
			"rotation": {"angle": 22.5, "axis": "z", "origin": [-2.72, 4.02, -1.648]},
			"faces": {
				"north": {"uv": [1, 9, 3.1, 10.7], "texture": "#5"},
				"east": {"uv": [1, 9, 3.1, 10.7], "texture": "#5"},
				"south": {"uv": [1, 9, 3.1, 10.7], "texture": "#5"},
				"west": {"uv": [1, 9, 3.1, 10.7], "texture": "#5"},
				"up": {"uv": [1, 9, 3.1, 10.7], "texture": "#5"},
				"down": {"uv": [1, 9, 3.1, 10.7], "texture": "#5"}
			}
		},
		{
			"from": [9.072, -2.814, 0.228],
			"to": [10.546, -1.876, 2.104],
			"rotation": {"angle": 22.5, "axis": "z", "origin": [-2.72, 4.02, -1.648]},
			"faces": {
				"north": {"uv": [1, 9, 3.1, 10.7], "texture": "#5"},
				"east": {"uv": [1, 9, 3.1, 10.7], "texture": "#5"},
				"south": {"uv": [1, 9, 3.1, 10.7], "texture": "#5"},
				"west": {"uv": [1, 9, 3.1, 10.7], "texture": "#5"},
				"up": {"uv": [1, 9, 3.1, 10.7], "texture": "#5"},
				"down": {"uv": [1, 9, 3.1, 10.7], "texture": "#5"}
			}
		},
		{
			"from": [3.98, 13.668, 3.846],
			"to": [5.32, 20.234, 4.784],
			"rotation": {"angle": 0, "axis": "y", "origin": [-2.72, 2.948, -2.72]},
			"faces": {
				"north": {"uv": [0, 0, 16, 16], "texture": "#0"},
				"east": {"uv": [0, 0, 16, 16], "texture": "#0"},
				"south": {"uv": [0, 0, 16, 16], "texture": "#0"},
				"west": {"uv": [0, 0, 16, 16], "texture": "#0"},
				"up": {"uv": [0, 0, 16, 16], "texture": "#4"},
				"down": {"uv": [0, 0, 16, 16], "texture": "#4"}
			}
		},
		{
			"from": [10.68, 13.668, 3.846],
			"to": [12.02, 20.234, 4.784],
			"rotation": {"angle": 0, "axis": "y", "origin": [-2.72, 2.948, -2.72]},
			"faces": {
				"north": {"uv": [0, 0, 16, 16], "texture": "#0"},
				"east": {"uv": [0, 0, 16, 16], "texture": "#0"},
				"south": {"uv": [0, 0, 16, 16], "texture": "#0"},
				"west": {"uv": [0, 0, 16, 16], "texture": "#0"},
				"up": {"uv": [0, 0, 16, 16], "texture": "#4"},
				"down": {"uv": [0, 0, 16, 16], "texture": "#4"}
			}
		},
		{
			"from": [14.566, 11.256, -2.452],
			"to": [17.112, 15.812, 4.516],
			"rotation": {"angle": 0, "axis": "y", "origin": [-2.72, 4.02, -2.72]},
			"faces": {
				"north": {"uv": [0, 0, 16, 16], "texture": "#0"},
				"east": {"uv": [0, 0, 16, 16], "texture": "#0"},
				"south": {"uv": [0, 0, 16, 16], "texture": "#0"},
				"west": {"uv": [0, 0, 16, 16], "texture": "#0"},
				"up": {"uv": [0, 0, 16, 16], "texture": "#0"},
				"down": {"uv": [0, 0, 16, 16], "texture": "#0"}
			}
		},
		{
			"from": [-0.308, 12.06, 0.228],
			"to": [1.568, 13.936, 5.32],
			"rotation": {"angle": 0, "axis": "y", "origin": [-2.72, 2.412, 3.042]},
			"faces": {
				"north": {"uv": [0, 0, 3.8, 1.4], "texture": "#0"},
				"east": {"uv": [0, 0, 3.8, 1.4], "texture": "#0"},
				"south": {"uv": [0, 0, 3.8, 1.4], "texture": "#0"},
				"west": {"uv": [0, 0, 3.8, 1.4], "texture": "#0"},
				"up": {"uv": [0, 0, 3.8, 1.4], "texture": "#0"},
				"down": {"uv": [0, 0, 3.8, 1.4], "texture": "#0"}
			}
		},
		{
			"from": [6.258, 6.432, -4.06],
			"to": [7.33, 6.7, 4.382],
			"rotation": {"angle": 45, "axis": "z", "origin": [-2.72, 2.412, -2.72]},
			"faces": {
				"north": {"uv": [1, 9, 2.8, 14.3], "texture": "#5"},
				"east": {"uv": [1, 9, 2.8, 14.3], "texture": "#5"},
				"south": {"uv": [1, 9, 2.8, 14.3], "texture": "#5"},
				"west": {"uv": [1, 9, 2.8, 14.3], "texture": "#5"},
				"up": {"uv": [1, 9, 2.8, 14.3], "texture": "#5"},
				"down": {"uv": [1, 9, 2.8, 14.3], "texture": "#5"}
			}
		},
		{
			"from": [6.258, 8.174, -4.06],
			"to": [7.33, 8.442, 4.382],
			"rotation": {"angle": 45, "axis": "z", "origin": [-2.72, 2.412, -2.72]},
			"faces": {
				"north": {"uv": [1, 9, 2.8, 14.3], "texture": "#5"},
				"east": {"uv": [1, 9, 2.8, 14.3], "texture": "#5"},
				"south": {"uv": [1, 9, 2.8, 14.3], "texture": "#5"},
				"west": {"uv": [1, 9, 2.8, 14.3], "texture": "#5"},
				"up": {"uv": [1, 9, 2.8, 14.3], "texture": "#5"},
				"down": {"uv": [1, 9, 2.8, 14.3], "texture": "#5"}
			}
		},
		{
			"from": [5.99, 7.906, -4.06],
			"to": [7.598, 8.174, 4.382],
			"rotation": {"angle": 45, "axis": "z", "origin": [-2.72, 2.412, -2.72]},
			"faces": {
				"north": {"uv": [1, 9, 3.2, 14.3], "texture": "#5"},
				"east": {"uv": [1, 9, 3.2, 14.3], "texture": "#5"},
				"south": {"uv": [1, 9, 3.2, 14.3], "texture": "#5"},
				"west": {"uv": [1, 9, 3.2, 14.3], "texture": "#5"},
				"up": {"uv": [1, 9, 3.2, 14.3], "texture": "#5"},
				"down": {"uv": [1, 9, 3.2, 14.3], "texture": "#5"}
			}
		},
		{
			"from": [5.99, 6.7, -4.06],
			"to": [7.598, 6.968, 4.382],
			"rotation": {"angle": 45, "axis": "z", "origin": [-2.72, 2.412, -2.72]},
			"faces": {
				"north": {"uv": [1, 9, 3.2, 14.3], "texture": "#5"},
				"east": {"uv": [1, 9, 3.2, 14.3], "texture": "#5"},
				"south": {"uv": [1, 9, 3.2, 14.3], "texture": "#5"},
				"west": {"uv": [1, 9, 3.2, 14.3], "texture": "#5"},
				"up": {"uv": [1, 9, 3.2, 14.3], "texture": "#5"},
				"down": {"uv": [1, 9, 3.2, 14.3], "texture": "#5"}
			}
		},
		{
			"from": [7.196, 6.968, -4.06],
			"to": [7.866, 7.906, 4.382],
			"rotation": {"angle": 45, "axis": "z", "origin": [-2.72, 2.412, -2.72]},
			"faces": {
				"north": {"uv": [1, 9, 2.5, 14.3], "texture": "#5"},
				"east": {"uv": [1, 9, 2.5, 14.3], "texture": "#5"},
				"south": {"uv": [1, 9, 2.5, 14.3], "texture": "#5"},
				"west": {"uv": [1, 9, 2.5, 14.3], "texture": "#5"},
				"up": {"uv": [1, 9, 2.5, 14.3], "texture": "#5"},
				"down": {"uv": [1, 9, 2.5, 14.3], "texture": "#5"}
			}
		},
		{
			"from": [5.722, 6.968, -4.06],
			"to": [6.392, 7.906, 4.382],
			"rotation": {"angle": 45, "axis": "z", "origin": [-2.72, 2.412, -2.72]},
			"faces": {
				"north": {"uv": [1, 9, 2.5, 14.3], "texture": "#5"},
				"east": {"uv": [1, 9, 2.5, 14.3], "texture": "#5"},
				"south": {"uv": [1, 9, 2.5, 14.3], "texture": "#5"},
				"west": {"uv": [1, 9, 2.5, 14.3], "texture": "#5"},
				"up": {"uv": [1, 9, 2.5, 14.3], "texture": "#5"},
				"down": {"uv": [1, 9, 2.5, 14.3], "texture": "#5"}
			}
		},
		{
			"from": [6.258, 7.906, -7.946],
			"to": [7.33, 8.174, -2.72],
			"rotation": {"angle": 45, "axis": "z", "origin": [-2.72, 2.412, 3.042]},
			"faces": {
				"north": {"uv": [1, 9, 2.8, 11.9], "texture": "#5"},
				"east": {"uv": [1, 9, 2.8, 11.9], "texture": "#5"},
				"south": {"uv": [1, 9, 2.8, 11.9], "texture": "#5"},
				"west": {"uv": [1, 9, 2.8, 11.9], "texture": "#5"},
				"up": {"uv": [1, 9, 2.8, 11.9], "texture": "#5"},
				"down": {"uv": [1, 9, 2.8, 11.9], "texture": "#5"}
			}
		},
		{
			"from": [6.258, 6.7, -7.946],
			"to": [7.33, 6.968, -2.72],
			"rotation": {"angle": 45, "axis": "z", "origin": [-2.72, 2.412, 3.042]},
			"faces": {
				"north": {"uv": [1, 9, 2.8, 11.9], "texture": "#5"},
				"east": {"uv": [1, 9, 2.8, 11.9], "texture": "#5"},
				"south": {"uv": [1, 9, 2.8, 11.9], "texture": "#5"},
				"west": {"uv": [1, 9, 2.8, 11.9], "texture": "#5"},
				"up": {"uv": [1, 9, 2.8, 11.9], "texture": "#5"},
				"down": {"uv": [1, 9, 2.8, 11.9], "texture": "#5"}
			}
		},
		{
			"from": [7.33, 6.968, -7.946],
			"to": [7.598, 7.906, -2.72],
			"rotation": {"angle": 45, "axis": "z", "origin": [-2.72, 2.412, 3.042]},
			"faces": {
				"north": {"uv": [1, 9, 2.2, 11.9], "texture": "#5"},
				"east": {"uv": [1, 9, 2.2, 11.9], "texture": "#5"},
				"south": {"uv": [1, 9, 2.2, 11.9], "texture": "#5"},
				"west": {"uv": [1, 9, 2.2, 11.9], "texture": "#5"},
				"up": {"uv": [1, 9, 2.2, 11.9], "texture": "#5"},
				"down": {"uv": [1, 9, 2.2, 11.9], "texture": "#5"}
			}
		},
		{
			"from": [5.99, 6.968, -7.946],
			"to": [6.258, 7.906, -2.72],
			"rotation": {"angle": 45, "axis": "z", "origin": [-2.72, 2.412, 3.042]},
			"faces": {
				"north": {"uv": [1, 9, 2.2, 11.9], "texture": "#5"},
				"east": {"uv": [1, 9, 2.2, 11.9], "texture": "#5"},
				"south": {"uv": [1, 9, 2.2, 11.9], "texture": "#5"},
				"west": {"uv": [1, 9, 2.2, 11.9], "texture": "#5"},
				"up": {"uv": [1, 9, 2.2, 11.9], "texture": "#5"},
				"down": {"uv": [1, 9, 2.2, 11.9], "texture": "#5"}
			}
		},
		{
			"from": [0.094, 13.936, 0.228],
			"to": [1.166, 15.812, 5.32],
			"rotation": {"angle": 0, "axis": "y", "origin": [-2.72, 2.412, 3.042]},
			"faces": {
				"north": {"uv": [0, 0, 16, 16], "texture": "#0"},
				"east": {"uv": [0, 0, 16, 16], "texture": "#0"},
				"south": {"uv": [0, 0, 16, 16], "texture": "#0"},
				"west": {"uv": [0, 0, 16, 16], "texture": "#0"},
				"up": {"uv": [0, 0, 16, 16], "texture": "#0"},
				"down": {"uv": [0, 0, 16, 16], "texture": "#0"}
			}
		},
		{
			"from": [17.112, -2.948, -3.256],
			"to": [18.184, -2.68, -2.72],
			"rotation": {"angle": 45, "axis": "z", "origin": [-2.72, 2.412, 3.042]},
			"faces": {
				"north": {"uv": [1, 12, 3.8, 9.2], "texture": "#5"},
				"east": {"uv": [1, 12, 3.8, 9.2], "texture": "#5"},
				"south": {"uv": [1, 12, 3.8, 9.2], "texture": "#5"},
				"west": {"uv": [1, 12, 3.8, 9.2], "texture": "#5"},
				"up": {"uv": [1, 12, 3.8, 9.2], "texture": "#5"},
				"down": {"uv": [1, 12, 3.8, 9.2], "texture": "#5"}
			}
		},
		{
			"from": [18.184, -3.886, -3.256],
			"to": [18.452, -2.948, -2.72],
			"rotation": {"angle": 45, "axis": "z", "origin": [-2.72, 2.412, 3.042]},
			"faces": {
				"north": {"uv": [1, 12, 3.2, 9.7], "texture": "#5"},
				"east": {"uv": [1, 12, 3.2, 9.7], "texture": "#5"},
				"south": {"uv": [1, 12, 3.2, 9.7], "texture": "#5"},
				"west": {"uv": [1, 12, 3.2, 9.7], "texture": "#5"},
				"up": {"uv": [1, 12, 3.2, 9.7], "texture": "#5"},
				"down": {"uv": [1, 12, 3.2, 9.7], "texture": "#5"}
			}
		},
		{
			"from": [17.112, -4.154, -3.256],
			"to": [18.184, -3.886, -2.72],
			"rotation": {"angle": 45, "axis": "z", "origin": [-2.72, 2.412, 3.042]},
			"faces": {
				"north": {"uv": [1, 12, 3.8, 9.2], "texture": "#5"},
				"east": {"uv": [1, 12, 3.8, 9.2], "texture": "#5"},
				"south": {"uv": [1, 12, 3.8, 9.2], "texture": "#5"},
				"west": {"uv": [1, 12, 3.8, 9.2], "texture": "#5"},
				"up": {"uv": [1, 12, 3.8, 9.2], "texture": "#5"},
				"down": {"uv": [1, 12, 3.8, 9.2], "texture": "#5"}
			}
		},
		{
			"from": [16.844, -3.886, -3.256],
			"to": [17.112, -2.948, -2.72],
			"rotation": {"angle": 45, "axis": "z", "origin": [-2.72, 2.412, 3.042]},
			"faces": {
				"north": {"uv": [1, 12, 3.2, 9.7], "texture": "#5"},
				"east": {"uv": [1, 12, 3.2, 9.7], "texture": "#5"},
				"south": {"uv": [1, 12, 3.2, 9.7], "texture": "#5"},
				"west": {"uv": [1, 12, 3.2, 9.7], "texture": "#5"},
				"up": {"uv": [1, 12, 3.2, 9.7], "texture": "#5"},
				"down": {"uv": [1, 12, 3.2, 9.7], "texture": "#5"}
			}
		},
		{
			"from": [19.524, -2.68, -3.256],
			"to": [19.792, -1.742, -2.72],
			"rotation": {"angle": 45, "axis": "z", "origin": [-2.72, 2.412, 3.042]},
			"faces": {
				"north": {"uv": [1, 12, 3.2, 9.7], "texture": "#5"},
				"east": {"uv": [1, 12, 3.2, 9.7], "texture": "#5"},
				"south": {"uv": [1, 12, 3.2, 9.7], "texture": "#5"},
				"west": {"uv": [1, 12, 3.2, 9.7], "texture": "#5"},
				"up": {"uv": [1, 12, 3.2, 9.7], "texture": "#5"},
				"down": {"uv": [1, 12, 3.2, 9.7], "texture": "#5"}
			}
		},
		{
			"from": [18.452, -2.948, -3.256],
			"to": [19.524, -2.68, -2.72],
			"rotation": {"angle": 45, "axis": "z", "origin": [-2.72, 2.412, 3.042]},
			"faces": {
				"north": {"uv": [1, 12, 3.8, 9.2], "texture": "#5"},
				"east": {"uv": [1, 12, 3.8, 9.2], "texture": "#5"},
				"south": {"uv": [1, 12, 3.8, 9.2], "texture": "#5"},
				"west": {"uv": [1, 12, 3.8, 9.2], "texture": "#5"},
				"up": {"uv": [1, 12, 3.8, 9.2], "texture": "#5"},
				"down": {"uv": [1, 12, 3.8, 9.2], "texture": "#5"}
			}
		},
		{
			"from": [18.452, -1.742, -3.256],
			"to": [19.524, -1.474, -2.72],
			"rotation": {"angle": 45, "axis": "z", "origin": [-2.72, 2.412, 3.042]},
			"faces": {
				"north": {"uv": [1, 12, 3.8, 9.2], "texture": "#5"},
				"east": {"uv": [1, 12, 3.8, 9.2], "texture": "#5"},
				"south": {"uv": [1, 12, 3.8, 9.2], "texture": "#5"},
				"west": {"uv": [1, 12, 3.8, 9.2], "texture": "#5"},
				"up": {"uv": [1, 12, 3.8, 9.2], "texture": "#5"},
				"down": {"uv": [1, 12, 3.8, 9.2], "texture": "#5"}
			}
		},
		{
			"from": [18.184, -2.68, -3.256],
			"to": [18.452, -1.742, -2.72],
			"rotation": {"angle": 45, "axis": "z", "origin": [-2.72, 2.412, 3.042]},
			"faces": {
				"north": {"uv": [1, 12, 3.2, 9.7], "texture": "#5"},
				"east": {"uv": [1, 12, 3.2, 9.7], "texture": "#5"},
				"south": {"uv": [1, 12, 3.2, 9.7], "texture": "#5"},
				"west": {"uv": [1, 12, 3.2, 9.7], "texture": "#5"},
				"up": {"uv": [1, 12, 3.2, 9.7], "texture": "#5"},
				"down": {"uv": [1, 12, 3.2, 9.7], "texture": "#5"}
			}
		},
		{
			"from": [6.526, 5.762, 1.97],
			"to": [9.34, 13.132, 8.402],
			"rotation": {"angle": -45, "axis": "x", "origin": [-2.72, 2.948, -2.72]},
			"faces": {
				"north": {"uv": [0, 0, 16, 16], "texture": "#0"},
				"east": {"uv": [0, 0, 16, 16], "texture": "#0"},
				"south": {"uv": [0, 0, 16, 16], "texture": "#0"},
				"west": {"uv": [0, 0, 16, 16], "texture": "#0"},
				"up": {"uv": [0, 0, 16, 16], "texture": "#6"},
				"down": {"uv": [0, 0, 16, 16], "texture": "#0"}
			}
		},
		{
			"from": [5.856, 14.606, 3.578],
			"to": [7.33, 15.142, 3.98],
			"rotation": {"angle": 0, "axis": "y", "origin": [-2.72, 0, -2.72]},
			"faces": {
				"north": {"uv": [3, 12, 4.1, 6.4], "texture": "#1"},
				"east": {"uv": [3, 12, 4.1, 6.4], "texture": "#1"},
				"south": {"uv": [3, 12, 4.1, 6.4], "texture": "#1"},
				"west": {"uv": [3, 12, 4.1, 6.4], "texture": "#1"},
				"up": {"uv": [3, 12, 4.1, 6.4], "texture": "#1"},
				"down": {"uv": [3, 12, 4.1, 6.4], "texture": "#1"}
			}
		},
		{
			"from": [6.526, 14.338, 3.578],
			"to": [7.062, 14.606, 3.98],
			"rotation": {"angle": 0, "axis": "y", "origin": [-2.72, 0, -2.72]},
			"faces": {
				"north": {"uv": [3, 12, 4.1, 6.4], "texture": "#1"},
				"east": {"uv": [3, 12, 4.1, 6.4], "texture": "#1"},
				"south": {"uv": [3, 12, 4.1, 6.4], "texture": "#1"},
				"west": {"uv": [3, 12, 4.1, 6.4], "texture": "#1"},
				"up": {"uv": [3, 12, 4.1, 6.4], "texture": "#1"},
				"down": {"uv": [3, 12, 4.1, 6.4], "texture": "#1"}
			}
		},
		{
			"from": [6.258, 13.802, 3.578],
			"to": [6.928, 14.338, 3.98],
			"rotation": {"angle": 0, "axis": "y", "origin": [-2.72, 0, -2.72]},
			"faces": {
				"north": {"uv": [3, 12, 4.1, 6.4], "texture": "#1"},
				"east": {"uv": [3, 12, 4.1, 6.4], "texture": "#1"},
				"south": {"uv": [3, 12, 4.1, 6.4], "texture": "#1"},
				"west": {"uv": [3, 12, 4.1, 6.4], "texture": "#1"},
				"up": {"uv": [3, 12, 4.1, 6.4], "texture": "#1"},
				"down": {"uv": [3, 12, 4.1, 6.4], "texture": "#1"}
			}
		},
		{
			"from": [5.856, 13.266, 3.578],
			"to": [6.526, 13.802, 3.98],
			"rotation": {"angle": 0, "axis": "y", "origin": [-2.72, 0, -2.72]},
			"faces": {
				"north": {"uv": [3, 12, 4.1, 6.4], "texture": "#1"},
				"east": {"uv": [3, 12, 4.1, 6.4], "texture": "#1"},
				"south": {"uv": [3, 12, 4.1, 6.4], "texture": "#1"},
				"west": {"uv": [3, 12, 4.1, 6.4], "texture": "#1"},
				"up": {"uv": [3, 12, 4.1, 6.4], "texture": "#1"},
				"down": {"uv": [3, 12, 4.1, 6.4], "texture": "#1"}
			}
		},
		{
			"from": [6.124, 12.73, 3.578],
			"to": [6.794, 13.266, 3.98],
			"rotation": {"angle": 0, "axis": "y", "origin": [-2.72, 0, -2.72]},
			"faces": {
				"north": {"uv": [3, 12, 4.1, 6.4], "texture": "#1"},
				"east": {"uv": [3, 12, 4.1, 6.4], "texture": "#1"},
				"south": {"uv": [3, 12, 4.1, 6.4], "texture": "#1"},
				"west": {"uv": [3, 12, 4.1, 6.4], "texture": "#1"},
				"up": {"uv": [3, 12, 4.1, 6.4], "texture": "#1"},
				"down": {"uv": [3, 12, 4.1, 6.4], "texture": "#1"}
			}
		},
		{
			"from": [6.392, 12.194, 3.578],
			"to": [9.742, 12.73, 3.98],
			"rotation": {"angle": 0, "axis": "y", "origin": [-2.72, 0, -2.72]},
			"faces": {
				"north": {"uv": [3, 12, 4.1, 6.4], "texture": "#1"},
				"east": {"uv": [3, 12, 4.1, 6.4], "texture": "#1"},
				"south": {"uv": [3, 12, 4.1, 6.4], "texture": "#1"},
				"west": {"uv": [3, 12, 4.1, 6.4], "texture": "#1"},
				"up": {"uv": [3, 12, 4.1, 6.4], "texture": "#1"},
				"down": {"uv": [3, 12, 4.1, 6.4], "texture": "#1"}
			}
		},
		{
			"from": [9.206, 12.73, 3.578],
			"to": [9.876, 13.266, 3.98],
			"rotation": {"angle": 0, "axis": "y", "origin": [-2.72, 0, -2.72]},
			"faces": {
				"north": {"uv": [3, 12, 4.1, 6.4], "texture": "#1"},
				"east": {"uv": [3, 12, 4.1, 6.4], "texture": "#1"},
				"south": {"uv": [3, 12, 4.1, 6.4], "texture": "#1"},
				"west": {"uv": [3, 12, 4.1, 6.4], "texture": "#1"},
				"up": {"uv": [3, 12, 4.1, 6.4], "texture": "#1"},
				"down": {"uv": [3, 12, 4.1, 6.4], "texture": "#1"}
			}
		},
		{
			"from": [9.474, 13.266, 3.578],
			"to": [10.144, 13.802, 3.98],
			"rotation": {"angle": 0, "axis": "y", "origin": [-2.72, 0, -2.72]},
			"faces": {
				"north": {"uv": [3, 12, 4.1, 6.4], "texture": "#1"},
				"east": {"uv": [3, 12, 4.1, 6.4], "texture": "#1"},
				"south": {"uv": [3, 12, 4.1, 6.4], "texture": "#1"},
				"west": {"uv": [3, 12, 4.1, 6.4], "texture": "#1"},
				"up": {"uv": [3, 12, 4.1, 6.4], "texture": "#1"},
				"down": {"uv": [3, 12, 4.1, 6.4], "texture": "#1"}
			}
		},
		{
			"from": [8.938, 14.338, 3.578],
			"to": [9.474, 14.606, 3.98],
			"rotation": {"angle": 0, "axis": "y", "origin": [-2.72, 0, -2.72]},
			"faces": {
				"north": {"uv": [3, 12, 4.1, 6.4], "texture": "#1"},
				"east": {"uv": [3, 12, 4.1, 6.4], "texture": "#1"},
				"south": {"uv": [3, 12, 4.1, 6.4], "texture": "#1"},
				"west": {"uv": [3, 12, 4.1, 6.4], "texture": "#1"},
				"up": {"uv": [3, 12, 4.1, 6.4], "texture": "#1"},
				"down": {"uv": [3, 12, 4.1, 6.4], "texture": "#1"}
			}
		},
		{
			"from": [9.072, 13.802, 3.578],
			"to": [9.742, 14.338, 3.98],
			"rotation": {"angle": 0, "axis": "y", "origin": [-2.72, 0, -2.72]},
			"faces": {
				"north": {"uv": [3, 12, 4.1, 6.4], "texture": "#1"},
				"east": {"uv": [3, 12, 4.1, 6.4], "texture": "#1"},
				"south": {"uv": [3, 12, 4.1, 6.4], "texture": "#1"},
				"west": {"uv": [3, 12, 4.1, 6.4], "texture": "#1"},
				"up": {"uv": [3, 12, 4.1, 6.4], "texture": "#1"},
				"down": {"uv": [3, 12, 4.1, 6.4], "texture": "#1"}
			}
		},
		{
			"from": [8.67, 14.606, 3.578],
			"to": [10.144, 15.142, 3.98],
			"rotation": {"angle": 0, "axis": "y", "origin": [-2.72, 0, -2.72]},
			"faces": {
				"north": {"uv": [3, 12, 4.1, 6.4], "texture": "#1"},
				"east": {"uv": [3, 12, 4.1, 6.4], "texture": "#1"},
				"south": {"uv": [3, 12, 4.1, 6.4], "texture": "#1"},
				"west": {"uv": [3, 12, 4.1, 6.4], "texture": "#1"},
				"up": {"uv": [3, 12, 4.1, 6.4], "texture": "#1"},
				"down": {"uv": [3, 12, 4.1, 6.4], "texture": "#1"}
			}
		},
		{
			"from": [6.258, 11.256, -0.308],
			"to": [9.608, 17.152, 3.712],
			"rotation": {"angle": 0, "axis": "y", "origin": [-2.72, 1.876, -2.72]},
			"faces": {
				"north": {"uv": [0, 0, 2.5, 4.4], "texture": "#0"},
				"east": {"uv": [0, 0, 3, 4.4], "texture": "#0"},
				"south": {"uv": [0, 0, 16, 16], "texture": "#2"},
				"west": {"uv": [0, 0, 3, 4.4], "texture": "#0"},
				"up": {"uv": [0, 0, 2.5, 3], "texture": "#0"},
				"down": {"uv": [0, 0, 2.5, 3], "texture": "#0"}
			}
		},
		{
			"from": [10.68, 17.822, -1.916],
			"to": [12.02, 18.76, 4.65],
			"rotation": {"angle": 0, "axis": "x", "origin": [-2.72, 2.948, -2.72]},
			"faces": {
				"north": {"uv": [0, 0, 16, 16], "rotation": 180, "texture": "#4"},
				"east": {"uv": [0, 0, 16, 16], "rotation": 90, "texture": "#0"},
				"south": {"uv": [0, 0, 16, 16], "texture": "#4"},
				"west": {"uv": [0, 0, 16, 16], "rotation": 270, "texture": "#0"},
				"up": {"uv": [0, 0, 16, 16], "texture": "#0"},
				"down": {"uv": [0, 0, 16, 16], "rotation": 180, "texture": "#0"}
			}
		}
	],
	"display": {
		"head": {
			"translation": [0, -23, 31.5],
			"scale": [4, 4, 4]
		}
	},
	"groups": [
		0,
		1,
		2,
		3,
		4,
		5,
		6,
		7,
		8,
		9,
		10,
		11,
		12,
		13,
		14,
		15,
		16,
		17,
		18,
		19,
		20,
		21,
		22,
		23,
		24,
		25,
		26,
		{
			"name": "arms",
			"origin": [8, 8, 8],
			"color": 0,
			"children": []
		},
		{
			"name": "legs",
			"origin": [8, 8, 8],
			"color": 0,
			"children": []
		},
		27,
		28,
		29,
		30,
		31,
		32,
		33,
		34,
		35,
		36,
		37,
		38,
		39,
		40,
		41,
		42,
		43,
		44,
		45,
		46,
		47,
		48,
		49,
		50,
		51,
		52,
		53,
		54,
		55,
		56,
		57,
		58,
		59,
		60,
		61,
		62,
		63
	]
}