{
	"credit": "Made with Blockbench",
	"parent": "diamond_sword",
	"texture_size": [128, 128],
	"textures": {
		"0": "minecraft:block/blue_shulker_box",
		"1": "minecraft:block/redstone_lamp_on",
		"2": "minecraft:block/black_concrete",
		"3": "minecraft:block/black_shulker_box",
		"4": "minecraft:block/cauldron_side",
		"6": "minecraft:block/lapis_block",
		"7": "minecraft:block/iron_block",
		"13": "minecraft:block/observer_side",
		"15": "minecraft:block/light_gray_shulker_box",
		"16": "minecraft:block/gray_shulker_box",
		"18": "minecraft:item/netherite_ingot",
		"19": "minecraft:block/blast_furnace_front",
		"20": "minecraft:block/observer_top",
		"21": "minecraft:block/dispenser_front_vertical",
		"22": "minecraft:block/observer_back_on",
		"particle": "minecraft:block/blue_shulker_box"
	},
	"elements": [
		{
			"from": [-0.3, 1.34, 3.5],
			"to": [16.3, 8.4, 17.1],
			"rotation": {"angle": 0, "axis": "y", "origin": [-5.6, 0, 3.5]},
			"faces": {
				"north": {"uv": [3, 6, 7, 14], "texture": "#18"},
				"east": {"uv": [0, 0, 16, 16], "texture": "#6"},
				"south": {"uv": [3, 6, 7, 14], "texture": "#18"},
				"west": {"uv": [0, 0, 16, 16], "texture": "#6"},
				"up": {"uv": [3, 6, 7, 14], "texture": "#18"},
				"down": {"uv": [3, 6, 7, 14], "texture": "#18"}
			}
		},
		{
			"from": [-2.8, 0, 3.1],
			"to": [-0.1, 9.5, 17.5],
			"rotation": {"angle": 0, "axis": "y", "origin": [-3.5, 0, 4.2]},
			"faces": {
				"north": {"uv": [0, 0, 16, 16], "texture": "#16"},
				"east": {"uv": [0, 0, 16, 16], "texture": "#2"},
				"south": {"uv": [0, 0, 16, 16], "texture": "#3"},
				"west": {"uv": [0, 0, 16, 16], "texture": "#2"},
				"up": {"uv": [0, 0, 16, 16], "texture": "#16"},
				"down": {"uv": [0, 0, 16, 16], "texture": "#16"}
			}
		},
		{
			"from": [-2.6, 5.21, 2.46],
			"to": [-0.3, 9.01, 4.14],
			"rotation": {"angle": 0, "axis": "y", "origin": [-3.4, 0, 5.8]},
			"faces": {
				"north": {"uv": [0, 0, 16, 16], "texture": "#16"},
				"east": {"uv": [0, 0, 16, 16], "texture": "#2"},
				"south": {"uv": [10.125, 8.5, 10.375, 9], "texture": "#missing"},
				"west": {"uv": [0, 0, 16, 16], "texture": "#2"},
				"up": {"uv": [0, 0, 16, 16], "texture": "#16"},
				"down": {"uv": [10.5, 2.75, 10.25, 3], "texture": "#missing"}
			}
		},
		{
			"from": [-2.7, -0.01, 17.27],
			"to": [-0.2, 3.19, 24.07],
			"rotation": {"angle": 0, "axis": "y", "origin": [18.5, 0, -1.3]},
			"faces": {
				"north": {"uv": [0, 0, 16, 16], "texture": "#3"},
				"east": {"uv": [0, 0, 16, 16], "texture": "#2"},
				"south": {"uv": [0, 0, 16, 16], "texture": "#16"},
				"west": {"uv": [0, 0, 16, 16], "texture": "#2"},
				"up": {"uv": [0, 0, 16, 16], "texture": "#3"},
				"down": {"uv": [0, 0, 16, 16], "texture": "#16"}
			}
		},
		{
			"from": [-2.5, 2.71, -2.54],
			"to": [-0.3, 6.51, 1.74],
			"rotation": {"angle": 0, "axis": "y", "origin": [-3.4, 0, 5.8]},
			"faces": {
				"north": {"uv": [0, 0, 16, 16], "texture": "#16"},
				"east": {"uv": [0, 0, 16, 16], "texture": "#2"},
				"south": {"uv": [10.25, 0, 10.5, 0.5], "texture": "#missing"},
				"west": {"uv": [0, 0, 16, 16], "texture": "#2"},
				"up": {"uv": [0.5, 10.75, 0.25, 10.25], "texture": "#missing"},
				"down": {"uv": [10.5, 0.5, 10.25, 1], "texture": "#missing"}
			}
		},
		{
			"from": [-2.5, -0.69, -2.94],
			"to": [-0.3, 4.01, 4.24],
			"rotation": {"angle": 22.5, "axis": "x", "origin": [-3.4, 0, 5.8]},
			"faces": {
				"north": {"uv": [0, 0, 16, 16], "texture": "#3"},
				"east": {"uv": [0, 0, 16, 16], "texture": "#2"},
				"south": {"uv": [8.125, 8.625, 8.375, 9.25], "texture": "#missing"},
				"west": {"uv": [0, 0, 16, 16], "texture": "#2"},
				"up": {"uv": [6.25, 10.25, 6, 9.375], "texture": "#missing"},
				"down": {"uv": [0, 0, 16, 16], "texture": "#16"}
			}
		},
		{
			"from": [-2.6, 5.17, 0.57],
			"to": [-0.3, 9.37, 6.07],
			"rotation": {"angle": -22.5, "axis": "x", "origin": [-3.4, 0, 5.8]},
			"faces": {
				"north": {"uv": [0, 0, 16, 16], "texture": "#3"},
				"east": {"uv": [0, 0, 16, 16], "texture": "#2"},
				"south": {"uv": [0, 0, 16, 16], "texture": "#3"},
				"west": {"uv": [0, 0, 16, 16], "texture": "#2"},
				"up": {"uv": [0, 0, 16, 16], "texture": "#16"},
				"down": {"uv": [0, 0, 16, 16], "texture": "#3"}
			}
		},
		{
			"from": [-2.7, -15.92, 14.41],
			"to": [-0.2, -6.64, 18.71],
			"rotation": {"angle": -45, "axis": "x", "origin": [-3.5, 0, -1.4]},
			"faces": {
				"north": {"uv": [0, 0, 16, 16], "texture": "#3"},
				"east": {"uv": [0, 0, 16, 16], "texture": "#2"},
				"south": {"uv": [0, 0, 16, 16], "texture": "#16"},
				"west": {"uv": [0, 0, 16, 16], "texture": "#2"},
				"up": {"uv": [10.125, 7.875, 9.75, 7.375], "texture": "#missing"},
				"down": {"uv": [0, 0, 16, 16], "texture": "#3"}
			}
		},
		{
			"from": [16.2, 5.17, 0.57],
			"to": [18.5, 9.37, 6.07],
			"rotation": {"angle": -22.5, "axis": "x", "origin": [15.4, 0, 5.8]},
			"faces": {
				"north": {"uv": [0, 0, 16, 16], "texture": "#3"},
				"east": {"uv": [0, 0, 16, 16], "texture": "#2"},
				"south": {"uv": [0, 0, 16, 16], "texture": "#3"},
				"west": {"uv": [0, 0, 16, 16], "texture": "#2"},
				"up": {"uv": [0, 0, 16, 16], "texture": "#16"},
				"down": {"uv": [0, 0, 16, 16], "texture": "#3"}
			}
		},
		{
			"from": [16.3, 2.71, -2.54],
			"to": [18.5, 6.51, 1.74],
			"rotation": {"angle": 0, "axis": "y", "origin": [15.4, 0, 5.8]},
			"faces": {
				"north": {"uv": [0, 0, 16, 16], "texture": "#16"},
				"east": {"uv": [0, 0, 16, 16], "texture": "#2"},
				"south": {"uv": [9.25, 10.25, 9.5, 10.75], "texture": "#missing"},
				"west": {"uv": [0, 0, 16, 16], "texture": "#2"},
				"up": {"uv": [9.75, 10.75, 9.5, 10.25], "texture": "#missing"},
				"down": {"uv": [10.5, 10.125, 10.25, 10.625], "texture": "#missing"}
			}
		},
		{
			"from": [16.3, -0.69, -2.94],
			"to": [18.5, 4.01, 4.24],
			"rotation": {"angle": 22.5, "axis": "x", "origin": [15.4, 0, 5.8]},
			"faces": {
				"north": {"uv": [0, 0, 16, 16], "texture": "#3"},
				"east": {"uv": [0, 0, 16, 16], "texture": "#2"},
				"south": {"uv": [3.375, 10, 3.625, 10.625], "texture": "#missing"},
				"west": {"uv": [0, 0, 16, 16], "texture": "#2"},
				"up": {"uv": [1.375, 10.625, 1.125, 9.75], "texture": "#missing"},
				"down": {"uv": [0, 0, 16, 16], "texture": "#16"}
			}
		},
		{
			"from": [16.2, 5.21, 2.46],
			"to": [18.5, 9.01, 4.14],
			"rotation": {"angle": 0, "axis": "y", "origin": [15.4, 0, 5.8]},
			"faces": {
				"north": {"uv": [0, 0, 16, 16], "texture": "#16"},
				"east": {"uv": [0, 0, 16, 16], "texture": "#2"},
				"south": {"uv": [2.375, 10.375, 2.625, 10.875], "texture": "#missing"},
				"west": {"uv": [0, 0, 16, 16], "texture": "#2"},
				"up": {"uv": [0, 0, 16, 16], "texture": "#16"},
				"down": {"uv": [8.625, 10.375, 8.375, 10.625], "texture": "#missing"}
			}
		},
		{
			"from": [16, 0, 3.1],
			"to": [18.7, 9.5, 17.6],
			"rotation": {"angle": 0, "axis": "y", "origin": [15.3, 0, 4.2]},
			"faces": {
				"north": {"uv": [0, 0, 16, 16], "texture": "#16"},
				"east": {"uv": [0, 0, 16, 16], "texture": "#2"},
				"south": {"uv": [0, 0, 16, 16], "texture": "#3"},
				"west": {"uv": [0, 0, 16, 16], "texture": "#2"},
				"up": {"uv": [0, 0, 16, 16], "texture": "#16"},
				"down": {"uv": [0, 0, 16, 16], "texture": "#16"}
			}
		},
		{
			"from": [16.1, -15.92, 14.41],
			"to": [18.6, -6.64, 18.71],
			"rotation": {"angle": -45, "axis": "x", "origin": [15.3, 0, -1.4]},
			"faces": {
				"north": {"uv": [0, 0, 16, 16], "texture": "#3"},
				"east": {"uv": [0, 0, 16, 16], "texture": "#2"},
				"south": {"uv": [0, 0, 16, 16], "texture": "#16"},
				"west": {"uv": [0, 0, 16, 16], "texture": "#2"},
				"up": {"uv": [2.5, 10.375, 2.125, 9.875], "texture": "#missing"},
				"down": {"uv": [0, 0, 16, 16], "texture": "#3"}
			}
		},
		{
			"from": [16.1, -0.01, 17.27],
			"to": [18.6, 3.19, 24.07],
			"rotation": {"angle": 0, "axis": "y", "origin": [37.3, 0, -1.3]},
			"faces": {
				"north": {"uv": [0, 0, 16, 16], "texture": "#3"},
				"east": {"uv": [0, 0, 16, 16], "texture": "#2"},
				"south": {"uv": [0, 0, 16, 16], "texture": "#16"},
				"west": {"uv": [0, 0, 16, 16], "texture": "#2"},
				"up": {"uv": [0, 0, 16, 16], "texture": "#3"},
				"down": {"uv": [0, 0, 16, 16], "texture": "#16"}
			}
		},
		{
			"from": [-0.1, 1.27, 17],
			"to": [16, 5.9, 22.2],
			"rotation": {"angle": 0, "axis": "y", "origin": [-5.6, 0, 3.5]},
			"faces": {
				"north": {"uv": [3, 6, 7, 14], "texture": "#18"},
				"east": {"uv": [3, 6, 7, 14], "texture": "#18"},
				"south": {"uv": [3, 6, 7, 14], "texture": "#18"},
				"west": {"uv": [3, 6, 7, 14], "texture": "#18"},
				"up": {"uv": [3, 6, 7, 14], "texture": "#18"},
				"down": {"uv": [3, 6, 7, 14], "texture": "#18"}
			}
		},
		{
			"from": [1.2, 3.4, 15.4],
			"to": [14.8, 8.5, 22],
			"rotation": {"angle": 0, "axis": "y", "origin": [-5.6, 0, 3.5]},
			"faces": {
				"north": {"uv": [3, 6, 7, 14], "texture": "#18"},
				"east": {"uv": [3, 6, 7, 14], "texture": "#18"},
				"south": {"uv": [3, 6, 7, 14], "texture": "#18"},
				"west": {"uv": [3, 6, 7, 14], "texture": "#18"},
				"up": {"uv": [3, 6, 7, 14], "texture": "#18"},
				"down": {"uv": [3, 6, 7, 14], "texture": "#18"}
			}
		},
		{
			"from": [6.3, 3.78, 0.1],
			"to": [9.8, 9.5, 6.2],
			"rotation": {"angle": 0, "axis": "y", "origin": [-5.6, 0, 3.5]},
			"faces": {
				"north": {"uv": [12.625, 1.625, 2.125, 16], "texture": "#13"},
				"east": {"uv": [12.625, 1.625, 2.125, 16], "texture": "#13"},
				"south": {"uv": [12.625, 1.625, 2.125, 16], "texture": "#13"},
				"west": {"uv": [12.625, 1.625, 2.125, 16], "texture": "#13"},
				"up": {"uv": [12.625, 1.625, 2.125, 16], "texture": "#13"},
				"down": {"uv": [12.625, 1.625, 2.125, 16], "texture": "#13"}
			}
		},
		{
			"from": [2.9, 3.88, -9.76],
			"to": [6.3, 9.5, -6.36],
			"rotation": {"angle": -45, "axis": "y", "origin": [-5.6, 0, 3.5]},
			"faces": {
				"north": {"uv": [0, 0, 16, 16], "texture": "#13"},
				"east": {"uv": [0, 0, 16, 16], "texture": "#13"},
				"south": {"uv": [0, 0, 16, 16], "texture": "#13"},
				"west": {"uv": [0, 0, 16, 16], "texture": "#13"},
				"up": {"uv": [0, 0, 16, 16], "texture": "#13"},
				"down": {"uv": [0, 0, 16, 16], "texture": "#13"}
			}
		},
		{
			"from": [0.35, 3.88, -7.38],
			"to": [3.75, 9.5, -3.98],
			"rotation": {"angle": -45, "axis": "y", "origin": [-5.6, 0, 3.5]},
			"faces": {
				"north": {"uv": [0, 0, 16, 16], "texture": "#13"},
				"east": {"uv": [0, 0, 16, 16], "texture": "#13"},
				"south": {"uv": [0, 0, 16, 16], "texture": "#13"},
				"west": {"uv": [0, 0, 16, 16], "texture": "#13"},
				"up": {"uv": [0, 0, 16, 16], "texture": "#13"},
				"down": {"uv": [0, 0, 16, 16], "texture": "#13"}
			}
		},
		{
			"from": [-0.1, 2.12, 1.8],
			"to": [16.2, 4.6, 5.2],
			"rotation": {"angle": -22.5, "axis": "x", "origin": [-7.2, 0, 3.5]},
			"faces": {
				"north": {"uv": [3, 6, 7, 14], "texture": "#18"},
				"east": {"uv": [3, 6, 7, 14], "texture": "#18"},
				"south": {"uv": [3, 6, 7, 14], "texture": "#18"},
				"west": {"uv": [3, 6, 7, 14], "texture": "#18"},
				"up": {"uv": [3, 6, 7, 14], "texture": "#18"},
				"down": {"uv": [3, 6, 7, 14], "texture": "#18"}
			}
		},
		{
			"from": [-0.3, 4, 3.2],
			"to": [16.3, 7.7, 10],
			"rotation": {"angle": -22.5, "axis": "x", "origin": [-5.6, 0, 3.5]},
			"faces": {
				"north": {"uv": [0, 0, 16, 16], "texture": "#missing"},
				"east": {"uv": [0, 0, 16, 16], "texture": "#6"},
				"south": {"uv": [3, 6, 7, 14], "texture": "#18"},
				"west": {"uv": [0, 0, 16, 16], "texture": "#6"},
				"up": {"uv": [3, 6, 7, 14], "texture": "#18"},
				"down": {"uv": [0, 0, 16, 16], "texture": "#6"}
			}
		},
		{
			"from": [13.5, 8, 1.4],
			"to": [14.9, 9.1, 5.2],
			"rotation": {"angle": 0, "axis": "y", "origin": [-5.6, 0, 3.5]},
			"faces": {
				"north": {"uv": [5, 5, 11, 11], "texture": "#22"},
				"east": {"uv": [3, 6, 7, 14], "texture": "#18"},
				"south": {"uv": [0, 0, 16, 16], "texture": "#6"},
				"west": {"uv": [3, 6, 7, 14], "texture": "#18"},
				"up": {"uv": [3, 6, 7, 14], "texture": "#18"},
				"down": {"uv": [3, 6, 7, 14], "texture": "#18"}
			}
		},
		{
			"from": [7.45, 10.5, 10.3],
			"to": [9.5, 12.92, 18.8],
			"rotation": {"angle": 22.5, "axis": "y", "origin": [-5.6, 0, 3.5]},
			"faces": {
				"north": {"uv": [0, 0, 16, 16], "texture": "#15"},
				"east": {"uv": [0, 0, 16, 16], "texture": "#15"},
				"south": {"uv": [0, 0, 16, 16], "texture": "#15"},
				"west": {"uv": [0, 0, 16, 16], "texture": "#15"},
				"up": {"uv": [0, 0, 16, 16], "texture": "#15"},
				"down": {"uv": [0, 0, 16, 16], "texture": "#15"}
			}
		},
		{
			"from": [4.81, 10.2, 6.8],
			"to": [10.92, 14.96, 16.8],
			"rotation": {"angle": 0, "axis": "y", "origin": [-5.6, 0, 3.5]},
			"faces": {
				"north": {"uv": [0, 0, 16, 16], "texture": "#15"},
				"east": {"uv": [0, 0, 16, 16], "texture": "#15"},
				"south": {"uv": [0, 0, 16, 16], "texture": "#15"},
				"west": {"uv": [0, 0, 16, 16], "texture": "#15"},
				"up": {"uv": [0, 0, 16, 16], "texture": "#15"},
				"down": {"uv": [0, 0, 16, 16], "texture": "#15"}
			}
		},
		{
			"from": [5.66, 10.2, 0.1],
			"to": [8.54, 14.62, 8.6],
			"rotation": {"angle": -22.5, "axis": "y", "origin": [-5.6, 0, 3.5]},
			"faces": {
				"north": {"uv": [0, 0, 16, 16], "texture": "#15"},
				"east": {"uv": [0, 0, 16, 16], "texture": "#15"},
				"south": {"uv": [0, 0, 16, 16], "texture": "#15"},
				"west": {"uv": [0, 0, 16, 16], "texture": "#15"},
				"up": {"uv": [0, 0, 16, 16], "texture": "#15"},
				"down": {"uv": [0, 0, 16, 16], "texture": "#15"}
			}
		},
		{
			"from": [6.75, 11.98, -7.31],
			"to": [8.95, 14.28, 6.9],
			"rotation": {"angle": 0, "axis": "y", "origin": [-5.6, 0, 3.5]},
			"faces": {
				"north": {"uv": [5, 5, 11, 11], "texture": "#21"},
				"east": {"uv": [0, 0, 16, 16], "texture": "#4"},
				"south": {"uv": [0, 0, 16, 16], "texture": "#4"},
				"west": {"uv": [0, 0, 16, 16], "texture": "#4"},
				"up": {"uv": [0, 0, 16, 16], "texture": "#4"},
				"down": {"uv": [0, 0, 16, 16], "texture": "#4"}
			}
		},
		{
			"from": [6.61, 11.74, 0.63],
			"to": [9.19, 14.42, 1.99],
			"rotation": {"angle": 0, "axis": "y", "origin": [-5.6, 0, 3.5]},
			"faces": {
				"north": {"uv": [3, 6, 7, 14], "texture": "#18"},
				"east": {"uv": [3, 6, 7, 14], "texture": "#18"},
				"south": {"uv": [3, 6, 7, 14], "texture": "#18"},
				"west": {"uv": [3, 6, 7, 14], "texture": "#18"},
				"up": {"uv": [3, 6, 7, 14], "texture": "#18"},
				"down": {"uv": [3, 6, 7, 14], "texture": "#18"}
			}
		},
		{
			"from": [6.61, 11.84, 2.53],
			"to": [9.19, 14.52, 3.89],
			"rotation": {"angle": 0, "axis": "y", "origin": [-5.6, 0, 3.5]},
			"faces": {
				"north": {"uv": [3, 6, 7, 14], "texture": "#18"},
				"east": {"uv": [3, 6, 7, 14], "texture": "#18"},
				"south": {"uv": [3, 6, 7, 14], "texture": "#18"},
				"west": {"uv": [3, 6, 7, 14], "texture": "#18"},
				"up": {"uv": [3, 6, 7, 14], "texture": "#18"},
				"down": {"uv": [3, 6, 7, 14], "texture": "#18"}
			}
		},
		{
			"from": [6.61, 11.74, -7.03],
			"to": [9.19, 14.42, -6.17],
			"rotation": {"angle": 0, "axis": "y", "origin": [-5.6, 0, 3.5]},
			"faces": {
				"north": {"uv": [3, 6, 7, 14], "texture": "#18"},
				"east": {"uv": [3, 6, 7, 14], "texture": "#18"},
				"south": {"uv": [3, 6, 7, 14], "texture": "#18"},
				"west": {"uv": [3, 6, 7, 14], "texture": "#18"},
				"up": {"uv": [3, 6, 7, 14], "texture": "#18"},
				"down": {"uv": [3, 6, 7, 14], "texture": "#18"}
			}
		},
		{
			"from": [5.15, 10.2, 10.3],
			"to": [8.2, 14.62, 18.8],
			"rotation": {"angle": 22.5, "axis": "y", "origin": [-5.6, 0, 3.5]},
			"faces": {
				"north": {"uv": [0, 0, 16, 16], "texture": "#15"},
				"east": {"uv": [0, 0, 16, 16], "texture": "#15"},
				"south": {"uv": [0, 0, 16, 16], "texture": "#15"},
				"west": {"uv": [0, 0, 16, 16], "texture": "#15"},
				"up": {"uv": [0, 0, 16, 16], "texture": "#15"},
				"down": {"uv": [0, 0, 16, 16], "texture": "#15"}
			}
		},
		{
			"from": [11.1, 10.2, 4.69],
			"to": [15, 14.62, 9.89],
			"rotation": {"angle": -22.5, "axis": "y", "origin": [-5.6, 0, 3.5]},
			"faces": {
				"north": {"uv": [0, 0, 16, 16], "texture": "#15"},
				"east": {"uv": [0, 0, 16, 16], "texture": "#15"},
				"south": {"uv": [0, 0, 16, 16], "texture": "#15"},
				"west": {"uv": [0, 0, 16, 16], "texture": "#15"},
				"up": {"uv": [0, 0, 16, 16], "texture": "#15"},
				"down": {"uv": [0, 0, 16, 16], "texture": "#15"}
			}
		},
		{
			"from": [6.61, 11.84, -4.73],
			"to": [9.19, 14.52, -3.97],
			"rotation": {"angle": 0, "axis": "y", "origin": [-5.6, 0, 3.5]},
			"faces": {
				"north": {"uv": [3, 6, 7, 14], "texture": "#18"},
				"east": {"uv": [3, 6, 7, 14], "texture": "#18"},
				"south": {"uv": [3, 6, 7, 14], "texture": "#18"},
				"west": {"uv": [3, 6, 7, 14], "texture": "#18"},
				"up": {"uv": [3, 6, 7, 14], "texture": "#18"},
				"down": {"uv": [3, 6, 7, 14], "texture": "#18"}
			}
		},
		{
			"from": [-1.31, 10.2, 15.4],
			"to": [2.59, 14.62, 20.2],
			"rotation": {"angle": 22.5, "axis": "y", "origin": [-5.6, 0, 3.5]},
			"faces": {
				"north": {"uv": [0, 0, 16, 16], "texture": "#15"},
				"east": {"uv": [0, 0, 16, 16], "texture": "#15"},
				"south": {"uv": [0, 0, 16, 16], "texture": "#15"},
				"west": {"uv": [0, 0, 16, 16], "texture": "#15"},
				"up": {"uv": [0, 0, 16, 16], "texture": "#15"},
				"down": {"uv": [0, 0, 16, 16], "texture": "#15"}
			}
		},
		{
			"from": [-2.01, 10.5, 14.4],
			"to": [1.59, 12.62, 20.2],
			"rotation": {"angle": 22.5, "axis": "y", "origin": [-5.6, 0, 3.5]},
			"faces": {
				"north": {"uv": [0, 0, 16, 16], "texture": "#15"},
				"east": {"uv": [0, 0, 16, 16], "texture": "#15"},
				"south": {"uv": [0, 0, 16, 16], "texture": "#15"},
				"west": {"uv": [0, 0, 16, 16], "texture": "#15"},
				"up": {"uv": [0, 0, 16, 16], "texture": "#15"},
				"down": {"uv": [0, 0, 16, 16], "texture": "#15"}
			}
		},
		{
			"from": [9.6, 15.8, 12.4],
			"to": [11.9, 17.8, 14],
			"rotation": {"angle": 0, "axis": "y", "origin": [-5.6, 0, 3.5]},
			"faces": {
				"north": {"uv": [0, 0, 16, 16], "texture": "#1"},
				"east": {"uv": [0, 0, 16, 16], "texture": "#20"},
				"south": {"uv": [0, 0, 16, 16], "texture": "#20"},
				"west": {"uv": [0, 0, 16, 16], "texture": "#20"},
				"up": {"uv": [0, 0, 16, 16], "texture": "#20"},
				"down": {"uv": [0, 0, 16, 16], "texture": "#20"}
			}
		},
		{
			"from": [10.29, 14.59, 14.03],
			"to": [11.14, 17.45, 15.39],
			"rotation": {"angle": 0, "axis": "y", "origin": [-5.6, 0, 3.5]},
			"faces": {
				"north": {"uv": [0, 0, 16, 16], "texture": "#20"},
				"east": {"uv": [0, 0, 16, 16], "texture": "#20"},
				"south": {"uv": [0, 0, 16, 16], "texture": "#20"},
				"west": {"uv": [0, 0, 16, 16], "texture": "#20"},
				"up": {"uv": [0, 0, 16, 16], "texture": "#20"},
				"down": {"uv": [0, 0, 16, 16], "texture": "#7"}
			}
		},
		{
			"from": [11.4, 10.2, 3.79],
			"to": [15.9, 12.62, 9.89],
			"rotation": {"angle": -22.5, "axis": "y", "origin": [-5.6, 0, 3.5]},
			"faces": {
				"north": {"uv": [0, 0, 16, 16], "texture": "#15"},
				"east": {"uv": [0, 0, 16, 16], "texture": "#15"},
				"south": {"uv": [0, 0, 16, 16], "texture": "#15"},
				"west": {"uv": [0, 0, 16, 16], "texture": "#15"},
				"up": {"uv": [0, 0, 16, 16], "texture": "#15"},
				"down": {"uv": [0, 0, 16, 16], "texture": "#15"}
			}
		},
		{
			"from": [9.99, 15.99, 13.93],
			"to": [11.54, 17.45, 15.89],
			"rotation": {"angle": 0, "axis": "y", "origin": [-5.6, 0, 3.5]},
			"faces": {
				"north": {"uv": [0, 0, 16, 16], "texture": "#7"},
				"east": {"uv": [0, 0, 16, 16], "texture": "#20"},
				"south": {"uv": [0, 0, 16, 16], "texture": "#3"},
				"west": {"uv": [0, 0, 16, 16], "texture": "#20"},
				"up": {"uv": [0, 0, 16, 16], "texture": "#20"},
				"down": {"uv": [0, 0, 16, 16], "texture": "#20"}
			}
		},
		{
			"from": [4.45, 10.5, -0.2],
			"to": [6.5, 12.92, 8.3],
			"rotation": {"angle": -22.5, "axis": "y", "origin": [-5.6, 0, 3.5]},
			"faces": {
				"north": {"uv": [0, 0, 16, 16], "texture": "#15"},
				"east": {"uv": [0, 0, 16, 16], "texture": "#15"},
				"south": {"uv": [0, 0, 16, 16], "texture": "#15"},
				"west": {"uv": [0, 0, 16, 16], "texture": "#15"},
				"up": {"uv": [0, 0, 16, 16], "texture": "#15"},
				"down": {"uv": [0, 0, 16, 16], "texture": "#15"}
			}
		},
		{
			"from": [4.81, 12, 16.8],
			"to": [10.92, 14.86, 18.6],
			"rotation": {"angle": 0, "axis": "y", "origin": [-5.6, 0, 3.5]},
			"faces": {
				"north": {"uv": [0, 0, 16, 16], "texture": "#15"},
				"east": {"uv": [0, 0, 16, 16], "texture": "#15"},
				"south": {"uv": [0, 0, 16, 16], "texture": "#15"},
				"west": {"uv": [0, 0, 16, 16], "texture": "#15"},
				"up": {"uv": [0, 0, 16, 16], "texture": "#15"},
				"down": {"uv": [0, 0, 16, 16], "texture": "#15"}
			}
		},
		{
			"from": [2.9, 5.1, 22],
			"to": [13.1, 8.5, 22.9],
			"rotation": {"angle": 0, "axis": "y", "origin": [-5.6, 0, 3.5]},
			"faces": {
				"north": {"uv": [3, 6, 7, 14], "texture": "#18"},
				"east": {"uv": [3, 6, 7, 14], "texture": "#18"},
				"south": {"uv": [3, 6, 7, 14], "texture": "#18"},
				"west": {"uv": [3, 6, 7, 14], "texture": "#18"},
				"up": {"uv": [3, 6, 7, 14], "texture": "#18"},
				"down": {"uv": [3, 6, 7, 14], "texture": "#18"}
			}
		},
		{
			"from": [3.5, 1.2, 22.2],
			"to": [12.4, 6.8, 24],
			"rotation": {"angle": 0, "axis": "y", "origin": [-5.6, 0, 3.5]},
			"faces": {
				"north": {"uv": [3, 6, 7, 14], "texture": "#18"},
				"east": {"uv": [3, 6, 7, 14], "texture": "#18"},
				"south": {"uv": [0, 0, 16, 16], "texture": "#19"},
				"west": {"uv": [3, 6, 7, 14], "texture": "#18"},
				"up": {"uv": [3, 6, 7, 14], "texture": "#18"},
				"down": {"uv": [3, 6, 7, 14], "texture": "#18"}
			}
		},
		{
			"from": [7.15, 7.12, -0.41],
			"to": [8.85, 8.82, 0.1],
			"rotation": {"angle": 0, "axis": "y", "origin": [-5.6, 0, 3.5]},
			"faces": {
				"north": {"uv": [0, 0, 16, 16], "texture": "#4"},
				"east": {"uv": [0, 0, 16, 16], "texture": "#4"},
				"south": {"uv": [0, 0, 16, 16], "texture": "#4"},
				"west": {"uv": [0, 0, 16, 16], "texture": "#4"},
				"up": {"uv": [0, 0, 16, 16], "texture": "#4"},
				"down": {"uv": [0, 0, 16, 16], "texture": "#4"}
			}
		},
		{
			"from": [7.49, 7.29, -1.77],
			"to": [8.34, 8.65, -0.41],
			"rotation": {"angle": 0, "axis": "y", "origin": [-5.6, 0, 3.5]},
			"faces": {
				"north": {"uv": [0, 0, 16, 16], "texture": "#4"},
				"east": {"uv": [0, 0, 16, 16], "texture": "#4"},
				"south": {"uv": [0, 0, 16, 16], "texture": "#4"},
				"west": {"uv": [0, 0, 16, 16], "texture": "#4"},
				"up": {"uv": [0, 0, 16, 16], "texture": "#4"},
				"down": {"uv": [0, 0, 16, 16], "texture": "#4"}
			}
		},
		{
			"from": [7.66, 7.97, -3.98],
			"to": [8.17, 8.48, -1.81],
			"rotation": {"angle": 0, "axis": "y", "origin": [-5.6, 0, 3.5]},
			"faces": {
				"north": {"uv": [0, 0, 16, 16], "texture": "#4"},
				"east": {"uv": [0, 0, 16, 16], "texture": "#4"},
				"south": {"uv": [0, 0, 16, 16], "texture": "#4"},
				"west": {"uv": [0, 0, 16, 16], "texture": "#4"},
				"up": {"uv": [0, 0, 16, 16], "texture": "#4"},
				"down": {"uv": [0, 0, 16, 16], "texture": "#4"}
			}
		},
		{
			"from": [7.83, 7.46, -3.81],
			"to": [8.17, 7.8, -1.84],
			"rotation": {"angle": 0, "axis": "y", "origin": [-5.6, 0, 3.5]},
			"faces": {
				"north": {"uv": [6, 6, 10, 10], "texture": "#22"},
				"east": {"uv": [0, 0, 16, 16], "texture": "#4"},
				"south": {"uv": [0, 0, 16, 16], "texture": "#4"},
				"west": {"uv": [0, 0, 16, 16], "texture": "#4"},
				"up": {"uv": [0, 0, 16, 16], "texture": "#4"},
				"down": {"uv": [0, 0, 16, 16], "texture": "#4"}
			}
		},
		{
			"from": [7.49, 7.8, -5],
			"to": [8.17, 8.48, -3.81],
			"rotation": {"angle": 0, "axis": "y", "origin": [-5.6, 0, 3.5]},
			"faces": {
				"north": {"uv": [3, 3, 13, 13], "texture": "#21"},
				"east": {"uv": [0, 0, 16, 16], "texture": "#4"},
				"south": {"uv": [0, 0, 16, 16], "texture": "#4"},
				"west": {"uv": [0, 0, 16, 16], "texture": "#4"},
				"up": {"uv": [0, 0, 16, 16], "texture": "#4"},
				"down": {"uv": [0, 0, 16, 16], "texture": "#4"}
			}
		},
		{
			"from": [2.6, 8.5, 5.8],
			"to": [13.1, 10.3, 17.1],
			"rotation": {"angle": 0, "axis": "y", "origin": [-5.6, 0, 3.5]},
			"faces": {
				"north": {"uv": [3, 6, 7, 14], "texture": "#18"},
				"east": {"uv": [0, 0, 16, 16], "texture": "#15"},
				"south": {"uv": [0, 0, 16, 16], "texture": "#15"},
				"west": {"uv": [0, 0, 16, 16], "texture": "#15"},
				"up": {"uv": [0, 0, 16, 16], "texture": "#2"},
				"down": {"uv": [4.5, 3.75, 3.125, 5.125], "texture": "#missing"}
			}
		},
		{
			"from": [-0.3, 3.28, 0.15],
			"to": [16.31, 6.98, 1.55],
			"rotation": {"angle": 0, "axis": "y", "origin": [-5.6, 0, 3.5]},
			"faces": {
				"north": {"uv": [3, 6, 7, 14], "texture": "#18"},
				"east": {"uv": [3, 6, 7, 14], "texture": "#18"},
				"south": {"uv": [3, 6, 7, 14], "texture": "#18"},
				"west": {"uv": [3, 6, 7, 14], "texture": "#18"},
				"up": {"uv": [3, 6, 7, 14], "texture": "#18"},
				"down": {"uv": [3, 6, 7, 14], "texture": "#18"}
			}
		},
		{
			"from": [1.3, 1.28, 0.15],
			"to": [14.81, 3.28, 1.55],
			"rotation": {"angle": 0, "axis": "y", "origin": [-5.6, 0, 3.5]},
			"faces": {
				"north": {"uv": [3, 6, 7, 14], "texture": "#18"},
				"east": {"uv": [3, 6, 7, 14], "texture": "#18"},
				"south": {"uv": [3, 6, 7, 14], "texture": "#18"},
				"west": {"uv": [3, 6, 7, 14], "texture": "#18"},
				"up": {"uv": [3, 6, 7, 14], "texture": "#18"},
				"down": {"uv": [3, 6, 7, 14], "texture": "#18"}
			}
		},
		{
			"from": [4.6, 6.8, 17.1],
			"to": [11.4, 10.5, 21.2],
			"rotation": {"angle": 0, "axis": "y", "origin": [-5.6, 0, 3.5]},
			"faces": {
				"north": {"uv": [3, 6, 7, 14], "texture": "#18"},
				"east": {"uv": [3, 6, 7, 14], "texture": "#18"},
				"south": {"uv": [3, 6, 7, 14], "texture": "#18"},
				"west": {"uv": [3, 6, 7, 14], "texture": "#18"},
				"up": {"uv": [3, 6, 7, 14], "texture": "#18"},
				"down": {"uv": [3, 6, 7, 14], "texture": "#18"}
			}
		},
		{
			"from": [-2.9, 1, 4],
			"to": [-2.9, 8.2, 6],
			"faces": {
				"north": {"uv": [1.625, 9.75, 1.875, 10.625], "texture": "#0"},
				"east": {"uv": [1.625, 9.75, 1.875, 10.625], "texture": "#0"},
				"south": {"uv": [1.625, 9.75, 1.875, 10.625], "texture": "#0"},
				"west": {"uv": [0, 0, 16, 16], "texture": "#15"},
				"up": {"uv": [1.625, 9.75, 1.875, 10.625], "texture": "#0"},
				"down": {"uv": [1.625, 9.75, 1.875, 10.625], "texture": "#0"}
			}
		},
		{
			"from": [18.7, 1, 4],
			"to": [18.7, 8.2, 6],
			"faces": {
				"north": {"uv": [9.75, 2.125, 10, 3], "texture": "#0"},
				"east": {"uv": [0, 0, 16, 16], "texture": "#15"},
				"south": {"uv": [9.75, 2.125, 10, 3], "texture": "#0"},
				"west": {"uv": [9.75, 2.125, 10, 3], "texture": "#0"},
				"up": {"uv": [9.75, 2.125, 10, 3], "texture": "#0"},
				"down": {"uv": [9.75, 2.125, 10, 3], "texture": "#0"}
			}
		},
		{
			"from": [4, 8, 22],
			"to": [5, 10, 23],
			"faces": {
				"north": {"uv": [0, 0, 16, 16], "texture": "#4"},
				"east": {"uv": [0, 0, 16, 16], "texture": "#4"},
				"south": {"uv": [0, 0, 16, 16], "texture": "#4"},
				"west": {"uv": [0, 0, 16, 16], "texture": "#4"},
				"up": {"uv": [0, 0, 16, 16], "texture": "#4"},
				"down": {"uv": [0, 0, 16, 16], "texture": "#4"}
			}
		},
		{
			"from": [11, 8, 22],
			"to": [12, 10, 23],
			"faces": {
				"north": {"uv": [0, 0, 16, 16], "texture": "#4"},
				"east": {"uv": [0, 0, 16, 16], "texture": "#4"},
				"south": {"uv": [0, 0, 16, 16], "texture": "#4"},
				"west": {"uv": [0, 0, 16, 16], "texture": "#4"},
				"up": {"uv": [0, 0, 16, 16], "texture": "#4"},
				"down": {"uv": [0, 0, 16, 16], "texture": "#4"}
			}
		},
		{
			"from": [4, 9, 22],
			"to": [5, 10, 24],
			"faces": {
				"north": {"uv": [0, 0, 16, 16], "texture": "#4"},
				"east": {"uv": [0, 0, 16, 16], "texture": "#4"},
				"south": {"uv": [0, 0, 16, 16], "texture": "#21"},
				"west": {"uv": [0, 0, 16, 16], "texture": "#4"},
				"up": {"uv": [0, 0, 16, 16], "texture": "#4"},
				"down": {"uv": [0, 0, 16, 16], "texture": "#4"}
			}
		},
		{
			"from": [11, 9, 22],
			"to": [12, 10, 24],
			"faces": {
				"north": {"uv": [0, 0, 16, 16], "texture": "#4"},
				"east": {"uv": [0, 0, 16, 16], "texture": "#4"},
				"south": {"uv": [0, 0, 16, 16], "texture": "#21"},
				"west": {"uv": [0, 0, 16, 16], "texture": "#4"},
				"up": {"uv": [0, 0, 16, 16], "texture": "#4"},
				"down": {"uv": [0, 0, 16, 16], "texture": "#4"}
			}
		},
		{
			"from": [6.31, 11.64, 1.63],
			"to": [9.29, 14.52, 2.99],
			"rotation": {"angle": 0, "axis": "y", "origin": [-5.6, 0, 3.5]},
			"faces": {
				"north": {"uv": [3, 6, 7, 14], "texture": "#18"},
				"east": {"uv": [3, 6, 7, 14], "texture": "#18"},
				"south": {"uv": [3, 6, 7, 14], "texture": "#18"},
				"west": {"uv": [3, 6, 7, 14], "texture": "#18"},
				"up": {"uv": [3, 6, 7, 14], "texture": "#18"},
				"down": {"uv": [3, 6, 7, 14], "texture": "#18"}
			}
		},
		{
			"from": [6.41, 11.64, -6.37],
			"to": [9.29, 14.52, -4.81],
			"rotation": {"angle": 0, "axis": "y", "origin": [-5.6, 0, 3.5]},
			"faces": {
				"north": {"uv": [4, 6, 13, 14], "texture": "#19"},
				"east": {"uv": [4, 6, 13, 14], "texture": "#19"},
				"south": {"uv": [4, 6, 13, 14], "texture": "#19"},
				"west": {"uv": [4, 6, 13, 14], "texture": "#19"},
				"up": {"uv": [0, 0, 16, 8], "texture": "#19"},
				"down": {"uv": [0, 0, 16, 8], "texture": "#19"}
			}
		}
	],
	"display": {
		"thirdperson_righthand": {
			"rotation": [90, 0, 0],
			"scale": [4, 4, 4]
		},
		"head": {
			"translation": [0, -20.5, -11.75],
			"scale": [4, 4, 4]
		}
	}
}