{
	"credit": "Made with Blockbench",
	"parent": "cierra",
	"textures": {
		"0": "minecraft:block/gold_block",
		"1": "minecraft:block/light_gray_concrete_powder",
		"2": "minecraft:block/cyan_terracotta",
		"3": "minecraft:block/netherite_block",
		"particle": "minecraft:block/gold_block"
	},
	"elements": [
		{
			"from": [7.65, -1, 5.25],
			"to": [8.35, 0, 7.25],
			"rotation": {"angle": -22.5, "axis": "x", "origin": [0, -1, 0]},
			"faces": {
				"north": {"uv": [4, 4, 4.7, 5], "texture": "#1"},
				"east": {"uv": [4, 4, 6, 5], "texture": "#1"},
				"south": {"uv": [4, 4, 4.7, 5], "texture": "#1"},
				"west": {"uv": [4, 4, 6, 5], "texture": "#1"},
				"up": {"uv": [4, 4, 4.7, 6], "texture": "#1"},
				"down": {"uv": [4, 4, 4.7, 6], "texture": "#1"}
			}
		},
		{
			"from": [7.65, 1, 6],
			"to": [8.35, 2, 8],
			"rotation": {"angle": -22.5, "axis": "x", "origin": [0, -1, 0]},
			"faces": {
				"north": {"uv": [4, 4, 4.7, 5], "texture": "#1"},
				"east": {"uv": [4, 4, 6, 5], "texture": "#1"},
				"south": {"uv": [4, 4, 4.7, 5], "texture": "#1"},
				"west": {"uv": [4, 4, 6, 5], "texture": "#1"},
				"up": {"uv": [4, 4, 4.7, 6], "texture": "#1"},
				"down": {"uv": [4, 4, 4.7, 6], "texture": "#1"}
			}
		},
		{
			"from": [7.65, 3, 6.85],
			"to": [8.35, 4, 8.85],
			"rotation": {"angle": -22.5, "axis": "x", "origin": [0, -1, 0]},
			"faces": {
				"north": {"uv": [4, 4, 4.7, 5], "texture": "#1"},
				"east": {"uv": [4, 4, 6, 5], "texture": "#1"},
				"south": {"uv": [4, 4, 4.7, 5], "texture": "#1"},
				"west": {"uv": [4, 4, 6, 5], "texture": "#1"},
				"up": {"uv": [4, 4, 4.7, 6], "texture": "#1"},
				"down": {"uv": [4, 4, 4.7, 6], "texture": "#1"}
			}
		},
		{
			"from": [7.65, 5, 7.6],
			"to": [8.35, 6, 9.6],
			"rotation": {"angle": -22.5, "axis": "x", "origin": [0, -1, 0]},
			"faces": {
				"north": {"uv": [4, 4, 4.7, 5], "texture": "#1"},
				"east": {"uv": [4, 4, 6, 5], "texture": "#1"},
				"south": {"uv": [4, 4, 4.7, 5], "texture": "#1"},
				"west": {"uv": [4, 4, 6, 5], "texture": "#1"},
				"up": {"uv": [4, 4, 4.7, 6], "texture": "#1"},
				"down": {"uv": [4, 4, 4.7, 6], "texture": "#1"}
			}
		},
		{
			"from": [7.65, 11, 10.15],
			"to": [8.35, 12, 12.15],
			"rotation": {"angle": -22.5, "axis": "x", "origin": [0, -1, 0]},
			"faces": {
				"north": {"uv": [4, 4, 4.7, 5], "texture": "#1"},
				"east": {"uv": [4, 4, 6, 5], "texture": "#1"},
				"south": {"uv": [4, 4, 4.7, 5], "texture": "#1"},
				"west": {"uv": [4, 4, 6, 5], "texture": "#1"},
				"up": {"uv": [4, 4, 4.7, 6], "texture": "#1"},
				"down": {"uv": [4, 4, 4.7, 6], "texture": "#1"}
			}
		},
		{
			"from": [7.65, 9, 9.3],
			"to": [8.35, 10, 11.3],
			"rotation": {"angle": -22.5, "axis": "x", "origin": [0, -1, 0]},
			"faces": {
				"north": {"uv": [4, 4, 4.7, 5], "texture": "#1"},
				"east": {"uv": [4, 4, 6, 5], "texture": "#1"},
				"south": {"uv": [4, 4, 4.7, 5], "texture": "#1"},
				"west": {"uv": [4, 4, 6, 5], "texture": "#1"},
				"up": {"uv": [4, 4, 4.7, 6], "texture": "#1"},
				"down": {"uv": [4, 4, 4.7, 6], "texture": "#1"}
			}
		},
		{
			"from": [7.65, 7, 8.5],
			"to": [8.35, 8, 10.5],
			"rotation": {"angle": -22.5, "axis": "x", "origin": [0, -1, 0]},
			"faces": {
				"north": {"uv": [4, 4, 4.7, 5], "texture": "#1"},
				"east": {"uv": [4, 4, 6, 5], "texture": "#1"},
				"south": {"uv": [4, 4, 4.7, 5], "texture": "#1"},
				"west": {"uv": [4, 4, 6, 5], "texture": "#1"},
				"up": {"uv": [4, 4, 4.7, 6], "texture": "#1"},
				"down": {"uv": [4, 4, 4.7, 6], "texture": "#1"}
			}
		},
		{
			"from": [7.65, 19, 13.5],
			"to": [8.35, 20, 15.5],
			"rotation": {"angle": -22.5, "axis": "x", "origin": [0, -1, 0]},
			"faces": {
				"north": {"uv": [4, 4, 4.7, 5], "texture": "#1"},
				"east": {"uv": [4, 4, 6, 5], "texture": "#1"},
				"south": {"uv": [4, 4, 4.7, 5], "texture": "#1"},
				"west": {"uv": [4, 4, 6, 5], "texture": "#1"},
				"up": {"uv": [4, 4, 4.7, 6], "texture": "#1"},
				"down": {"uv": [4, 4, 4.7, 6], "texture": "#1"}
			}
		},
		{
			"from": [7.65, 21, 14.3],
			"to": [8.35, 22, 16.3],
			"rotation": {"angle": -22.5, "axis": "x", "origin": [0, -1, 0]},
			"faces": {
				"north": {"uv": [4, 4, 4.7, 5], "texture": "#1"},
				"east": {"uv": [4, 4, 6, 5], "texture": "#1"},
				"south": {"uv": [4, 4, 4.7, 5], "texture": "#1"},
				"west": {"uv": [4, 4, 6, 5], "texture": "#1"},
				"up": {"uv": [4, 4, 4.7, 6], "texture": "#1"},
				"down": {"uv": [4, 4, 4.7, 6], "texture": "#1"}
			}
		},
		{
			"from": [7.65, 27, 4.3],
			"to": [8.35, 28, 6.3],
			"rotation": {"angle": 0, "axis": "y", "origin": [0, -1, 0]},
			"faces": {
				"north": {"uv": [4, 4, 4.7, 5], "texture": "#1"},
				"east": {"uv": [4, 4, 6, 5], "texture": "#1"},
				"south": {"uv": [4, 4, 4.7, 5], "texture": "#1"},
				"west": {"uv": [4, 4, 6, 5], "texture": "#1"},
				"up": {"uv": [4, 4, 4.7, 6], "texture": "#1"},
				"down": {"uv": [4, 4, 4.7, 6], "texture": "#1"}
			}
		},
		{
			"from": [7.65, 29, -6.7],
			"to": [8.35, 30, -4.7],
			"rotation": {"angle": 22.5, "axis": "x", "origin": [0, -1, 0]},
			"faces": {
				"north": {"uv": [4, 4, 4.7, 5], "texture": "#1"},
				"east": {"uv": [4, 4, 6, 5], "texture": "#1"},
				"south": {"uv": [4, 4, 4.7, 5], "texture": "#1"},
				"west": {"uv": [4, 4, 6, 5], "texture": "#1"},
				"up": {"uv": [4, 4, 4.7, 6], "texture": "#1"},
				"down": {"uv": [4, 4, 4.7, 6], "texture": "#1"}
			}
		},
		{
			"from": [7.65, 31, -5.7],
			"to": [8.35, 32, -3.7],
			"rotation": {"angle": 22.5, "axis": "x", "origin": [0, -1, 0]},
			"faces": {
				"north": {"uv": [4, 4, 4.7, 5], "texture": "#1"},
				"east": {"uv": [4, 4, 6, 5], "texture": "#1"},
				"south": {"uv": [4, 4, 4.7, 5], "texture": "#1"},
				"west": {"uv": [4, 4, 6, 5], "texture": "#1"},
				"up": {"uv": [4, 4, 4.7, 6], "texture": "#1"},
				"down": {"uv": [4, 4, 4.7, 6], "texture": "#1"}
			}
		},
		{
			"from": [7.65, 17, 12.65],
			"to": [8.35, 18, 14.65],
			"rotation": {"angle": -22.5, "axis": "x", "origin": [0, -1, 0]},
			"faces": {
				"north": {"uv": [4, 4, 4.7, 5], "texture": "#1"},
				"east": {"uv": [4, 4, 6, 5], "texture": "#1"},
				"south": {"uv": [4, 4, 4.7, 5], "texture": "#1"},
				"west": {"uv": [4, 4, 6, 5], "texture": "#1"},
				"up": {"uv": [4, 4, 4.7, 6], "texture": "#1"},
				"down": {"uv": [4, 4, 4.7, 6], "texture": "#1"}
			}
		},
		{
			"from": [7.65, 15, 11.75],
			"to": [8.35, 16, 13.75],
			"rotation": {"angle": -22.5, "axis": "x", "origin": [0, -1, 0]},
			"faces": {
				"north": {"uv": [4, 4, 4.7, 5], "texture": "#1"},
				"east": {"uv": [4, 4, 6, 5], "texture": "#1"},
				"south": {"uv": [4, 4, 4.7, 5], "texture": "#1"},
				"west": {"uv": [4, 4, 6, 5], "texture": "#1"},
				"up": {"uv": [4, 4, 4.7, 6], "texture": "#1"},
				"down": {"uv": [4, 4, 4.7, 6], "texture": "#1"}
			}
		},
		{
			"from": [7.65, 13, 10.85],
			"to": [8.35, 14, 12.85],
			"rotation": {"angle": -22.5, "axis": "x", "origin": [0, -1, 0]},
			"faces": {
				"north": {"uv": [4, 4, 4.7, 5], "texture": "#1"},
				"east": {"uv": [4, 4, 6, 5], "texture": "#1"},
				"south": {"uv": [4, 4, 4.7, 5], "texture": "#1"},
				"west": {"uv": [4, 4, 6, 5], "texture": "#1"},
				"up": {"uv": [4, 4, 4.7, 6], "texture": "#1"},
				"down": {"uv": [4, 4, 4.7, 6], "texture": "#1"}
			}
		},
		{
			"from": [6.5, -9, 3.25],
			"to": [9.5, -1, 4.25],
			"rotation": {"angle": 0, "axis": "y", "origin": [0, -1, 0]},
			"faces": {
				"north": {"uv": [0, 0, 3, 8], "texture": "#1"},
				"east": {"uv": [0, 0, 1, 8], "texture": "#1"},
				"south": {"uv": [0, 0, 3, 8], "texture": "#1"},
				"west": {"uv": [0, 0, 1, 8], "texture": "#1"},
				"up": {"uv": [0, 0, 3, 1], "texture": "#1"},
				"down": {"uv": [0, 0, 3, 1], "texture": "#1"}
			}
		},
		{
			"from": [7.5, -8, 2.25],
			"to": [8.5, -7, 3.25],
			"rotation": {"angle": 0, "axis": "y", "origin": [0, -1, 0]},
			"faces": {
				"north": {"uv": [4, 4, 5, 5], "texture": "#1"},
				"east": {"uv": [4, 4, 5, 5], "texture": "#1"},
				"south": {"uv": [4, 4, 5, 5], "texture": "#1"},
				"west": {"uv": [4, 4, 5, 5], "texture": "#1"},
				"up": {"uv": [4, 4, 5, 5], "texture": "#1"},
				"down": {"uv": [4, 4, 5, 5], "texture": "#1"}
			}
		},
		{
			"from": [7.5, -6.5, 2.25],
			"to": [8.5, -5.5, 3.25],
			"rotation": {"angle": 0, "axis": "y", "origin": [0, -1, 0]},
			"faces": {
				"north": {"uv": [4, 4, 5, 5], "texture": "#1"},
				"east": {"uv": [4, 4, 5, 5], "texture": "#1"},
				"south": {"uv": [4, 4, 5, 5], "texture": "#1"},
				"west": {"uv": [4, 4, 5, 5], "texture": "#1"},
				"up": {"uv": [4, 4, 5, 5], "texture": "#1"},
				"down": {"uv": [4, 4, 5, 5], "texture": "#1"}
			}
		},
		{
			"from": [7.5, -3.5, 2.25],
			"to": [8.5, -2.5, 3.25],
			"rotation": {"angle": 0, "axis": "y", "origin": [0, -1, 0]},
			"faces": {
				"north": {"uv": [4, 4, 5, 5], "texture": "#1"},
				"east": {"uv": [4, 4, 5, 5], "texture": "#1"},
				"south": {"uv": [4, 4, 5, 5], "texture": "#1"},
				"west": {"uv": [4, 4, 5, 5], "texture": "#1"},
				"up": {"uv": [4, 4, 5, 5], "texture": "#1"},
				"down": {"uv": [4, 4, 5, 5], "texture": "#1"}
			}
		},
		{
			"from": [7.5, -2, 2.25],
			"to": [8.5, -1, 3.25],
			"rotation": {"angle": 0, "axis": "y", "origin": [0, -1, 0]},
			"faces": {
				"north": {"uv": [4, 4, 5, 5], "texture": "#1"},
				"east": {"uv": [4, 4, 5, 5], "texture": "#1"},
				"south": {"uv": [4, 4, 5, 5], "texture": "#1"},
				"west": {"uv": [4, 4, 5, 5], "texture": "#1"},
				"up": {"uv": [4, 4, 5, 5], "texture": "#1"},
				"down": {"uv": [4, 4, 5, 5], "texture": "#1"}
			}
		},
		{
			"from": [7.5, -5, 2.25],
			"to": [8.5, -4, 3.25],
			"rotation": {"angle": 0, "axis": "y", "origin": [0, -1, 0]},
			"faces": {
				"north": {"uv": [4, 4, 5, 5], "texture": "#1"},
				"east": {"uv": [4, 4, 5, 5], "texture": "#1"},
				"south": {"uv": [4, 4, 5, 5], "texture": "#1"},
				"west": {"uv": [4, 4, 5, 5], "texture": "#1"},
				"up": {"uv": [4, 4, 5, 5], "texture": "#1"},
				"down": {"uv": [4, 4, 5, 5], "texture": "#1"}
			}
		},
		{
			"from": [6.5, -3, 4.25],
			"to": [9.5, -1, 11.25],
			"rotation": {"angle": 0, "axis": "y", "origin": [0, -1, 0]},
			"faces": {
				"north": {"uv": [4, 5, 7, 7], "texture": "#3"},
				"east": {"uv": [4, 5, 11, 7], "texture": "#3"},
				"south": {"uv": [4, 5, 7, 7], "texture": "#3"},
				"west": {"uv": [4, 5, 11, 7], "texture": "#3"},
				"up": {"uv": [4, 5, 7, 12], "texture": "#3"},
				"down": {"uv": [4, 5, 7, 12], "texture": "#3"}
			}
		},
		{
			"from": [6.5, -13, 7.25],
			"to": [9.5, -3, 10.25],
			"rotation": {"angle": 0, "axis": "y", "origin": [0, -1, 0]},
			"faces": {
				"north": {"uv": [6, 2, 9, 12], "texture": "#1"},
				"east": {"uv": [7, 4, 10, 14], "texture": "#1"},
				"south": {"uv": [7, 0, 10, 10], "texture": "#1"},
				"west": {"uv": [11, 1, 14, 11], "texture": "#1"},
				"up": {"uv": [0, 0, 3, 3], "texture": "#1"},
				"down": {"uv": [0, 0, 3, 3], "texture": "#1"}
			}
		},
		{
			"from": [6.75, -9.75, 4.25],
			"to": [9.25, -3, 6.25],
			"rotation": {"angle": -22.5, "axis": "x", "origin": [0, -1, 0]},
			"faces": {
				"north": {"uv": [4, 5, 6.5, 11.75], "texture": "#3"},
				"east": {"uv": [4, 5, 6, 11.75], "texture": "#3"},
				"south": {"uv": [4, 5, 6.5, 11.75], "texture": "#3"},
				"west": {"uv": [4, 5, 6, 11.75], "texture": "#3"},
				"up": {"uv": [4, 5, 6.5, 7], "texture": "#3"},
				"down": {"uv": [4, 5, 6.5, 7], "texture": "#3"}
			}
		},
		{
			"from": [6, -16, 6.75],
			"to": [10, -13, 10.75],
			"rotation": {"angle": 0, "axis": "y", "origin": [0, -1, 0]},
			"faces": {
				"north": {"uv": [0, 0, 16, 16], "texture": "#0"},
				"east": {"uv": [0, 0, 16, 16], "texture": "#0"},
				"south": {"uv": [0, 0, 16, 16], "texture": "#0"},
				"west": {"uv": [0, 0, 16, 16], "texture": "#0"},
				"up": {"uv": [0, 0, 16, 16], "texture": "#0"},
				"down": {"uv": [0, 0, 16, 16], "texture": "#0"}
			}
		},
		{
			"from": [7, -1, 6],
			"to": [9, 27, 11],
			"rotation": {"angle": 0, "axis": "y", "origin": [0, -1, 0]},
			"faces": {
				"north": {"uv": [4, 0, 6, 16], "texture": "#3"},
				"east": {"uv": [4, 2, 9, 16], "texture": "#3"},
				"south": {"uv": [4, 0, 6, 16], "texture": "#3"},
				"west": {"uv": [4, 2, 9, 16], "texture": "#3"},
				"up": {"uv": [4, 0, 6, 5], "texture": "#3"},
				"down": {"uv": [4, 0, 6, 5], "texture": "#3"}
			}
		},
		{
			"from": [6.5, 4, 10],
			"to": [9.5, 12, 12],
			"rotation": {"angle": 0, "axis": "y", "origin": [0, -1, 0]},
			"faces": {
				"north": {"uv": [0, 0, 3, 8], "texture": "#2"},
				"east": {"uv": [0, 0, 2, 8], "texture": "#2"},
				"south": {"uv": [0, 0, 3, 8], "texture": "#2"},
				"west": {"uv": [0, 0, 2, 8], "texture": "#2"},
				"up": {"uv": [0, 0, 3, 2], "texture": "#2"},
				"down": {"uv": [0, 0, 3, 2], "texture": "#2"}
			}
		},
		{
			"from": [6.5, 4, 7],
			"to": [9.5, 6, 10],
			"rotation": {"angle": 0, "axis": "y", "origin": [0, -1, 0]},
			"faces": {
				"north": {"uv": [0, 0, 3, 2], "texture": "#2"},
				"east": {"uv": [0, 0, 3, 2], "texture": "#2"},
				"south": {"uv": [0, 0, 3, 2], "texture": "#2"},
				"west": {"uv": [0, 0, 3, 2], "texture": "#2"},
				"up": {"uv": [0, 0, 3, 3], "texture": "#2"},
				"down": {"uv": [0, 0, 3, 3], "texture": "#2"}
			}
		},
		{
			"from": [6.5, 8, 7],
			"to": [9.5, 10, 10],
			"rotation": {"angle": 0, "axis": "y", "origin": [0, -1, 0]},
			"faces": {
				"north": {"uv": [0, 0, 3, 2], "texture": "#2"},
				"east": {"uv": [0, 0, 3, 2], "texture": "#2"},
				"south": {"uv": [0, 0, 3, 2], "texture": "#2"},
				"west": {"uv": [0, 0, 3, 2], "texture": "#2"},
				"up": {"uv": [0, 0, 3, 3], "texture": "#2"},
				"down": {"uv": [0, 0, 3, 3], "texture": "#2"}
			}
		},
		{
			"from": [6.5, 6.25, 8],
			"to": [9.5, 7.75, 9.5],
			"rotation": {"angle": 0, "axis": "y", "origin": [0, -1, 0]},
			"faces": {
				"north": {"uv": [0, 0, 3, 1.5], "texture": "#2"},
				"east": {"uv": [0, 0, 1.5, 1.5], "texture": "#2"},
				"south": {"uv": [0, 0, 3, 1.5], "texture": "#2"},
				"west": {"uv": [0, 0, 1.5, 1.5], "texture": "#2"},
				"up": {"uv": [0, 0, 3, 1.5], "texture": "#2"},
				"down": {"uv": [0, 0, 3, 1.5], "texture": "#2"}
			}
		},
		{
			"from": [6.75, 27.25, 8],
			"to": [9.25, 28.75, 9.5],
			"rotation": {"angle": 0, "axis": "y", "origin": [0, -1, 0]},
			"faces": {
				"north": {"uv": [11, 12, 13.5, 13.5], "texture": "#3"},
				"east": {"uv": [11, 12, 12.5, 13.5], "texture": "#3"},
				"south": {"uv": [11, 12, 13.5, 13.5], "texture": "#3"},
				"west": {"uv": [11, 12, 12.5, 13.5], "texture": "#3"},
				"up": {"uv": [11, 12, 13.5, 13.5], "texture": "#3"},
				"down": {"uv": [11, 12, 13.5, 13.5], "texture": "#3"}
			}
		},
		{
			"from": [6.4, 5, 11],
			"to": [9.6, 7, 14],
			"rotation": {"angle": -22.5, "axis": "x", "origin": [0, -1, 0]},
			"faces": {
				"north": {"uv": [0, 0, 3.2, 2], "texture": "#2"},
				"east": {"uv": [0, 0, 3, 2], "texture": "#2"},
				"south": {"uv": [0, 0, 3.2, 2], "texture": "#2"},
				"west": {"uv": [0, 0, 3, 2], "texture": "#2"},
				"up": {"uv": [0, 0, 3.2, 3], "texture": "#2"},
				"down": {"uv": [0, 0, 3.2, 3], "texture": "#2"}
			}
		},
		{
			"from": [7, -1, 11],
			"to": [9, 4, 12],
			"rotation": {"angle": 0, "axis": "y", "origin": [0, -1, 0]},
			"faces": {
				"north": {"uv": [0, 0, 2, 5], "texture": "#2"},
				"east": {"uv": [0, 0, 1, 5], "texture": "#2"},
				"south": {"uv": [0, 0, 2, 5], "texture": "#2"},
				"west": {"uv": [0, 0, 1, 5], "texture": "#2"},
				"up": {"uv": [0, 0, 2, 1], "texture": "#2"},
				"down": {"uv": [0, 0, 2, 1], "texture": "#2"}
			}
		},
		{
			"from": [7, 27, 9],
			"to": [9, 31, 11],
			"rotation": {"angle": 0, "axis": "y", "origin": [0, -1, 0]},
			"faces": {
				"north": {"uv": [5, 7, 7, 11], "texture": "#3"},
				"east": {"uv": [5, 7, 7, 11], "texture": "#3"},
				"south": {"uv": [5, 7, 7, 11], "texture": "#3"},
				"west": {"uv": [5, 7, 7, 11], "texture": "#3"},
				"up": {"uv": [5, 7, 7, 9], "texture": "#3"},
				"down": {"uv": [5, 7, 7, 9], "texture": "#3"}
			}
		},
		{
			"from": [7, 27, 8],
			"to": [9, 30, 9],
			"rotation": {"angle": 0, "axis": "y", "origin": [0, -1, 0]},
			"faces": {
				"north": {"uv": [5, 7, 7, 10], "texture": "#3"},
				"east": {"uv": [5, 7, 6, 10], "texture": "#3"},
				"south": {"uv": [5, 7, 7, 10], "texture": "#3"},
				"west": {"uv": [5, 7, 6, 10], "texture": "#3"},
				"up": {"uv": [5, 7, 7, 8], "texture": "#3"},
				"down": {"uv": [5, 7, 7, 8], "texture": "#3"}
			}
		},
		{
			"from": [7, 27, 7],
			"to": [9, 29, 8],
			"rotation": {"angle": 0, "axis": "y", "origin": [0, -1, 0]},
			"faces": {
				"north": {"uv": [5, 7, 7, 9], "texture": "#3"},
				"east": {"uv": [5, 7, 6, 9], "texture": "#3"},
				"south": {"uv": [5, 7, 7, 9], "texture": "#3"},
				"west": {"uv": [5, 7, 6, 9], "texture": "#3"},
				"up": {"uv": [5, 7, 7, 8], "texture": "#3"},
				"down": {"uv": [5, 7, 7, 8], "texture": "#3"}
			}
		},
		{
			"from": [7.1, 14, 24.75],
			"to": [8.9, 15.25, 29],
			"rotation": {"angle": -45, "axis": "x", "origin": [0, -1, 0]},
			"faces": {
				"north": {"uv": [5, 7, 6.8, 8.25], "texture": "#3"},
				"east": {"uv": [5, 7, 9.25, 8.25], "texture": "#3"},
				"south": {"uv": [5, 7, 6.8, 8.25], "texture": "#3"},
				"west": {"uv": [5, 7, 9.25, 8.25], "texture": "#3"},
				"up": {"uv": [5, 7, 6.8, 11.25], "texture": "#3"},
				"down": {"uv": [5, 7, 6.8, 11.25], "texture": "#3"}
			}
		},
		{
			"from": [7, 27, 6],
			"to": [9, 28, 7],
			"rotation": {"angle": 0, "axis": "y", "origin": [0, -1, 0]},
			"faces": {
				"north": {"uv": [5, 7, 7, 8], "texture": "#3"},
				"east": {"uv": [5, 7, 6, 8], "texture": "#3"},
				"south": {"uv": [5, 7, 7, 8], "texture": "#3"},
				"west": {"uv": [5, 7, 6, 8], "texture": "#3"},
				"up": {"uv": [5, 7, 7, 8], "texture": "#3"},
				"down": {"uv": [5, 7, 7, 8], "texture": "#3"}
			}
		}
	],
	"display": {
		"thirdperson_righthand": {
			"translation": [0, 8, 1.25],
			"scale": [0.61, 0.61, 0.61]
		},
		"thirdperson_lefthand": {
			"translation": [0, 8, 1.25],
			"scale": [0.61, 0.61, 0.61]
		},
		"firstperson_righthand": {
			"translation": [0, 8, 1.25],
			"scale": [0.61, 0.61, 0.61]
		},
		"firstperson_lefthand": {
			"translation": [0, 8, 1.25],
			"scale": [0.61, 0.61, 0.61]
		}
	},
	"groups": [
		{
			"name": "cierra",
			"origin": [8, 8, 8],
			"color": 0,
			"children": [
				{
					"name": "hoja",
					"origin": [0, 0, 0],
					"color": 0,
					"children": [0, 1, 2, 3, 4, 5, 6, 7, 8, 9, 10, 11, 12, 13, 14, 15, 16, 17, 18, 19, 20, 21, 22, 23, 24, 25, 26, 27, 28, 29, 30, 31, 32, 33, 34, 35, 36, 37]
				}
			]
		}
	]
}