{
	"credit": "Made with Blockbench",
	"parent": "23",
	"textures": {
		"1": "minecraft:block/blue_concrete",
		"particle": "minecraft:block/red_concrete"
	},
	"elements": [
		{
			"from": [6, 0, 5],
			"to": [8, 8, 7],
			"faces": {
				"north": {"uv": [0, 0, 16, 16], "texture": "#1"},
				"east": {"uv": [0, 0, 16, 16], "texture": "#1"},
				"south": {"uv": [0, 0, 16, 16], "texture": "#1"},
				"west": {"uv": [0, 0, 16, 16], "texture": "#1"},
				"up": {"uv": [0, 0, 16, 16], "texture": "#1"},
				"down": {"uv": [0, 0, 16, 16], "texture": "#1"}
			}
		},
		{
			"from": [2.9, 2.9, 5],
			"to": [10.9, 5.1, 7],
			"faces": {
				"north": {"uv": [0, 0, 16, 16], "texture": "#1"},
				"east": {"uv": [0, 0, 16, 16], "texture": "#1"},
				"south": {"uv": [0, 0, 16, 16], "texture": "#1"},
				"west": {"uv": [0, 0, 16, 16], "texture": "#1"},
				"up": {"uv": [0, 0, 16, 16], "texture": "#1"},
				"down": {"uv": [0, 0, 16, 16], "texture": "#1"}
			}
		}
	],
	"display": {
		"thirdperson_righthand": {
			"translation": [1.5, 7.25, 4]
		},
		"thirdperson_lefthand": {
			"translation": [-0.75, 7.25, 4]
		},
		"gui": {
			"translation": [2, 7.5, 0],
			"scale": [1.92, 1.89, 1]
		}
	}
}