{
	"credit": "Made with Blockbench",
	"parent": "29",
	"textures": {
		"0": "minecraft:block/yellow_concrete",
		"2": "minecraft:block/black_wool",
		"3": "minecraft:block/observer_back_on",
		"4": "minecraft:block/red_concrete_powder",
		"5": "minecraft:block/quartz_pillar_top",
		"particle": "minecraft:block/yellow_concrete"
	},
	"elements": [
		{
			"from": [5.6, 1, -2.2],
			"to": [8.3, 5.7, -0.5],
			"faces": {
				"north": {"uv": [6, 2, 10.7, 4.4], "texture": "#0"},
				"east": {"uv": [6, 2, 10.7, 4.4], "texture": "#0"},
				"south": {"uv": [6, 2, 10.7, 4.4], "texture": "#0"},
				"west": {"uv": [6, 2, 10.7, 4.4], "texture": "#0"},
				"up": {"uv": [6, 2, 10.7, 4.4], "texture": "#0"},
				"down": {"uv": [6, 2, 10.7, 4.4], "texture": "#0"}
			}
		},
		{
			"from": [6.6, -3.1, -2.8],
			"to": [8, -1.7, -2.2],
			"rotation": {"angle": 45, "axis": "z", "origin": [0, 0, 0]},
			"faces": {
				"north": {"uv": [5.7, 5.6, 10.5, 10.4], "texture": "#3"},
				"east": {"uv": [0, 0, 2.6, 2.4], "texture": "#2"},
				"south": {"uv": [0, 0, 2.6, 2.4], "texture": "#2"},
				"west": {"uv": [0, 0, 2.6, 2.4], "texture": "#2"},
				"up": {"uv": [0, 0, 2.6, 2.4], "texture": "#2"},
				"down": {"uv": [0, 0, 2.6, 2.4], "texture": "#2"}
			}
		},
		{
			"from": [5.5, 5.7, -0.1],
			"to": [8.4, 6.2, 4.6],
			"rotation": {"angle": -22.5, "axis": "x", "origin": [0, 0, 0]},
			"faces": {
				"north": {"uv": [0, 0, 3.7, 1.4], "texture": "#0"},
				"east": {"uv": [0, 0, 3.7, 1.4], "texture": "#0"},
				"south": {"uv": [0, 0, 3.7, 1.4], "texture": "#0"},
				"west": {"uv": [0, 0, 3.7, 1.4], "texture": "#0"},
				"up": {"uv": [0, 0, 3.7, 1.4], "texture": "#0"},
				"down": {"uv": [0, 0, 3.7, 1.4], "texture": "#0"}
			}
		},
		{
			"from": [5.6, 5.7, 1.4],
			"to": [8.3, 7.4, 2.8],
			"faces": {
				"north": {"uv": [0, 0, 3.7, 1.4], "texture": "#0"},
				"east": {"uv": [0, 0, 3.7, 1.4], "texture": "#0"},
				"south": {"uv": [0, 0, 3.7, 1.4], "texture": "#0"},
				"west": {"uv": [0, 0, 3.7, 1.4], "texture": "#0"},
				"up": {"uv": [0, 0, 3.7, 1.4], "texture": "#0"},
				"down": {"uv": [0, 0, 3.7, 1.4], "texture": "#0"}
			}
		},
		{
			"from": [5.1, 4.8, -1],
			"to": [8.8, 6.2, 5.3],
			"faces": {
				"north": {"uv": [0, 0, 3.7, 1.4], "texture": "#0"},
				"east": {"uv": [0, 0, 3.7, 1.4], "texture": "#0"},
				"south": {"uv": [0, 0, 3.7, 1.4], "texture": "#0"},
				"west": {"uv": [0, 0, 3.7, 1.4], "texture": "#0"},
				"up": {"uv": [0, 0, 3.7, 1.4], "texture": "#0"},
				"down": {"uv": [0, 0, 3.7, 1.4], "texture": "#0"}
			}
		},
		{
			"from": [5.6, 6.2, 0.1],
			"to": [8.3, 6.7, 1.4],
			"faces": {
				"north": {"uv": [0, 0, 3.7, 1.4], "texture": "#0"},
				"east": {"uv": [0, 0, 3.7, 1.4], "texture": "#0"},
				"south": {"uv": [0, 0, 3.7, 1.4], "texture": "#0"},
				"west": {"uv": [0, 0, 3.7, 1.4], "texture": "#0"},
				"up": {"uv": [0, 0, 3.7, 1.4], "texture": "#0"},
				"down": {"uv": [0, 0, 3.7, 1.4], "texture": "#0"}
			}
		},
		{
			"from": [5.1, 3.1, 0.3],
			"to": [8.8, 4.7, 5],
			"rotation": {"angle": -22.5, "axis": "x", "origin": [0, 0, 0]},
			"faces": {
				"north": {"uv": [0, 0, 3.7, 1.4], "texture": "#0"},
				"east": {"uv": [0, 0, 3.7, 1.4], "texture": "#5"},
				"south": {"uv": [0, 0, 3.7, 1.4], "texture": "#0"},
				"west": {"uv": [0, 0, 3.7, 1.4], "texture": "#5"},
				"up": {"uv": [0, 0, 3.7, 1.4], "texture": "#0"},
				"down": {"uv": [0, 0, 3.7, 1.4], "texture": "#0"}
			}
		},
		{
			"from": [5.1, 0.4, -1.2],
			"to": [8.8, 4.5, -0.5],
			"faces": {
				"north": {"uv": [0, 0, 3.7, 1.4], "texture": "#0"},
				"east": {"uv": [0, 0, 3.7, 1.4], "texture": "#5"},
				"south": {"uv": [0, 0, 3.7, 1.4], "texture": "#0"},
				"west": {"uv": [0, 0, 3.7, 1.4], "texture": "#5"},
				"up": {"uv": [0, 0, 3.7, 1.4], "texture": "#0"},
				"down": {"uv": [0, 0, 3.7, 1.4], "texture": "#5"}
			}
		},
		{
			"from": [6.5, 1.4, -2.4],
			"to": [7.2, 2.1, -2.1],
			"faces": {
				"north": {"uv": [5.7, 5.6, 10.5, 10.4], "texture": "#3"},
				"east": {"uv": [0, 0, 2.6, 2.4], "texture": "#2"},
				"south": {"uv": [0, 0, 2.6, 2.4], "texture": "#2"},
				"west": {"uv": [0, 0, 2.6, 2.4], "texture": "#2"},
				"up": {"uv": [0, 0, 2.6, 2.4], "texture": "#2"},
				"down": {"uv": [0, 0, 2.6, 2.4], "texture": "#2"}
			}
		},
		{
			"from": [5.6, 5.7, 2.7],
			"to": [8.3, 6.8, 4.5],
			"faces": {
				"north": {"uv": [0, 0, 3.7, 1.4], "texture": "#0"},
				"east": {"uv": [0, 0, 3.7, 1.4], "texture": "#0"},
				"south": {"uv": [0, 0, 3.7, 1.4], "texture": "#0"},
				"west": {"uv": [0, 0, 3.7, 1.4], "texture": "#0"},
				"up": {"uv": [0, 0, 3.7, 1.4], "texture": "#0"},
				"down": {"uv": [0, 0, 3.7, 1.4], "texture": "#0"}
			}
		},
		{
			"from": [8.9, 2.9, 1.8],
			"to": [9.2, 4.1, 9.8],
			"rotation": {"angle": -22.5, "axis": "x", "origin": [0, 0, 0]},
			"faces": {
				"north": {"uv": [0, 0, 8, 1.2], "texture": "#2"},
				"east": {"uv": [0, 0, 8, 1.2], "texture": "#2"},
				"south": {"uv": [0, 0, 8, 1.2], "texture": "#2"},
				"west": {"uv": [0, 0, 8, 1.2], "texture": "#2"},
				"up": {"uv": [0, 0, 8, 1.2], "texture": "#2"},
				"down": {"uv": [0, 0, 8, 1.2], "texture": "#2"}
			}
		},
		{
			"from": [8.8, 3.1, 0.9],
			"to": [9, 4.7, 4.3],
			"rotation": {"angle": -22.5, "axis": "x", "origin": [0, 0, 0]},
			"faces": {
				"north": {"uv": [0, 0, 3.4, 1.6], "texture": "#2"},
				"east": {"uv": [0, 0, 3.4, 1.6], "texture": "#2"},
				"south": {"uv": [0, 0, 3.4, 1.6], "texture": "#2"},
				"west": {"uv": [0, 0, 3.4, 1.6], "texture": "#2"},
				"up": {"uv": [0, 0, 3.4, 1.6], "texture": "#2"},
				"down": {"uv": [0, 0, 3.4, 1.6], "texture": "#2"}
			}
		},
		{
			"from": [5.4, 5.7, 1.4],
			"to": [8.5, 7.4, 1.6],
			"faces": {
				"north": {"uv": [0, 0, 1.4, 1.7], "texture": "#4"},
				"east": {"uv": [0, 0, 1.4, 1.7], "texture": "#4"},
				"south": {"uv": [0, 0, 1.4, 1.7], "texture": "#4"},
				"west": {"uv": [0, 0, 1.4, 1.7], "texture": "#4"},
				"up": {"uv": [0, 0, 1.4, 1.7], "texture": "#4"},
				"down": {"uv": [0, 0, 1.4, 1.7], "texture": "#4"}
			}
		},
		{
			"from": [5.4, 5.7, 1.8],
			"to": [8.5, 7.4, 2],
			"faces": {
				"north": {"uv": [0, 0, 1.4, 1.7], "texture": "#4"},
				"east": {"uv": [0, 0, 1.4, 1.7], "texture": "#4"},
				"south": {"uv": [0, 0, 1.4, 1.7], "texture": "#4"},
				"west": {"uv": [0, 0, 1.4, 1.7], "texture": "#4"},
				"up": {"uv": [0, 0, 1.4, 1.7], "texture": "#4"},
				"down": {"uv": [0, 0, 1.4, 1.7], "texture": "#4"}
			}
		},
		{
			"from": [5.4, 5.7, 2.2],
			"to": [8.5, 7.4, 2.4],
			"faces": {
				"north": {"uv": [0, 0, 1.4, 1.7], "texture": "#4"},
				"east": {"uv": [0, 0, 1.4, 1.7], "texture": "#4"},
				"south": {"uv": [0, 0, 1.4, 1.7], "texture": "#4"},
				"west": {"uv": [0, 0, 1.4, 1.7], "texture": "#4"},
				"up": {"uv": [0, 0, 1.4, 1.7], "texture": "#4"},
				"down": {"uv": [0, 0, 1.4, 1.7], "texture": "#4"}
			}
		},
		{
			"from": [8, 1, -2.4],
			"to": [8.2, 5.7, -2.2],
			"faces": {
				"north": {"uv": [0, 0, 3.7, 1.4], "texture": "#3"},
				"east": {"uv": [0, 0, 3.7, 1.4], "texture": "#3"},
				"south": {"uv": [0, 0, 3.7, 1.4], "texture": "#3"},
				"west": {"uv": [0, 0, 3.7, 1.4], "texture": "#3"},
				"up": {"uv": [0, 0, 3.7, 1.4], "texture": "#3"},
				"down": {"uv": [0, 0, 3.7, 1.4], "texture": "#3"}
			}
		},
		{
			"from": [5.6, 1, -2.4],
			"to": [5.8, 5.7, -2.2],
			"faces": {
				"north": {"uv": [0, 0, 3.7, 1.4], "texture": "#3"},
				"east": {"uv": [0, 0, 3.7, 1.4], "texture": "#3"},
				"south": {"uv": [0, 0, 3.7, 1.4], "texture": "#3"},
				"west": {"uv": [0, 0, 3.7, 1.4], "texture": "#3"},
				"up": {"uv": [0, 0, 3.7, 1.4], "texture": "#3"},
				"down": {"uv": [0, 0, 3.7, 1.4], "texture": "#3"}
			}
		},
		{
			"from": [5.6, 1, -2.4],
			"to": [8.2, 1.2, -2.2],
			"faces": {
				"north": {"uv": [0, 0, 3.7, 1.4], "texture": "#3"},
				"east": {"uv": [0, 0, 3.7, 1.4], "texture": "#3"},
				"south": {"uv": [0, 0, 3.7, 1.4], "texture": "#3"},
				"west": {"uv": [0, 0, 3.7, 1.4], "texture": "#3"},
				"up": {"uv": [0, 0, 3.7, 1.4], "texture": "#3"},
				"down": {"uv": [0, 0, 3.7, 1.4], "texture": "#3"}
			}
		},
		{
			"from": [5.5, 5.4, -2.4],
			"to": [8.3, 5.6, -2.2],
			"faces": {
				"north": {"uv": [0, 0, 3.7, 1.4], "texture": "#3"},
				"east": {"uv": [0, 0, 3.7, 1.4], "texture": "#3"},
				"south": {"uv": [0, 0, 3.7, 1.4], "texture": "#3"},
				"west": {"uv": [0, 0, 3.7, 1.4], "texture": "#3"},
				"up": {"uv": [0, 0, 3.7, 1.4], "texture": "#3"},
				"down": {"uv": [0, 0, 3.7, 1.4], "texture": "#3"}
			}
		},
		{
			"from": [5.2, 0.4, -1],
			"to": [8.7, 4.8, 5.3],
			"faces": {
				"north": {"uv": [0, 0, 8, 1.2], "texture": "#2"},
				"east": {"uv": [0, 0, 8, 1.2], "texture": "#2"},
				"south": {"uv": [0, 0, 8, 1.2], "texture": "#2"},
				"west": {"uv": [0, 0, 8, 1.2], "texture": "#2"},
				"up": {"uv": [0, 0, 8, 1.2], "texture": "#2"},
				"down": {"uv": [0, 0, 8, 1.2], "texture": "#2"}
			}
		}
	],
	"display": {
		"head": {
			"translation": [4, 16, 16.5],
			"scale": [3.75, 2.97, 2.62]
		}
	}
}