{
	"credit": "Made with Blockbench",
	"parent": "30",
	"ambientocclusion": false,
	"textures": {
		"0": "minecraft:block/observer_front",
		"1": "minecraft:block/dropper_front_vertical",
		"3": "minecraft:block/blast_furnace_front_on",
		"particle": "minecraft:block/observer_front"
	},
	"elements": [
		{
			"from": [3.8, 2.8, 0],
			"to": [7.8, 4.8, 8.7],
			"faces": {
				"north": {"uv": [0, 0, 4, 2], "texture": "#0"},
				"east": {"uv": [0, 0, 4, 2], "texture": "#0"},
				"south": {"uv": [0, 0, 16, 16], "texture": "#0"},
				"west": {"uv": [0, 0, 4, 2], "texture": "#0"},
				"up": {"uv": [0, 0, 4, 2], "texture": "#0"},
				"down": {"uv": [0, 0, 4, 2], "texture": "#0"}
			}
		},
		{
			"from": [6, 3.1, -0.4],
			"to": [7.4, 4.4, 0],
			"faces": {
				"north": {"uv": [4, 5, 11.9, 10.9], "texture": "#1"},
				"east": {"uv": [0, 0, 1.4, 1.3], "texture": "#0"},
				"south": {"uv": [0, 0, 1.4, 1.3], "texture": "#0"},
				"west": {"uv": [0, 0, 1.4, 1.3], "texture": "#0"},
				"up": {"uv": [0, 0, 1.4, 1.3], "texture": "#0"},
				"down": {"uv": [0, 0, 1.4, 1.3], "texture": "#0"}
			}
		},
		{
			"from": [4.2, 3.1, -0.4],
			"to": [5.6, 4.4, 0],
			"faces": {
				"north": {"uv": [4, 5, 11.9, 10.9], "texture": "#1"},
				"east": {"uv": [0, 0, 1.4, 1.3], "texture": "#0"},
				"south": {"uv": [0, 0, 1.4, 1.3], "texture": "#0"},
				"west": {"uv": [0, 0, 1.4, 1.3], "texture": "#0"},
				"up": {"uv": [0, 0, 1.4, 1.3], "texture": "#0"},
				"down": {"uv": [0, 0, 1.4, 1.3], "texture": "#0"}
			}
		},
		{
			"from": [3.9, 4.8, 0],
			"to": [7.7, 5.1, 8.7],
			"faces": {
				"north": {"uv": [0, 0, 3.8, 0.3], "texture": "#0"},
				"east": {"uv": [0, 0, 3.8, 0.3], "texture": "#0"},
				"south": {"uv": [0, 0, 3.8, 0.3], "texture": "#0"},
				"west": {"uv": [0, 0, 3.8, 0.3], "texture": "#0"},
				"up": {"uv": [0, 0, 3.8, 0.3], "texture": "#0"},
				"down": {"uv": [0, 0, 3.8, 0.3], "texture": "#0"}
			}
		},
		{
			"from": [3.9, 2.5, 0],
			"to": [7.7, 2.8, 8.7],
			"faces": {
				"north": {"uv": [0, 0, 3.8, 0.3], "texture": "#0"},
				"east": {"uv": [0, 0, 3.8, 0.3], "texture": "#0"},
				"south": {"uv": [0, 0, 3.8, 0.3], "texture": "#0"},
				"west": {"uv": [0, 0, 3.8, 0.3], "texture": "#0"},
				"up": {"uv": [0, 0, 3.8, 0.3], "texture": "#0"},
				"down": {"uv": [0, 0, 3.8, 0.3], "texture": "#0"}
			}
		},
		{
			"from": [3.9, 0.4, 1.5],
			"to": [7.7, 2.5, 3],
			"faces": {
				"north": {"uv": [0, 3, 16, 15], "texture": "#3"},
				"east": {"uv": [0, 0, 3.8, 2.1], "texture": "#0"},
				"south": {"uv": [0, 0, 3.8, 2.1], "texture": "#0"},
				"west": {"uv": [0, 0, 3.8, 2.1], "texture": "#0"},
				"up": {"uv": [0, 0, 3.8, 2.1], "texture": "#0"},
				"down": {"uv": [0, 0, 3.8, 2.1], "texture": "#0"}
			}
		}
	],
	"display": {
		"thirdperson_righthand": {
			"rotation": [70, 0, 0],
			"translation": [2.75, -3, 18.25],
			"scale": [1.21, 1.31, 1.09]
		},
		"thirdperson_lefthand": {
			"rotation": [70, 0, 0],
			"translation": [-2.25, -3, 18.25],
			"scale": [1.21, 1.31, 1.09]
		},
		"firstperson_righthand": {
			"translation": [0.75, 6.5, 5.25]
		},
		"firstperson_lefthand": {
			"translation": [-2.5, 6.5, 5.75]
		}
	}
}