{
	"credit": "Made with Blockbench",
	"parent": "31",
	"textures": {
		"0": "minecraft:block/yellow_concrete",
		"1": "minecraft:block/blast_furnace_front",
		"2": "minecraft:block/dispenser_front_vertical",
		"particle": "minecraft:block/yellow_concrete"
	},
	"elements": [
		{
			"from": [5, 3.3, -6],
			"to": [7, 5.3, 11],
			"faces": {
				"north": {"uv": [0, 0, 16, 2], "texture": "#1"},
				"east": {"uv": [0, 0, 16, 2], "texture": "#1"},
				"south": {"uv": [0, 0, 16, 2], "texture": "#1"},
				"west": {"uv": [0, 0, 16, 2], "texture": "#1"},
				"up": {"uv": [0, 0, 16, 2], "texture": "#1"},
				"down": {"uv": [0, 0, 16, 2], "texture": "#1"}
			}
		},
		{
			"from": [6.2, -2.2, -6],
			"to": [8.2, -0.2, 11],
			"rotation": {"angle": 45, "axis": "z", "origin": [0, 0, 0]},
			"faces": {
				"north": {"uv": [0, 0, 16, 2], "texture": "#1"},
				"east": {"uv": [0, 0, 16, 2], "texture": "#1"},
				"south": {"uv": [0, 0, 16, 2], "texture": "#1"},
				"west": {"uv": [0, 0, 16, 2], "texture": "#1"},
				"up": {"uv": [0, 0, 16, 2], "texture": "#1"},
				"down": {"uv": [0, 0, 16, 2], "texture": "#1"}
			}
		},
		{
			"from": [4.7, 3, 11],
			"to": [7.2, 6.4, 14.8],
			"faces": {
				"north": {"uv": [0, 0, 3.8, 3.4], "texture": "#0"},
				"east": {"uv": [0, 0, 3.8, 3.4], "texture": "#0"},
				"south": {"uv": [0, 0, 3.8, 3.4], "texture": "#0"},
				"west": {"uv": [0, 0, 3.8, 3.4], "texture": "#0"},
				"up": {"uv": [0, 0, 3.8, 3.4], "texture": "#0"},
				"down": {"uv": [0, 0, 3.8, 3.4], "texture": "#0"}
			}
		},
		{
			"from": [5, 6.4, 11.5],
			"to": [6.9, 8.4, 12.4],
			"faces": {
				"north": {"uv": [6, 6, 7.9, 8], "texture": "#2"},
				"east": {"uv": [6, 6, 7.9, 8], "texture": "#2"},
				"south": {"uv": [6, 6, 7.9, 8], "texture": "#2"},
				"west": {"uv": [6, 6, 7.9, 8], "texture": "#2"},
				"up": {"uv": [6, 6, 7.9, 8], "texture": "#2"},
				"down": {"uv": [6, 6, 7.9, 8], "texture": "#2"}
			}
		},
		{
			"from": [5, 6.4, 13.4],
			"to": [6.9, 8.4, 14.3],
			"faces": {
				"north": {"uv": [6, 6, 7.9, 8], "texture": "#2"},
				"east": {"uv": [6, 6, 7.9, 8], "texture": "#2"},
				"south": {"uv": [6, 6, 7.9, 8], "texture": "#2"},
				"west": {"uv": [6, 6, 7.9, 8], "texture": "#2"},
				"up": {"uv": [6, 6, 7.9, 8], "texture": "#2"},
				"down": {"uv": [6, 6, 7.9, 8], "texture": "#2"}
			}
		},
		{
			"from": [5, 8.4, 11.7],
			"to": [6.9, 9, 14.1],
			"faces": {
				"north": {"uv": [6, 6, 7.9, 6.6], "texture": "#2"},
				"east": {"uv": [6, 6, 7.9, 6.6], "texture": "#2"},
				"south": {"uv": [6, 6, 7.9, 6.6], "texture": "#2"},
				"west": {"uv": [6, 6, 7.9, 6.6], "texture": "#2"},
				"up": {"uv": [6, 6, 7.9, 6.6], "texture": "#2"},
				"down": {"uv": [6, 6, 7.9, 6.6], "texture": "#2"}
			}
		},
		{
			"from": [6.4, 4, -6.4],
			"to": [6.8, 4.5, -6],
			"faces": {
				"north": {"uv": [4, 4, 11.9, 11.8], "texture": "#2"},
				"east": {"uv": [0, 0, 0.4, 0.5], "texture": "#1"},
				"south": {"uv": [0, 0, 0.4, 0.5], "texture": "#1"},
				"west": {"uv": [0, 0, 0.4, 0.5], "texture": "#1"},
				"up": {"uv": [0, 0, 0.4, 0.5], "texture": "#1"},
				"down": {"uv": [0, 0, 0.4, 0.5], "texture": "#1"}
			}
		},
		{
			"from": [5.1, 4, -6.4],
			"to": [5.5, 4.5, -6],
			"faces": {
				"north": {"uv": [4, 4, 11.9, 11.8], "texture": "#2"},
				"east": {"uv": [0, 0, 0.4, 0.5], "texture": "#1"},
				"south": {"uv": [0, 0, 0.4, 0.5], "texture": "#1"},
				"west": {"uv": [0, 0, 0.4, 0.5], "texture": "#1"},
				"up": {"uv": [0, 0, 0.4, 0.5], "texture": "#1"},
				"down": {"uv": [0, 0, 0.4, 0.5], "texture": "#1"}
			}
		},
		{
			"from": [5.4, 4.6, -6.4],
			"to": [5.8, 5.1, -6],
			"faces": {
				"north": {"uv": [4, 4, 11.9, 11.8], "texture": "#2"},
				"east": {"uv": [0, 0, 0.4, 0.5], "texture": "#1"},
				"south": {"uv": [0, 0, 0.4, 0.5], "texture": "#1"},
				"west": {"uv": [0, 0, 0.4, 0.5], "texture": "#1"},
				"up": {"uv": [0, 0, 0.4, 0.5], "texture": "#1"},
				"down": {"uv": [0, 0, 0.4, 0.5], "texture": "#1"}
			}
		},
		{
			"from": [6, 4.6, -6.4],
			"to": [6.4, 5.1, -6],
			"faces": {
				"north": {"uv": [4, 4, 11.9, 11.8], "texture": "#2"},
				"east": {"uv": [0, 0, 0.4, 0.5], "texture": "#1"},
				"south": {"uv": [0, 0, 0.4, 0.5], "texture": "#1"},
				"west": {"uv": [0, 0, 0.4, 0.5], "texture": "#1"},
				"up": {"uv": [0, 0, 0.4, 0.5], "texture": "#1"},
				"down": {"uv": [0, 0, 0.4, 0.5], "texture": "#1"}
			}
		},
		{
			"from": [6, 3.4, -6.4],
			"to": [6.4, 3.9, -6],
			"faces": {
				"north": {"uv": [4, 4, 11.9, 11.8], "texture": "#2"},
				"east": {"uv": [0, 0, 0.4, 0.5], "texture": "#1"},
				"south": {"uv": [0, 0, 0.4, 0.5], "texture": "#1"},
				"west": {"uv": [0, 0, 0.4, 0.5], "texture": "#1"},
				"up": {"uv": [0, 0, 0.4, 0.5], "texture": "#1"},
				"down": {"uv": [0, 0, 0.4, 0.5], "texture": "#1"}
			}
		},
		{
			"from": [5.4, 3.4, -6.4],
			"to": [5.8, 3.9, -6],
			"faces": {
				"north": {"uv": [4, 4, 11.9, 11.8], "texture": "#2"},
				"east": {"uv": [0, 0, 0.4, 0.5], "texture": "#1"},
				"south": {"uv": [0, 0, 0.4, 0.5], "texture": "#1"},
				"west": {"uv": [0, 0, 0.4, 0.5], "texture": "#1"},
				"up": {"uv": [0, 0, 0.4, 0.5], "texture": "#1"},
				"down": {"uv": [0, 0, 0.4, 0.5], "texture": "#1"}
			}
		},
		{
			"from": [4.7, -2.9, 14.6],
			"to": [7.2, -0.7, 18],
			"rotation": {"angle": -22.5, "axis": "x", "origin": [0, 0, 0]},
			"faces": {
				"north": {"uv": [0, 0, 3.4, 2.2], "texture": "#0"},
				"east": {"uv": [0, 0, 3.4, 2.2], "texture": "#0"},
				"south": {"uv": [0, 0, 3.4, 2.2], "texture": "#0"},
				"west": {"uv": [0, 0, 3.4, 2.2], "texture": "#0"},
				"up": {"uv": [0, 0, 3.4, 2.2], "texture": "#0"},
				"down": {"uv": [0, 0, 3.4, 2.2], "texture": "#0"}
			}
		},
		{
			"from": [4.7, 4.3, 14.8],
			"to": [7.2, 6.4, 17.9],
			"faces": {
				"north": {"uv": [0, 0, 3.1, 2.1], "texture": "#0"},
				"east": {"uv": [0, 0, 3.1, 2.1], "texture": "#0"},
				"south": {"uv": [0, 0, 3.1, 2.1], "texture": "#0"},
				"west": {"uv": [0, 0, 3.1, 2.1], "texture": "#0"},
				"up": {"uv": [0, 0, 3.1, 2.1], "texture": "#0"},
				"down": {"uv": [0, 0, 3.1, 2.1], "texture": "#0"}
			}
		},
		{
			"from": [4.6, -0.7, 16.2],
			"to": [7.3, 0.5, 17.5],
			"rotation": {"angle": -22.5, "axis": "x", "origin": [0, 0, 0]},
			"faces": {
				"north": {"uv": [6, 6, 9.4, 8.2], "texture": "#2"},
				"east": {"uv": [6, 6, 9.4, 8.2], "texture": "#2"},
				"south": {"uv": [6, 6, 9.4, 8.2], "texture": "#2"},
				"west": {"uv": [6, 6, 9.4, 8.2], "texture": "#2"},
				"up": {"uv": [6, 6, 9.4, 8.2], "texture": "#2"},
				"down": {"uv": [6, 6, 9.4, 8.2], "texture": "#2"}
			}
		}
	],
	"display": {
		"thirdperson_righthand": {
			"rotation": [69, 0, 13],
			"translation": [3.5, 5.25, 4.75],
			"scale": [1.54, 1.56, 1.11]
		},
		"thirdperson_lefthand": {
			"rotation": [69, 0, 13],
			"translation": [-3.5, 4.5, 2.75],
			"scale": [1.54, 1.56, 1.11]
		},
		"firstperson_righthand": {
			"translation": [0, -0.75, 0]
		},
		"firstperson_lefthand": {
			"translation": [0, -0.75, 0]
		}
	}
}