{
	"credit": "Made with Blockbench",
	"parent": "32",
	"textures": {
		"0": "minecraft:block/yellow_concrete",
		"1": "minecraft:block/white_shulker_box",
		"2": "minecraft:block/observer_back_on",
		"5": "minecraft:block/dropper_front",
		"6": "minecraft:block/glow_item_frame",
		"particle": "minecraft:block/yellow_concrete"
	},
	"elements": [
		{
			"from": [9.7, 10.5, -4],
			"to": [11.7, 12.5, 7],
			"faces": {
				"north": {"uv": [0, 0, 11, 2], "texture": "#1"},
				"east": {"uv": [0, 0, 11, 2], "texture": "#1"},
				"south": {"uv": [0, 0, 11, 2], "texture": "#1"},
				"west": {"uv": [0, 0, 11, 2], "texture": "#1"},
				"up": {"uv": [0, 0, 11, 2], "texture": "#1"},
				"down": {"uv": [0, 0, 11, 2], "texture": "#1"}
			}
		},
		{
			"from": [9.8, 12.5, -4],
			"to": [11.6, 12.7, 7],
			"faces": {
				"north": {"uv": [0, 0, 11, 2], "texture": "#1"},
				"east": {"uv": [0, 0, 11, 2], "texture": "#1"},
				"south": {"uv": [0, 0, 11, 2], "texture": "#1"},
				"west": {"uv": [0, 0, 11, 2], "texture": "#1"},
				"up": {"uv": [0, 0, 11, 2], "texture": "#1"},
				"down": {"uv": [0, 0, 11, 2], "texture": "#1"}
			}
		},
		{
			"from": [3, 10.5, -4],
			"to": [5, 12.5, 7],
			"faces": {
				"north": {"uv": [0, 0, 11, 2], "texture": "#1"},
				"east": {"uv": [0, 0, 11, 2], "texture": "#1"},
				"south": {"uv": [0, 0, 11, 2], "texture": "#1"},
				"west": {"uv": [0, 0, 11, 2], "texture": "#1"},
				"up": {"uv": [0, 0, 11, 2], "texture": "#1"},
				"down": {"uv": [0, 0, 11, 2], "texture": "#1"}
			}
		},
		{
			"from": [3.1, 12.5, -4],
			"to": [4.9, 12.7, 7],
			"faces": {
				"north": {"uv": [0, 0, 11, 2], "texture": "#1"},
				"east": {"uv": [0, 0, 11, 2], "texture": "#1"},
				"south": {"uv": [0, 0, 11, 2], "texture": "#1"},
				"west": {"uv": [0, 0, 11, 2], "texture": "#1"},
				"up": {"uv": [0, 0, 11, 2], "texture": "#1"},
				"down": {"uv": [0, 0, 11, 2], "texture": "#1"}
			}
		},
		{
			"from": [3.2, 11.5, -1.2],
			"to": [11.4, 13.5, 7],
			"faces": {
				"north": {"uv": [0, 0, 8.2, 8.2], "texture": "#0"},
				"east": {"uv": [0, 0, 8.2, 8.2], "texture": "#0"},
				"south": {"uv": [0, 0, 8.2, 8.2], "texture": "#0"},
				"west": {"uv": [0, 0, 8.2, 8.2], "texture": "#0"},
				"up": {"uv": [0, 0, 8.2, 8.2], "texture": "#0"},
				"down": {"uv": [5, 5, 10.8, 10.8], "texture": "#6"}
			}
		},
		{
			"from": [-1, 11.5, 3.1],
			"to": [7.2, 13.5, 11.3],
			"rotation": {"angle": 45, "axis": "y", "origin": [0, 0, 0]},
			"faces": {
				"north": {"uv": [0, 0, 8.2, 8.2], "texture": "#0"},
				"east": {"uv": [0, 0, 8.2, 8.2], "texture": "#0"},
				"south": {"uv": [0, 0, 8.2, 8.2], "texture": "#0"},
				"west": {"uv": [0, 0, 8.2, 8.2], "texture": "#0"},
				"up": {"uv": [0, 0, 8.2, 8.2], "texture": "#0"},
				"down": {"uv": [5, 5, 10.8, 10.8], "texture": "#6"}
			}
		},
		{
			"from": [3.4, 13.5, -1],
			"to": [11.2, 14.2, 6.8],
			"faces": {
				"north": {"uv": [0, 0, 7.8, 7.8], "texture": "#0"},
				"east": {"uv": [0, 0, 7.8, 7.8], "texture": "#0"},
				"south": {"uv": [0, 0, 7.8, 7.8], "texture": "#0"},
				"west": {"uv": [0, 0, 7.8, 7.8], "texture": "#0"},
				"up": {"uv": [5, 5, 10.8, 10.8], "texture": "#6"},
				"down": {"uv": [5, 5, 10.8, 10.8], "texture": "#6"}
			}
		},
		{
			"from": [9.8, 12.5, 5.6],
			"to": [11.6, 12.7, 16.6],
			"rotation": {"angle": -22.5, "axis": "x", "origin": [0, 0, 0]},
			"faces": {
				"north": {"uv": [0, 0, 1.8, 11], "texture": "#0"},
				"east": {"uv": [0, 0, 1.8, 11], "texture": "#0"},
				"south": {"uv": [0, 0, 1.8, 11], "texture": "#0"},
				"west": {"uv": [0, 0, 1.8, 11], "texture": "#0"},
				"up": {"uv": [0, 0, 1.8, 11], "texture": "#0"},
				"down": {"uv": [0, 0, 1.8, 11], "texture": "#0"}
			}
		},
		{
			"from": [3, 12.5, 5.6],
			"to": [4.8, 12.7, 16.6],
			"rotation": {"angle": -22.5, "axis": "x", "origin": [0, 0, 0]},
			"faces": {
				"north": {"uv": [0, 0, 1.8, 11], "texture": "#0"},
				"east": {"uv": [0, 0, 1.8, 11], "texture": "#0"},
				"south": {"uv": [0, 0, 1.8, 11], "texture": "#0"},
				"west": {"uv": [0, 0, 1.8, 11], "texture": "#0"},
				"up": {"uv": [0, 0, 1.8, 11], "texture": "#0"},
				"down": {"uv": [0, 0, 1.8, 11], "texture": "#0"}
			}
		},
		{
			"from": [10.1, 10.9, -4.7],
			"to": [11.2, 12.1, -4],
			"faces": {
				"north": {"uv": [4, 8, 12, 13], "texture": "#5"},
				"east": {"uv": [0, 0, 11, 2], "texture": "#1"},
				"south": {"uv": [0, 0, 11, 2], "texture": "#1"},
				"west": {"uv": [0, 0, 11, 2], "texture": "#1"},
				"up": {"uv": [0, 0, 11, 2], "texture": "#1"},
				"down": {"uv": [0, 0, 11, 2], "texture": "#1"}
			}
		},
		{
			"from": [3.5, 10.9, -4.7],
			"to": [4.6, 12.1, -4],
			"faces": {
				"north": {"uv": [4, 8, 12, 13], "texture": "#5"},
				"east": {"uv": [0, 0, 11, 2], "texture": "#1"},
				"south": {"uv": [0, 0, 11, 2], "texture": "#1"},
				"west": {"uv": [0, 0, 11, 2], "texture": "#1"},
				"up": {"uv": [0, 0, 11, 2], "texture": "#1"},
				"down": {"uv": [0, 0, 11, 2], "texture": "#1"}
			}
		},
		{
			"from": [6.8, 11.8, -3],
			"to": [7.9, 13, -2.3],
			"faces": {
				"north": {"uv": [5, 5, 11, 11], "texture": "#2"},
				"east": {"uv": [0, 0, 11, 2], "texture": "#0"},
				"south": {"uv": [0, 0, 11, 2], "texture": "#0"},
				"west": {"uv": [0, 0, 11, 2], "texture": "#0"},
				"up": {"uv": [0, 0, 11, 2], "texture": "#0"},
				"down": {"uv": [0, 0, 11, 2], "texture": "#0"}
			}
		}
	],
	"display": {
		"thirdperson_righthand": {
			"translation": [-5.25, 6.5, 16.75],
			"scale": [1.51, 1.49, 1.19]
		}
	}
}