{
	"credit": "Made with Blockbench",
	"parent": "35",
	"textures": {
		"0": "minecraft:block/yellow_concrete",
		"1": "minecraft:block/white_shulker_box",
		"2": "minecraft:block/dropper_front",
		"3": "minecraft:block/glow_item_frame",
		"4": "minecraft:block/observer_back_on",
		"particle": "minecraft:block/yellow_concrete"
	},
	"elements": [
		{
			"from": [0, 6.1, 2],
			"to": [16, 11, 18],
			"rotation": {"angle": 0, "axis": "y", "origin": [0, 8, 0]},
			"faces": {
				"north": {"uv": [0, 0, 16, 16], "texture": "#0"},
				"east": {"uv": [0, 0, 16, 16], "texture": "#0"},
				"south": {"uv": [0, 0, 16, 16], "texture": "#0"},
				"west": {"uv": [0, 0, 16, 16], "texture": "#0"},
				"up": {"uv": [0, 0, 16, 16], "texture": "#3"},
				"down": {"uv": [0, 0, 16, 16], "texture": "#0"}
			}
		},
		{
			"from": [10.7, 12.5, 6],
			"to": [12.7, 14.5, 17],
			"rotation": {"angle": 0, "axis": "y", "origin": [1, 2, 10]},
			"faces": {
				"north": {"uv": [0, 0, 11, 2], "texture": "#1"},
				"east": {"uv": [0, 0, 11, 2], "texture": "#1"},
				"south": {"uv": [0, 0, 11, 2], "texture": "#1"},
				"west": {"uv": [0, 0, 11, 2], "texture": "#1"},
				"up": {"uv": [0, 0, 11, 2], "texture": "#1"},
				"down": {"uv": [0, 0, 11, 2], "texture": "#1"}
			}
		},
		{
			"from": [10.8, 14.5, 6],
			"to": [12.6, 14.7, 17],
			"rotation": {"angle": 0, "axis": "y", "origin": [1, 2, 10]},
			"faces": {
				"north": {"uv": [0, 0, 11, 2], "texture": "#1"},
				"east": {"uv": [0, 0, 11, 2], "texture": "#1"},
				"south": {"uv": [0, 0, 11, 2], "texture": "#1"},
				"west": {"uv": [0, 0, 11, 2], "texture": "#1"},
				"up": {"uv": [0, 0, 11, 2], "texture": "#1"},
				"down": {"uv": [0, 0, 11, 2], "texture": "#1"}
			}
		},
		{
			"from": [4, 12.5, 6],
			"to": [6, 14.5, 17],
			"rotation": {"angle": 0, "axis": "y", "origin": [1, 2, 10]},
			"faces": {
				"north": {"uv": [0, 0, 11, 2], "texture": "#1"},
				"east": {"uv": [0, 0, 11, 2], "texture": "#1"},
				"south": {"uv": [0, 0, 11, 2], "texture": "#1"},
				"west": {"uv": [0, 0, 11, 2], "texture": "#1"},
				"up": {"uv": [0, 0, 11, 2], "texture": "#1"},
				"down": {"uv": [0, 0, 11, 2], "texture": "#1"}
			}
		},
		{
			"from": [4.1, 14.5, 6],
			"to": [5.9, 14.7, 17],
			"rotation": {"angle": 0, "axis": "y", "origin": [1, 2, 10]},
			"faces": {
				"north": {"uv": [0, 0, 11, 2], "texture": "#1"},
				"east": {"uv": [0, 0, 11, 2], "texture": "#1"},
				"south": {"uv": [0, 0, 11, 2], "texture": "#1"},
				"west": {"uv": [0, 0, 11, 2], "texture": "#1"},
				"up": {"uv": [0, 0, 11, 2], "texture": "#1"},
				"down": {"uv": [0, 0, 11, 2], "texture": "#1"}
			}
		},
		{
			"from": [4.2, 13.5, 8.8],
			"to": [12.4, 15.5, 17],
			"rotation": {"angle": 0, "axis": "y", "origin": [1, 2, 10]},
			"faces": {
				"north": {"uv": [0, 0, 16, 16], "texture": "#0"},
				"east": {"uv": [0, 0, 16, 16], "texture": "#0"},
				"south": {"uv": [0, 0, 16, 16], "texture": "#0"},
				"west": {"uv": [0, 0, 16, 16], "texture": "#0"},
				"up": {"uv": [0, 0, 16, 16], "texture": "#0"},
				"down": {"uv": [0, 0, 16, 16], "texture": "#0"}
			}
		},
		{
			"from": [0, 13.5, 13.1],
			"to": [8.2, 15.5, 21.3],
			"rotation": {"angle": 45, "axis": "y", "origin": [1, 2, 10]},
			"faces": {
				"north": {"uv": [0, 0, 16, 16], "texture": "#0"},
				"east": {"uv": [0, 0, 16, 16], "texture": "#0"},
				"south": {"uv": [0, 0, 16, 16], "texture": "#0"},
				"west": {"uv": [0, 0, 16, 16], "texture": "#0"},
				"up": {"uv": [0, 0, 16, 16], "texture": "#0"},
				"down": {"uv": [0, 0, 16, 16], "texture": "#0"}
			}
		},
		{
			"from": [4.4, 15.5, 9],
			"to": [12.2, 16.2, 16.8],
			"rotation": {"angle": 0, "axis": "y", "origin": [1, 2, 10]},
			"faces": {
				"north": {"uv": [0, 0, 16, 16], "texture": "#0"},
				"east": {"uv": [0, 0, 16, 16], "texture": "#0"},
				"south": {"uv": [0, 0, 16, 16], "texture": "#0"},
				"west": {"uv": [0, 0, 16, 16], "texture": "#0"},
				"up": {"uv": [5, 5, 11, 11], "texture": "#3"},
				"down": {"uv": [0, 0, 16, 16], "texture": "#0"}
			}
		},
		{
			"from": [10.8, 14.5, 15.6],
			"to": [12.6, 14.7, 26.6],
			"rotation": {"angle": -22.5, "axis": "x", "origin": [1, 2, 10]},
			"faces": {
				"north": {"uv": [0, 0, 16, 16], "texture": "#0"},
				"east": {"uv": [0, 0, 16, 16], "texture": "#0"},
				"south": {"uv": [0, 0, 16, 16], "texture": "#0"},
				"west": {"uv": [0, 0, 16, 16], "texture": "#0"},
				"up": {"uv": [0, 0, 16, 16], "texture": "#0"},
				"down": {"uv": [0, 0, 16, 16], "texture": "#0"}
			}
		},
		{
			"from": [4, 14.5, 15.6],
			"to": [5.8, 14.7, 26.6],
			"rotation": {"angle": -22.5, "axis": "x", "origin": [1, 2, 10]},
			"faces": {
				"north": {"uv": [0, 0, 16, 16], "texture": "#0"},
				"east": {"uv": [0, 0, 16, 16], "texture": "#0"},
				"south": {"uv": [0, 0, 16, 16], "texture": "#0"},
				"west": {"uv": [0, 0, 16, 16], "texture": "#0"},
				"up": {"uv": [0, 0, 16, 16], "texture": "#0"},
				"down": {"uv": [0, 0, 16, 16], "texture": "#0"}
			}
		},
		{
			"from": [11.1, 12.9, 5.3],
			"to": [12.2, 14.1, 6],
			"rotation": {"angle": 0, "axis": "y", "origin": [1, 2, 10]},
			"faces": {
				"north": {"uv": [4, 8, 12, 13], "texture": "#2"},
				"east": {"uv": [0, 0, 11, 2], "texture": "#1"},
				"south": {"uv": [0, 0, 11, 2], "texture": "#1"},
				"west": {"uv": [0, 0, 11, 2], "texture": "#1"},
				"up": {"uv": [0, 0, 11, 2], "texture": "#1"},
				"down": {"uv": [0, 0, 11, 2], "texture": "#1"}
			}
		},
		{
			"from": [4.5, 12.9, 5.3],
			"to": [5.6, 14.1, 6],
			"rotation": {"angle": 0, "axis": "y", "origin": [1, 2, 10]},
			"faces": {
				"north": {"uv": [4, 8, 12, 13], "texture": "#2"},
				"east": {"uv": [0, 0, 11, 2], "texture": "#1"},
				"south": {"uv": [0, 0, 11, 2], "texture": "#1"},
				"west": {"uv": [0, 0, 11, 2], "texture": "#1"},
				"up": {"uv": [0, 0, 11, 2], "texture": "#1"},
				"down": {"uv": [0, 0, 11, 2], "texture": "#1"}
			}
		},
		{
			"from": [7.8, 13.8, 7],
			"to": [8.9, 15, 7.7],
			"rotation": {"angle": 0, "axis": "y", "origin": [1, 2, 10]},
			"faces": {
				"north": {"uv": [5, 5, 11, 11], "texture": "#4"},
				"east": {"uv": [5, 5, 11, 11], "texture": "#0"},
				"south": {"uv": [5, 5, 11, 11], "texture": "#0"},
				"west": {"uv": [5, 5, 11, 11], "texture": "#0"},
				"up": {"uv": [5, 5, 11, 11], "texture": "#0"},
				"down": {"uv": [5, 5, 11, 11], "texture": "#0"}
			}
		},
		{
			"from": [6, 10, 2],
			"to": [10, 24.9, 4],
			"rotation": {"angle": -22.5, "axis": "x", "origin": [0, 8, 0]},
			"faces": {
				"north": {"uv": [0, 0, 16, 16], "texture": "#1"},
				"east": {"uv": [0, 0, 16, 16], "texture": "#1"},
				"south": {"uv": [0, 0, 16, 16], "texture": "#1"},
				"west": {"uv": [0, 0, 16, 16], "texture": "#1"},
				"up": {"uv": [0, 0, 16, 16], "texture": "#1"},
				"down": {"uv": [0, 0, 16, 16], "texture": "#1"}
			}
		},
		{
			"from": [6.2, 11.7, 12],
			"to": [9.8, 18.7, 14],
			"rotation": {"angle": -45, "axis": "x", "origin": [0, 8, 0]},
			"faces": {
				"north": {"uv": [0, 0, 16, 16], "texture": "#1"},
				"east": {"uv": [0, 0, 16, 16], "texture": "#1"},
				"south": {"uv": [0, 0, 16, 16], "texture": "#1"},
				"west": {"uv": [0, 0, 16, 16], "texture": "#1"},
				"up": {"uv": [0, 0, 16, 16], "texture": "#1"},
				"down": {"uv": [0, 0, 16, 16], "texture": "#1"}
			}
		},
		{
			"from": [6.8, 8.3, 14],
			"to": [9.1, 12.1, 15.2],
			"rotation": {"angle": -45, "axis": "x", "origin": [0, 8, 0]},
			"faces": {
				"north": {"uv": [0, 0, 16, 16], "texture": "#1"},
				"east": {"uv": [0, 0, 16, 16], "texture": "#1"},
				"south": {"uv": [0, 0, 16, 16], "texture": "#1"},
				"west": {"uv": [0, 0, 16, 16], "texture": "#1"},
				"up": {"uv": [0, 0, 16, 16], "texture": "#1"},
				"down": {"uv": [0, 0, 16, 16], "texture": "#1"}
			}
		},
		{
			"from": [6.8, 8.3, 11],
			"to": [9.1, 12.1, 12.2],
			"rotation": {"angle": -45, "axis": "x", "origin": [0, 8, 0]},
			"faces": {
				"north": {"uv": [0, 0, 16, 16], "texture": "#1"},
				"east": {"uv": [0, 0, 16, 16], "texture": "#1"},
				"south": {"uv": [0, 0, 16, 16], "texture": "#1"},
				"west": {"uv": [0, 0, 16, 16], "texture": "#1"},
				"up": {"uv": [0, 0, 16, 16], "texture": "#1"},
				"down": {"uv": [0, 0, 16, 16], "texture": "#1"}
			}
		},
		{
			"from": [-9.6, 6.1, 4.8],
			"to": [6.4, 11, 20.8],
			"rotation": {"angle": 45, "axis": "y", "origin": [0, 8, 0]},
			"faces": {
				"north": {"uv": [0, 0, 16, 16], "texture": "#0"},
				"east": {"uv": [0, 0, 16, 16], "texture": "#0"},
				"south": {"uv": [0, 0, 16, 16], "texture": "#0"},
				"west": {"uv": [0, 0, 16, 16], "texture": "#0"},
				"up": {"uv": [0, 0, 16, 16], "texture": "#3"},
				"down": {"uv": [0, 0, 16, 16], "texture": "#0"}
			}
		},
		{
			"from": [6, -3.6, 5],
			"to": [10, 11.3, 7],
			"rotation": {"angle": 22.5, "axis": "x", "origin": [0, 8, 0]},
			"faces": {
				"north": {"uv": [0, 0, 16, 16], "texture": "#2"},
				"east": {"uv": [0, 0, 16, 16], "texture": "#2"},
				"south": {"uv": [0, 0, 16, 16], "texture": "#2"},
				"west": {"uv": [0, 0, 16, 16], "texture": "#2"},
				"up": {"uv": [0, 0, 16, 16], "texture": "#2"},
				"down": {"uv": [0, 0, 16, 16], "texture": "#2"}
			}
		},
		{
			"from": [6, -11.1, 11],
			"to": [10, 3.8, 13],
			"rotation": {"angle": -22.5, "axis": "x", "origin": [0, 8, 0]},
			"faces": {
				"north": {"uv": [0, 0, 16, 16], "texture": "#2"},
				"east": {"uv": [0, 0, 16, 16], "texture": "#2"},
				"south": {"uv": [0, 0, 16, 16], "texture": "#2"},
				"west": {"uv": [0, 0, 16, 16], "texture": "#2"},
				"up": {"uv": [0, 0, 16, 16], "texture": "#2"},
				"down": {"uv": [0, 0, 16, 16], "texture": "#2"}
			}
		},
		{
			"from": [9, -9.8, 8],
			"to": [11, 5.1, 12],
			"rotation": {"angle": 22.5, "axis": "z", "origin": [0, 8, 0]},
			"faces": {
				"north": {"uv": [0, 0, 16, 16], "texture": "#2"},
				"east": {"uv": [0, 0, 16, 16], "texture": "#2"},
				"south": {"uv": [0, 0, 16, 16], "texture": "#2"},
				"west": {"uv": [0, 0, 16, 16], "texture": "#2"},
				"up": {"uv": [0, 0, 16, 16], "texture": "#2"},
				"down": {"uv": [0, 0, 16, 16], "texture": "#2"}
			}
		},
		{
			"from": [3, -4.3, 8],
			"to": [5, 10.6, 12],
			"rotation": {"angle": -22.5, "axis": "z", "origin": [0, 8, 0]},
			"faces": {
				"north": {"uv": [0, 0, 16, 16], "texture": "#2"},
				"east": {"uv": [0, 0, 16, 16], "texture": "#2"},
				"south": {"uv": [0, 0, 16, 16], "texture": "#2"},
				"west": {"uv": [0, 0, 16, 16], "texture": "#2"},
				"up": {"uv": [0, 0, 16, 16], "texture": "#2"},
				"down": {"uv": [0, 0, 16, 16], "texture": "#2"}
			}
		},
		{
			"from": [6.2, 23, -3.7],
			"to": [9.8, 25, 3.3],
			"rotation": {"angle": 0, "axis": "x", "origin": [0, 8, 0]},
			"faces": {
				"north": {"uv": [0, 0, 16, 16], "rotation": 180, "texture": "#1"},
				"east": {"uv": [0, 0, 16, 16], "rotation": 90, "texture": "#1"},
				"south": {"uv": [0, 0, 16, 16], "texture": "#1"},
				"west": {"uv": [0, 0, 16, 16], "rotation": 270, "texture": "#1"},
				"up": {"uv": [0, 0, 16, 16], "texture": "#1"},
				"down": {"uv": [0, 0, 16, 16], "rotation": 180, "texture": "#1"}
			}
		}
	],
	"display": {
		"head": {
			"translation": [0, -25.75, -1.75],
			"scale": [1.29, 1.39, 1.26]
		}
	}
}