{
	"credit": "Made with Blockbench",
	"parent": "38",
	"textures": {
		"0": "minecraft:block/yellow_shulker_box",
		"1": "minecraft:block/blast_furnace_front",
		"2": "minecraft:block/blast_furnace_front_on",
		"3": "minecraft:block/dropper_front_vertical",
		"4": "minecraft:block/observer_back_on",
		"particle": "minecraft:block/yellow_shulker_box"
	},
	"elements": [
		{
			"from": [0, 6, 2],
			"to": [18.2, 10.6, 12],
			"rotation": {"angle": 0, "axis": "y", "origin": [-10, 0, 0]},
			"faces": {
				"north": {"uv": [0, 0, 14.5, 4], "texture": "#0"},
				"east": {"uv": [0, 0, 14.5, 4], "texture": "#0"},
				"south": {"uv": [0, 0, 14.5, 4], "texture": "#0"},
				"west": {"uv": [0, 0, 14.5, 4], "texture": "#0"},
				"up": {"uv": [0, 0, 14.5, 4], "texture": "#0"},
				"down": {"uv": [0, 0, 14.5, 4], "texture": "#0"}
			}
		},
		{
			"from": [-2, 5.7, -2],
			"to": [12.5, 12, 2],
			"rotation": {"angle": 0, "axis": "y", "origin": [-10, 0, 0]},
			"faces": {
				"north": {"uv": [0, 0, 14.5, 4], "texture": "#0"},
				"east": {"uv": [0, 0, 14.5, 4], "texture": "#0"},
				"south": {"uv": [0, 0, 14.5, 4], "texture": "#0"},
				"west": {"uv": [0, 0, 14.5, 4], "texture": "#0"},
				"up": {"uv": [0, 0, 14.5, 4], "texture": "#0"},
				"down": {"uv": [0, 0, 14.5, 4], "texture": "#0"}
			}
		},
		{
			"from": [-2, 5.7, 12],
			"to": [12.5, 12, 16],
			"rotation": {"angle": 0, "axis": "y", "origin": [-10, 0, 0]},
			"faces": {
				"north": {"uv": [0, 0, 14.5, 4], "texture": "#0"},
				"east": {"uv": [0, 0, 14.5, 4], "texture": "#0"},
				"south": {"uv": [0, 0, 14.5, 4], "texture": "#0"},
				"west": {"uv": [0, 0, 14.5, 4], "texture": "#0"},
				"up": {"uv": [0, 0, 14.5, 4], "texture": "#0"},
				"down": {"uv": [0, 0, 14.5, 4], "texture": "#0"}
			}
		},
		{
			"from": [-8, 8.6, -2],
			"to": [-2, 14.2, 2],
			"rotation": {"angle": -22.5, "axis": "z", "origin": [-10, 0, 0]},
			"faces": {
				"north": {"uv": [0, 0, 4, 6], "rotation": 270, "texture": "#0"},
				"east": {"uv": [0, 0, 4, 6], "rotation": 270, "texture": "#0"},
				"south": {"uv": [0, 0, 4, 6], "rotation": 270, "texture": "#0"},
				"west": {"uv": [5, 7, 12, 12], "rotation": 270, "texture": "#1"},
				"up": {"uv": [0, 0, 4, 6], "rotation": 270, "texture": "#0"},
				"down": {"uv": [0, 0, 4, 6], "rotation": 270, "texture": "#0"}
			}
		},
		{
			"from": [-8, 8.6, 12],
			"to": [-2, 14.2, 16],
			"rotation": {"angle": -22.5, "axis": "z", "origin": [-10, 0, 0]},
			"faces": {
				"north": {"uv": [0, 0, 4, 6], "rotation": 270, "texture": "#0"},
				"east": {"uv": [0, 0, 4, 6], "rotation": 270, "texture": "#0"},
				"south": {"uv": [0, 0, 4, 6], "rotation": 270, "texture": "#0"},
				"west": {"uv": [5, 7, 12, 12], "rotation": 270, "texture": "#1"},
				"up": {"uv": [0, 0, 4, 6], "rotation": 270, "texture": "#0"},
				"down": {"uv": [0, 0, 4, 6], "rotation": 270, "texture": "#0"}
			}
		},
		{
			"from": [-5.4, 4, 3.9],
			"to": [4.8, 8.1, 10.2],
			"rotation": {"angle": 22.5, "axis": "z", "origin": [-10, 0, 0]},
			"faces": {
				"north": {"uv": [0, 0, 14.5, 4], "texture": "#0"},
				"east": {"uv": [0, 0, 14.5, 4], "texture": "#0"},
				"south": {"uv": [0, 0, 14.5, 4], "texture": "#0"},
				"west": {"uv": [0, 0, 14.5, 4], "texture": "#0"},
				"up": {"uv": [0, 0, 14.5, 4], "texture": "#0"},
				"down": {"uv": [0, 0, 14.5, 4], "texture": "#0"}
			}
		},
		{
			"from": [6.1, 6.7, 6],
			"to": [16.7, 8.6, 18.3],
			"rotation": {"angle": -22.5, "axis": "y", "origin": [-10, 0, 0]},
			"faces": {
				"north": {"uv": [0, 0, 14.5, 4], "texture": "#0"},
				"east": {"uv": [0, 0, 14.5, 4], "texture": "#0"},
				"south": {"uv": [0, 0, 14.5, 4], "texture": "#0"},
				"west": {"uv": [0, 0, 14.5, 4], "texture": "#0"},
				"up": {"uv": [0, 0, 14.5, 4], "texture": "#0"},
				"down": {"uv": [0, 0, 14.5, 4], "texture": "#0"}
			}
		},
		{
			"from": [0.9, 6.7, -6.2],
			"to": [11.5, 8.6, 7],
			"rotation": {"angle": 22.5, "axis": "y", "origin": [-10, 0, 0]},
			"faces": {
				"north": {"uv": [0, 0, 14.5, 4], "texture": "#0"},
				"east": {"uv": [0, 0, 14.5, 4], "texture": "#0"},
				"south": {"uv": [0, 0, 14.5, 4], "texture": "#0"},
				"west": {"uv": [0, 0, 14.5, 4], "texture": "#0"},
				"up": {"uv": [0, 0, 14.5, 4], "texture": "#0"},
				"down": {"uv": [0, 0, 14.5, 4], "texture": "#0"}
			}
		},
		{
			"from": [0.4, 10.6, 2.7],
			"to": [22.4, 13.2, 11.2],
			"rotation": {"angle": 0, "axis": "y", "origin": [-10, 0, 0]},
			"faces": {
				"north": {"uv": [0, 0, 14.5, 4], "texture": "#0"},
				"east": {"uv": [0, 0, 14.5, 4], "texture": "#0"},
				"south": {"uv": [0, 0, 14.5, 4], "texture": "#0"},
				"west": {"uv": [0, 0, 14.5, 4], "texture": "#0"},
				"up": {"uv": [0, 0, 14.5, 4], "texture": "#0"},
				"down": {"uv": [0, 0, 14.5, 4], "texture": "#0"}
			}
		},
		{
			"from": [17, -4.1, 3.9],
			"to": [25.4, 0.4, 10.2],
			"rotation": {"angle": 22.5, "axis": "z", "origin": [-10, 0, 0]},
			"faces": {
				"north": {"uv": [0, 0, 14.5, 4], "texture": "#0"},
				"east": {"uv": [0, 0, 14.5, 4], "texture": "#0"},
				"south": {"uv": [0, 0, 14.5, 4], "texture": "#0"},
				"west": {"uv": [0, 0, 14.5, 4], "texture": "#0"},
				"up": {"uv": [0, 0, 14.5, 4], "texture": "#0"},
				"down": {"uv": [0, 0, 14.5, 4], "texture": "#0"}
			}
		},
		{
			"from": [-2.3, 6.7, 15.1],
			"to": [7.4, 8.2, 27.7],
			"rotation": {"angle": 0, "axis": "y", "origin": [-10, 0, 0]},
			"faces": {
				"north": {"uv": [0, 0, 14.5, 4], "texture": "#0"},
				"east": {"uv": [0, 0, 14.5, 4], "texture": "#0"},
				"south": {"uv": [0, 0, 14.5, 4], "texture": "#0"},
				"west": {"uv": [0, 0, 14.5, 4], "texture": "#0"},
				"up": {"uv": [0, 0, 14.5, 4], "texture": "#0"},
				"down": {"uv": [0, 0, 14.5, 4], "texture": "#0"}
			}
		},
		{
			"from": [-2.3, 6.7, -14.6],
			"to": [7.4, 8.2, -0.5],
			"rotation": {"angle": 0, "axis": "y", "origin": [-10, 0, 0]},
			"faces": {
				"north": {"uv": [0, 0, 14.5, 4], "texture": "#0"},
				"east": {"uv": [0, 0, 14.5, 4], "texture": "#0"},
				"south": {"uv": [0, 0, 14.5, 4], "texture": "#0"},
				"west": {"uv": [0, 0, 14.5, 4], "texture": "#0"},
				"up": {"uv": [0, 0, 14.5, 4], "texture": "#0"},
				"down": {"uv": [0, 0, 14.5, 4], "texture": "#0"}
			}
		},
		{
			"from": [6.2, 6.5, -13.6],
			"to": [14.8, 9.1, -10.4],
			"rotation": {"angle": -22.5, "axis": "y", "origin": [-10, 0.5, 0]},
			"faces": {
				"north": {"uv": [0, 0, 14.5, 4], "texture": "#0"},
				"east": {"uv": [0, 0, 14.5, 4], "texture": "#0"},
				"south": {"uv": [0, 0, 14.5, 4], "texture": "#0"},
				"west": {"uv": [0, 0, 14.5, 4], "texture": "#0"},
				"up": {"uv": [0, 0, 14.5, 4], "texture": "#0"},
				"down": {"uv": [0, 0, 14.5, 4], "texture": "#0"}
			}
		},
		{
			"from": [1.2, 6.5, 23.5],
			"to": [9.8, 9.1, 26.4],
			"rotation": {"angle": 22.5, "axis": "y", "origin": [-10, 0.5, 0]},
			"faces": {
				"north": {"uv": [0, 0, 14.5, 4], "texture": "#0"},
				"east": {"uv": [0, 0, 14.5, 4], "texture": "#0"},
				"south": {"uv": [0, 0, 14.5, 4], "texture": "#0"},
				"west": {"uv": [0, 0, 14.5, 4], "texture": "#0"},
				"up": {"uv": [0, 0, 14.5, 4], "texture": "#0"},
				"down": {"uv": [0, 0, 14.5, 4], "texture": "#0"}
			}
		},
		{
			"from": [0.9, 13.2, 2.9],
			"to": [22.9, 13.9, 11],
			"rotation": {"angle": 0, "axis": "y", "origin": [-10, 0, 0]},
			"faces": {
				"north": {"uv": [0, 0, 14.5, 4], "texture": "#0"},
				"east": {"uv": [0, 0, 14.5, 4], "texture": "#0"},
				"south": {"uv": [0, 0, 14.5, 4], "texture": "#0"},
				"west": {"uv": [0, 0, 14.5, 4], "texture": "#0"},
				"up": {"uv": [3.9, 5, 12, 11], "texture": "#3"},
				"down": {"uv": [0, 0, 14.5, 4], "texture": "#0"}
			}
		},
		{
			"from": [-6, 6, 3],
			"to": [1.1, 10.6, 11.1],
			"rotation": {"angle": 0, "axis": "y", "origin": [-10, 0, 0]},
			"faces": {
				"north": {"uv": [0, 0, 14.5, 4], "texture": "#0"},
				"east": {"uv": [0, 0, 14.5, 4], "texture": "#0"},
				"south": {"uv": [0, 0, 14.5, 4], "texture": "#0"},
				"west": {"uv": [0, 0, 14.5, 4], "texture": "#0"},
				"up": {"uv": [0, 0, 14.5, 4], "texture": "#0"},
				"down": {"uv": [0, 0, 14.5, 4], "texture": "#0"}
			}
		},
		{
			"from": [12.5, 13.6, 7.4],
			"to": [16.7, 16.2, 10.4],
			"rotation": {"angle": 22.5, "axis": "x", "origin": [-10, 0, 0]},
			"faces": {
				"north": {"uv": [4, 1, 8.2, 4], "texture": "#1"},
				"east": {"uv": [5, 7, 12.2, 13], "texture": "#2"},
				"south": {"uv": [4, 1, 8.2, 4], "texture": "#1"},
				"west": {"uv": [4, 1, 8.2, 4], "texture": "#1"},
				"up": {"uv": [4, 1, 8.2, 4], "texture": "#1"},
				"down": {"uv": [4, 1, 8.2, 4], "texture": "#1"}
			}
		},
		{
			"from": [12.5, 8.3, 2.4],
			"to": [16.7, 10.9, 5.4],
			"rotation": {"angle": -22.5, "axis": "x", "origin": [-10, 0, 0]},
			"faces": {
				"north": {"uv": [4, 1, 8.2, 4], "texture": "#1"},
				"east": {"uv": [5, 7, 12.2, 13], "texture": "#2"},
				"south": {"uv": [4, 1, 8.2, 4], "texture": "#1"},
				"west": {"uv": [4, 1, 8.2, 4], "texture": "#1"},
				"up": {"uv": [4, 1, 8.2, 4], "texture": "#1"},
				"down": {"uv": [4, 1, 8.2, 4], "texture": "#1"}
			}
		},
		{
			"from": [15.3, 10.6, 11],
			"to": [23.4, 14.2, 11.2],
			"rotation": {"angle": 0, "axis": "y", "origin": [-10, 0, 0]},
			"faces": {
				"north": {"uv": [0, 0, 14.5, 4], "texture": "#0"},
				"east": {"uv": [0, 0, 14.5, 4], "texture": "#0"},
				"south": {"uv": [0, 0, 14.5, 4], "texture": "#0"},
				"west": {"uv": [0, 0, 14.5, 4], "texture": "#0"},
				"up": {"uv": [0, 0, 14.5, 4], "texture": "#0"},
				"down": {"uv": [0, 0, 14.5, 4], "texture": "#0"}
			}
		},
		{
			"from": [15.3, 10.6, 2.7],
			"to": [23.4, 14.2, 2.9],
			"rotation": {"angle": 0, "axis": "y", "origin": [-10, 0, 0]},
			"faces": {
				"north": {"uv": [0, 0, 14.5, 4], "texture": "#0"},
				"east": {"uv": [0, 0, 14.5, 4], "texture": "#0"},
				"south": {"uv": [0, 0, 14.5, 4], "texture": "#0"},
				"west": {"uv": [0, 0, 14.5, 4], "texture": "#0"},
				"up": {"uv": [0, 0, 14.5, 4], "texture": "#0"},
				"down": {"uv": [0, 0, 14.5, 4], "texture": "#0"}
			}
		},
		{
			"from": [0.6, 8.1, 5.5],
			"to": [3.1, 8.2, 8.6],
			"rotation": {"angle": 22.5, "axis": "z", "origin": [-10, 0, 0]},
			"faces": {
				"north": {"uv": [0, 0, 14.5, 4], "texture": "#0"},
				"east": {"uv": [0, 0, 14.5, 4], "texture": "#0"},
				"south": {"uv": [0, 0, 14.5, 4], "texture": "#0"},
				"west": {"uv": [0, 0, 14.5, 4], "texture": "#0"},
				"up": {"uv": [6.1, 6, 9.6, 8.7], "texture": "#3"},
				"down": {"uv": [0, 0, 14.5, 4], "texture": "#0"}
			}
		},
		{
			"from": [0.3, 8.1, 5.8],
			"to": [3.4, 8.2, 8.3],
			"rotation": {"angle": 22.5, "axis": "z", "origin": [-10, 0, 0]},
			"faces": {
				"north": {"uv": [0, 0, 14.5, 4], "texture": "#0"},
				"east": {"uv": [0, 0, 14.5, 4], "texture": "#0"},
				"south": {"uv": [0, 0, 14.5, 4], "texture": "#0"},
				"west": {"uv": [0, 0, 14.5, 4], "texture": "#0"},
				"up": {"uv": [6.1, 6, 9.6, 8.7], "texture": "#3"},
				"down": {"uv": [0, 0, 14.5, 4], "texture": "#0"}
			}
		},
		{
			"from": [1.9, 8.2, 6.4],
			"to": [3.1, 8.3, 7.7],
			"rotation": {"angle": 22.5, "axis": "z", "origin": [-10, 0, 0]},
			"faces": {
				"north": {"uv": [2, 9, 3, 10], "texture": "#2"},
				"east": {"uv": [2, 9, 3, 10], "texture": "#2"},
				"south": {"uv": [2, 9, 3, 10], "texture": "#2"},
				"west": {"uv": [2, 9, 3, 10], "texture": "#2"},
				"up": {"uv": [2, 9, 3, 10], "texture": "#2"},
				"down": {"uv": [2, 9, 3, 10], "texture": "#2"}
			}
		},
		{
			"from": [0.5, 8.2, 6.9],
			"to": [1.9, 8.3, 7.2],
			"rotation": {"angle": 22.5, "axis": "z", "origin": [-10, 0, 0]},
			"faces": {
				"north": {"uv": [2, 9, 3, 10], "texture": "#2"},
				"east": {"uv": [2, 9, 3, 10], "texture": "#2"},
				"south": {"uv": [2, 9, 3, 10], "texture": "#2"},
				"west": {"uv": [2, 9, 3, 10], "texture": "#2"},
				"up": {"uv": [2, 9, 3, 10], "texture": "#2"},
				"down": {"uv": [2, 9, 3, 10], "texture": "#2"}
			}
		},
		{
			"from": [-4.66, 5.615, -14.411],
			"to": [2.27, 6.875, -13.151],
			"rotation": {"angle": 0, "axis": "y", "origin": [-2.14, -1, -7.04]},
			"faces": {
				"north": {"uv": [0, 5, 11, 7], "rotation": 270, "texture": "#1"},
				"east": {"uv": [0, 5, 11, 7], "rotation": 270, "texture": "#1"},
				"south": {"uv": [0, 5, 11, 7], "rotation": 270, "texture": "#1"},
				"west": {"uv": [0, 5, 11, 7], "rotation": 270, "texture": "#1"},
				"up": {"uv": [0, 5, 11, 7], "rotation": 270, "texture": "#1"},
				"down": {"uv": [0, 5, 11, 7], "rotation": 270, "texture": "#1"}
			}
		},
		{
			"from": [-4.66, 6.875, -14.348],
			"to": [2.27, 7.001, -13.214],
			"rotation": {"angle": 0, "axis": "y", "origin": [-2.14, -1, -7.04]},
			"faces": {
				"north": {"uv": [0, 5, 11, 7], "rotation": 270, "texture": "#1"},
				"east": {"uv": [0, 5, 11, 7], "rotation": 270, "texture": "#1"},
				"south": {"uv": [0, 5, 11, 7], "rotation": 270, "texture": "#1"},
				"west": {"uv": [0, 5, 11, 7], "rotation": 270, "texture": "#1"},
				"up": {"uv": [0, 5, 11, 7], "rotation": 270, "texture": "#1"},
				"down": {"uv": [0, 5, 11, 7], "rotation": 270, "texture": "#1"}
			}
		},
		{
			"from": [-4.66, 5.615, -10.19],
			"to": [2.27, 6.875, -8.93],
			"rotation": {"angle": 0, "axis": "y", "origin": [-2.14, -1, -7.04]},
			"faces": {
				"north": {"uv": [0, 5, 11, 7], "rotation": 270, "texture": "#1"},
				"east": {"uv": [0, 5, 11, 7], "rotation": 270, "texture": "#1"},
				"south": {"uv": [0, 5, 11, 7], "rotation": 270, "texture": "#1"},
				"west": {"uv": [0, 5, 11, 7], "rotation": 270, "texture": "#1"},
				"up": {"uv": [0, 5, 11, 7], "rotation": 270, "texture": "#1"},
				"down": {"uv": [0, 5, 11, 7], "rotation": 270, "texture": "#1"}
			}
		},
		{
			"from": [-4.66, 6.875, -10.127],
			"to": [2.27, 7.001, -8.993],
			"rotation": {"angle": 0, "axis": "y", "origin": [-2.14, -1, -7.04]},
			"faces": {
				"north": {"uv": [0, 5, 11, 7], "rotation": 270, "texture": "#1"},
				"east": {"uv": [0, 5, 11, 7], "rotation": 270, "texture": "#1"},
				"south": {"uv": [0, 5, 11, 7], "rotation": 270, "texture": "#1"},
				"west": {"uv": [0, 5, 11, 7], "rotation": 270, "texture": "#1"},
				"up": {"uv": [0, 5, 11, 7], "rotation": 270, "texture": "#1"},
				"down": {"uv": [0, 5, 11, 7], "rotation": 270, "texture": "#1"}
			}
		},
		{
			"from": [-2.896, 6.245, -14.222],
			"to": [2.27, 7.505, -9.056],
			"rotation": {"angle": 0, "axis": "y", "origin": [-2.14, -1, -7.04]},
			"faces": {
				"north": {"uv": [0, 0, 8.2, 8.2], "rotation": 270, "texture": "#0"},
				"east": {"uv": [0, 0, 8.2, 8.2], "rotation": 270, "texture": "#0"},
				"south": {"uv": [0, 0, 8.2, 8.2], "rotation": 270, "texture": "#0"},
				"west": {"uv": [0, 0, 8.2, 8.2], "rotation": 270, "texture": "#0"},
				"up": {"uv": [0, 0, 8.2, 8.2], "rotation": 270, "texture": "#0"},
				"down": {"uv": [0, 0, 8.2, 8.2], "rotation": 270, "texture": "#0"}
			}
		},
		{
			"from": [-0.187, 6.245, -11.576],
			"to": [4.979, 7.505, -6.41],
			"rotation": {"angle": 45, "axis": "y", "origin": [-2.14, -1, -7.04]},
			"faces": {
				"north": {"uv": [0, 0, 8.2, 8.2], "rotation": 270, "texture": "#0"},
				"east": {"uv": [0, 0, 8.2, 8.2], "rotation": 270, "texture": "#0"},
				"south": {"uv": [0, 0, 8.2, 8.2], "rotation": 270, "texture": "#0"},
				"west": {"uv": [0, 0, 8.2, 8.2], "rotation": 270, "texture": "#0"},
				"up": {"uv": [0, 0, 8.2, 8.2], "rotation": 270, "texture": "#0"},
				"down": {"uv": [0, 0, 8.2, 8.2], "rotation": 270, "texture": "#0"}
			}
		},
		{
			"from": [-2.77, 7.505, -14.096],
			"to": [2.144, 7.946, -9.182],
			"rotation": {"angle": 0, "axis": "y", "origin": [-2.14, -1, -7.04]},
			"faces": {
				"north": {"uv": [5, 5, 10.8, 10.8], "rotation": 270, "texture": "#0"},
				"east": {"uv": [5, 5, 10.8, 10.8], "rotation": 270, "texture": "#0"},
				"south": {"uv": [5, 5, 10.8, 10.8], "rotation": 270, "texture": "#0"},
				"west": {"uv": [5, 5, 10.8, 10.8], "rotation": 270, "texture": "#0"},
				"up": {"uv": [5, 5, 10.8, 10.8], "rotation": 270, "texture": "#0"},
				"down": {"uv": [5, 5, 10.8, 10.8], "rotation": 270, "texture": "#0"}
			}
		},
		{
			"from": [1.388, 6.875, -14.348],
			"to": [8.318, 7.001, -13.214],
			"rotation": {"angle": 22.5, "axis": "z", "origin": [-2.14, -1, -7.04]},
			"faces": {
				"north": {"uv": [0, 0, 1.8, 11], "rotation": 270, "texture": "#0"},
				"east": {"uv": [0, 0, 1.8, 11], "rotation": 270, "texture": "#0"},
				"south": {"uv": [0, 0, 1.8, 11], "rotation": 270, "texture": "#0"},
				"west": {"uv": [0, 0, 1.8, 11], "rotation": 270, "texture": "#0"},
				"up": {"uv": [0, 0, 1.8, 11], "rotation": 270, "texture": "#0"},
				"down": {"uv": [0, 0, 1.8, 11], "rotation": 270, "texture": "#0"}
			}
		},
		{
			"from": [1.388, 6.875, -10.064],
			"to": [8.318, 7.001, -8.93],
			"rotation": {"angle": 22.5, "axis": "z", "origin": [-2.14, -1, -7.04]},
			"faces": {
				"north": {"uv": [0, 0, 1.8, 11], "rotation": 270, "texture": "#0"},
				"east": {"uv": [0, 0, 1.8, 11], "rotation": 270, "texture": "#0"},
				"south": {"uv": [0, 0, 1.8, 11], "rotation": 270, "texture": "#0"},
				"west": {"uv": [0, 0, 1.8, 11], "rotation": 270, "texture": "#0"},
				"up": {"uv": [0, 0, 1.8, 11], "rotation": 270, "texture": "#0"},
				"down": {"uv": [0, 0, 1.8, 11], "rotation": 270, "texture": "#0"}
			}
		},
		{
			"from": [-5.101, 5.867, -14.096],
			"to": [-4.66, 6.623, -13.403],
			"rotation": {"angle": 0, "axis": "y", "origin": [-2.14, -1, -7.04]},
			"faces": {
				"north": {"uv": [4, 10, 12, 15], "rotation": 270, "texture": "#1"},
				"east": {"uv": [4, 10, 12, 15], "rotation": 270, "texture": "#1"},
				"south": {"uv": [4, 10, 12, 15], "rotation": 270, "texture": "#1"},
				"west": {"uv": [4, 5, 12, 11], "rotation": 270, "texture": "#3"},
				"up": {"uv": [4, 10, 12, 15], "rotation": 270, "texture": "#1"},
				"down": {"uv": [4, 10, 12, 15], "rotation": 270, "texture": "#1"}
			}
		},
		{
			"from": [-5.101, 5.867, -9.938],
			"to": [-4.66, 6.623, -9.245],
			"rotation": {"angle": 0, "axis": "y", "origin": [-2.14, -1, -7.04]},
			"faces": {
				"north": {"uv": [4, 10, 12, 15], "rotation": 270, "texture": "#1"},
				"east": {"uv": [4, 10, 12, 15], "rotation": 270, "texture": "#1"},
				"south": {"uv": [4, 10, 12, 15], "rotation": 270, "texture": "#1"},
				"west": {"uv": [4, 5, 12, 11], "rotation": 270, "texture": "#3"},
				"up": {"uv": [4, 10, 12, 15], "rotation": 270, "texture": "#1"},
				"down": {"uv": [4, 10, 12, 15], "rotation": 270, "texture": "#1"}
			}
		},
		{
			"from": [-4.03, 6.434, -12.017],
			"to": [-3.589, 7.19, -11.324],
			"rotation": {"angle": 0, "axis": "y", "origin": [-2.14, -1, -7.04]},
			"faces": {
				"north": {"uv": [0, 0, 11, 2], "rotation": 270, "texture": "#0"},
				"east": {"uv": [0, 0, 11, 2], "rotation": 270, "texture": "#0"},
				"south": {"uv": [0, 0, 11, 2], "rotation": 270, "texture": "#0"},
				"west": {"uv": [6, 6, 10, 10], "rotation": 270, "texture": "#4"},
				"up": {"uv": [0, 0, 11, 2], "rotation": 270, "texture": "#0"},
				"down": {"uv": [0, 0, 11, 2], "rotation": 270, "texture": "#0"}
			}
		},
		{
			"from": [-4.66, 5.615, 21.889],
			"to": [2.27, 6.875, 23.149],
			"rotation": {"angle": 0, "axis": "y", "origin": [-2.14, -1, 29.26]},
			"faces": {
				"north": {"uv": [0, 5, 11, 7], "rotation": 270, "texture": "#1"},
				"east": {"uv": [0, 5, 11, 7], "rotation": 270, "texture": "#1"},
				"south": {"uv": [0, 5, 11, 7], "rotation": 270, "texture": "#1"},
				"west": {"uv": [0, 5, 11, 7], "rotation": 270, "texture": "#1"},
				"up": {"uv": [0, 5, 11, 7], "rotation": 270, "texture": "#1"},
				"down": {"uv": [0, 5, 11, 7], "rotation": 270, "texture": "#1"}
			}
		},
		{
			"from": [-4.66, 6.875, 21.952],
			"to": [2.27, 7.001, 23.086],
			"rotation": {"angle": 0, "axis": "y", "origin": [-2.14, -1, 29.26]},
			"faces": {
				"north": {"uv": [0, 5, 11, 7], "rotation": 270, "texture": "#1"},
				"east": {"uv": [0, 5, 11, 7], "rotation": 270, "texture": "#1"},
				"south": {"uv": [0, 5, 11, 7], "rotation": 270, "texture": "#1"},
				"west": {"uv": [0, 5, 11, 7], "rotation": 270, "texture": "#1"},
				"up": {"uv": [0, 5, 11, 7], "rotation": 270, "texture": "#1"},
				"down": {"uv": [0, 5, 11, 7], "rotation": 270, "texture": "#1"}
			}
		},
		{
			"from": [-4.66, 5.615, 26.11],
			"to": [2.27, 6.875, 27.37],
			"rotation": {"angle": 0, "axis": "y", "origin": [-2.14, -1, 29.26]},
			"faces": {
				"north": {"uv": [0, 5, 11, 7], "rotation": 270, "texture": "#1"},
				"east": {"uv": [0, 5, 11, 7], "rotation": 270, "texture": "#1"},
				"south": {"uv": [0, 5, 11, 7], "rotation": 270, "texture": "#1"},
				"west": {"uv": [0, 5, 11, 7], "rotation": 270, "texture": "#1"},
				"up": {"uv": [0, 5, 11, 7], "rotation": 270, "texture": "#1"},
				"down": {"uv": [0, 5, 11, 7], "rotation": 270, "texture": "#1"}
			}
		},
		{
			"from": [-4.66, 6.875, 26.173],
			"to": [2.27, 7.001, 27.307],
			"rotation": {"angle": 0, "axis": "y", "origin": [-2.14, -1, 29.26]},
			"faces": {
				"north": {"uv": [0, 5, 11, 7], "rotation": 270, "texture": "#1"},
				"east": {"uv": [0, 5, 11, 7], "rotation": 270, "texture": "#1"},
				"south": {"uv": [0, 5, 11, 7], "rotation": 270, "texture": "#1"},
				"west": {"uv": [0, 5, 11, 7], "rotation": 270, "texture": "#1"},
				"up": {"uv": [0, 5, 11, 7], "rotation": 270, "texture": "#1"},
				"down": {"uv": [0, 5, 11, 7], "rotation": 270, "texture": "#1"}
			}
		},
		{
			"from": [-2.896, 6.245, 22.078],
			"to": [2.27, 7.505, 27.244],
			"rotation": {"angle": 0, "axis": "y", "origin": [-2.14, -1, 29.26]},
			"faces": {
				"north": {"uv": [0, 0, 8.2, 8.2], "rotation": 270, "texture": "#0"},
				"east": {"uv": [0, 0, 8.2, 8.2], "rotation": 270, "texture": "#0"},
				"south": {"uv": [0, 0, 8.2, 8.2], "rotation": 270, "texture": "#0"},
				"west": {"uv": [0, 0, 8.2, 8.2], "rotation": 270, "texture": "#0"},
				"up": {"uv": [0, 0, 8.2, 8.2], "rotation": 270, "texture": "#0"},
				"down": {"uv": [0, 0, 8.2, 8.2], "rotation": 270, "texture": "#0"}
			}
		},
		{
			"from": [-2.77, 7.505, 22.204],
			"to": [2.144, 7.946, 27.118],
			"rotation": {"angle": 0, "axis": "y", "origin": [-2.14, -1, 29.26]},
			"faces": {
				"north": {"uv": [5, 5, 10.8, 10.8], "rotation": 270, "texture": "#0"},
				"east": {"uv": [5, 5, 10.8, 10.8], "rotation": 270, "texture": "#0"},
				"south": {"uv": [5, 5, 10.8, 10.8], "rotation": 270, "texture": "#0"},
				"west": {"uv": [5, 5, 10.8, 10.8], "rotation": 270, "texture": "#0"},
				"up": {"uv": [5, 5, 10.8, 10.8], "rotation": 270, "texture": "#0"},
				"down": {"uv": [5, 5, 10.8, 10.8], "rotation": 270, "texture": "#0"}
			}
		},
		{
			"from": [1.388, 6.875, 21.952],
			"to": [8.318, 7.001, 23.086],
			"rotation": {"angle": 22.5, "axis": "z", "origin": [-2.14, -1, 29.26]},
			"faces": {
				"north": {"uv": [0, 0, 1.8, 11], "rotation": 270, "texture": "#0"},
				"east": {"uv": [0, 0, 1.8, 11], "rotation": 270, "texture": "#0"},
				"south": {"uv": [0, 0, 1.8, 11], "rotation": 270, "texture": "#0"},
				"west": {"uv": [0, 0, 1.8, 11], "rotation": 270, "texture": "#0"},
				"up": {"uv": [0, 0, 1.8, 11], "rotation": 270, "texture": "#0"},
				"down": {"uv": [0, 0, 1.8, 11], "rotation": 270, "texture": "#0"}
			}
		},
		{
			"from": [-0.187, 6.245, 24.724],
			"to": [4.979, 7.505, 29.89],
			"rotation": {"angle": 45, "axis": "y", "origin": [-2.14, -1, 29.26]},
			"faces": {
				"north": {"uv": [0, 0, 8.2, 8.2], "rotation": 270, "texture": "#0"},
				"east": {"uv": [0, 0, 8.2, 8.2], "rotation": 270, "texture": "#0"},
				"south": {"uv": [0, 0, 8.2, 8.2], "rotation": 270, "texture": "#0"},
				"west": {"uv": [0, 0, 8.2, 8.2], "rotation": 270, "texture": "#0"},
				"up": {"uv": [0, 0, 8.2, 8.2], "rotation": 270, "texture": "#0"},
				"down": {"uv": [0, 0, 8.2, 8.2], "rotation": 270, "texture": "#0"}
			}
		},
		{
			"from": [1.388, 6.875, 26.236],
			"to": [8.318, 7.001, 27.37],
			"rotation": {"angle": 22.5, "axis": "z", "origin": [-2.14, -1, 29.26]},
			"faces": {
				"north": {"uv": [0, 0, 1.8, 11], "rotation": 270, "texture": "#0"},
				"east": {"uv": [0, 0, 1.8, 11], "rotation": 270, "texture": "#0"},
				"south": {"uv": [0, 0, 1.8, 11], "rotation": 270, "texture": "#0"},
				"west": {"uv": [0, 0, 1.8, 11], "rotation": 270, "texture": "#0"},
				"up": {"uv": [0, 0, 1.8, 11], "rotation": 270, "texture": "#0"},
				"down": {"uv": [0, 0, 1.8, 11], "rotation": 270, "texture": "#0"}
			}
		},
		{
			"from": [-5.101, 5.867, 22.204],
			"to": [-4.66, 6.623, 22.897],
			"rotation": {"angle": 0, "axis": "y", "origin": [-2.14, -1, 29.26]},
			"faces": {
				"north": {"uv": [0, 5, 11, 7], "rotation": 270, "texture": "#1"},
				"east": {"uv": [0, 5, 11, 7], "rotation": 270, "texture": "#1"},
				"south": {"uv": [0, 5, 11, 7], "rotation": 270, "texture": "#1"},
				"west": {"uv": [4, 5, 12, 11], "rotation": 270, "texture": "#3"},
				"up": {"uv": [0, 5, 11, 7], "rotation": 270, "texture": "#1"},
				"down": {"uv": [0, 5, 11, 7], "rotation": 270, "texture": "#1"}
			}
		},
		{
			"from": [-5.101, 5.867, 26.362],
			"to": [-4.66, 6.623, 27.055],
			"rotation": {"angle": 0, "axis": "y", "origin": [-2.14, -1, 29.26]},
			"faces": {
				"north": {"uv": [0, 5, 11, 7], "rotation": 270, "texture": "#1"},
				"east": {"uv": [0, 5, 11, 7], "rotation": 270, "texture": "#1"},
				"south": {"uv": [0, 5, 11, 7], "rotation": 270, "texture": "#1"},
				"west": {"uv": [4, 5, 12, 11], "rotation": 270, "texture": "#3"},
				"up": {"uv": [0, 5, 11, 7], "rotation": 270, "texture": "#1"},
				"down": {"uv": [0, 5, 11, 7], "rotation": 270, "texture": "#1"}
			}
		},
		{
			"from": [-4.03, 6.434, 24.283],
			"to": [-3.589, 7.19, 24.976],
			"rotation": {"angle": 0, "axis": "y", "origin": [-2.14, -1, 29.26]},
			"faces": {
				"north": {"uv": [0, 0, 11, 2], "rotation": 270, "texture": "#0"},
				"east": {"uv": [0, 0, 11, 2], "rotation": 270, "texture": "#0"},
				"south": {"uv": [0, 0, 11, 2], "rotation": 270, "texture": "#0"},
				"west": {"uv": [6, 6, 10, 10], "rotation": 270, "texture": "#4"},
				"up": {"uv": [0, 0, 11, 2], "rotation": 270, "texture": "#0"},
				"down": {"uv": [0, 0, 11, 2], "rotation": 270, "texture": "#0"}
			}
		}
	],
	"display": {
		"head": {
			"rotation": [0, -90, 0],
			"translation": [0, -0.75, 0],
			"scale": [4, 4, 2.58]
		}
	}
}