{
	"credit": "Made with Blockbench",
	"parent": "40",
	"textures": {
		"0": "minecraft:block/black_glazed_terracotta",
		"particle": "minecraft:block/black_glazed_terracotta"
	},
	"elements": [
		{
			"from": [7.703, 5.904, 7.01],
			"to": [8.297, 8.5, 7.67],
			"rotation": {"angle": 0, "axis": "y", "origin": [5.36, 3, 5.36]},
			"faces": {
				"north": {"uv": [7.4, 13.6, 8.8, 15], "texture": "#0"},
				"east": {"uv": [7.4, 13.6, 8.8, 15], "texture": "#0"},
				"south": {"uv": [7.4, 13.6, 8.8, 15], "texture": "#0"},
				"west": {"uv": [7.4, 13.6, 8.8, 15], "texture": "#0"},
				"up": {"uv": [7.4, 13.6, 8.8, 15], "texture": "#0"},
				"down": {"uv": [7.4, 13.6, 8.8, 15], "texture": "#0"}
			}
		},
		{
			"from": [7.802, 8.5, 7.01],
			"to": [8.198, 9.457, 7.67],
			"rotation": {"angle": 0, "axis": "y", "origin": [5.36, 3, 5.36]},
			"faces": {
				"north": {"uv": [7.4, 13.6, 8.8, 15], "texture": "#0"},
				"east": {"uv": [7.4, 13.6, 8.8, 15], "texture": "#0"},
				"south": {"uv": [7.4, 13.6, 8.8, 15], "texture": "#0"},
				"west": {"uv": [7.4, 13.6, 8.8, 15], "texture": "#0"},
				"up": {"uv": [7.4, 13.6, 8.8, 15], "texture": "#0"},
				"down": {"uv": [7.4, 13.6, 8.8, 15], "texture": "#0"}
			}
		},
		{
			"from": [7.736, 8.5, 7.01],
			"to": [8.264, 9.259, 7.67],
			"rotation": {"angle": 0, "axis": "y", "origin": [5.36, 3, 5.36]},
			"faces": {
				"north": {"uv": [7.4, 13.6, 8.8, 15], "texture": "#0"},
				"east": {"uv": [7.4, 13.6, 8.8, 15], "texture": "#0"},
				"south": {"uv": [7.4, 13.6, 8.8, 15], "texture": "#0"},
				"west": {"uv": [7.4, 13.6, 8.8, 15], "texture": "#0"},
				"up": {"uv": [7.4, 13.6, 8.8, 15], "texture": "#0"},
				"down": {"uv": [7.4, 13.6, 8.8, 15], "texture": "#0"}
			}
		},
		{
			"from": [7.67, 8.5, 7.01],
			"to": [8.33, 9.061, 7.67],
			"rotation": {"angle": 0, "axis": "y", "origin": [5.36, 3, 5.36]},
			"faces": {
				"north": {"uv": [7.4, 13.6, 8.8, 15], "texture": "#0"},
				"east": {"uv": [7.4, 13.6, 8.8, 15], "texture": "#0"},
				"south": {"uv": [7.4, 13.6, 8.8, 15], "texture": "#0"},
				"west": {"uv": [7.4, 13.6, 8.8, 15], "texture": "#0"},
				"up": {"uv": [7.4, 13.6, 8.8, 15], "texture": "#0"},
				"down": {"uv": [7.4, 13.6, 8.8, 15], "texture": "#0"}
			}
		},
		{
			"from": [7.604, 8.5, 7.01],
			"to": [8.396, 8.896, 7.67],
			"rotation": {"angle": 0, "axis": "y", "origin": [5.36, 3, 5.36]},
			"faces": {
				"north": {"uv": [7.4, 13.6, 8.8, 15], "texture": "#0"},
				"east": {"uv": [7.4, 13.6, 8.8, 15], "texture": "#0"},
				"south": {"uv": [7.4, 13.6, 8.8, 15], "texture": "#0"},
				"west": {"uv": [7.4, 13.6, 8.8, 15], "texture": "#0"},
				"up": {"uv": [7.4, 13.6, 8.8, 15], "texture": "#0"},
				"down": {"uv": [7.4, 13.6, 8.8, 15], "texture": "#0"}
			}
		},
		{
			"from": [7.538, 8.5, 7.01],
			"to": [8.462, 8.731, 7.67],
			"rotation": {"angle": 0, "axis": "y", "origin": [5.36, 3, 5.36]},
			"faces": {
				"north": {"uv": [7.4, 13.6, 8.8, 15], "texture": "#0"},
				"east": {"uv": [7.4, 13.6, 8.8, 15], "texture": "#0"},
				"south": {"uv": [7.4, 13.6, 8.8, 15], "texture": "#0"},
				"west": {"uv": [7.4, 13.6, 8.8, 15], "texture": "#0"},
				"up": {"uv": [7.4, 13.6, 8.8, 15], "texture": "#0"},
				"down": {"uv": [7.4, 13.6, 8.8, 15], "texture": "#0"}
			}
		},
		{
			"from": [7.505, 8.4, 7.01],
			"to": [8.495, 8.533, 7.67],
			"rotation": {"angle": 0, "axis": "y", "origin": [5.36, 3, 5.36]},
			"faces": {
				"north": {"uv": [7.4, 13.6, 8.8, 15], "texture": "#0"},
				"east": {"uv": [7.4, 13.6, 8.8, 15], "texture": "#0"},
				"south": {"uv": [7.4, 13.6, 8.8, 15], "texture": "#0"},
				"west": {"uv": [7.4, 13.6, 8.8, 15], "texture": "#0"},
				"up": {"uv": [7.4, 13.6, 8.8, 15], "texture": "#0"},
				"down": {"uv": [7.4, 13.6, 8.8, 15], "texture": "#0"}
			}
		},
		{
			"from": [7.868, 8.5, 7.01],
			"to": [8.132, 9.589, 7.67],
			"rotation": {"angle": 0, "axis": "y", "origin": [5.36, 3, 5.36]},
			"faces": {
				"north": {"uv": [7.4, 13.6, 8.8, 15], "texture": "#0"},
				"east": {"uv": [7.4, 13.6, 8.8, 15], "texture": "#0"},
				"south": {"uv": [7.4, 13.6, 8.8, 15], "texture": "#0"},
				"west": {"uv": [7.4, 13.6, 8.8, 15], "texture": "#0"},
				"up": {"uv": [7.4, 13.6, 8.8, 15], "texture": "#0"},
				"down": {"uv": [7.4, 13.6, 8.8, 15], "texture": "#0"}
			}
		},
		{
			"from": [4.613, 4.683, 7.01],
			"to": [7.043, 5.277, 7.67],
			"rotation": {"angle": 0, "axis": "z", "origin": [5.36, 3, 10.64]},
			"faces": {
				"north": {"uv": [7.4, 13.6, 8.8, 15], "texture": "#0"},
				"east": {"uv": [7.4, 13.6, 8.8, 15], "texture": "#0"},
				"south": {"uv": [7.4, 13.6, 8.8, 15], "texture": "#0"},
				"west": {"uv": [7.4, 13.6, 8.8, 15], "texture": "#0"},
				"up": {"uv": [7.4, 13.6, 8.8, 15], "texture": "#0"},
				"down": {"uv": [7.4, 13.6, 8.8, 15], "texture": "#0"}
			}
		},
		{
			"from": [3.656, 4.782, 7.01],
			"to": [4.613, 5.178, 7.67],
			"rotation": {"angle": 0, "axis": "z", "origin": [5.36, 3, 10.64]},
			"faces": {
				"north": {"uv": [7.4, 13.6, 8.8, 15], "texture": "#0"},
				"east": {"uv": [7.4, 13.6, 8.8, 15], "texture": "#0"},
				"south": {"uv": [7.4, 13.6, 8.8, 15], "texture": "#0"},
				"west": {"uv": [7.4, 13.6, 8.8, 15], "texture": "#0"},
				"up": {"uv": [7.4, 13.6, 8.8, 15], "texture": "#0"},
				"down": {"uv": [7.4, 13.6, 8.8, 15], "texture": "#0"}
			}
		},
		{
			"from": [3.854, 4.716, 7.01],
			"to": [4.613, 5.244, 7.67],
			"rotation": {"angle": 0, "axis": "z", "origin": [5.36, 3, 10.64]},
			"faces": {
				"north": {"uv": [7.4, 13.6, 8.8, 15], "texture": "#0"},
				"east": {"uv": [7.4, 13.6, 8.8, 15], "texture": "#0"},
				"south": {"uv": [7.4, 13.6, 8.8, 15], "texture": "#0"},
				"west": {"uv": [7.4, 13.6, 8.8, 15], "texture": "#0"},
				"up": {"uv": [7.4, 13.6, 8.8, 15], "texture": "#0"},
				"down": {"uv": [7.4, 13.6, 8.8, 15], "texture": "#0"}
			}
		},
		{
			"from": [4.052, 4.65, 7.01],
			"to": [4.613, 5.31, 7.67],
			"rotation": {"angle": 0, "axis": "z", "origin": [5.36, 3, 10.64]},
			"faces": {
				"north": {"uv": [7.4, 13.6, 8.8, 15], "texture": "#0"},
				"east": {"uv": [7.4, 13.6, 8.8, 15], "texture": "#0"},
				"south": {"uv": [7.4, 13.6, 8.8, 15], "texture": "#0"},
				"west": {"uv": [7.4, 13.6, 8.8, 15], "texture": "#0"},
				"up": {"uv": [7.4, 13.6, 8.8, 15], "texture": "#0"},
				"down": {"uv": [7.4, 13.6, 8.8, 15], "texture": "#0"}
			}
		},
		{
			"from": [4.217, 4.584, 7.01],
			"to": [4.613, 5.376, 7.67],
			"rotation": {"angle": 0, "axis": "z", "origin": [5.36, 3, 10.64]},
			"faces": {
				"north": {"uv": [7.4, 13.6, 8.8, 15], "texture": "#0"},
				"east": {"uv": [7.4, 13.6, 8.8, 15], "texture": "#0"},
				"south": {"uv": [7.4, 13.6, 8.8, 15], "texture": "#0"},
				"west": {"uv": [7.4, 13.6, 8.8, 15], "texture": "#0"},
				"up": {"uv": [7.4, 13.6, 8.8, 15], "texture": "#0"},
				"down": {"uv": [7.4, 13.6, 8.8, 15], "texture": "#0"}
			}
		},
		{
			"from": [4.382, 4.518, 7.01],
			"to": [4.613, 5.442, 7.67],
			"rotation": {"angle": 0, "axis": "z", "origin": [5.36, 3, 10.64]},
			"faces": {
				"north": {"uv": [7.4, 13.6, 8.8, 15], "texture": "#0"},
				"east": {"uv": [7.4, 13.6, 8.8, 15], "texture": "#0"},
				"south": {"uv": [7.4, 13.6, 8.8, 15], "texture": "#0"},
				"west": {"uv": [7.4, 13.6, 8.8, 15], "texture": "#0"},
				"up": {"uv": [7.4, 13.6, 8.8, 15], "texture": "#0"},
				"down": {"uv": [7.4, 13.6, 8.8, 15], "texture": "#0"}
			}
		},
		{
			"from": [4.58, 4.485, 7.01],
			"to": [4.713, 5.475, 7.67],
			"rotation": {"angle": 0, "axis": "z", "origin": [5.36, 3, 10.64]},
			"faces": {
				"north": {"uv": [7.4, 13.6, 8.8, 15], "texture": "#0"},
				"east": {"uv": [7.4, 13.6, 8.8, 15], "texture": "#0"},
				"south": {"uv": [7.4, 13.6, 8.8, 15], "texture": "#0"},
				"west": {"uv": [7.4, 13.6, 8.8, 15], "texture": "#0"},
				"up": {"uv": [7.4, 13.6, 8.8, 15], "texture": "#0"},
				"down": {"uv": [7.4, 13.6, 8.8, 15], "texture": "#0"}
			}
		},
		{
			"from": [3.524, 4.848, 7.01],
			"to": [4.613, 5.112, 7.67],
			"rotation": {"angle": 0, "axis": "z", "origin": [5.36, 3, 10.64]},
			"faces": {
				"north": {"uv": [7.4, 13.6, 8.8, 15], "texture": "#0"},
				"east": {"uv": [7.4, 13.6, 8.8, 15], "texture": "#0"},
				"south": {"uv": [7.4, 13.6, 8.8, 15], "texture": "#0"},
				"west": {"uv": [7.4, 13.6, 8.8, 15], "texture": "#0"},
				"up": {"uv": [7.4, 13.6, 8.8, 15], "texture": "#0"},
				"down": {"uv": [7.4, 13.6, 8.8, 15], "texture": "#0"}
			}
		},
		{
			"from": [5.525, 7.224, 7.01],
			"to": [6.119, 9.92, 7.67],
			"rotation": {"angle": -45, "axis": "z", "origin": [5.36, 3, 5.36]},
			"faces": {
				"north": {"uv": [7.4, 13.6, 8.8, 15], "texture": "#0"},
				"east": {"uv": [7.4, 13.6, 8.8, 15], "texture": "#0"},
				"south": {"uv": [7.4, 13.6, 8.8, 15], "texture": "#0"},
				"west": {"uv": [7.4, 13.6, 8.8, 15], "texture": "#0"},
				"up": {"uv": [7.4, 13.6, 8.8, 15], "texture": "#0"},
				"down": {"uv": [7.4, 13.6, 8.8, 15], "texture": "#0"}
			}
		},
		{
			"from": [5.624, 10.02, 7.01],
			"to": [6.02, 10.977, 7.67],
			"rotation": {"angle": -45, "axis": "z", "origin": [5.36, 3, 5.36]},
			"faces": {
				"north": {"uv": [7.4, 13.6, 8.8, 15], "texture": "#0"},
				"east": {"uv": [7.4, 13.6, 8.8, 15], "texture": "#0"},
				"south": {"uv": [7.4, 13.6, 8.8, 15], "texture": "#0"},
				"west": {"uv": [7.4, 13.6, 8.8, 15], "texture": "#0"},
				"up": {"uv": [7.4, 13.6, 8.8, 15], "texture": "#0"},
				"down": {"uv": [7.4, 13.6, 8.8, 15], "texture": "#0"}
			}
		},
		{
			"from": [5.558, 10.02, 7.01],
			"to": [6.086, 10.779, 7.67],
			"rotation": {"angle": -45, "axis": "z", "origin": [5.36, 3, 5.36]},
			"faces": {
				"north": {"uv": [7.4, 13.6, 8.8, 15], "texture": "#0"},
				"east": {"uv": [7.4, 13.6, 8.8, 15], "texture": "#0"},
				"south": {"uv": [7.4, 13.6, 8.8, 15], "texture": "#0"},
				"west": {"uv": [7.4, 13.6, 8.8, 15], "texture": "#0"},
				"up": {"uv": [7.4, 13.6, 8.8, 15], "texture": "#0"},
				"down": {"uv": [7.4, 13.6, 8.8, 15], "texture": "#0"}
			}
		},
		{
			"from": [5.492, 10.02, 7.01],
			"to": [6.152, 10.581, 7.67],
			"rotation": {"angle": -45, "axis": "z", "origin": [5.36, 3, 5.36]},
			"faces": {
				"north": {"uv": [7.4, 13.6, 8.8, 15], "texture": "#0"},
				"east": {"uv": [7.4, 13.6, 8.8, 15], "texture": "#0"},
				"south": {"uv": [7.4, 13.6, 8.8, 15], "texture": "#0"},
				"west": {"uv": [7.4, 13.6, 8.8, 15], "texture": "#0"},
				"up": {"uv": [7.4, 13.6, 8.8, 15], "texture": "#0"},
				"down": {"uv": [7.4, 13.6, 8.8, 15], "texture": "#0"}
			}
		},
		{
			"from": [5.426, 10.02, 7.01],
			"to": [6.218, 10.416, 7.67],
			"rotation": {"angle": -45, "axis": "z", "origin": [5.36, 3, 5.36]},
			"faces": {
				"north": {"uv": [7.4, 13.6, 8.8, 15], "texture": "#0"},
				"east": {"uv": [7.4, 13.6, 8.8, 15], "texture": "#0"},
				"south": {"uv": [7.4, 13.6, 8.8, 15], "texture": "#0"},
				"west": {"uv": [7.4, 13.6, 8.8, 15], "texture": "#0"},
				"up": {"uv": [7.4, 13.6, 8.8, 15], "texture": "#0"},
				"down": {"uv": [7.4, 13.6, 8.8, 15], "texture": "#0"}
			}
		},
		{
			"from": [5.36, 10.02, 7.01],
			"to": [6.284, 10.251, 7.67],
			"rotation": {"angle": -45, "axis": "z", "origin": [5.36, 3, 5.36]},
			"faces": {
				"north": {"uv": [7.4, 13.6, 8.8, 15], "texture": "#0"},
				"east": {"uv": [7.4, 13.6, 8.8, 15], "texture": "#0"},
				"south": {"uv": [7.4, 13.6, 8.8, 15], "texture": "#0"},
				"west": {"uv": [7.4, 13.6, 8.8, 15], "texture": "#0"},
				"up": {"uv": [7.4, 13.6, 8.8, 15], "texture": "#0"},
				"down": {"uv": [7.4, 13.6, 8.8, 15], "texture": "#0"}
			}
		},
		{
			"from": [5.327, 9.92, 7.01],
			"to": [6.317, 10.053, 7.67],
			"rotation": {"angle": -45, "axis": "z", "origin": [5.36, 3, 5.36]},
			"faces": {
				"north": {"uv": [7.4, 13.6, 8.8, 15], "texture": "#0"},
				"east": {"uv": [7.4, 13.6, 8.8, 15], "texture": "#0"},
				"south": {"uv": [7.4, 13.6, 8.8, 15], "texture": "#0"},
				"west": {"uv": [7.4, 13.6, 8.8, 15], "texture": "#0"},
				"up": {"uv": [7.4, 13.6, 8.8, 15], "texture": "#0"},
				"down": {"uv": [7.4, 13.6, 8.8, 15], "texture": "#0"}
			}
		},
		{
			"from": [5.69, 10.02, 7.01],
			"to": [5.954, 11.109, 7.67],
			"rotation": {"angle": -45, "axis": "z", "origin": [5.36, 3, 5.36]},
			"faces": {
				"north": {"uv": [7.4, 13.6, 8.8, 15], "texture": "#0"},
				"east": {"uv": [7.4, 13.6, 8.8, 15], "texture": "#0"},
				"south": {"uv": [7.4, 13.6, 8.8, 15], "texture": "#0"},
				"west": {"uv": [7.4, 13.6, 8.8, 15], "texture": "#0"},
				"up": {"uv": [7.4, 13.6, 8.8, 15], "texture": "#0"},
				"down": {"uv": [7.4, 13.6, 8.8, 15], "texture": "#0"}
			}
		},
		{
			"from": [8.99, 4.683, 7.01],
			"to": [11.486, 5.277, 7.67],
			"rotation": {"angle": 0, "axis": "z", "origin": [5.36, 3, 5.36]},
			"faces": {
				"north": {"uv": [7.4, 13.6, 8.8, 15], "texture": "#0"},
				"east": {"uv": [7.4, 13.6, 8.8, 15], "texture": "#0"},
				"south": {"uv": [7.4, 13.6, 8.8, 15], "texture": "#0"},
				"west": {"uv": [7.4, 13.6, 8.8, 15], "texture": "#0"},
				"up": {"uv": [7.4, 13.6, 8.8, 15], "texture": "#0"},
				"down": {"uv": [7.4, 13.6, 8.8, 15], "texture": "#0"}
			}
		},
		{
			"from": [11.586, 4.782, 7.01],
			"to": [12.543, 5.178, 7.67],
			"rotation": {"angle": 0, "axis": "z", "origin": [5.36, 3, 5.36]},
			"faces": {
				"north": {"uv": [7.4, 13.6, 8.8, 15], "texture": "#0"},
				"east": {"uv": [7.4, 13.6, 8.8, 15], "texture": "#0"},
				"south": {"uv": [7.4, 13.6, 8.8, 15], "texture": "#0"},
				"west": {"uv": [7.4, 13.6, 8.8, 15], "texture": "#0"},
				"up": {"uv": [7.4, 13.6, 8.8, 15], "texture": "#0"},
				"down": {"uv": [7.4, 13.6, 8.8, 15], "texture": "#0"}
			}
		},
		{
			"from": [11.586, 4.716, 7.01],
			"to": [12.345, 5.244, 7.67],
			"rotation": {"angle": 0, "axis": "z", "origin": [5.36, 3, 5.36]},
			"faces": {
				"north": {"uv": [7.4, 13.6, 8.8, 15], "texture": "#0"},
				"east": {"uv": [7.4, 13.6, 8.8, 15], "texture": "#0"},
				"south": {"uv": [7.4, 13.6, 8.8, 15], "texture": "#0"},
				"west": {"uv": [7.4, 13.6, 8.8, 15], "texture": "#0"},
				"up": {"uv": [7.4, 13.6, 8.8, 15], "texture": "#0"},
				"down": {"uv": [7.4, 13.6, 8.8, 15], "texture": "#0"}
			}
		},
		{
			"from": [11.586, 4.65, 7.01],
			"to": [12.147, 5.31, 7.67],
			"rotation": {"angle": 0, "axis": "z", "origin": [5.36, 3, 5.36]},
			"faces": {
				"north": {"uv": [7.4, 13.6, 8.8, 15], "texture": "#0"},
				"east": {"uv": [7.4, 13.6, 8.8, 15], "texture": "#0"},
				"south": {"uv": [7.4, 13.6, 8.8, 15], "texture": "#0"},
				"west": {"uv": [7.4, 13.6, 8.8, 15], "texture": "#0"},
				"up": {"uv": [7.4, 13.6, 8.8, 15], "texture": "#0"},
				"down": {"uv": [7.4, 13.6, 8.8, 15], "texture": "#0"}
			}
		},
		{
			"from": [11.586, 4.584, 7.01],
			"to": [11.982, 5.376, 7.67],
			"rotation": {"angle": 0, "axis": "z", "origin": [5.36, 3, 5.36]},
			"faces": {
				"north": {"uv": [7.4, 13.6, 8.8, 15], "texture": "#0"},
				"east": {"uv": [7.4, 13.6, 8.8, 15], "texture": "#0"},
				"south": {"uv": [7.4, 13.6, 8.8, 15], "texture": "#0"},
				"west": {"uv": [7.4, 13.6, 8.8, 15], "texture": "#0"},
				"up": {"uv": [7.4, 13.6, 8.8, 15], "texture": "#0"},
				"down": {"uv": [7.4, 13.6, 8.8, 15], "texture": "#0"}
			}
		},
		{
			"from": [11.586, 4.518, 7.01],
			"to": [11.817, 5.442, 7.67],
			"rotation": {"angle": 0, "axis": "z", "origin": [5.36, 3, 5.36]},
			"faces": {
				"north": {"uv": [7.4, 13.6, 8.8, 15], "texture": "#0"},
				"east": {"uv": [7.4, 13.6, 8.8, 15], "texture": "#0"},
				"south": {"uv": [7.4, 13.6, 8.8, 15], "texture": "#0"},
				"west": {"uv": [7.4, 13.6, 8.8, 15], "texture": "#0"},
				"up": {"uv": [7.4, 13.6, 8.8, 15], "texture": "#0"},
				"down": {"uv": [7.4, 13.6, 8.8, 15], "texture": "#0"}
			}
		},
		{
			"from": [11.486, 4.485, 7.01],
			"to": [11.619, 5.475, 7.67],
			"rotation": {"angle": 0, "axis": "z", "origin": [5.36, 3, 5.36]},
			"faces": {
				"north": {"uv": [7.4, 13.6, 8.8, 15], "texture": "#0"},
				"east": {"uv": [7.4, 13.6, 8.8, 15], "texture": "#0"},
				"south": {"uv": [7.4, 13.6, 8.8, 15], "texture": "#0"},
				"west": {"uv": [7.4, 13.6, 8.8, 15], "texture": "#0"},
				"up": {"uv": [7.4, 13.6, 8.8, 15], "texture": "#0"},
				"down": {"uv": [7.4, 13.6, 8.8, 15], "texture": "#0"}
			}
		},
		{
			"from": [11.586, 4.848, 7.01],
			"to": [12.675, 5.112, 7.67],
			"rotation": {"angle": 0, "axis": "z", "origin": [5.36, 3, 5.36]},
			"faces": {
				"north": {"uv": [7.4, 13.6, 8.8, 15], "texture": "#0"},
				"east": {"uv": [7.4, 13.6, 8.8, 15], "texture": "#0"},
				"south": {"uv": [7.4, 13.6, 8.8, 15], "texture": "#0"},
				"west": {"uv": [7.4, 13.6, 8.8, 15], "texture": "#0"},
				"up": {"uv": [7.4, 13.6, 8.8, 15], "texture": "#0"},
				"down": {"uv": [7.4, 13.6, 8.8, 15], "texture": "#0"}
			}
		},
		{
			"from": [6.911, 5.97, 7.01],
			"to": [9.407, 6.564, 7.67],
			"rotation": {"angle": -45, "axis": "z", "origin": [5.36, 3, 5.36]},
			"faces": {
				"north": {"uv": [7.4, 13.6, 8.8, 15], "texture": "#0"},
				"east": {"uv": [7.4, 13.6, 8.8, 15], "texture": "#0"},
				"south": {"uv": [7.4, 13.6, 8.8, 15], "texture": "#0"},
				"west": {"uv": [7.4, 13.6, 8.8, 15], "texture": "#0"},
				"up": {"uv": [7.4, 13.6, 8.8, 15], "texture": "#0"},
				"down": {"uv": [7.4, 13.6, 8.8, 15], "texture": "#0"}
			}
		},
		{
			"from": [9.507, 6.069, 7.01],
			"to": [10.464, 6.465, 7.67],
			"rotation": {"angle": -45, "axis": "z", "origin": [5.36, 3, 5.36]},
			"faces": {
				"north": {"uv": [7.4, 13.6, 8.8, 15], "texture": "#0"},
				"east": {"uv": [7.4, 13.6, 8.8, 15], "texture": "#0"},
				"south": {"uv": [7.4, 13.6, 8.8, 15], "texture": "#0"},
				"west": {"uv": [7.4, 13.6, 8.8, 15], "texture": "#0"},
				"up": {"uv": [7.4, 13.6, 8.8, 15], "texture": "#0"},
				"down": {"uv": [7.4, 13.6, 8.8, 15], "texture": "#0"}
			}
		},
		{
			"from": [9.507, 6.003, 7.01],
			"to": [10.266, 6.531, 7.67],
			"rotation": {"angle": -45, "axis": "z", "origin": [5.36, 3, 5.36]},
			"faces": {
				"north": {"uv": [7.4, 13.6, 8.8, 15], "texture": "#0"},
				"east": {"uv": [7.4, 13.6, 8.8, 15], "texture": "#0"},
				"south": {"uv": [7.4, 13.6, 8.8, 15], "texture": "#0"},
				"west": {"uv": [7.4, 13.6, 8.8, 15], "texture": "#0"},
				"up": {"uv": [7.4, 13.6, 8.8, 15], "texture": "#0"},
				"down": {"uv": [7.4, 13.6, 8.8, 15], "texture": "#0"}
			}
		},
		{
			"from": [9.507, 5.937, 7.01],
			"to": [10.068, 6.597, 7.67],
			"rotation": {"angle": -45, "axis": "z", "origin": [5.36, 3, 5.36]},
			"faces": {
				"north": {"uv": [7.4, 13.6, 8.8, 15], "texture": "#0"},
				"east": {"uv": [7.4, 13.6, 8.8, 15], "texture": "#0"},
				"south": {"uv": [7.4, 13.6, 8.8, 15], "texture": "#0"},
				"west": {"uv": [7.4, 13.6, 8.8, 15], "texture": "#0"},
				"up": {"uv": [7.4, 13.6, 8.8, 15], "texture": "#0"},
				"down": {"uv": [7.4, 13.6, 8.8, 15], "texture": "#0"}
			}
		},
		{
			"from": [9.507, 5.871, 7.01],
			"to": [9.903, 6.663, 7.67],
			"rotation": {"angle": -45, "axis": "z", "origin": [5.36, 3, 5.36]},
			"faces": {
				"north": {"uv": [7.4, 13.6, 8.8, 15], "texture": "#0"},
				"east": {"uv": [7.4, 13.6, 8.8, 15], "texture": "#0"},
				"south": {"uv": [7.4, 13.6, 8.8, 15], "texture": "#0"},
				"west": {"uv": [7.4, 13.6, 8.8, 15], "texture": "#0"},
				"up": {"uv": [7.4, 13.6, 8.8, 15], "texture": "#0"},
				"down": {"uv": [7.4, 13.6, 8.8, 15], "texture": "#0"}
			}
		},
		{
			"from": [9.507, 5.805, 7.01],
			"to": [9.738, 6.729, 7.67],
			"rotation": {"angle": -45, "axis": "z", "origin": [5.36, 3, 5.36]},
			"faces": {
				"north": {"uv": [7.4, 13.6, 8.8, 15], "texture": "#0"},
				"east": {"uv": [7.4, 13.6, 8.8, 15], "texture": "#0"},
				"south": {"uv": [7.4, 13.6, 8.8, 15], "texture": "#0"},
				"west": {"uv": [7.4, 13.6, 8.8, 15], "texture": "#0"},
				"up": {"uv": [7.4, 13.6, 8.8, 15], "texture": "#0"},
				"down": {"uv": [7.4, 13.6, 8.8, 15], "texture": "#0"}
			}
		},
		{
			"from": [9.407, 5.772, 7.01],
			"to": [9.54, 6.762, 7.67],
			"rotation": {"angle": -45, "axis": "z", "origin": [5.36, 3, 5.36]},
			"faces": {
				"north": {"uv": [7.4, 13.6, 8.8, 15], "texture": "#0"},
				"east": {"uv": [7.4, 13.6, 8.8, 15], "texture": "#0"},
				"south": {"uv": [7.4, 13.6, 8.8, 15], "texture": "#0"},
				"west": {"uv": [7.4, 13.6, 8.8, 15], "texture": "#0"},
				"up": {"uv": [7.4, 13.6, 8.8, 15], "texture": "#0"},
				"down": {"uv": [7.4, 13.6, 8.8, 15], "texture": "#0"}
			}
		},
		{
			"from": [9.507, 6.135, 7.01],
			"to": [10.596, 6.399, 7.67],
			"rotation": {"angle": -45, "axis": "z", "origin": [5.36, 3, 5.36]},
			"faces": {
				"north": {"uv": [7.4, 13.6, 8.8, 15], "texture": "#0"},
				"east": {"uv": [7.4, 13.6, 8.8, 15], "texture": "#0"},
				"south": {"uv": [7.4, 13.6, 8.8, 15], "texture": "#0"},
				"west": {"uv": [7.4, 13.6, 8.8, 15], "texture": "#0"},
				"up": {"uv": [7.4, 13.6, 8.8, 15], "texture": "#0"},
				"down": {"uv": [7.4, 13.6, 8.8, 15], "texture": "#0"}
			}
		},
		{
			"from": [8.363, 3.495, 7.01],
			"to": [8.957, 6.191, 7.67],
			"rotation": {"angle": 45, "axis": "z", "origin": [5.36, 3, 5.36]},
			"faces": {
				"north": {"uv": [7.4, 13.6, 8.8, 15], "texture": "#0"},
				"east": {"uv": [7.4, 13.6, 8.8, 15], "texture": "#0"},
				"south": {"uv": [7.4, 13.6, 8.8, 15], "texture": "#0"},
				"west": {"uv": [7.4, 13.6, 8.8, 15], "texture": "#0"},
				"up": {"uv": [7.4, 13.6, 8.8, 15], "texture": "#0"},
				"down": {"uv": [7.4, 13.6, 8.8, 15], "texture": "#0"}
			}
		},
		{
			"from": [8.462, 6.191, 7.01],
			"to": [8.858, 7.148, 7.67],
			"rotation": {"angle": 45, "axis": "z", "origin": [5.36, 3, 5.36]},
			"faces": {
				"north": {"uv": [7.4, 13.6, 8.8, 15], "texture": "#0"},
				"east": {"uv": [7.4, 13.6, 8.8, 15], "texture": "#0"},
				"south": {"uv": [7.4, 13.6, 8.8, 15], "texture": "#0"},
				"west": {"uv": [7.4, 13.6, 8.8, 15], "texture": "#0"},
				"up": {"uv": [7.4, 13.6, 8.8, 15], "texture": "#0"},
				"down": {"uv": [7.4, 13.6, 8.8, 15], "texture": "#0"}
			}
		},
		{
			"from": [8.396, 6.191, 7.01],
			"to": [8.924, 6.95, 7.67],
			"rotation": {"angle": 45, "axis": "z", "origin": [5.36, 3, 5.36]},
			"faces": {
				"north": {"uv": [7.4, 13.6, 8.8, 15], "texture": "#0"},
				"east": {"uv": [7.4, 13.6, 8.8, 15], "texture": "#0"},
				"south": {"uv": [7.4, 13.6, 8.8, 15], "texture": "#0"},
				"west": {"uv": [7.4, 13.6, 8.8, 15], "texture": "#0"},
				"up": {"uv": [7.4, 13.6, 8.8, 15], "texture": "#0"},
				"down": {"uv": [7.4, 13.6, 8.8, 15], "texture": "#0"}
			}
		},
		{
			"from": [8.33, 6.191, 7.01],
			"to": [8.99, 6.752, 7.67],
			"rotation": {"angle": 45, "axis": "z", "origin": [5.36, 3, 5.36]},
			"faces": {
				"north": {"uv": [7.4, 13.6, 8.8, 15], "texture": "#0"},
				"east": {"uv": [7.4, 13.6, 8.8, 15], "texture": "#0"},
				"south": {"uv": [7.4, 13.6, 8.8, 15], "texture": "#0"},
				"west": {"uv": [7.4, 13.6, 8.8, 15], "texture": "#0"},
				"up": {"uv": [7.4, 13.6, 8.8, 15], "texture": "#0"},
				"down": {"uv": [7.4, 13.6, 8.8, 15], "texture": "#0"}
			}
		},
		{
			"from": [8.264, 6.191, 7.01],
			"to": [9.056, 6.587, 7.67],
			"rotation": {"angle": 45, "axis": "z", "origin": [5.36, 3, 5.36]},
			"faces": {
				"north": {"uv": [7.4, 13.6, 8.8, 15], "texture": "#0"},
				"east": {"uv": [7.4, 13.6, 8.8, 15], "texture": "#0"},
				"south": {"uv": [7.4, 13.6, 8.8, 15], "texture": "#0"},
				"west": {"uv": [7.4, 13.6, 8.8, 15], "texture": "#0"},
				"up": {"uv": [7.4, 13.6, 8.8, 15], "texture": "#0"},
				"down": {"uv": [7.4, 13.6, 8.8, 15], "texture": "#0"}
			}
		},
		{
			"from": [8.198, 6.191, 7.01],
			"to": [9.122, 6.422, 7.67],
			"rotation": {"angle": 45, "axis": "z", "origin": [5.36, 3, 5.36]},
			"faces": {
				"north": {"uv": [7.4, 13.6, 8.8, 15], "texture": "#0"},
				"east": {"uv": [7.4, 13.6, 8.8, 15], "texture": "#0"},
				"south": {"uv": [7.4, 13.6, 8.8, 15], "texture": "#0"},
				"west": {"uv": [7.4, 13.6, 8.8, 15], "texture": "#0"},
				"up": {"uv": [7.4, 13.6, 8.8, 15], "texture": "#0"},
				"down": {"uv": [7.4, 13.6, 8.8, 15], "texture": "#0"}
			}
		},
		{
			"from": [8.165, 6.091, 7.01],
			"to": [9.155, 6.224, 7.67],
			"rotation": {"angle": 45, "axis": "z", "origin": [5.36, 3, 5.36]},
			"faces": {
				"north": {"uv": [7.4, 13.6, 8.8, 15], "texture": "#0"},
				"east": {"uv": [7.4, 13.6, 8.8, 15], "texture": "#0"},
				"south": {"uv": [7.4, 13.6, 8.8, 15], "texture": "#0"},
				"west": {"uv": [7.4, 13.6, 8.8, 15], "texture": "#0"},
				"up": {"uv": [7.4, 13.6, 8.8, 15], "texture": "#0"},
				"down": {"uv": [7.4, 13.6, 8.8, 15], "texture": "#0"}
			}
		},
		{
			"from": [8.528, 6.191, 7.01],
			"to": [8.792, 7.28, 7.67],
			"rotation": {"angle": 45, "axis": "z", "origin": [5.36, 3, 5.36]},
			"faces": {
				"north": {"uv": [7.4, 13.6, 8.8, 15], "texture": "#0"},
				"east": {"uv": [7.4, 13.6, 8.8, 15], "texture": "#0"},
				"south": {"uv": [7.4, 13.6, 8.8, 15], "texture": "#0"},
				"west": {"uv": [7.4, 13.6, 8.8, 15], "texture": "#0"},
				"up": {"uv": [7.4, 13.6, 8.8, 15], "texture": "#0"},
				"down": {"uv": [7.4, 13.6, 8.8, 15], "texture": "#0"}
			}
		},
		{
			"from": [5.141, 2.208, 7.01],
			"to": [7.67, 2.802, 7.67],
			"rotation": {"angle": 45, "axis": "z", "origin": [5.36, 3, 10.64]},
			"faces": {
				"north": {"uv": [7.4, 13.6, 8.8, 15], "texture": "#0"},
				"east": {"uv": [7.4, 13.6, 8.8, 15], "texture": "#0"},
				"south": {"uv": [7.4, 13.6, 8.8, 15], "texture": "#0"},
				"west": {"uv": [7.4, 13.6, 8.8, 15], "texture": "#0"},
				"up": {"uv": [7.4, 13.6, 8.8, 15], "texture": "#0"},
				"down": {"uv": [7.4, 13.6, 8.8, 15], "texture": "#0"}
			}
		},
		{
			"from": [4.084, 2.307, 7.01],
			"to": [5.041, 2.703, 7.67],
			"rotation": {"angle": 45, "axis": "z", "origin": [5.36, 3, 10.64]},
			"faces": {
				"north": {"uv": [7.4, 13.6, 8.8, 15], "texture": "#0"},
				"east": {"uv": [7.4, 13.6, 8.8, 15], "texture": "#0"},
				"south": {"uv": [7.4, 13.6, 8.8, 15], "texture": "#0"},
				"west": {"uv": [7.4, 13.6, 8.8, 15], "texture": "#0"},
				"up": {"uv": [7.4, 13.6, 8.8, 15], "texture": "#0"},
				"down": {"uv": [7.4, 13.6, 8.8, 15], "texture": "#0"}
			}
		},
		{
			"from": [3.952, 2.373, 7.01],
			"to": [5.041, 2.637, 7.67],
			"rotation": {"angle": 45, "axis": "z", "origin": [5.36, 3, 10.64]},
			"faces": {
				"north": {"uv": [7.4, 13.6, 8.8, 15], "texture": "#0"},
				"east": {"uv": [7.4, 13.6, 8.8, 15], "texture": "#0"},
				"south": {"uv": [7.4, 13.6, 8.8, 15], "texture": "#0"},
				"west": {"uv": [7.4, 13.6, 8.8, 15], "texture": "#0"},
				"up": {"uv": [7.4, 13.6, 8.8, 15], "texture": "#0"},
				"down": {"uv": [7.4, 13.6, 8.8, 15], "texture": "#0"}
			}
		},
		{
			"from": [4.645, 2.109, 7.01],
			"to": [5.041, 2.901, 7.67],
			"rotation": {"angle": 45, "axis": "z", "origin": [5.36, 3, 10.64]},
			"faces": {
				"north": {"uv": [7.4, 13.6, 8.8, 15], "texture": "#0"},
				"east": {"uv": [7.4, 13.6, 8.8, 15], "texture": "#0"},
				"south": {"uv": [7.4, 13.6, 8.8, 15], "texture": "#0"},
				"west": {"uv": [7.4, 13.6, 8.8, 15], "texture": "#0"},
				"up": {"uv": [7.4, 13.6, 8.8, 15], "texture": "#0"},
				"down": {"uv": [7.4, 13.6, 8.8, 15], "texture": "#0"}
			}
		},
		{
			"from": [4.282, 2.241, 7.01],
			"to": [5.041, 2.769, 7.67],
			"rotation": {"angle": 45, "axis": "z", "origin": [5.36, 3, 10.64]},
			"faces": {
				"north": {"uv": [7.4, 13.6, 8.8, 15], "texture": "#0"},
				"east": {"uv": [7.4, 13.6, 8.8, 15], "texture": "#0"},
				"south": {"uv": [7.4, 13.6, 8.8, 15], "texture": "#0"},
				"west": {"uv": [7.4, 13.6, 8.8, 15], "texture": "#0"},
				"up": {"uv": [7.4, 13.6, 8.8, 15], "texture": "#0"},
				"down": {"uv": [7.4, 13.6, 8.8, 15], "texture": "#0"}
			}
		},
		{
			"from": [4.48, 2.175, 7.01],
			"to": [5.041, 2.835, 7.67],
			"rotation": {"angle": 45, "axis": "z", "origin": [5.36, 3, 10.64]},
			"faces": {
				"north": {"uv": [7.4, 13.6, 8.8, 15], "texture": "#0"},
				"east": {"uv": [7.4, 13.6, 8.8, 15], "texture": "#0"},
				"south": {"uv": [7.4, 13.6, 8.8, 15], "texture": "#0"},
				"west": {"uv": [7.4, 13.6, 8.8, 15], "texture": "#0"},
				"up": {"uv": [7.4, 13.6, 8.8, 15], "texture": "#0"},
				"down": {"uv": [7.4, 13.6, 8.8, 15], "texture": "#0"}
			}
		},
		{
			"from": [4.81, 2.043, 7.01],
			"to": [5.041, 2.967, 7.67],
			"rotation": {"angle": 45, "axis": "z", "origin": [5.36, 3, 10.64]},
			"faces": {
				"north": {"uv": [7.4, 13.6, 8.8, 15], "texture": "#0"},
				"east": {"uv": [7.4, 13.6, 8.8, 15], "texture": "#0"},
				"south": {"uv": [7.4, 13.6, 8.8, 15], "texture": "#0"},
				"west": {"uv": [7.4, 13.6, 8.8, 15], "texture": "#0"},
				"up": {"uv": [7.4, 13.6, 8.8, 15], "texture": "#0"},
				"down": {"uv": [7.4, 13.6, 8.8, 15], "texture": "#0"}
			}
		},
		{
			"from": [5.008, 2.01, 7.01],
			"to": [5.141, 3, 7.67],
			"rotation": {"angle": 45, "axis": "z", "origin": [5.36, 3, 10.64]},
			"faces": {
				"north": {"uv": [7.4, 13.6, 8.8, 15], "texture": "#0"},
				"east": {"uv": [7.4, 13.6, 8.8, 15], "texture": "#0"},
				"south": {"uv": [7.4, 13.6, 8.8, 15], "texture": "#0"},
				"west": {"uv": [7.4, 13.6, 8.8, 15], "texture": "#0"},
				"up": {"uv": [7.4, 13.6, 8.8, 15], "texture": "#0"},
				"down": {"uv": [7.4, 13.6, 8.8, 15], "texture": "#0"}
			}
		},
		{
			"from": [7.703, 1.56, 7.01],
			"to": [8.297, 4.056, 7.67],
			"rotation": {"angle": 0, "axis": "z", "origin": [5.36, 3, 10.64]},
			"faces": {
				"north": {"uv": [7.4, 13.6, 8.8, 15], "texture": "#0"},
				"east": {"uv": [7.4, 13.6, 8.8, 15], "texture": "#0"},
				"south": {"uv": [7.4, 13.6, 8.8, 15], "texture": "#0"},
				"west": {"uv": [7.4, 13.6, 8.8, 15], "texture": "#0"},
				"up": {"uv": [7.4, 13.6, 8.8, 15], "texture": "#0"},
				"down": {"uv": [7.4, 13.6, 8.8, 15], "texture": "#0"}
			}
		},
		{
			"from": [7.802, 0.503, 7.01],
			"to": [8.198, 1.46, 7.67],
			"rotation": {"angle": 0, "axis": "z", "origin": [5.36, 3, 10.64]},
			"faces": {
				"north": {"uv": [7.4, 13.6, 8.8, 15], "texture": "#0"},
				"east": {"uv": [7.4, 13.6, 8.8, 15], "texture": "#0"},
				"south": {"uv": [7.4, 13.6, 8.8, 15], "texture": "#0"},
				"west": {"uv": [7.4, 13.6, 8.8, 15], "texture": "#0"},
				"up": {"uv": [7.4, 13.6, 8.8, 15], "texture": "#0"},
				"down": {"uv": [7.4, 13.6, 8.8, 15], "texture": "#0"}
			}
		},
		{
			"from": [7.868, 0.371, 7.01],
			"to": [8.132, 1.46, 7.67],
			"rotation": {"angle": 0, "axis": "z", "origin": [5.36, 3, 10.64]},
			"faces": {
				"north": {"uv": [7.4, 13.6, 8.8, 15], "texture": "#0"},
				"east": {"uv": [7.4, 13.6, 8.8, 15], "texture": "#0"},
				"south": {"uv": [7.4, 13.6, 8.8, 15], "texture": "#0"},
				"west": {"uv": [7.4, 13.6, 8.8, 15], "texture": "#0"},
				"up": {"uv": [7.4, 13.6, 8.8, 15], "texture": "#0"},
				"down": {"uv": [7.4, 13.6, 8.8, 15], "texture": "#0"}
			}
		},
		{
			"from": [7.604, 1.064, 7.01],
			"to": [8.396, 1.46, 7.67],
			"rotation": {"angle": 0, "axis": "z", "origin": [5.36, 3, 10.64]},
			"faces": {
				"north": {"uv": [7.4, 13.6, 8.8, 15], "texture": "#0"},
				"east": {"uv": [7.4, 13.6, 8.8, 15], "texture": "#0"},
				"south": {"uv": [7.4, 13.6, 8.8, 15], "texture": "#0"},
				"west": {"uv": [7.4, 13.6, 8.8, 15], "texture": "#0"},
				"up": {"uv": [7.4, 13.6, 8.8, 15], "texture": "#0"},
				"down": {"uv": [7.4, 13.6, 8.8, 15], "texture": "#0"}
			}
		},
		{
			"from": [7.736, 0.701, 7.01],
			"to": [8.264, 1.46, 7.67],
			"rotation": {"angle": 0, "axis": "z", "origin": [5.36, 3, 10.64]},
			"faces": {
				"north": {"uv": [7.4, 13.6, 8.8, 15], "texture": "#0"},
				"east": {"uv": [7.4, 13.6, 8.8, 15], "texture": "#0"},
				"south": {"uv": [7.4, 13.6, 8.8, 15], "texture": "#0"},
				"west": {"uv": [7.4, 13.6, 8.8, 15], "texture": "#0"},
				"up": {"uv": [7.4, 13.6, 8.8, 15], "texture": "#0"},
				"down": {"uv": [7.4, 13.6, 8.8, 15], "texture": "#0"}
			}
		},
		{
			"from": [7.67, 0.899, 7.01],
			"to": [8.33, 1.46, 7.67],
			"rotation": {"angle": 0, "axis": "z", "origin": [5.36, 3, 10.64]},
			"faces": {
				"north": {"uv": [7.4, 13.6, 8.8, 15], "texture": "#0"},
				"east": {"uv": [7.4, 13.6, 8.8, 15], "texture": "#0"},
				"south": {"uv": [7.4, 13.6, 8.8, 15], "texture": "#0"},
				"west": {"uv": [7.4, 13.6, 8.8, 15], "texture": "#0"},
				"up": {"uv": [7.4, 13.6, 8.8, 15], "texture": "#0"},
				"down": {"uv": [7.4, 13.6, 8.8, 15], "texture": "#0"}
			}
		},
		{
			"from": [7.538, 1.229, 7.01],
			"to": [8.462, 1.46, 7.67],
			"rotation": {"angle": 0, "axis": "z", "origin": [5.36, 3, 10.64]},
			"faces": {
				"north": {"uv": [7.4, 13.6, 8.8, 15], "texture": "#0"},
				"east": {"uv": [7.4, 13.6, 8.8, 15], "texture": "#0"},
				"south": {"uv": [7.4, 13.6, 8.8, 15], "texture": "#0"},
				"west": {"uv": [7.4, 13.6, 8.8, 15], "texture": "#0"},
				"up": {"uv": [7.4, 13.6, 8.8, 15], "texture": "#0"},
				"down": {"uv": [7.4, 13.6, 8.8, 15], "texture": "#0"}
			}
		},
		{
			"from": [7.505, 1.427, 7.01],
			"to": [8.495, 1.56, 7.67],
			"rotation": {"angle": 0, "axis": "z", "origin": [5.36, 3, 10.64]},
			"faces": {
				"north": {"uv": [7.4, 13.6, 8.8, 15], "texture": "#0"},
				"east": {"uv": [7.4, 13.6, 8.8, 15], "texture": "#0"},
				"south": {"uv": [7.4, 13.6, 8.8, 15], "texture": "#0"},
				"west": {"uv": [7.4, 13.6, 8.8, 15], "texture": "#0"},
				"up": {"uv": [7.4, 13.6, 8.8, 15], "texture": "#0"},
				"down": {"uv": [7.4, 13.6, 8.8, 15], "texture": "#0"}
			}
		},
		{
			"from": [4.667, 8.775, 7.01],
			"to": [6.977, 9.204, 7.67],
			"rotation": {"angle": -45, "axis": "z", "origin": [5.36, 3, 5.36]},
			"faces": {
				"north": {"uv": [7.4, 13.6, 8.8, 15], "texture": "#0"},
				"east": {"uv": [7.4, 13.6, 8.8, 15], "texture": "#0"},
				"south": {"uv": [7.4, 13.6, 8.8, 15], "texture": "#0"},
				"west": {"uv": [7.4, 13.6, 8.8, 15], "texture": "#0"},
				"up": {"uv": [7.4, 13.6, 8.8, 15], "texture": "#0"},
				"down": {"uv": [7.4, 13.6, 8.8, 15], "texture": "#0"}
			}
		},
		{
			"from": [4.634, 3.33, 7.01],
			"to": [6.944, 3.759, 7.67],
			"rotation": {"angle": -45, "axis": "z", "origin": [5.36, 3, 5.36]},
			"faces": {
				"north": {"uv": [7.4, 13.6, 8.8, 15], "texture": "#0"},
				"east": {"uv": [7.4, 13.6, 8.8, 15], "texture": "#0"},
				"south": {"uv": [7.4, 13.6, 8.8, 15], "texture": "#0"},
				"west": {"uv": [7.4, 13.6, 8.8, 15], "texture": "#0"},
				"up": {"uv": [7.4, 13.6, 8.8, 15], "texture": "#0"},
				"down": {"uv": [7.4, 13.6, 8.8, 15], "texture": "#0"}
			}
		},
		{
			"from": [6.713, 7.488, 7.01],
			"to": [9.287, 7.884, 7.67],
			"rotation": {"angle": 0, "axis": "y", "origin": [5.36, 3, 5.36]},
			"faces": {
				"north": {"uv": [7.4, 13.6, 8.8, 15], "texture": "#0"},
				"east": {"uv": [7.4, 13.6, 8.8, 15], "texture": "#0"},
				"south": {"uv": [7.4, 13.6, 8.8, 15], "texture": "#0"},
				"west": {"uv": [7.4, 13.6, 8.8, 15], "texture": "#0"},
				"up": {"uv": [7.4, 13.6, 8.8, 15], "texture": "#0"},
				"down": {"uv": [7.4, 13.6, 8.8, 15], "texture": "#0"}
			}
		},
		{
			"from": [6.713, 2.109, 7.01],
			"to": [9.287, 2.505, 7.67],
			"rotation": {"angle": 0, "axis": "y", "origin": [5.36, 3, 5.36]},
			"faces": {
				"north": {"uv": [7.4, 13.6, 8.8, 15], "texture": "#0"},
				"east": {"uv": [7.4, 13.6, 8.8, 15], "texture": "#0"},
				"south": {"uv": [7.4, 13.6, 8.8, 15], "texture": "#0"},
				"west": {"uv": [7.4, 13.6, 8.8, 15], "texture": "#0"},
				"up": {"uv": [7.4, 13.6, 8.8, 15], "texture": "#0"},
				"down": {"uv": [7.4, 13.6, 8.8, 15], "texture": "#0"}
			}
		},
		{
			"from": [7.472, 5.112, 7.01],
			"to": [9.815, 5.508, 7.67],
			"rotation": {"angle": 45, "axis": "z", "origin": [5.36, 3, 5.36]},
			"faces": {
				"north": {"uv": [7.4, 13.6, 8.8, 15], "texture": "#0"},
				"east": {"uv": [7.4, 13.6, 8.8, 15], "texture": "#0"},
				"south": {"uv": [7.4, 13.6, 8.8, 15], "texture": "#0"},
				"west": {"uv": [7.4, 13.6, 8.8, 15], "texture": "#0"},
				"up": {"uv": [7.4, 13.6, 8.8, 15], "texture": "#0"},
				"down": {"uv": [7.4, 13.6, 8.8, 15], "texture": "#0"}
			}
		},
		{
			"from": [7.472, -0.366, 7.01],
			"to": [9.815, 0.03, 7.67],
			"rotation": {"angle": 45, "axis": "z", "origin": [5.36, 3, 5.36]},
			"faces": {
				"north": {"uv": [7.4, 13.6, 8.8, 15], "texture": "#0"},
				"east": {"uv": [7.4, 13.6, 8.8, 15], "texture": "#0"},
				"south": {"uv": [7.4, 13.6, 8.8, 15], "texture": "#0"},
				"west": {"uv": [7.4, 13.6, 8.8, 15], "texture": "#0"},
				"up": {"uv": [7.4, 13.6, 8.8, 15], "texture": "#0"},
				"down": {"uv": [7.4, 13.6, 8.8, 15], "texture": "#0"}
			}
		},
		{
			"from": [10.442, 3.726, 7.01],
			"to": [10.904, 6.267, 7.67],
			"rotation": {"angle": 0, "axis": "y", "origin": [5.36, 3, 5.36]},
			"faces": {
				"north": {"uv": [7.4, 13.6, 8.8, 15], "texture": "#0"},
				"east": {"uv": [7.4, 13.6, 8.8, 15], "texture": "#0"},
				"south": {"uv": [7.4, 13.6, 8.8, 15], "texture": "#0"},
				"west": {"uv": [7.4, 13.6, 8.8, 15], "texture": "#0"},
				"up": {"uv": [7.4, 13.6, 8.8, 15], "texture": "#0"},
				"down": {"uv": [7.4, 13.6, 8.8, 15], "texture": "#0"}
			}
		},
		{
			"from": [5.096, 3.726, 7.01],
			"to": [5.558, 6.267, 7.67],
			"rotation": {"angle": 0, "axis": "y", "origin": [5.36, 3, 5.36]},
			"faces": {
				"north": {"uv": [7.4, 13.6, 8.8, 15], "texture": "#0"},
				"east": {"uv": [7.4, 13.6, 8.8, 15], "texture": "#0"},
				"south": {"uv": [7.4, 13.6, 8.8, 15], "texture": "#0"},
				"west": {"uv": [7.4, 13.6, 8.8, 15], "texture": "#0"},
				"up": {"uv": [7.4, 13.6, 8.8, 15], "texture": "#0"},
				"down": {"uv": [7.4, 13.6, 8.8, 15], "texture": "#0"}
			}
		},
		{
			"from": [9.584, 3.462, 7.01],
			"to": [9.914, 4.122, 7.67],
			"rotation": {"angle": 22.5, "axis": "z", "origin": [5.36, 3, 5.36]},
			"faces": {
				"north": {"uv": [7.4, 13.6, 8.8, 15], "texture": "#0"},
				"east": {"uv": [7.4, 13.6, 8.8, 15], "texture": "#0"},
				"south": {"uv": [7.4, 13.6, 8.8, 15], "texture": "#0"},
				"west": {"uv": [7.4, 13.6, 8.8, 15], "texture": "#0"},
				"up": {"uv": [7.4, 13.6, 8.8, 15], "texture": "#0"},
				"down": {"uv": [7.4, 13.6, 8.8, 15], "texture": "#0"}
			}
		},
		{
			"from": [7.241, 3.462, 7.01],
			"to": [7.571, 4.122, 7.67],
			"rotation": {"angle": 22.5, "axis": "z", "origin": [5.36, 3, 5.36]},
			"faces": {
				"north": {"uv": [7.4, 13.6, 8.8, 15], "texture": "#0"},
				"east": {"uv": [7.4, 13.6, 8.8, 15], "texture": "#0"},
				"south": {"uv": [7.4, 13.6, 8.8, 15], "texture": "#0"},
				"west": {"uv": [7.4, 13.6, 8.8, 15], "texture": "#0"},
				"up": {"uv": [7.4, 13.6, 8.8, 15], "texture": "#0"},
				"down": {"uv": [7.4, 13.6, 8.8, 15], "texture": "#0"}
			}
		},
		{
			"from": [5.723, 5.541, 7.01],
			"to": [6.086, 6.135, 7.67],
			"rotation": {"angle": -22.5, "axis": "z", "origin": [5.36, 3, 5.36]},
			"faces": {
				"north": {"uv": [7.4, 13.6, 8.8, 15], "texture": "#0"},
				"east": {"uv": [7.4, 13.6, 8.8, 15], "texture": "#0"},
				"south": {"uv": [7.4, 13.6, 8.8, 15], "texture": "#0"},
				"west": {"uv": [7.4, 13.6, 8.8, 15], "texture": "#0"},
				"up": {"uv": [7.4, 13.6, 8.8, 15], "texture": "#0"},
				"down": {"uv": [7.4, 13.6, 8.8, 15], "texture": "#0"}
			}
		},
		{
			"from": [8.066, 5.508, 7.01],
			"to": [8.429, 6.102, 7.67],
			"rotation": {"angle": -22.5, "axis": "z", "origin": [5.36, 3, 5.36]},
			"faces": {
				"north": {"uv": [7.4, 13.6, 8.8, 15], "texture": "#0"},
				"east": {"uv": [7.4, 13.6, 8.8, 15], "texture": "#0"},
				"south": {"uv": [7.4, 13.6, 8.8, 15], "texture": "#0"},
				"west": {"uv": [7.4, 13.6, 8.8, 15], "texture": "#0"},
				"up": {"uv": [7.4, 13.6, 8.8, 15], "texture": "#0"},
				"down": {"uv": [7.4, 13.6, 8.8, 15], "texture": "#0"}
			}
		},
		{
			"from": [8.33, 2.505, 7.01],
			"to": [9.023, 2.835, 7.67],
			"rotation": {"angle": 22.5, "axis": "z", "origin": [5.36, 3, 5.36]},
			"faces": {
				"north": {"uv": [7.4, 13.6, 8.8, 15], "texture": "#0"},
				"east": {"uv": [7.4, 13.6, 8.8, 15], "texture": "#0"},
				"south": {"uv": [7.4, 13.6, 8.8, 15], "texture": "#0"},
				"west": {"uv": [7.4, 13.6, 8.8, 15], "texture": "#0"},
				"up": {"uv": [7.4, 13.6, 8.8, 15], "texture": "#0"},
				"down": {"uv": [7.4, 13.6, 8.8, 15], "texture": "#0"}
			}
		},
		{
			"from": [8.198, 4.782, 7.01],
			"to": [8.891, 5.112, 7.67],
			"rotation": {"angle": 22.5, "axis": "z", "origin": [5.36, 3, 5.36]},
			"faces": {
				"north": {"uv": [7.4, 13.6, 8.8, 15], "texture": "#0"},
				"east": {"uv": [7.4, 13.6, 8.8, 15], "texture": "#0"},
				"south": {"uv": [7.4, 13.6, 8.8, 15], "texture": "#0"},
				"west": {"uv": [7.4, 13.6, 8.8, 15], "texture": "#0"},
				"up": {"uv": [7.4, 13.6, 8.8, 15], "texture": "#0"},
				"down": {"uv": [7.4, 13.6, 8.8, 15], "texture": "#0"}
			}
		},
		{
			"from": [6.746, 6.795, 7.01],
			"to": [7.307, 7.125, 7.67],
			"rotation": {"angle": -22.5, "axis": "z", "origin": [5.36, 3, 5.36]},
			"faces": {
				"north": {"uv": [7.4, 13.6, 8.8, 15], "texture": "#0"},
				"east": {"uv": [7.4, 13.6, 8.8, 15], "texture": "#0"},
				"south": {"uv": [7.4, 13.6, 8.8, 15], "texture": "#0"},
				"west": {"uv": [7.4, 13.6, 8.8, 15], "texture": "#0"},
				"up": {"uv": [7.4, 13.6, 8.8, 15], "texture": "#0"},
				"down": {"uv": [7.4, 13.6, 8.8, 15], "texture": "#0"}
			}
		},
		{
			"from": [6.746, 4.551, 7.01],
			"to": [7.307, 4.881, 7.67],
			"rotation": {"angle": -22.5, "axis": "z", "origin": [5.36, 3, 5.36]},
			"faces": {
				"north": {"uv": [7.4, 13.6, 8.8, 15], "texture": "#0"},
				"east": {"uv": [7.4, 13.6, 8.8, 15], "texture": "#0"},
				"south": {"uv": [7.4, 13.6, 8.8, 15], "texture": "#0"},
				"west": {"uv": [7.4, 13.6, 8.8, 15], "texture": "#0"},
				"up": {"uv": [7.4, 13.6, 8.8, 15], "texture": "#0"},
				"down": {"uv": [7.4, 13.6, 8.8, 15], "texture": "#0"}
			}
		},
		{
			"from": [3.3, -0.2, 8],
			"to": [13.3, 9.8, 10],
			"faces": {
				"north": {"uv": [14.4, 14.6, 15.8, 16], "texture": "#0"},
				"east": {"uv": [7.4, 13.6, 8.8, 15], "texture": "#0"},
				"south": {"uv": [7.4, 13.6, 8.8, 15], "texture": "#0"},
				"west": {"uv": [7.4, 13.6, 8.8, 15], "texture": "#0"},
				"up": {"uv": [7.4, 13.6, 8.8, 15], "texture": "#0"},
				"down": {"uv": [7.4, 13.6, 8.8, 15], "texture": "#0"}
			}
		}
	]
}