{
	"credit": "Made with Blockbench",
	"parent": "41",
	"textures": {
		"1": "minecraft:block/black_glazed_terracotta",
		"2": "minecraft:block/cracked_polished_blackstone_bricks",
		"3": "minecraft:block/dropper_front_vertical",
		"particle": "minecraft:block/black_glazed_terracotta"
	},
	"elements": [
		{
			"from": [7, 3, 3],
			"to": [9, 5, 5],
			"rotation": {"angle": 0, "axis": "y", "origin": [0, 3, 0]},
			"faces": {
				"north": {"uv": [6, 5, 9, 8], "rotation": 270, "texture": "#2"},
				"east": {"uv": [6, 5, 9, 8], "rotation": 270, "texture": "#2"},
				"south": {"uv": [6, 5, 9, 8], "rotation": 270, "texture": "#2"},
				"west": {"uv": [6, 5, 9, 8], "rotation": 270, "texture": "#2"},
				"up": {"uv": [6, 5, 9, 8], "rotation": 270, "texture": "#2"},
				"down": {"uv": [6, 5, 9, 8], "rotation": 270, "texture": "#2"}
			}
		},
		{
			"from": [7.2, 5.9, -0.5],
			"to": [8.8, 7.9, 2],
			"rotation": {"angle": 22.5, "axis": "x", "origin": [0, 4.4, 0]},
			"faces": {
				"north": {"uv": [6, 5, 9, 8], "rotation": 270, "texture": "#2"},
				"east": {"uv": [6, 5, 9, 8], "rotation": 270, "texture": "#2"},
				"south": {"uv": [6, 5, 9, 8], "rotation": 270, "texture": "#2"},
				"west": {"uv": [6, 5, 9, 8], "rotation": 270, "texture": "#2"},
				"up": {"uv": [6, 5, 9, 8], "rotation": 270, "texture": "#2"},
				"down": {"uv": [6, 5, 9, 8], "rotation": 270, "texture": "#2"}
			}
		},
		{
			"from": [5.6, 3, 1.6],
			"to": [10.5, 5, 3],
			"rotation": {"angle": 0, "axis": "y", "origin": [0, 3, 0]},
			"faces": {
				"north": {"uv": [6, 5, 9, 8], "rotation": 270, "texture": "#2"},
				"east": {"uv": [6, 5, 9, 8], "rotation": 270, "texture": "#2"},
				"south": {"uv": [6, 5, 9, 8], "rotation": 270, "texture": "#2"},
				"west": {"uv": [6, 5, 9, 8], "rotation": 270, "texture": "#2"},
				"up": {"uv": [6, 5, 9, 8], "rotation": 270, "texture": "#2"},
				"down": {"uv": [6, 5, 9, 8], "rotation": 270, "texture": "#2"}
			}
		},
		{
			"from": [5.1, 5, 1.7],
			"to": [10.8, 7, 3.1],
			"rotation": {"angle": 0, "axis": "y", "origin": [0, 3, 0]},
			"faces": {
				"north": {"uv": [6, 5, 9, 8], "rotation": 270, "texture": "#2"},
				"east": {"uv": [6, 5, 9, 8], "rotation": 270, "texture": "#2"},
				"south": {"uv": [6, 5, 9, 8], "rotation": 270, "texture": "#2"},
				"west": {"uv": [6, 5, 9, 8], "rotation": 270, "texture": "#2"},
				"up": {"uv": [6, 5, 9, 8], "rotation": 270, "texture": "#2"},
				"down": {"uv": [6, 5, 9, 8], "rotation": 270, "texture": "#2"}
			}
		},
		{
			"from": [1.3, 3.8, 4.9],
			"to": [2.2, 7, 6.1],
			"rotation": {"angle": 45, "axis": "y", "origin": [0, 3, 0]},
			"faces": {
				"north": {"uv": [6, 5, 9, 8], "rotation": 270, "texture": "#2"},
				"east": {"uv": [6, 5, 9, 8], "rotation": 270, "texture": "#2"},
				"south": {"uv": [6, 5, 9, 8], "rotation": 270, "texture": "#2"},
				"west": {"uv": [6, 5, 9, 8], "rotation": 270, "texture": "#2"},
				"up": {"uv": [6, 5, 9, 8], "rotation": 270, "texture": "#2"},
				"down": {"uv": [6, 5, 9, 8], "rotation": 270, "texture": "#2"}
			}
		},
		{
			"from": [9.1, 3.8, -6.3],
			"to": [9.8, 7, -5.1],
			"rotation": {"angle": -45, "axis": "y", "origin": [0, 3, 0]},
			"faces": {
				"north": {"uv": [6, 5, 9, 8], "rotation": 270, "texture": "#2"},
				"east": {"uv": [6, 5, 9, 8], "rotation": 270, "texture": "#2"},
				"south": {"uv": [6, 5, 9, 8], "rotation": 270, "texture": "#2"},
				"west": {"uv": [6, 5, 9, 8], "rotation": 270, "texture": "#2"},
				"up": {"uv": [6, 5, 9, 8], "rotation": 270, "texture": "#2"},
				"down": {"uv": [6, 5, 9, 8], "rotation": 270, "texture": "#2"}
			}
		},
		{
			"from": [8.6, 1.7, 0.1],
			"to": [9.4, 2.5, 3],
			"rotation": {"angle": 22.5, "axis": "z", "origin": [0, 3.9, 0]},
			"faces": {
				"north": {"uv": [6, 5, 9, 8], "rotation": 270, "texture": "#2"},
				"east": {"uv": [6, 5, 9, 8], "rotation": 270, "texture": "#2"},
				"south": {"uv": [6, 5, 9, 8], "rotation": 270, "texture": "#2"},
				"west": {"uv": [6, 5, 9, 8], "rotation": 270, "texture": "#2"},
				"up": {"uv": [6, 5, 9, 8], "rotation": 270, "texture": "#2"},
				"down": {"uv": [6, 5, 9, 8], "rotation": 270, "texture": "#2"}
			}
		},
		{
			"from": [5.5, 7.9, 0.1],
			"to": [6.1, 8.7, 3],
			"rotation": {"angle": -22.5, "axis": "z", "origin": [0, 3.9, 0]},
			"faces": {
				"north": {"uv": [6, 5, 9, 8], "rotation": 270, "texture": "#2"},
				"east": {"uv": [6, 5, 9, 8], "rotation": 270, "texture": "#2"},
				"south": {"uv": [6, 5, 9, 8], "rotation": 270, "texture": "#2"},
				"west": {"uv": [6, 5, 9, 8], "rotation": 270, "texture": "#2"},
				"up": {"uv": [6, 5, 9, 8], "rotation": 270, "texture": "#2"},
				"down": {"uv": [6, 5, 9, 8], "rotation": 270, "texture": "#2"}
			}
		},
		{
			"from": [7, 7, 1.1],
			"to": [9, 9.1, 2.8],
			"rotation": {"angle": 0, "axis": "y", "origin": [0, 3, 0]},
			"faces": {
				"north": {"uv": [6, 5, 9, 8], "rotation": 270, "texture": "#2"},
				"east": {"uv": [6, 5, 9, 8], "rotation": 270, "texture": "#2"},
				"south": {"uv": [6, 5, 9, 8], "rotation": 270, "texture": "#2"},
				"west": {"uv": [6, 5, 9, 8], "rotation": 270, "texture": "#2"},
				"up": {"uv": [6, 5, 9, 8], "rotation": 270, "texture": "#2"},
				"down": {"uv": [6, 5, 9, 8], "rotation": 270, "texture": "#2"}
			}
		},
		{
			"from": [6, 8.9, 2],
			"to": [9.9, 9.4, 3.1],
			"rotation": {"angle": 0, "axis": "y", "origin": [0, 3, 0]},
			"faces": {
				"north": {"uv": [6, 5, 9, 8], "rotation": 270, "texture": "#2"},
				"east": {"uv": [6, 5, 9, 8], "rotation": 270, "texture": "#2"},
				"south": {"uv": [6, 5, 9, 8], "rotation": 270, "texture": "#2"},
				"west": {"uv": [6, 5, 9, 8], "rotation": 270, "texture": "#2"},
				"up": {"uv": [6, 5, 9, 8], "rotation": 270, "texture": "#2"},
				"down": {"uv": [6, 5, 9, 8], "rotation": 270, "texture": "#2"}
			}
		},
		{
			"from": [10.1, 4.4, 1.4],
			"to": [11.5, 5, 3.1],
			"rotation": {"angle": 22.5, "axis": "z", "origin": [0, 3, 0]},
			"faces": {
				"north": {"uv": [6, 5, 9, 8], "rotation": 270, "texture": "#2"},
				"east": {"uv": [6, 5, 9, 8], "rotation": 270, "texture": "#2"},
				"south": {"uv": [6, 5, 9, 8], "rotation": 270, "texture": "#2"},
				"west": {"uv": [6, 5, 9, 8], "rotation": 270, "texture": "#2"},
				"up": {"uv": [6, 5, 9, 8], "rotation": 270, "texture": "#2"},
				"down": {"uv": [6, 5, 9, 8], "rotation": 270, "texture": "#2"}
			}
		},
		{
			"from": [3.1, 10.5, 1.4],
			"to": [4.5, 11.1, 3.1],
			"rotation": {"angle": -22.5, "axis": "z", "origin": [0, 3, 0]},
			"faces": {
				"north": {"uv": [6, 5, 9, 8], "rotation": 270, "texture": "#2"},
				"east": {"uv": [6, 5, 9, 8], "rotation": 270, "texture": "#2"},
				"south": {"uv": [6, 5, 9, 8], "rotation": 270, "texture": "#2"},
				"west": {"uv": [6, 5, 9, 8], "rotation": 270, "texture": "#2"},
				"up": {"uv": [6, 5, 9, 8], "rotation": 270, "texture": "#2"},
				"down": {"uv": [6, 5, 9, 8], "rotation": 270, "texture": "#2"}
			}
		},
		{
			"from": [4.7, 9.6, 2.8],
			"to": [11.1, 10.3, 11.4],
			"rotation": {"angle": 0, "axis": "y", "origin": [0, 3, 0]},
			"faces": {
				"north": {"uv": [6, 5, 9, 8], "rotation": 270, "texture": "#2"},
				"east": {"uv": [6, 5, 9, 8], "rotation": 270, "texture": "#2"},
				"south": {"uv": [6, 5, 9, 8], "rotation": 270, "texture": "#2"},
				"west": {"uv": [6, 5, 9, 8], "rotation": 270, "texture": "#2"},
				"up": {"uv": [6, 5, 9, 8], "rotation": 270, "texture": "#2"},
				"down": {"uv": [6, 5, 9, 8], "rotation": 270, "texture": "#2"}
			}
		},
		{
			"from": [1, 6.9, 5.2],
			"to": [2.4, 9.6, 5.2],
			"rotation": {"angle": 45, "axis": "y", "origin": [0, 3, 0]},
			"faces": {
				"north": {"uv": [6, 5, 9, 8], "rotation": 270, "texture": "#2"},
				"east": {"uv": [6, 5, 9, 8], "rotation": 270, "texture": "#2"},
				"south": {"uv": [6, 5, 9, 8], "rotation": 270, "texture": "#2"},
				"west": {"uv": [6, 5, 9, 8], "rotation": 270, "texture": "#2"},
				"up": {"uv": [6, 5, 9, 8], "rotation": 270, "texture": "#2"},
				"down": {"uv": [6, 5, 9, 8], "rotation": 270, "texture": "#2"}
			}
		},
		{
			"from": [8.8, 7, -6],
			"to": [10.4, 9.6, -6],
			"rotation": {"angle": -45, "axis": "y", "origin": [0, 3, 0]},
			"faces": {
				"north": {"uv": [6, 5, 9, 8], "rotation": 270, "texture": "#2"},
				"east": {"uv": [6, 5, 9, 8], "rotation": 270, "texture": "#2"},
				"south": {"uv": [6, 5, 9, 8], "rotation": 270, "texture": "#2"},
				"west": {"uv": [6, 5, 9, 8], "rotation": 270, "texture": "#2"},
				"up": {"uv": [6, 5, 9, 8], "rotation": 270, "texture": "#2"},
				"down": {"uv": [6, 5, 9, 8], "rotation": 270, "texture": "#2"}
			}
		},
		{
			"from": [5.3, 7, 2.1],
			"to": [10.5, 9, 3],
			"rotation": {"angle": 0, "axis": "y", "origin": [0, 3, 0]},
			"faces": {
				"north": {"uv": [1, 2, 3, 4], "rotation": 270, "texture": "#1"},
				"east": {"uv": [6, 5, 9, 8], "rotation": 270, "texture": "#2"},
				"south": {"uv": [6, 5, 9, 8], "rotation": 270, "texture": "#2"},
				"west": {"uv": [6, 5, 9, 8], "rotation": 270, "texture": "#2"},
				"up": {"uv": [6, 5, 9, 8], "rotation": 270, "texture": "#2"},
				"down": {"uv": [6, 5, 9, 8], "rotation": 270, "texture": "#2"}
			}
		},
		{
			"from": [4.3, 6.1, 2.9],
			"to": [11.6, 9.2, 9.9],
			"rotation": {"angle": 0, "axis": "y", "origin": [0, 3, 0]},
			"faces": {
				"north": {"uv": [6, 5, 9, 8], "rotation": 270, "texture": "#2"},
				"east": {"uv": [6, 5, 9, 8], "rotation": 270, "texture": "#2"},
				"south": {"uv": [6, 5, 9, 8], "rotation": 270, "texture": "#2"},
				"west": {"uv": [6, 5, 9, 8], "rotation": 270, "texture": "#2"},
				"up": {"uv": [6, 5, 9, 8], "rotation": 270, "texture": "#2"},
				"down": {"uv": [6, 5, 9, 8], "rotation": 270, "texture": "#2"}
			}
		},
		{
			"from": [4.3, 3.6, 9.2],
			"to": [11.4, 9.6, 10.6],
			"rotation": {"angle": 0, "axis": "y", "origin": [0, 3, 0]},
			"faces": {
				"north": {"uv": [6, 5, 9, 8], "rotation": 270, "texture": "#2"},
				"east": {"uv": [6, 5, 9, 8], "rotation": 270, "texture": "#2"},
				"south": {"uv": [6, 5, 9, 8], "rotation": 270, "texture": "#2"},
				"west": {"uv": [6, 5, 9, 8], "rotation": 270, "texture": "#2"},
				"up": {"uv": [6, 5, 9, 8], "rotation": 270, "texture": "#2"},
				"down": {"uv": [6, 5, 9, 8], "rotation": 270, "texture": "#2"}
			}
		},
		{
			"from": [4.9, 10.3, 2.5],
			"to": [10.9, 10.6, 11.4],
			"rotation": {"angle": 0, "axis": "y", "origin": [0, 3, 0]},
			"faces": {
				"north": {"uv": [6, 5, 9, 8], "rotation": 270, "texture": "#2"},
				"east": {"uv": [6, 5, 9, 8], "rotation": 270, "texture": "#2"},
				"south": {"uv": [6, 5, 9, 8], "rotation": 270, "texture": "#2"},
				"west": {"uv": [6, 5, 9, 8], "rotation": 270, "texture": "#2"},
				"up": {"uv": [6, 5, 9, 8], "rotation": 270, "texture": "#2"},
				"down": {"uv": [6, 5, 9, 8], "rotation": 270, "texture": "#2"}
			}
		},
		{
			"from": [4.7, 10.3, 2.8],
			"to": [11, 10.7, 11.4],
			"rotation": {"angle": 0, "axis": "y", "origin": [0, 3, 0]},
			"faces": {
				"north": {"uv": [6, 5, 9, 8], "rotation": 270, "texture": "#2"},
				"east": {"uv": [6, 5, 9, 8], "rotation": 270, "texture": "#2"},
				"south": {"uv": [6, 5, 9, 8], "rotation": 270, "texture": "#2"},
				"west": {"uv": [6, 5, 9, 8], "rotation": 270, "texture": "#2"},
				"up": {"uv": [6, 5, 9, 8], "rotation": 270, "texture": "#2"},
				"down": {"uv": [6, 5, 9, 8], "rotation": 270, "texture": "#2"}
			}
		},
		{
			"from": [7.7, -0.9, 5.4],
			"to": [10, 6.6, 8.2],
			"rotation": {"angle": 45, "axis": "z", "origin": [0, 3, 0]},
			"faces": {
				"north": {"uv": [6, 5, 9, 8], "rotation": 270, "texture": "#2"},
				"east": {"uv": [6, 5, 9, 8], "rotation": 270, "texture": "#2"},
				"south": {"uv": [6, 5, 9, 8], "rotation": 270, "texture": "#2"},
				"west": {"uv": [6, 5, 9, 8], "rotation": 270, "texture": "#2"},
				"up": {"uv": [6, 5, 9, 8], "rotation": 270, "texture": "#2"},
				"down": {"uv": [6, 5, 9, 8], "rotation": 270, "texture": "#2"}
			}
		},
		{
			"from": [10.7, -0.5, 5.4],
			"to": [14.9, 1.8, 8.2],
			"rotation": {"angle": 45, "axis": "z", "origin": [0, 3, 0]},
			"faces": {
				"north": {"uv": [6, 5, 9, 8], "rotation": 270, "texture": "#2"},
				"east": {"uv": [6, 5, 9, 8], "rotation": 270, "texture": "#2"},
				"south": {"uv": [6, 5, 9, 8], "rotation": 270, "texture": "#2"},
				"west": {"uv": [6, 5, 9, 8], "rotation": 270, "texture": "#2"},
				"up": {"uv": [6, 5, 9, 8], "rotation": 270, "texture": "#2"},
				"down": {"uv": [6, 5, 9, 8], "rotation": 270, "texture": "#2"}
			}
		},
		{
			"from": [3.7, 4.5, 2.9],
			"to": [12.1, 6.2, 9.2],
			"rotation": {"angle": 0, "axis": "y", "origin": [0, 3, 0]},
			"faces": {
				"north": {"uv": [0, 0, 16, 1], "rotation": 270, "texture": "#3"},
				"east": {"uv": [0, 0, 16, 1], "rotation": 270, "texture": "#3"},
				"south": {"uv": [0, 0, 16, 1], "rotation": 270, "texture": "#3"},
				"west": {"uv": [0, 0, 16, 1], "rotation": 270, "texture": "#3"},
				"up": {"uv": [0, 0, 16, 1], "rotation": 270, "texture": "#3"},
				"down": {"uv": [0, 0, 16, 1], "rotation": 270, "texture": "#3"}
			}
		},
		{
			"from": [6.6, 3.8, 0.4],
			"to": [9.5, 5.5, 1],
			"rotation": {"angle": 0, "axis": "y", "origin": [0, 4.4, 0]},
			"faces": {
				"north": {"uv": [5, 6, 11, 10], "rotation": 270, "texture": "#3"},
				"east": {"uv": [6, 5, 9, 8], "rotation": 270, "texture": "#2"},
				"south": {"uv": [6, 5, 9, 8], "rotation": 270, "texture": "#2"},
				"west": {"uv": [6, 5, 9, 8], "rotation": 270, "texture": "#2"},
				"up": {"uv": [6, 5, 9, 8], "rotation": 270, "texture": "#2"},
				"down": {"uv": [6, 5, 9, 8], "rotation": 270, "texture": "#2"}
			}
		},
		{
			"from": [3.9, 4.8, 1.6],
			"to": [4.3, 6, 9.2],
			"rotation": {"angle": 0, "axis": "y", "origin": [0, 3, 0]},
			"faces": {
				"north": {"uv": [0, 0, 16, 1], "rotation": 270, "texture": "#3"},
				"east": {"uv": [0, 0, 16, 1], "rotation": 270, "texture": "#3"},
				"south": {"uv": [0, 0, 16, 1], "rotation": 270, "texture": "#3"},
				"west": {"uv": [0, 0, 16, 1], "rotation": 270, "texture": "#3"},
				"up": {"uv": [0, 0, 16, 1], "rotation": 270, "texture": "#3"},
				"down": {"uv": [0, 0, 16, 1], "rotation": 270, "texture": "#3"}
			}
		},
		{
			"from": [4, 4.8, 1.3],
			"to": [4.8, 5.9, 1.6],
			"rotation": {"angle": 0, "axis": "y", "origin": [0, 3, 0]},
			"faces": {
				"north": {"uv": [0, 0, 16, 1], "rotation": 270, "texture": "#3"},
				"east": {"uv": [0, 0, 16, 1], "rotation": 270, "texture": "#3"},
				"south": {"uv": [0, 0, 16, 1], "rotation": 270, "texture": "#3"},
				"west": {"uv": [0, 0, 16, 1], "rotation": 270, "texture": "#3"},
				"up": {"uv": [0, 0, 16, 1], "rotation": 270, "texture": "#3"},
				"down": {"uv": [0, 0, 16, 1], "rotation": 270, "texture": "#3"}
			}
		},
		{
			"from": [4.4, 4.6, 0.8],
			"to": [5.2, 5.6, 1.3],
			"rotation": {"angle": 0, "axis": "y", "origin": [0, 3, 0]},
			"faces": {
				"north": {"uv": [0, 0, 16, 1], "rotation": 270, "texture": "#3"},
				"east": {"uv": [0, 0, 16, 1], "rotation": 270, "texture": "#3"},
				"south": {"uv": [0, 0, 16, 1], "rotation": 270, "texture": "#3"},
				"west": {"uv": [0, 0, 16, 1], "rotation": 270, "texture": "#3"},
				"up": {"uv": [0, 0, 16, 1], "rotation": 270, "texture": "#3"},
				"down": {"uv": [0, 0, 16, 1], "rotation": 270, "texture": "#3"}
			}
		},
		{
			"from": [4.9, 4.4, 0.6],
			"to": [5.6, 5.3, 0.8],
			"rotation": {"angle": 0, "axis": "y", "origin": [0, 3, 0]},
			"faces": {
				"north": {"uv": [0, 0, 16, 1], "rotation": 270, "texture": "#3"},
				"east": {"uv": [0, 0, 16, 1], "rotation": 270, "texture": "#3"},
				"south": {"uv": [0, 0, 16, 1], "rotation": 270, "texture": "#3"},
				"west": {"uv": [0, 0, 16, 1], "rotation": 270, "texture": "#3"},
				"up": {"uv": [0, 0, 16, 1], "rotation": 270, "texture": "#3"},
				"down": {"uv": [0, 0, 16, 1], "rotation": 270, "texture": "#3"}
			}
		},
		{
			"from": [5.2, 4.3, 0.4],
			"to": [6.6, 4.8, 0.6],
			"rotation": {"angle": 0, "axis": "y", "origin": [0, 3, 0]},
			"faces": {
				"north": {"uv": [0, 0, 16, 1], "rotation": 270, "texture": "#3"},
				"east": {"uv": [0, 0, 16, 1], "rotation": 270, "texture": "#3"},
				"south": {"uv": [0, 0, 16, 1], "rotation": 270, "texture": "#3"},
				"west": {"uv": [0, 0, 16, 1], "rotation": 270, "texture": "#3"},
				"up": {"uv": [0, 0, 16, 1], "rotation": 270, "texture": "#3"},
				"down": {"uv": [0, 0, 16, 1], "rotation": 270, "texture": "#3"}
			}
		},
		{
			"from": [11.5, 4.8, 1.6],
			"to": [11.9, 6, 9.2],
			"rotation": {"angle": 0, "axis": "y", "origin": [0, 3, 0]},
			"faces": {
				"north": {"uv": [0, 0, 16, 1], "rotation": 270, "texture": "#3"},
				"east": {"uv": [0, 0, 16, 1], "rotation": 270, "texture": "#3"},
				"south": {"uv": [0, 0, 16, 1], "rotation": 270, "texture": "#3"},
				"west": {"uv": [0, 0, 16, 1], "rotation": 270, "texture": "#3"},
				"up": {"uv": [0, 0, 16, 1], "rotation": 270, "texture": "#3"},
				"down": {"uv": [0, 0, 16, 1], "rotation": 270, "texture": "#3"}
			}
		},
		{
			"from": [10.9, 4.8, 1.3],
			"to": [11.8, 5.9, 1.6],
			"rotation": {"angle": 0, "axis": "y", "origin": [0, 3, 0]},
			"faces": {
				"north": {"uv": [0, 0, 16, 1], "rotation": 270, "texture": "#3"},
				"east": {"uv": [0, 0, 16, 1], "rotation": 270, "texture": "#3"},
				"south": {"uv": [0, 0, 16, 1], "rotation": 270, "texture": "#3"},
				"west": {"uv": [0, 0, 16, 1], "rotation": 270, "texture": "#3"},
				"up": {"uv": [0, 0, 16, 1], "rotation": 270, "texture": "#3"},
				"down": {"uv": [0, 0, 16, 1], "rotation": 270, "texture": "#3"}
			}
		},
		{
			"from": [10.5, 4.4, 0.6],
			"to": [11.2, 5.3, 0.8],
			"rotation": {"angle": 0, "axis": "y", "origin": [0, 3, 0]},
			"faces": {
				"north": {"uv": [0, 0, 16, 1], "rotation": 270, "texture": "#3"},
				"east": {"uv": [0, 0, 16, 1], "rotation": 270, "texture": "#3"},
				"south": {"uv": [0, 0, 16, 1], "rotation": 270, "texture": "#3"},
				"west": {"uv": [0, 0, 16, 1], "rotation": 270, "texture": "#3"},
				"up": {"uv": [0, 0, 16, 1], "rotation": 270, "texture": "#3"},
				"down": {"uv": [0, 0, 16, 1], "rotation": 270, "texture": "#3"}
			}
		},
		{
			"from": [10.6, 4.6, 0.8],
			"to": [11.5, 5.6, 1.3],
			"rotation": {"angle": 0, "axis": "y", "origin": [0, 3, 0]},
			"faces": {
				"north": {"uv": [0, 0, 16, 1], "rotation": 270, "texture": "#3"},
				"east": {"uv": [0, 0, 16, 1], "rotation": 270, "texture": "#3"},
				"south": {"uv": [0, 0, 16, 1], "rotation": 270, "texture": "#3"},
				"west": {"uv": [0, 0, 16, 1], "rotation": 270, "texture": "#3"},
				"up": {"uv": [0, 0, 16, 1], "rotation": 270, "texture": "#3"},
				"down": {"uv": [0, 0, 16, 1], "rotation": 270, "texture": "#3"}
			}
		},
		{
			"from": [9.5, 4.3, 0.4],
			"to": [10.9, 4.8, 0.6],
			"rotation": {"angle": 0, "axis": "y", "origin": [0, 3, 0]},
			"faces": {
				"north": {"uv": [0, 0, 16, 1], "rotation": 270, "texture": "#3"},
				"east": {"uv": [0, 0, 16, 1], "rotation": 270, "texture": "#3"},
				"south": {"uv": [0, 0, 16, 1], "rotation": 270, "texture": "#3"},
				"west": {"uv": [0, 0, 16, 1], "rotation": 270, "texture": "#3"},
				"up": {"uv": [0, 0, 16, 1], "rotation": 270, "texture": "#3"},
				"down": {"uv": [0, 0, 16, 1], "rotation": 270, "texture": "#3"}
			}
		},
		{
			"from": [5.4, 10.3, 3.8],
			"to": [10.3, 11.6, 10],
			"rotation": {"angle": 0, "axis": "y", "origin": [0, 3, 0]},
			"faces": {
				"north": {"uv": [6, 5, 9, 8], "rotation": 270, "texture": "#2"},
				"east": {"uv": [6, 5, 9, 8], "rotation": 270, "texture": "#2"},
				"south": {"uv": [6, 5, 9, 8], "rotation": 270, "texture": "#2"},
				"west": {"uv": [6, 5, 9, 8], "rotation": 270, "texture": "#2"},
				"up": {"uv": [6, 5, 9, 8], "rotation": 270, "texture": "#2"},
				"down": {"uv": [6, 5, 9, 8], "rotation": 270, "texture": "#2"}
			}
		},
		{
			"from": [5.2, 2.6, 2.9],
			"to": [10.8, 7, 9.2],
			"rotation": {"angle": 0, "axis": "y", "origin": [0, 3, 0]},
			"faces": {
				"north": {"uv": [6, 5, 9, 8], "rotation": 270, "texture": "#2"},
				"east": {"uv": [6, 5, 9, 8], "rotation": 270, "texture": "#2"},
				"south": {"uv": [6, 5, 9, 8], "rotation": 270, "texture": "#2"},
				"west": {"uv": [6, 5, 9, 8], "rotation": 270, "texture": "#2"},
				"up": {"uv": [6, 5, 9, 8], "rotation": 270, "texture": "#2"},
				"down": {"uv": [6, 5, 9, 8], "rotation": 270, "texture": "#2"}
			}
		},
		{
			"from": [10.1, 4.2, 4.1],
			"to": [12.4, 6.6, 8.2],
			"rotation": {"angle": 0, "axis": "y", "origin": [0, 3, 0]},
			"faces": {
				"north": {"uv": [0, 0, 16, 1], "rotation": 270, "texture": "#3"},
				"east": {"uv": [0, 0, 16, 1], "rotation": 270, "texture": "#3"},
				"south": {"uv": [0, 0, 16, 1], "rotation": 270, "texture": "#3"},
				"west": {"uv": [0, 0, 16, 1], "rotation": 270, "texture": "#3"},
				"up": {"uv": [0, 0, 16, 1], "rotation": 270, "texture": "#3"},
				"down": {"uv": [0, 0, 16, 1], "rotation": 270, "texture": "#3"}
			}
		},
		{
			"from": [3.4, 4.2, 4.1],
			"to": [4.9, 6.6, 8.2],
			"rotation": {"angle": 0, "axis": "y", "origin": [0, 3, 0]},
			"faces": {
				"north": {"uv": [0, 0, 16, 1], "rotation": 270, "texture": "#3"},
				"east": {"uv": [0, 0, 16, 1], "rotation": 270, "texture": "#3"},
				"south": {"uv": [0, 0, 16, 1], "rotation": 270, "texture": "#3"},
				"west": {"uv": [0, 0, 16, 1], "rotation": 270, "texture": "#3"},
				"up": {"uv": [0, 0, 16, 1], "rotation": 270, "texture": "#3"},
				"down": {"uv": [0, 0, 16, 1], "rotation": 270, "texture": "#3"}
			}
		},
		{
			"from": [4.7, 9.3, 2.7],
			"to": [11.2, 10, 11.4],
			"rotation": {"angle": 0, "axis": "y", "origin": [0, 3, 0]},
			"faces": {
				"north": {"uv": [6, 5, 9, 8], "rotation": 270, "texture": "#2"},
				"east": {"uv": [6, 5, 9, 8], "rotation": 270, "texture": "#2"},
				"south": {"uv": [6, 5, 9, 8], "rotation": 270, "texture": "#2"},
				"west": {"uv": [6, 5, 9, 8], "rotation": 270, "texture": "#2"},
				"up": {"uv": [6, 5, 9, 8], "rotation": 270, "texture": "#2"},
				"down": {"uv": [6, 5, 9, 8], "rotation": 270, "texture": "#2"}
			}
		},
		{
			"from": [7, 8.9, 1.6],
			"to": [8.9, 9.6, 3.1],
			"rotation": {"angle": 0, "axis": "y", "origin": [0, 3, 0]},
			"faces": {
				"north": {"uv": [6, 5, 9, 8], "rotation": 270, "texture": "#2"},
				"east": {"uv": [6, 5, 9, 8], "rotation": 270, "texture": "#2"},
				"south": {"uv": [6, 5, 9, 8], "rotation": 270, "texture": "#2"},
				"west": {"uv": [6, 5, 9, 8], "rotation": 270, "texture": "#2"},
				"up": {"uv": [6, 5, 9, 8], "rotation": 270, "texture": "#2"},
				"down": {"uv": [6, 5, 9, 8], "rotation": 270, "texture": "#2"}
			}
		},
		{
			"from": [7.1, 9.6, 2],
			"to": [8.8, 10.2, 3.4],
			"rotation": {"angle": 0, "axis": "y", "origin": [0, 3, 0]},
			"faces": {
				"north": {"uv": [6, 5, 9, 8], "rotation": 270, "texture": "#2"},
				"east": {"uv": [6, 5, 9, 8], "rotation": 270, "texture": "#2"},
				"south": {"uv": [6, 5, 9, 8], "rotation": 270, "texture": "#2"},
				"west": {"uv": [6, 5, 9, 8], "rotation": 270, "texture": "#2"},
				"up": {"uv": [6, 5, 9, 8], "rotation": 270, "texture": "#2"},
				"down": {"uv": [6, 5, 9, 8], "rotation": 270, "texture": "#2"}
			}
		},
		{
			"from": [7.2, 10.3, 2.3],
			"to": [8.7, 10.6, 3.4],
			"rotation": {"angle": 0, "axis": "y", "origin": [0, 3, 0]},
			"faces": {
				"north": {"uv": [6, 5, 9, 8], "rotation": 270, "texture": "#2"},
				"east": {"uv": [6, 5, 9, 8], "rotation": 270, "texture": "#2"},
				"south": {"uv": [6, 5, 9, 8], "rotation": 270, "texture": "#2"},
				"west": {"uv": [6, 5, 9, 8], "rotation": 270, "texture": "#2"},
				"up": {"uv": [6, 5, 9, 8], "rotation": 270, "texture": "#2"},
				"down": {"uv": [6, 5, 9, 8], "rotation": 270, "texture": "#2"}
			}
		},
		{
			"from": [6, 5, 1.3],
			"to": [10.1, 6.8, 1.7],
			"rotation": {"angle": 0, "axis": "y", "origin": [0, 3, 0]},
			"faces": {
				"north": {"uv": [6, 5, 9, 8], "rotation": 270, "texture": "#2"},
				"east": {"uv": [6, 5, 9, 8], "rotation": 270, "texture": "#2"},
				"south": {"uv": [6, 5, 9, 8], "rotation": 270, "texture": "#2"},
				"west": {"uv": [6, 5, 9, 8], "rotation": 270, "texture": "#2"},
				"up": {"uv": [6, 5, 9, 8], "rotation": 270, "texture": "#2"},
				"down": {"uv": [6, 5, 9, 8], "rotation": 270, "texture": "#2"}
			}
		},
		{
			"from": [6.5, 5, 1],
			"to": [9.7, 6.8, 1.7],
			"rotation": {"angle": 0, "axis": "y", "origin": [0, 3, 0]},
			"faces": {
				"north": {"uv": [6, 5, 9, 8], "rotation": 270, "texture": "#2"},
				"east": {"uv": [6, 5, 9, 8], "rotation": 270, "texture": "#2"},
				"south": {"uv": [6, 5, 9, 8], "rotation": 270, "texture": "#2"},
				"west": {"uv": [6, 5, 9, 8], "rotation": 270, "texture": "#2"},
				"up": {"uv": [6, 5, 9, 8], "rotation": 270, "texture": "#2"},
				"down": {"uv": [6, 5, 9, 8], "rotation": 270, "texture": "#2"}
			}
		},
		{
			"from": [10.1, 4.4, 1.8],
			"to": [12, 5.2, 3.1],
			"rotation": {"angle": 22.5, "axis": "z", "origin": [0, 3, 0]},
			"faces": {
				"north": {"uv": [6, 5, 9, 8], "rotation": 270, "texture": "#2"},
				"east": {"uv": [6, 5, 9, 8], "rotation": 270, "texture": "#2"},
				"south": {"uv": [6, 5, 9, 8], "rotation": 270, "texture": "#2"},
				"west": {"uv": [6, 5, 9, 8], "rotation": 270, "texture": "#2"},
				"up": {"uv": [6, 5, 9, 8], "rotation": 270, "texture": "#2"},
				"down": {"uv": [6, 5, 9, 8], "rotation": 270, "texture": "#2"}
			}
		},
		{
			"from": [2.6, 10.5, 1.8],
			"to": [4.5, 11.3, 3.1],
			"rotation": {"angle": -22.5, "axis": "z", "origin": [0, 3, 0]},
			"faces": {
				"north": {"uv": [6, 5, 9, 8], "rotation": 270, "texture": "#2"},
				"east": {"uv": [6, 5, 9, 8], "rotation": 270, "texture": "#2"},
				"south": {"uv": [6, 5, 9, 8], "rotation": 270, "texture": "#2"},
				"west": {"uv": [6, 5, 9, 8], "rotation": 270, "texture": "#2"},
				"up": {"uv": [6, 5, 9, 8], "rotation": 270, "texture": "#2"},
				"down": {"uv": [6, 5, 9, 8], "rotation": 270, "texture": "#2"}
			}
		},
		{
			"from": [10.6, 2.6, 1.4],
			"to": [11.3, 3, 3.1],
			"rotation": {"angle": 22.5, "axis": "z", "origin": [0, 3, 0]},
			"faces": {
				"north": {"uv": [6, 5, 9, 8], "rotation": 270, "texture": "#2"},
				"east": {"uv": [6, 5, 9, 8], "rotation": 270, "texture": "#2"},
				"south": {"uv": [6, 5, 9, 8], "rotation": 270, "texture": "#2"},
				"west": {"uv": [6, 5, 9, 8], "rotation": 270, "texture": "#2"},
				"up": {"uv": [6, 5, 9, 8], "rotation": 270, "texture": "#2"},
				"down": {"uv": [6, 5, 9, 8], "rotation": 270, "texture": "#2"}
			}
		},
		{
			"from": [3.4, 8.7, 1.4],
			"to": [4.2, 9.1, 3.1],
			"rotation": {"angle": -22.5, "axis": "z", "origin": [0, 3, 0]},
			"faces": {
				"north": {"uv": [6, 5, 9, 8], "rotation": 270, "texture": "#2"},
				"east": {"uv": [6, 5, 9, 8], "rotation": 270, "texture": "#2"},
				"south": {"uv": [6, 5, 9, 8], "rotation": 270, "texture": "#2"},
				"west": {"uv": [6, 5, 9, 8], "rotation": 270, "texture": "#2"},
				"up": {"uv": [6, 5, 9, 8], "rotation": 270, "texture": "#2"},
				"down": {"uv": [6, 5, 9, 8], "rotation": 270, "texture": "#2"}
			}
		},
		{
			"from": [9.1, 3.8, 0],
			"to": [9.5, 5.5, 0.4],
			"rotation": {"angle": 0, "axis": "y", "origin": [0, 4.4, 0]},
			"faces": {
				"north": {"uv": [4, 5, 12, 11], "rotation": 270, "texture": "#3"},
				"east": {"uv": [6, 5, 9, 8], "rotation": 270, "texture": "#2"},
				"south": {"uv": [6, 5, 9, 8], "rotation": 270, "texture": "#2"},
				"west": {"uv": [6, 5, 9, 8], "rotation": 270, "texture": "#2"},
				"up": {"uv": [6, 5, 9, 8], "rotation": 270, "texture": "#2"},
				"down": {"uv": [6, 5, 9, 8], "rotation": 270, "texture": "#2"}
			}
		},
		{
			"from": [7.8, 4.3, 0],
			"to": [8.2, 6.1, 0.4],
			"rotation": {"angle": 0, "axis": "y", "origin": [0, 4.4, 0]},
			"faces": {
				"north": {"uv": [4, 5, 12, 11], "rotation": 270, "texture": "#3"},
				"east": {"uv": [6, 5, 9, 8], "rotation": 270, "texture": "#2"},
				"south": {"uv": [6, 5, 9, 8], "rotation": 270, "texture": "#2"},
				"west": {"uv": [6, 5, 9, 8], "rotation": 270, "texture": "#2"},
				"up": {"uv": [6, 5, 9, 8], "rotation": 270, "texture": "#2"},
				"down": {"uv": [6, 5, 9, 8], "rotation": 270, "texture": "#2"}
			}
		},
		{
			"from": [6.6, 3.8, 0],
			"to": [7, 5.5, 0.4],
			"rotation": {"angle": 0, "axis": "y", "origin": [0, 4.4, 0]},
			"faces": {
				"north": {"uv": [4, 5, 12, 11], "rotation": 270, "texture": "#3"},
				"east": {"uv": [6, 5, 9, 8], "rotation": 270, "texture": "#2"},
				"south": {"uv": [6, 5, 9, 8], "rotation": 270, "texture": "#2"},
				"west": {"uv": [6, 5, 9, 8], "rotation": 270, "texture": "#2"},
				"up": {"uv": [6, 5, 9, 8], "rotation": 270, "texture": "#2"},
				"down": {"uv": [6, 5, 9, 8], "rotation": 270, "texture": "#2"}
			}
		},
		{
			"from": [6.6, 5, 0],
			"to": [9.5, 5.5, 0.4],
			"rotation": {"angle": 0, "axis": "y", "origin": [0, 4.4, 0]},
			"faces": {
				"north": {"uv": [4, 5, 12, 11], "rotation": 270, "texture": "#3"},
				"east": {"uv": [6, 5, 9, 8], "rotation": 270, "texture": "#2"},
				"south": {"uv": [6, 5, 9, 8], "rotation": 270, "texture": "#2"},
				"west": {"uv": [6, 5, 9, 8], "rotation": 270, "texture": "#2"},
				"up": {"uv": [6, 5, 9, 8], "rotation": 270, "texture": "#2"},
				"down": {"uv": [6, 5, 9, 8], "rotation": 270, "texture": "#2"}
			}
		},
		{
			"from": [6.6, 3.8, 0],
			"to": [9.5, 4.3, 0.4],
			"rotation": {"angle": 0, "axis": "y", "origin": [0, 4.4, 0]},
			"faces": {
				"north": {"uv": [4, 5, 12, 11], "rotation": 270, "texture": "#3"},
				"east": {"uv": [6, 5, 9, 8], "rotation": 270, "texture": "#2"},
				"south": {"uv": [6, 5, 9, 8], "rotation": 270, "texture": "#2"},
				"west": {"uv": [6, 5, 9, 8], "rotation": 270, "texture": "#2"},
				"up": {"uv": [6, 5, 9, 8], "rotation": 270, "texture": "#2"},
				"down": {"uv": [6, 5, 9, 8], "rotation": 270, "texture": "#2"}
			}
		},
		{
			"from": [8.4, 4.2, 0],
			"to": [8.8, 5.9, 0.4],
			"rotation": {"angle": 0, "axis": "y", "origin": [0, 4.4, 0]},
			"faces": {
				"north": {"uv": [4, 5, 12, 11], "rotation": 270, "texture": "#3"},
				"east": {"uv": [6, 5, 9, 8], "rotation": 270, "texture": "#2"},
				"south": {"uv": [6, 5, 9, 8], "rotation": 270, "texture": "#2"},
				"west": {"uv": [6, 5, 9, 8], "rotation": 270, "texture": "#2"},
				"up": {"uv": [6, 5, 9, 8], "rotation": 270, "texture": "#2"},
				"down": {"uv": [6, 5, 9, 8], "rotation": 270, "texture": "#2"}
			}
		},
		{
			"from": [7.2, 4.2, 0],
			"to": [7.6, 5.9, 0.4],
			"rotation": {"angle": 0, "axis": "y", "origin": [0, 4.4, 0]},
			"faces": {
				"north": {"uv": [4, 5, 12, 11], "rotation": 270, "texture": "#3"},
				"east": {"uv": [6, 5, 9, 8], "rotation": 270, "texture": "#2"},
				"south": {"uv": [6, 5, 9, 8], "rotation": 270, "texture": "#2"},
				"west": {"uv": [6, 5, 9, 8], "rotation": 270, "texture": "#2"},
				"up": {"uv": [6, 5, 9, 8], "rotation": 270, "texture": "#2"},
				"down": {"uv": [6, 5, 9, 8], "rotation": 270, "texture": "#2"}
			}
		},
		{
			"from": [7.5, -3.4, 4],
			"to": [8.5, 3.2, 4.8],
			"rotation": {"angle": 0, "axis": "y", "origin": [0, 0, 2.6]},
			"faces": {
				"north": {"uv": [6, 5, 9, 8], "rotation": 270, "texture": "#2"},
				"east": {"uv": [6, 5, 9, 8], "rotation": 270, "texture": "#2"},
				"south": {"uv": [6, 5, 9, 8], "rotation": 270, "texture": "#2"},
				"west": {"uv": [6, 5, 9, 8], "rotation": 270, "texture": "#2"},
				"up": {"uv": [6, 5, 9, 8], "rotation": 270, "texture": "#2"},
				"down": {"uv": [6, 5, 9, 8], "rotation": 270, "texture": "#2"}
			}
		},
		{
			"from": [7.703, -1.096, 2.61],
			"to": [8.297, 1.5, 3.27],
			"rotation": {"angle": 0, "axis": "y", "origin": [5.36, -4, 0.96]},
			"faces": {
				"north": {"uv": [6, 5, 9, 8], "rotation": 270, "texture": "#2"},
				"east": {"uv": [6, 5, 9, 8], "rotation": 270, "texture": "#2"},
				"south": {"uv": [6, 5, 9, 8], "rotation": 270, "texture": "#2"},
				"west": {"uv": [6, 5, 9, 8], "rotation": 270, "texture": "#2"},
				"up": {"uv": [6, 5, 9, 8], "rotation": 270, "texture": "#2"},
				"down": {"uv": [6, 5, 9, 8], "rotation": 270, "texture": "#2"}
			}
		},
		{
			"from": [7.802, 1.5, 2.61],
			"to": [8.198, 2.457, 3.27],
			"rotation": {"angle": 0, "axis": "y", "origin": [5.36, -4, 0.96]},
			"faces": {
				"north": {"uv": [6, 5, 9, 8], "rotation": 270, "texture": "#2"},
				"east": {"uv": [6, 5, 9, 8], "rotation": 270, "texture": "#2"},
				"south": {"uv": [6, 5, 9, 8], "rotation": 270, "texture": "#2"},
				"west": {"uv": [6, 5, 9, 8], "rotation": 270, "texture": "#2"},
				"up": {"uv": [6, 5, 9, 8], "rotation": 270, "texture": "#2"},
				"down": {"uv": [6, 5, 9, 8], "rotation": 270, "texture": "#2"}
			}
		},
		{
			"from": [7.736, 1.5, 2.61],
			"to": [8.264, 2.259, 3.27],
			"rotation": {"angle": 0, "axis": "y", "origin": [5.36, -4, 0.96]},
			"faces": {
				"north": {"uv": [6, 5, 9, 8], "rotation": 270, "texture": "#2"},
				"east": {"uv": [6, 5, 9, 8], "rotation": 270, "texture": "#2"},
				"south": {"uv": [6, 5, 9, 8], "rotation": 270, "texture": "#2"},
				"west": {"uv": [6, 5, 9, 8], "rotation": 270, "texture": "#2"},
				"up": {"uv": [6, 5, 9, 8], "rotation": 270, "texture": "#2"},
				"down": {"uv": [6, 5, 9, 8], "rotation": 270, "texture": "#2"}
			}
		},
		{
			"from": [7.67, 1.5, 2.61],
			"to": [8.33, 2.061, 3.27],
			"rotation": {"angle": 0, "axis": "y", "origin": [5.36, -4, 0.96]},
			"faces": {
				"north": {"uv": [6, 5, 9, 8], "rotation": 270, "texture": "#2"},
				"east": {"uv": [6, 5, 9, 8], "rotation": 270, "texture": "#2"},
				"south": {"uv": [6, 5, 9, 8], "rotation": 270, "texture": "#2"},
				"west": {"uv": [6, 5, 9, 8], "rotation": 270, "texture": "#2"},
				"up": {"uv": [6, 5, 9, 8], "rotation": 270, "texture": "#2"},
				"down": {"uv": [6, 5, 9, 8], "rotation": 270, "texture": "#2"}
			}
		},
		{
			"from": [7.604, 1.5, 2.61],
			"to": [8.396, 1.896, 3.27],
			"rotation": {"angle": 0, "axis": "y", "origin": [5.36, -4, 0.96]},
			"faces": {
				"north": {"uv": [6, 5, 9, 8], "rotation": 270, "texture": "#2"},
				"east": {"uv": [6, 5, 9, 8], "rotation": 270, "texture": "#2"},
				"south": {"uv": [6, 5, 9, 8], "rotation": 270, "texture": "#2"},
				"west": {"uv": [6, 5, 9, 8], "rotation": 270, "texture": "#2"},
				"up": {"uv": [6, 5, 9, 8], "rotation": 270, "texture": "#2"},
				"down": {"uv": [6, 5, 9, 8], "rotation": 270, "texture": "#2"}
			}
		},
		{
			"from": [7.538, 1.5, 2.61],
			"to": [8.462, 1.731, 3.27],
			"rotation": {"angle": 0, "axis": "y", "origin": [5.36, -4, 0.96]},
			"faces": {
				"north": {"uv": [6, 5, 9, 8], "rotation": 270, "texture": "#2"},
				"east": {"uv": [6, 5, 9, 8], "rotation": 270, "texture": "#2"},
				"south": {"uv": [6, 5, 9, 8], "rotation": 270, "texture": "#2"},
				"west": {"uv": [6, 5, 9, 8], "rotation": 270, "texture": "#2"},
				"up": {"uv": [6, 5, 9, 8], "rotation": 270, "texture": "#2"},
				"down": {"uv": [6, 5, 9, 8], "rotation": 270, "texture": "#2"}
			}
		},
		{
			"from": [7.505, 1.4, 2.61],
			"to": [8.495, 1.533, 3.27],
			"rotation": {"angle": 0, "axis": "y", "origin": [5.36, -4, 0.96]},
			"faces": {
				"north": {"uv": [6, 5, 9, 8], "rotation": 270, "texture": "#2"},
				"east": {"uv": [6, 5, 9, 8], "rotation": 270, "texture": "#2"},
				"south": {"uv": [6, 5, 9, 8], "rotation": 270, "texture": "#2"},
				"west": {"uv": [6, 5, 9, 8], "rotation": 270, "texture": "#2"},
				"up": {"uv": [6, 5, 9, 8], "rotation": 270, "texture": "#2"},
				"down": {"uv": [6, 5, 9, 8], "rotation": 270, "texture": "#2"}
			}
		},
		{
			"from": [7.868, 1.5, 2.61],
			"to": [8.132, 2.589, 3.27],
			"rotation": {"angle": 0, "axis": "y", "origin": [5.36, -4, 0.96]},
			"faces": {
				"north": {"uv": [6, 5, 9, 8], "rotation": 270, "texture": "#2"},
				"east": {"uv": [6, 5, 9, 8], "rotation": 270, "texture": "#2"},
				"south": {"uv": [6, 5, 9, 8], "rotation": 270, "texture": "#2"},
				"west": {"uv": [6, 5, 9, 8], "rotation": 270, "texture": "#2"},
				"up": {"uv": [6, 5, 9, 8], "rotation": 270, "texture": "#2"},
				"down": {"uv": [6, 5, 9, 8], "rotation": 270, "texture": "#2"}
			}
		},
		{
			"from": [4.613, -2.317, 2.61],
			"to": [7.043, -1.723, 3.27],
			"rotation": {"angle": 0, "axis": "y", "origin": [5.36, -4, 6.24]},
			"faces": {
				"north": {"uv": [5, 7, 8, 10], "rotation": 270, "texture": "#1"},
				"east": {"uv": [6, 5, 9, 8], "rotation": 270, "texture": "#2"},
				"south": {"uv": [6, 5, 9, 8], "rotation": 270, "texture": "#2"},
				"west": {"uv": [6, 5, 9, 8], "rotation": 270, "texture": "#2"},
				"up": {"uv": [6, 5, 9, 8], "rotation": 270, "texture": "#2"},
				"down": {"uv": [6, 5, 9, 8], "rotation": 270, "texture": "#2"}
			}
		},
		{
			"from": [3.656, -2.218, 2.61],
			"to": [4.613, -1.822, 3.27],
			"rotation": {"angle": 0, "axis": "y", "origin": [5.36, -4, 6.24]},
			"faces": {
				"north": {"uv": [6, 5, 9, 8], "rotation": 270, "texture": "#2"},
				"east": {"uv": [6, 5, 9, 8], "rotation": 270, "texture": "#2"},
				"south": {"uv": [6, 5, 9, 8], "rotation": 270, "texture": "#2"},
				"west": {"uv": [6, 5, 9, 8], "rotation": 270, "texture": "#2"},
				"up": {"uv": [6, 5, 9, 8], "rotation": 270, "texture": "#2"},
				"down": {"uv": [6, 5, 9, 8], "rotation": 270, "texture": "#2"}
			}
		},
		{
			"from": [3.854, -2.284, 2.61],
			"to": [4.613, -1.756, 3.27],
			"rotation": {"angle": 0, "axis": "y", "origin": [5.36, -4, 6.24]},
			"faces": {
				"north": {"uv": [6, 5, 9, 8], "rotation": 270, "texture": "#2"},
				"east": {"uv": [6, 5, 9, 8], "rotation": 270, "texture": "#2"},
				"south": {"uv": [6, 5, 9, 8], "rotation": 270, "texture": "#2"},
				"west": {"uv": [6, 5, 9, 8], "rotation": 270, "texture": "#2"},
				"up": {"uv": [6, 5, 9, 8], "rotation": 270, "texture": "#2"},
				"down": {"uv": [6, 5, 9, 8], "rotation": 270, "texture": "#2"}
			}
		},
		{
			"from": [4.052, -2.35, 2.61],
			"to": [4.613, -1.69, 3.27],
			"rotation": {"angle": 0, "axis": "y", "origin": [5.36, -4, 6.24]},
			"faces": {
				"north": {"uv": [6, 5, 9, 8], "rotation": 270, "texture": "#2"},
				"east": {"uv": [6, 5, 9, 8], "rotation": 270, "texture": "#2"},
				"south": {"uv": [6, 5, 9, 8], "rotation": 270, "texture": "#2"},
				"west": {"uv": [6, 5, 9, 8], "rotation": 270, "texture": "#2"},
				"up": {"uv": [6, 5, 9, 8], "rotation": 270, "texture": "#2"},
				"down": {"uv": [6, 5, 9, 8], "rotation": 270, "texture": "#2"}
			}
		},
		{
			"from": [4.217, -2.416, 2.61],
			"to": [4.613, -1.624, 3.27],
			"rotation": {"angle": 0, "axis": "y", "origin": [5.36, -4, 6.24]},
			"faces": {
				"north": {"uv": [6, 5, 9, 8], "rotation": 270, "texture": "#2"},
				"east": {"uv": [6, 5, 9, 8], "rotation": 270, "texture": "#2"},
				"south": {"uv": [6, 5, 9, 8], "rotation": 270, "texture": "#2"},
				"west": {"uv": [6, 5, 9, 8], "rotation": 270, "texture": "#2"},
				"up": {"uv": [6, 5, 9, 8], "rotation": 270, "texture": "#2"},
				"down": {"uv": [6, 5, 9, 8], "rotation": 270, "texture": "#2"}
			}
		},
		{
			"from": [4.382, -2.482, 2.61],
			"to": [4.613, -1.558, 3.27],
			"rotation": {"angle": 0, "axis": "y", "origin": [5.36, -4, 6.24]},
			"faces": {
				"north": {"uv": [6, 5, 9, 8], "rotation": 270, "texture": "#2"},
				"east": {"uv": [6, 5, 9, 8], "rotation": 270, "texture": "#2"},
				"south": {"uv": [6, 5, 9, 8], "rotation": 270, "texture": "#2"},
				"west": {"uv": [6, 5, 9, 8], "rotation": 270, "texture": "#2"},
				"up": {"uv": [6, 5, 9, 8], "rotation": 270, "texture": "#2"},
				"down": {"uv": [6, 5, 9, 8], "rotation": 270, "texture": "#2"}
			}
		},
		{
			"from": [4.58, -2.515, 2.61],
			"to": [4.713, -1.525, 3.27],
			"rotation": {"angle": 0, "axis": "y", "origin": [5.36, -4, 6.24]},
			"faces": {
				"north": {"uv": [6, 5, 9, 8], "rotation": 270, "texture": "#2"},
				"east": {"uv": [6, 5, 9, 8], "rotation": 270, "texture": "#2"},
				"south": {"uv": [6, 5, 9, 8], "rotation": 270, "texture": "#2"},
				"west": {"uv": [6, 5, 9, 8], "rotation": 270, "texture": "#2"},
				"up": {"uv": [6, 5, 9, 8], "rotation": 270, "texture": "#2"},
				"down": {"uv": [6, 5, 9, 8], "rotation": 270, "texture": "#2"}
			}
		},
		{
			"from": [3.524, -2.152, 2.61],
			"to": [4.613, -1.888, 3.27],
			"rotation": {"angle": 0, "axis": "y", "origin": [5.36, -4, 6.24]},
			"faces": {
				"north": {"uv": [6, 5, 9, 8], "rotation": 270, "texture": "#2"},
				"east": {"uv": [6, 5, 9, 8], "rotation": 270, "texture": "#2"},
				"south": {"uv": [6, 5, 9, 8], "rotation": 270, "texture": "#2"},
				"west": {"uv": [6, 5, 9, 8], "rotation": 270, "texture": "#2"},
				"up": {"uv": [6, 5, 9, 8], "rotation": 270, "texture": "#2"},
				"down": {"uv": [6, 5, 9, 8], "rotation": 270, "texture": "#2"}
			}
		},
		{
			"from": [5.525, 0.224, 2.61],
			"to": [6.119, 2.92, 3.27],
			"rotation": {"angle": -45, "axis": "z", "origin": [5.36, -4, 0.96]},
			"faces": {
				"north": {"uv": [6, 5, 9, 8], "rotation": 270, "texture": "#2"},
				"east": {"uv": [6, 5, 9, 8], "rotation": 270, "texture": "#2"},
				"south": {"uv": [6, 5, 9, 8], "rotation": 270, "texture": "#2"},
				"west": {"uv": [6, 5, 9, 8], "rotation": 270, "texture": "#2"},
				"up": {"uv": [6, 5, 9, 8], "rotation": 270, "texture": "#2"},
				"down": {"uv": [6, 5, 9, 8], "rotation": 270, "texture": "#2"}
			}
		},
		{
			"from": [5.624, 3.02, 2.61],
			"to": [6.02, 3.977, 3.27],
			"rotation": {"angle": -45, "axis": "z", "origin": [5.36, -4, 0.96]},
			"faces": {
				"north": {"uv": [6, 5, 9, 8], "rotation": 270, "texture": "#2"},
				"east": {"uv": [6, 5, 9, 8], "rotation": 270, "texture": "#2"},
				"south": {"uv": [6, 5, 9, 8], "rotation": 270, "texture": "#2"},
				"west": {"uv": [6, 5, 9, 8], "rotation": 270, "texture": "#2"},
				"up": {"uv": [6, 5, 9, 8], "rotation": 270, "texture": "#2"},
				"down": {"uv": [6, 5, 9, 8], "rotation": 270, "texture": "#2"}
			}
		},
		{
			"from": [5.558, 3.02, 2.61],
			"to": [6.086, 3.779, 3.27],
			"rotation": {"angle": -45, "axis": "z", "origin": [5.36, -4, 0.96]},
			"faces": {
				"north": {"uv": [6, 5, 9, 8], "rotation": 270, "texture": "#2"},
				"east": {"uv": [6, 5, 9, 8], "rotation": 270, "texture": "#2"},
				"south": {"uv": [6, 5, 9, 8], "rotation": 270, "texture": "#2"},
				"west": {"uv": [6, 5, 9, 8], "rotation": 270, "texture": "#2"},
				"up": {"uv": [6, 5, 9, 8], "rotation": 270, "texture": "#2"},
				"down": {"uv": [6, 5, 9, 8], "rotation": 270, "texture": "#2"}
			}
		},
		{
			"from": [5.492, 3.02, 2.61],
			"to": [6.152, 3.581, 3.27],
			"rotation": {"angle": -45, "axis": "z", "origin": [5.36, -4, 0.96]},
			"faces": {
				"north": {"uv": [6, 5, 9, 8], "rotation": 270, "texture": "#2"},
				"east": {"uv": [6, 5, 9, 8], "rotation": 270, "texture": "#2"},
				"south": {"uv": [6, 5, 9, 8], "rotation": 270, "texture": "#2"},
				"west": {"uv": [6, 5, 9, 8], "rotation": 270, "texture": "#2"},
				"up": {"uv": [6, 5, 9, 8], "rotation": 270, "texture": "#2"},
				"down": {"uv": [6, 5, 9, 8], "rotation": 270, "texture": "#2"}
			}
		},
		{
			"from": [5.426, 3.02, 2.61],
			"to": [6.218, 3.416, 3.27],
			"rotation": {"angle": -45, "axis": "z", "origin": [5.36, -4, 0.96]},
			"faces": {
				"north": {"uv": [6, 5, 9, 8], "rotation": 270, "texture": "#2"},
				"east": {"uv": [6, 5, 9, 8], "rotation": 270, "texture": "#2"},
				"south": {"uv": [6, 5, 9, 8], "rotation": 270, "texture": "#2"},
				"west": {"uv": [6, 5, 9, 8], "rotation": 270, "texture": "#2"},
				"up": {"uv": [6, 5, 9, 8], "rotation": 270, "texture": "#2"},
				"down": {"uv": [6, 5, 9, 8], "rotation": 270, "texture": "#2"}
			}
		},
		{
			"from": [5.36, 3.02, 2.61],
			"to": [6.284, 3.251, 3.27],
			"rotation": {"angle": -45, "axis": "z", "origin": [5.36, -4, 0.96]},
			"faces": {
				"north": {"uv": [6, 5, 9, 8], "rotation": 270, "texture": "#2"},
				"east": {"uv": [6, 5, 9, 8], "rotation": 270, "texture": "#2"},
				"south": {"uv": [6, 5, 9, 8], "rotation": 270, "texture": "#2"},
				"west": {"uv": [6, 5, 9, 8], "rotation": 270, "texture": "#2"},
				"up": {"uv": [6, 5, 9, 8], "rotation": 270, "texture": "#2"},
				"down": {"uv": [6, 5, 9, 8], "rotation": 270, "texture": "#2"}
			}
		},
		{
			"from": [5.327, 2.92, 2.61],
			"to": [6.317, 3.053, 3.27],
			"rotation": {"angle": -45, "axis": "z", "origin": [5.36, -4, 0.96]},
			"faces": {
				"north": {"uv": [6, 5, 9, 8], "rotation": 270, "texture": "#2"},
				"east": {"uv": [6, 5, 9, 8], "rotation": 270, "texture": "#2"},
				"south": {"uv": [6, 5, 9, 8], "rotation": 270, "texture": "#2"},
				"west": {"uv": [6, 5, 9, 8], "rotation": 270, "texture": "#2"},
				"up": {"uv": [6, 5, 9, 8], "rotation": 270, "texture": "#2"},
				"down": {"uv": [6, 5, 9, 8], "rotation": 270, "texture": "#2"}
			}
		},
		{
			"from": [5.69, 3.02, 2.61],
			"to": [5.954, 4.109, 3.27],
			"rotation": {"angle": -45, "axis": "z", "origin": [5.36, -4, 0.96]},
			"faces": {
				"north": {"uv": [6, 5, 9, 8], "rotation": 270, "texture": "#2"},
				"east": {"uv": [6, 5, 9, 8], "rotation": 270, "texture": "#2"},
				"south": {"uv": [6, 5, 9, 8], "rotation": 270, "texture": "#2"},
				"west": {"uv": [6, 5, 9, 8], "rotation": 270, "texture": "#2"},
				"up": {"uv": [6, 5, 9, 8], "rotation": 270, "texture": "#2"},
				"down": {"uv": [6, 5, 9, 8], "rotation": 270, "texture": "#2"}
			}
		},
		{
			"from": [8.99, -2.317, 2.61],
			"to": [11.486, -1.723, 3.27],
			"rotation": {"angle": 0, "axis": "y", "origin": [5.36, -4, 0.96]},
			"faces": {
				"north": {"uv": [0, 13, 3, 16], "rotation": 270, "texture": "#1"},
				"east": {"uv": [6, 5, 9, 8], "rotation": 270, "texture": "#2"},
				"south": {"uv": [6, 5, 9, 8], "rotation": 270, "texture": "#2"},
				"west": {"uv": [6, 5, 9, 8], "rotation": 270, "texture": "#2"},
				"up": {"uv": [6, 5, 9, 8], "rotation": 270, "texture": "#2"},
				"down": {"uv": [6, 5, 9, 8], "rotation": 270, "texture": "#2"}
			}
		},
		{
			"from": [11.586, -2.218, 2.61],
			"to": [12.543, -1.822, 3.27],
			"rotation": {"angle": 0, "axis": "y", "origin": [5.36, -4, 0.96]},
			"faces": {
				"north": {"uv": [0, 13, 3, 16], "rotation": 270, "texture": "#1"},
				"east": {"uv": [6, 5, 9, 8], "rotation": 270, "texture": "#2"},
				"south": {"uv": [6, 5, 9, 8], "rotation": 270, "texture": "#2"},
				"west": {"uv": [6, 5, 9, 8], "rotation": 270, "texture": "#2"},
				"up": {"uv": [6, 5, 9, 8], "rotation": 270, "texture": "#2"},
				"down": {"uv": [6, 5, 9, 8], "rotation": 270, "texture": "#2"}
			}
		},
		{
			"from": [11.586, -2.284, 2.61],
			"to": [12.345, -1.756, 3.27],
			"rotation": {"angle": 0, "axis": "y", "origin": [5.36, -4, 0.96]},
			"faces": {
				"north": {"uv": [6, 5, 9, 8], "rotation": 270, "texture": "#2"},
				"east": {"uv": [6, 5, 9, 8], "rotation": 270, "texture": "#2"},
				"south": {"uv": [6, 5, 9, 8], "rotation": 270, "texture": "#2"},
				"west": {"uv": [6, 5, 9, 8], "rotation": 270, "texture": "#2"},
				"up": {"uv": [6, 5, 9, 8], "rotation": 270, "texture": "#2"},
				"down": {"uv": [6, 5, 9, 8], "rotation": 270, "texture": "#2"}
			}
		},
		{
			"from": [11.586, -2.35, 2.61],
			"to": [12.147, -1.69, 3.27],
			"rotation": {"angle": 0, "axis": "y", "origin": [5.36, -4, 0.96]},
			"faces": {
				"north": {"uv": [6, 5, 9, 8], "rotation": 270, "texture": "#2"},
				"east": {"uv": [6, 5, 9, 8], "rotation": 270, "texture": "#2"},
				"south": {"uv": [6, 5, 9, 8], "rotation": 270, "texture": "#2"},
				"west": {"uv": [6, 5, 9, 8], "rotation": 270, "texture": "#2"},
				"up": {"uv": [6, 5, 9, 8], "rotation": 270, "texture": "#2"},
				"down": {"uv": [6, 5, 9, 8], "rotation": 270, "texture": "#2"}
			}
		},
		{
			"from": [11.586, -2.416, 2.61],
			"to": [11.982, -1.624, 3.27],
			"rotation": {"angle": 0, "axis": "y", "origin": [5.36, -4, 0.96]},
			"faces": {
				"north": {"uv": [6, 5, 9, 8], "rotation": 270, "texture": "#2"},
				"east": {"uv": [6, 5, 9, 8], "rotation": 270, "texture": "#2"},
				"south": {"uv": [6, 5, 9, 8], "rotation": 270, "texture": "#2"},
				"west": {"uv": [6, 5, 9, 8], "rotation": 270, "texture": "#2"},
				"up": {"uv": [6, 5, 9, 8], "rotation": 270, "texture": "#2"},
				"down": {"uv": [6, 5, 9, 8], "rotation": 270, "texture": "#2"}
			}
		},
		{
			"from": [11.586, -2.482, 2.61],
			"to": [11.817, -1.558, 3.27],
			"rotation": {"angle": 0, "axis": "y", "origin": [5.36, -4, 0.96]},
			"faces": {
				"north": {"uv": [0, 13, 3, 16], "rotation": 270, "texture": "#1"},
				"east": {"uv": [6, 5, 9, 8], "rotation": 270, "texture": "#2"},
				"south": {"uv": [6, 5, 9, 8], "rotation": 270, "texture": "#2"},
				"west": {"uv": [6, 5, 9, 8], "rotation": 270, "texture": "#2"},
				"up": {"uv": [6, 5, 9, 8], "rotation": 270, "texture": "#2"},
				"down": {"uv": [6, 5, 9, 8], "rotation": 270, "texture": "#2"}
			}
		},
		{
			"from": [11.486, -2.515, 2.61],
			"to": [11.619, -1.525, 3.27],
			"rotation": {"angle": 0, "axis": "y", "origin": [5.36, -4, 0.96]},
			"faces": {
				"north": {"uv": [6, 5, 9, 8], "rotation": 270, "texture": "#2"},
				"east": {"uv": [6, 5, 9, 8], "rotation": 270, "texture": "#2"},
				"south": {"uv": [6, 5, 9, 8], "rotation": 270, "texture": "#2"},
				"west": {"uv": [6, 5, 9, 8], "rotation": 270, "texture": "#2"},
				"up": {"uv": [6, 5, 9, 8], "rotation": 270, "texture": "#2"},
				"down": {"uv": [6, 5, 9, 8], "rotation": 270, "texture": "#2"}
			}
		},
		{
			"from": [11.586, -2.152, 2.61],
			"to": [12.675, -1.888, 3.27],
			"rotation": {"angle": 0, "axis": "y", "origin": [5.36, -4, 0.96]},
			"faces": {
				"north": {"uv": [6, 5, 9, 8], "rotation": 270, "texture": "#2"},
				"east": {"uv": [6, 5, 9, 8], "rotation": 270, "texture": "#2"},
				"south": {"uv": [6, 5, 9, 8], "rotation": 270, "texture": "#2"},
				"west": {"uv": [6, 5, 9, 8], "rotation": 270, "texture": "#2"},
				"up": {"uv": [6, 5, 9, 8], "rotation": 270, "texture": "#2"},
				"down": {"uv": [6, 5, 9, 8], "rotation": 270, "texture": "#2"}
			}
		},
		{
			"from": [6.911, -1.03, 2.61],
			"to": [9.407, -0.436, 3.27],
			"rotation": {"angle": -45, "axis": "z", "origin": [5.36, -4, 0.96]},
			"faces": {
				"north": {"uv": [5, 7, 8, 10], "rotation": 270, "texture": "#1"},
				"east": {"uv": [6, 5, 9, 8], "rotation": 270, "texture": "#2"},
				"south": {"uv": [6, 5, 9, 8], "rotation": 270, "texture": "#2"},
				"west": {"uv": [6, 5, 9, 8], "rotation": 270, "texture": "#2"},
				"up": {"uv": [6, 5, 9, 8], "rotation": 270, "texture": "#2"},
				"down": {"uv": [6, 5, 9, 8], "rotation": 270, "texture": "#2"}
			}
		},
		{
			"from": [9.507, -0.931, 2.61],
			"to": [10.464, -0.535, 3.27],
			"rotation": {"angle": -45, "axis": "z", "origin": [5.36, -4, 0.96]},
			"faces": {
				"north": {"uv": [6, 5, 9, 8], "rotation": 270, "texture": "#2"},
				"east": {"uv": [6, 5, 9, 8], "rotation": 270, "texture": "#2"},
				"south": {"uv": [6, 5, 9, 8], "rotation": 270, "texture": "#2"},
				"west": {"uv": [6, 5, 9, 8], "rotation": 270, "texture": "#2"},
				"up": {"uv": [6, 5, 9, 8], "rotation": 270, "texture": "#2"},
				"down": {"uv": [6, 5, 9, 8], "rotation": 270, "texture": "#2"}
			}
		},
		{
			"from": [9.507, -0.997, 2.61],
			"to": [10.266, -0.469, 3.27],
			"rotation": {"angle": -45, "axis": "z", "origin": [5.36, -4, 0.96]},
			"faces": {
				"north": {"uv": [0, 13, 3, 16], "rotation": 270, "texture": "#1"},
				"east": {"uv": [6, 5, 9, 8], "rotation": 270, "texture": "#2"},
				"south": {"uv": [6, 5, 9, 8], "rotation": 270, "texture": "#2"},
				"west": {"uv": [6, 5, 9, 8], "rotation": 270, "texture": "#2"},
				"up": {"uv": [6, 5, 9, 8], "rotation": 270, "texture": "#2"},
				"down": {"uv": [6, 5, 9, 8], "rotation": 270, "texture": "#2"}
			}
		},
		{
			"from": [9.507, -1.063, 2.61],
			"to": [10.068, -0.403, 3.27],
			"rotation": {"angle": -45, "axis": "z", "origin": [5.36, -4, 0.96]},
			"faces": {
				"north": {"uv": [6, 5, 9, 8], "rotation": 270, "texture": "#1"},
				"east": {"uv": [6, 5, 9, 8], "rotation": 270, "texture": "#2"},
				"south": {"uv": [6, 5, 9, 8], "rotation": 270, "texture": "#2"},
				"west": {"uv": [6, 5, 9, 8], "rotation": 270, "texture": "#2"},
				"up": {"uv": [6, 5, 9, 8], "rotation": 270, "texture": "#2"},
				"down": {"uv": [6, 5, 9, 8], "rotation": 270, "texture": "#2"}
			}
		},
		{
			"from": [9.507, -1.129, 2.61],
			"to": [9.903, -0.337, 3.27],
			"rotation": {"angle": -45, "axis": "z", "origin": [5.36, -4, 0.96]},
			"faces": {
				"north": {"uv": [6, 5, 9, 8], "rotation": 270, "texture": "#2"},
				"east": {"uv": [6, 5, 9, 8], "rotation": 270, "texture": "#2"},
				"south": {"uv": [6, 5, 9, 8], "rotation": 270, "texture": "#2"},
				"west": {"uv": [6, 5, 9, 8], "rotation": 270, "texture": "#2"},
				"up": {"uv": [6, 5, 9, 8], "rotation": 270, "texture": "#2"},
				"down": {"uv": [6, 5, 9, 8], "rotation": 270, "texture": "#2"}
			}
		},
		{
			"from": [9.507, -1.195, 2.61],
			"to": [9.738, -0.271, 3.27],
			"rotation": {"angle": -45, "axis": "z", "origin": [5.36, -4, 0.96]},
			"faces": {
				"north": {"uv": [6, 5, 9, 8], "rotation": 270, "texture": "#2"},
				"east": {"uv": [6, 5, 9, 8], "rotation": 270, "texture": "#2"},
				"south": {"uv": [6, 5, 9, 8], "rotation": 270, "texture": "#2"},
				"west": {"uv": [6, 5, 9, 8], "rotation": 270, "texture": "#2"},
				"up": {"uv": [6, 5, 9, 8], "rotation": 270, "texture": "#2"},
				"down": {"uv": [6, 5, 9, 8], "rotation": 270, "texture": "#2"}
			}
		},
		{
			"from": [9.407, -1.228, 2.61],
			"to": [9.54, -0.238, 3.27],
			"rotation": {"angle": -45, "axis": "z", "origin": [5.36, -4, 0.96]},
			"faces": {
				"north": {"uv": [6, 5, 9, 8], "rotation": 270, "texture": "#2"},
				"east": {"uv": [6, 5, 9, 8], "rotation": 270, "texture": "#2"},
				"south": {"uv": [6, 5, 9, 8], "rotation": 270, "texture": "#2"},
				"west": {"uv": [6, 5, 9, 8], "rotation": 270, "texture": "#2"},
				"up": {"uv": [6, 5, 9, 8], "rotation": 270, "texture": "#2"},
				"down": {"uv": [6, 5, 9, 8], "rotation": 270, "texture": "#2"}
			}
		},
		{
			"from": [9.507, -0.865, 2.61],
			"to": [10.596, -0.601, 3.27],
			"rotation": {"angle": -45, "axis": "z", "origin": [5.36, -4, 0.96]},
			"faces": {
				"north": {"uv": [6, 5, 9, 8], "rotation": 270, "texture": "#2"},
				"east": {"uv": [6, 5, 9, 8], "rotation": 270, "texture": "#2"},
				"south": {"uv": [6, 5, 9, 8], "rotation": 270, "texture": "#2"},
				"west": {"uv": [6, 5, 9, 8], "rotation": 270, "texture": "#2"},
				"up": {"uv": [6, 5, 9, 8], "rotation": 270, "texture": "#2"},
				"down": {"uv": [6, 5, 9, 8], "rotation": 270, "texture": "#2"}
			}
		},
		{
			"from": [8.363, -3.505, 2.61],
			"to": [8.957, -0.809, 3.27],
			"rotation": {"angle": 45, "axis": "z", "origin": [5.36, -4, 0.96]},
			"faces": {
				"north": {"uv": [6, 5, 9, 8], "rotation": 270, "texture": "#2"},
				"east": {"uv": [6, 5, 9, 8], "rotation": 270, "texture": "#2"},
				"south": {"uv": [6, 5, 9, 8], "rotation": 270, "texture": "#2"},
				"west": {"uv": [6, 5, 9, 8], "rotation": 270, "texture": "#2"},
				"up": {"uv": [6, 5, 9, 8], "rotation": 270, "texture": "#2"},
				"down": {"uv": [6, 5, 9, 8], "rotation": 270, "texture": "#2"}
			}
		},
		{
			"from": [8.462, -0.809, 2.61],
			"to": [8.858, 0.148, 3.27],
			"rotation": {"angle": 45, "axis": "z", "origin": [5.36, -4, 0.96]},
			"faces": {
				"north": {"uv": [6, 5, 9, 8], "rotation": 270, "texture": "#2"},
				"east": {"uv": [6, 5, 9, 8], "rotation": 270, "texture": "#2"},
				"south": {"uv": [6, 5, 9, 8], "rotation": 270, "texture": "#2"},
				"west": {"uv": [6, 5, 9, 8], "rotation": 270, "texture": "#2"},
				"up": {"uv": [6, 5, 9, 8], "rotation": 270, "texture": "#2"},
				"down": {"uv": [6, 5, 9, 8], "rotation": 270, "texture": "#2"}
			}
		},
		{
			"from": [8.396, -0.809, 2.61],
			"to": [8.924, -0.05, 3.27],
			"rotation": {"angle": 45, "axis": "z", "origin": [5.36, -4, 0.96]},
			"faces": {
				"north": {"uv": [6, 5, 9, 8], "rotation": 270, "texture": "#2"},
				"east": {"uv": [6, 5, 9, 8], "rotation": 270, "texture": "#2"},
				"south": {"uv": [6, 5, 9, 8], "rotation": 270, "texture": "#2"},
				"west": {"uv": [6, 5, 9, 8], "rotation": 270, "texture": "#2"},
				"up": {"uv": [6, 5, 9, 8], "rotation": 270, "texture": "#2"},
				"down": {"uv": [6, 5, 9, 8], "rotation": 270, "texture": "#2"}
			}
		},
		{
			"from": [8.33, -0.809, 2.61],
			"to": [8.99, -0.248, 3.27],
			"rotation": {"angle": 45, "axis": "z", "origin": [5.36, -4, 0.96]},
			"faces": {
				"north": {"uv": [6, 5, 9, 8], "rotation": 270, "texture": "#2"},
				"east": {"uv": [6, 5, 9, 8], "rotation": 270, "texture": "#2"},
				"south": {"uv": [6, 5, 9, 8], "rotation": 270, "texture": "#2"},
				"west": {"uv": [6, 5, 9, 8], "rotation": 270, "texture": "#2"},
				"up": {"uv": [6, 5, 9, 8], "rotation": 270, "texture": "#2"},
				"down": {"uv": [6, 5, 9, 8], "rotation": 270, "texture": "#2"}
			}
		},
		{
			"from": [8.264, -0.809, 2.61],
			"to": [9.056, -0.413, 3.27],
			"rotation": {"angle": 45, "axis": "z", "origin": [5.36, -4, 0.96]},
			"faces": {
				"north": {"uv": [6, 5, 9, 8], "rotation": 270, "texture": "#2"},
				"east": {"uv": [6, 5, 9, 8], "rotation": 270, "texture": "#2"},
				"south": {"uv": [6, 5, 9, 8], "rotation": 270, "texture": "#2"},
				"west": {"uv": [6, 5, 9, 8], "rotation": 270, "texture": "#2"},
				"up": {"uv": [6, 5, 9, 8], "rotation": 270, "texture": "#2"},
				"down": {"uv": [6, 5, 9, 8], "rotation": 270, "texture": "#2"}
			}
		},
		{
			"from": [8.198, -0.809, 2.61],
			"to": [9.122, -0.578, 3.27],
			"rotation": {"angle": 45, "axis": "z", "origin": [5.36, -4, 0.96]},
			"faces": {
				"north": {"uv": [6, 5, 9, 8], "rotation": 270, "texture": "#2"},
				"east": {"uv": [6, 5, 9, 8], "rotation": 270, "texture": "#2"},
				"south": {"uv": [6, 5, 9, 8], "rotation": 270, "texture": "#2"},
				"west": {"uv": [6, 5, 9, 8], "rotation": 270, "texture": "#2"},
				"up": {"uv": [6, 5, 9, 8], "rotation": 270, "texture": "#2"},
				"down": {"uv": [6, 5, 9, 8], "rotation": 270, "texture": "#2"}
			}
		},
		{
			"from": [8.165, -0.909, 2.61],
			"to": [9.155, -0.776, 3.27],
			"rotation": {"angle": 45, "axis": "z", "origin": [5.36, -4, 0.96]},
			"faces": {
				"north": {"uv": [6, 5, 9, 8], "rotation": 270, "texture": "#2"},
				"east": {"uv": [6, 5, 9, 8], "rotation": 270, "texture": "#2"},
				"south": {"uv": [6, 5, 9, 8], "rotation": 270, "texture": "#2"},
				"west": {"uv": [6, 5, 9, 8], "rotation": 270, "texture": "#2"},
				"up": {"uv": [6, 5, 9, 8], "rotation": 270, "texture": "#2"},
				"down": {"uv": [6, 5, 9, 8], "rotation": 270, "texture": "#2"}
			}
		},
		{
			"from": [8.528, -0.809, 2.61],
			"to": [8.792, 0.28, 3.27],
			"rotation": {"angle": 45, "axis": "z", "origin": [5.36, -4, 0.96]},
			"faces": {
				"north": {"uv": [6, 5, 9, 8], "rotation": 270, "texture": "#2"},
				"east": {"uv": [6, 5, 9, 8], "rotation": 270, "texture": "#2"},
				"south": {"uv": [6, 5, 9, 8], "rotation": 270, "texture": "#2"},
				"west": {"uv": [6, 5, 9, 8], "rotation": 270, "texture": "#2"},
				"up": {"uv": [6, 5, 9, 8], "rotation": 270, "texture": "#2"},
				"down": {"uv": [6, 5, 9, 8], "rotation": 270, "texture": "#2"}
			}
		},
		{
			"from": [5.141, -4.792, 2.61],
			"to": [7.67, -4.198, 3.27],
			"rotation": {"angle": 45, "axis": "z", "origin": [5.36, -4, 6.24]},
			"faces": {
				"north": {"uv": [6, 5, 9, 8], "rotation": 270, "texture": "#2"},
				"east": {"uv": [6, 5, 9, 8], "rotation": 270, "texture": "#2"},
				"south": {"uv": [6, 5, 9, 8], "rotation": 270, "texture": "#2"},
				"west": {"uv": [6, 5, 9, 8], "rotation": 270, "texture": "#2"},
				"up": {"uv": [6, 5, 9, 8], "rotation": 270, "texture": "#2"},
				"down": {"uv": [6, 5, 9, 8], "rotation": 270, "texture": "#2"}
			}
		},
		{
			"from": [4.084, -4.693, 2.61],
			"to": [5.041, -4.297, 3.27],
			"rotation": {"angle": 45, "axis": "z", "origin": [5.36, -4, 6.24]},
			"faces": {
				"north": {"uv": [0, 13, 3, 16], "rotation": 270, "texture": "#1"},
				"east": {"uv": [6, 5, 9, 8], "rotation": 270, "texture": "#2"},
				"south": {"uv": [6, 5, 9, 8], "rotation": 270, "texture": "#2"},
				"west": {"uv": [6, 5, 9, 8], "rotation": 270, "texture": "#2"},
				"up": {"uv": [6, 5, 9, 8], "rotation": 270, "texture": "#2"},
				"down": {"uv": [6, 5, 9, 8], "rotation": 270, "texture": "#2"}
			}
		},
		{
			"from": [3.952, -4.627, 2.61],
			"to": [5.041, -4.363, 3.27],
			"rotation": {"angle": 45, "axis": "z", "origin": [5.36, -4, 6.24]},
			"faces": {
				"north": {"uv": [6, 5, 9, 8], "rotation": 270, "texture": "#2"},
				"east": {"uv": [6, 5, 9, 8], "rotation": 270, "texture": "#2"},
				"south": {"uv": [6, 5, 9, 8], "rotation": 270, "texture": "#2"},
				"west": {"uv": [6, 5, 9, 8], "rotation": 270, "texture": "#2"},
				"up": {"uv": [6, 5, 9, 8], "rotation": 270, "texture": "#2"},
				"down": {"uv": [6, 5, 9, 8], "rotation": 270, "texture": "#2"}
			}
		},
		{
			"from": [4.645, -4.891, 2.61],
			"to": [5.041, -4.099, 3.27],
			"rotation": {"angle": 45, "axis": "z", "origin": [5.36, -4, 6.24]},
			"faces": {
				"north": {"uv": [0, 13, 3, 16], "rotation": 270, "texture": "#1"},
				"east": {"uv": [6, 5, 9, 8], "rotation": 270, "texture": "#2"},
				"south": {"uv": [6, 5, 9, 8], "rotation": 270, "texture": "#2"},
				"west": {"uv": [6, 5, 9, 8], "rotation": 270, "texture": "#2"},
				"up": {"uv": [6, 5, 9, 8], "rotation": 270, "texture": "#2"},
				"down": {"uv": [6, 5, 9, 8], "rotation": 270, "texture": "#2"}
			}
		},
		{
			"from": [4.282, -4.759, 2.61],
			"to": [5.041, -4.231, 3.27],
			"rotation": {"angle": 45, "axis": "z", "origin": [5.36, -4, 6.24]},
			"faces": {
				"north": {"uv": [6, 5, 9, 8], "rotation": 270, "texture": "#2"},
				"east": {"uv": [6, 5, 9, 8], "rotation": 270, "texture": "#2"},
				"south": {"uv": [6, 5, 9, 8], "rotation": 270, "texture": "#2"},
				"west": {"uv": [6, 5, 9, 8], "rotation": 270, "texture": "#2"},
				"up": {"uv": [6, 5, 9, 8], "rotation": 270, "texture": "#2"},
				"down": {"uv": [6, 5, 9, 8], "rotation": 270, "texture": "#2"}
			}
		},
		{
			"from": [4.48, -4.825, 2.61],
			"to": [5.041, -4.165, 3.27],
			"rotation": {"angle": 45, "axis": "z", "origin": [5.36, -4, 6.24]},
			"faces": {
				"north": {"uv": [6, 5, 9, 8], "rotation": 270, "texture": "#2"},
				"east": {"uv": [6, 5, 9, 8], "rotation": 270, "texture": "#2"},
				"south": {"uv": [6, 5, 9, 8], "rotation": 270, "texture": "#2"},
				"west": {"uv": [6, 5, 9, 8], "rotation": 270, "texture": "#2"},
				"up": {"uv": [6, 5, 9, 8], "rotation": 270, "texture": "#2"},
				"down": {"uv": [6, 5, 9, 8], "rotation": 270, "texture": "#2"}
			}
		},
		{
			"from": [4.81, -4.957, 2.61],
			"to": [5.041, -4.033, 3.27],
			"rotation": {"angle": 45, "axis": "z", "origin": [5.36, -4, 6.24]},
			"faces": {
				"north": {"uv": [6, 5, 9, 8], "rotation": 270, "texture": "#2"},
				"east": {"uv": [6, 5, 9, 8], "rotation": 270, "texture": "#2"},
				"south": {"uv": [6, 5, 9, 8], "rotation": 270, "texture": "#2"},
				"west": {"uv": [6, 5, 9, 8], "rotation": 270, "texture": "#2"},
				"up": {"uv": [6, 5, 9, 8], "rotation": 270, "texture": "#2"},
				"down": {"uv": [6, 5, 9, 8], "rotation": 270, "texture": "#2"}
			}
		},
		{
			"from": [5.008, -4.99, 2.61],
			"to": [5.141, -4, 3.27],
			"rotation": {"angle": 45, "axis": "z", "origin": [5.36, -4, 6.24]},
			"faces": {
				"north": {"uv": [6, 5, 9, 8], "rotation": 270, "texture": "#2"},
				"east": {"uv": [6, 5, 9, 8], "rotation": 270, "texture": "#2"},
				"south": {"uv": [6, 5, 9, 8], "rotation": 270, "texture": "#2"},
				"west": {"uv": [6, 5, 9, 8], "rotation": 270, "texture": "#2"},
				"up": {"uv": [6, 5, 9, 8], "rotation": 270, "texture": "#2"},
				"down": {"uv": [6, 5, 9, 8], "rotation": 270, "texture": "#2"}
			}
		},
		{
			"from": [7.703, -5.44, 2.61],
			"to": [8.297, -2.944, 3.27],
			"rotation": {"angle": 0, "axis": "y", "origin": [5.36, -4, 6.24]},
			"faces": {
				"north": {"uv": [5, 7, 8, 10], "rotation": 270, "texture": "#1"},
				"east": {"uv": [6, 5, 9, 8], "rotation": 270, "texture": "#2"},
				"south": {"uv": [6, 5, 9, 8], "rotation": 270, "texture": "#2"},
				"west": {"uv": [6, 5, 9, 8], "rotation": 270, "texture": "#2"},
				"up": {"uv": [6, 5, 9, 8], "rotation": 270, "texture": "#2"},
				"down": {"uv": [6, 5, 9, 8], "rotation": 270, "texture": "#2"}
			}
		},
		{
			"from": [7.802, -6.497, 2.61],
			"to": [8.198, -5.54, 3.27],
			"rotation": {"angle": 0, "axis": "y", "origin": [5.36, -4, 6.24]},
			"faces": {
				"north": {"uv": [0, 13, 3, 16], "rotation": 270, "texture": "#1"},
				"east": {"uv": [6, 5, 9, 8], "rotation": 270, "texture": "#2"},
				"south": {"uv": [6, 5, 9, 8], "rotation": 270, "texture": "#2"},
				"west": {"uv": [6, 5, 9, 8], "rotation": 270, "texture": "#2"},
				"up": {"uv": [6, 5, 9, 8], "rotation": 270, "texture": "#2"},
				"down": {"uv": [6, 5, 9, 8], "rotation": 270, "texture": "#2"}
			}
		},
		{
			"from": [7.868, -6.629, 2.61],
			"to": [8.132, -5.54, 3.27],
			"rotation": {"angle": 0, "axis": "y", "origin": [5.36, -4, 6.24]},
			"faces": {
				"north": {"uv": [6, 5, 9, 8], "rotation": 270, "texture": "#2"},
				"east": {"uv": [6, 5, 9, 8], "rotation": 270, "texture": "#2"},
				"south": {"uv": [6, 5, 9, 8], "rotation": 270, "texture": "#2"},
				"west": {"uv": [6, 5, 9, 8], "rotation": 270, "texture": "#2"},
				"up": {"uv": [6, 5, 9, 8], "rotation": 270, "texture": "#2"},
				"down": {"uv": [6, 5, 9, 8], "rotation": 270, "texture": "#2"}
			}
		},
		{
			"from": [7.604, -5.936, 2.61],
			"to": [8.396, -5.54, 3.27],
			"rotation": {"angle": 0, "axis": "y", "origin": [5.36, -4, 6.24]},
			"faces": {
				"north": {"uv": [6, 5, 9, 8], "rotation": 270, "texture": "#2"},
				"east": {"uv": [6, 5, 9, 8], "rotation": 270, "texture": "#2"},
				"south": {"uv": [6, 5, 9, 8], "rotation": 270, "texture": "#2"},
				"west": {"uv": [6, 5, 9, 8], "rotation": 270, "texture": "#2"},
				"up": {"uv": [6, 5, 9, 8], "rotation": 270, "texture": "#2"},
				"down": {"uv": [6, 5, 9, 8], "rotation": 270, "texture": "#2"}
			}
		},
		{
			"from": [7.736, -6.299, 2.61],
			"to": [8.264, -5.54, 3.27],
			"rotation": {"angle": 0, "axis": "y", "origin": [5.36, -4, 6.24]},
			"faces": {
				"north": {"uv": [6, 5, 9, 8], "rotation": 270, "texture": "#2"},
				"east": {"uv": [6, 5, 9, 8], "rotation": 270, "texture": "#2"},
				"south": {"uv": [6, 5, 9, 8], "rotation": 270, "texture": "#2"},
				"west": {"uv": [6, 5, 9, 8], "rotation": 270, "texture": "#2"},
				"up": {"uv": [6, 5, 9, 8], "rotation": 270, "texture": "#2"},
				"down": {"uv": [6, 5, 9, 8], "rotation": 270, "texture": "#2"}
			}
		},
		{
			"from": [7.67, -6.101, 2.61],
			"to": [8.33, -5.54, 3.27],
			"rotation": {"angle": 0, "axis": "y", "origin": [5.36, -4, 6.24]},
			"faces": {
				"north": {"uv": [0, 13, 3, 16], "rotation": 270, "texture": "#1"},
				"east": {"uv": [6, 5, 9, 8], "rotation": 270, "texture": "#2"},
				"south": {"uv": [6, 5, 9, 8], "rotation": 270, "texture": "#2"},
				"west": {"uv": [6, 5, 9, 8], "rotation": 270, "texture": "#2"},
				"up": {"uv": [6, 5, 9, 8], "rotation": 270, "texture": "#2"},
				"down": {"uv": [6, 5, 9, 8], "rotation": 270, "texture": "#2"}
			}
		},
		{
			"from": [7.538, -5.771, 2.61],
			"to": [8.462, -5.54, 3.27],
			"rotation": {"angle": 0, "axis": "y", "origin": [5.36, -4, 6.24]},
			"faces": {
				"north": {"uv": [6, 5, 9, 8], "rotation": 270, "texture": "#2"},
				"east": {"uv": [6, 5, 9, 8], "rotation": 270, "texture": "#2"},
				"south": {"uv": [6, 5, 9, 8], "rotation": 270, "texture": "#2"},
				"west": {"uv": [6, 5, 9, 8], "rotation": 270, "texture": "#2"},
				"up": {"uv": [6, 5, 9, 8], "rotation": 270, "texture": "#2"},
				"down": {"uv": [6, 5, 9, 8], "rotation": 270, "texture": "#2"}
			}
		},
		{
			"from": [7.505, -5.573, 2.61],
			"to": [8.495, -5.44, 3.27],
			"rotation": {"angle": 0, "axis": "y", "origin": [5.36, -4, 6.24]},
			"faces": {
				"north": {"uv": [6, 5, 9, 8], "rotation": 270, "texture": "#2"},
				"east": {"uv": [6, 5, 9, 8], "rotation": 270, "texture": "#2"},
				"south": {"uv": [6, 5, 9, 8], "rotation": 270, "texture": "#2"},
				"west": {"uv": [6, 5, 9, 8], "rotation": 270, "texture": "#2"},
				"up": {"uv": [6, 5, 9, 8], "rotation": 270, "texture": "#2"},
				"down": {"uv": [6, 5, 9, 8], "rotation": 270, "texture": "#2"}
			}
		},
		{
			"from": [4.667, 1.775, 2.61],
			"to": [6.977, 2.204, 3.27],
			"rotation": {"angle": -45, "axis": "z", "origin": [5.36, -4, 0.96]},
			"faces": {
				"north": {"uv": [6, 5, 9, 8], "rotation": 270, "texture": "#2"},
				"east": {"uv": [6, 5, 9, 8], "rotation": 270, "texture": "#2"},
				"south": {"uv": [6, 5, 9, 8], "rotation": 270, "texture": "#2"},
				"west": {"uv": [6, 5, 9, 8], "rotation": 270, "texture": "#2"},
				"up": {"uv": [6, 5, 9, 8], "rotation": 270, "texture": "#2"},
				"down": {"uv": [6, 5, 9, 8], "rotation": 270, "texture": "#2"}
			}
		},
		{
			"from": [4.634, -3.67, 2.61],
			"to": [6.944, -3.241, 3.27],
			"rotation": {"angle": -45, "axis": "z", "origin": [5.36, -4, 0.96]},
			"faces": {
				"north": {"uv": [6, 5, 9, 8], "rotation": 270, "texture": "#2"},
				"east": {"uv": [6, 5, 9, 8], "rotation": 270, "texture": "#2"},
				"south": {"uv": [6, 5, 9, 8], "rotation": 270, "texture": "#2"},
				"west": {"uv": [6, 5, 9, 8], "rotation": 270, "texture": "#2"},
				"up": {"uv": [6, 5, 9, 8], "rotation": 270, "texture": "#2"},
				"down": {"uv": [6, 5, 9, 8], "rotation": 270, "texture": "#2"}
			}
		},
		{
			"from": [6.713, 0.488, 2.61],
			"to": [9.287, 0.884, 3.27],
			"rotation": {"angle": 0, "axis": "y", "origin": [5.36, -4, 0.96]},
			"faces": {
				"north": {"uv": [6, 5, 9, 8], "rotation": 270, "texture": "#2"},
				"east": {"uv": [6, 5, 9, 8], "rotation": 270, "texture": "#2"},
				"south": {"uv": [6, 5, 9, 8], "rotation": 270, "texture": "#2"},
				"west": {"uv": [6, 5, 9, 8], "rotation": 270, "texture": "#2"},
				"up": {"uv": [6, 5, 9, 8], "rotation": 270, "texture": "#2"},
				"down": {"uv": [6, 5, 9, 8], "rotation": 270, "texture": "#2"}
			}
		},
		{
			"from": [6.713, -4.891, 2.61],
			"to": [9.287, -4.495, 3.27],
			"rotation": {"angle": 0, "axis": "y", "origin": [5.36, -4, 0.96]},
			"faces": {
				"north": {"uv": [5, 7, 8, 10], "rotation": 270, "texture": "#1"},
				"east": {"uv": [6, 5, 9, 8], "rotation": 270, "texture": "#2"},
				"south": {"uv": [6, 5, 9, 8], "rotation": 270, "texture": "#2"},
				"west": {"uv": [6, 5, 9, 8], "rotation": 270, "texture": "#2"},
				"up": {"uv": [6, 5, 9, 8], "rotation": 270, "texture": "#2"},
				"down": {"uv": [6, 5, 9, 8], "rotation": 270, "texture": "#2"}
			}
		},
		{
			"from": [7.472, -1.888, 2.61],
			"to": [9.815, -1.492, 3.27],
			"rotation": {"angle": 45, "axis": "z", "origin": [5.36, -4, 0.96]},
			"faces": {
				"north": {"uv": [6, 5, 9, 8], "rotation": 270, "texture": "#2"},
				"east": {"uv": [6, 5, 9, 8], "rotation": 270, "texture": "#2"},
				"south": {"uv": [6, 5, 9, 8], "rotation": 270, "texture": "#2"},
				"west": {"uv": [6, 5, 9, 8], "rotation": 270, "texture": "#2"},
				"up": {"uv": [6, 5, 9, 8], "rotation": 270, "texture": "#2"},
				"down": {"uv": [6, 5, 9, 8], "rotation": 270, "texture": "#2"}
			}
		},
		{
			"from": [7.472, -7.366, 2.61],
			"to": [9.815, -6.97, 3.27],
			"rotation": {"angle": 45, "axis": "z", "origin": [5.36, -4, 0.96]},
			"faces": {
				"north": {"uv": [5, 7, 8, 10], "rotation": 270, "texture": "#1"},
				"east": {"uv": [6, 5, 9, 8], "rotation": 270, "texture": "#2"},
				"south": {"uv": [6, 5, 9, 8], "rotation": 270, "texture": "#2"},
				"west": {"uv": [6, 5, 9, 8], "rotation": 270, "texture": "#2"},
				"up": {"uv": [6, 5, 9, 8], "rotation": 270, "texture": "#2"},
				"down": {"uv": [6, 5, 9, 8], "rotation": 270, "texture": "#2"}
			}
		},
		{
			"from": [10.442, -3.274, 2.61],
			"to": [10.904, -0.733, 3.27],
			"rotation": {"angle": 0, "axis": "y", "origin": [5.36, -4, 0.96]},
			"faces": {
				"north": {"uv": [5, 7, 8, 10], "rotation": 270, "texture": "#1"},
				"east": {"uv": [6, 5, 9, 8], "rotation": 270, "texture": "#2"},
				"south": {"uv": [6, 5, 9, 8], "rotation": 270, "texture": "#2"},
				"west": {"uv": [6, 5, 9, 8], "rotation": 270, "texture": "#2"},
				"up": {"uv": [6, 5, 9, 8], "rotation": 270, "texture": "#2"},
				"down": {"uv": [6, 5, 9, 8], "rotation": 270, "texture": "#2"}
			}
		},
		{
			"from": [5.096, -3.274, 2.61],
			"to": [5.558, -0.733, 3.27],
			"rotation": {"angle": 0, "axis": "y", "origin": [5.36, -4, 0.96]},
			"faces": {
				"north": {"uv": [6, 5, 9, 8], "rotation": 270, "texture": "#2"},
				"east": {"uv": [6, 5, 9, 8], "rotation": 270, "texture": "#2"},
				"south": {"uv": [6, 5, 9, 8], "rotation": 270, "texture": "#2"},
				"west": {"uv": [6, 5, 9, 8], "rotation": 270, "texture": "#2"},
				"up": {"uv": [6, 5, 9, 8], "rotation": 270, "texture": "#2"},
				"down": {"uv": [6, 5, 9, 8], "rotation": 270, "texture": "#2"}
			}
		},
		{
			"from": [9.584, -3.538, 2.61],
			"to": [9.914, -2.878, 3.27],
			"rotation": {"angle": 22.5, "axis": "z", "origin": [5.36, -4, 0.96]},
			"faces": {
				"north": {"uv": [6, 5, 9, 8], "rotation": 270, "texture": "#2"},
				"east": {"uv": [6, 5, 9, 8], "rotation": 270, "texture": "#2"},
				"south": {"uv": [6, 5, 9, 8], "rotation": 270, "texture": "#2"},
				"west": {"uv": [6, 5, 9, 8], "rotation": 270, "texture": "#2"},
				"up": {"uv": [6, 5, 9, 8], "rotation": 270, "texture": "#2"},
				"down": {"uv": [6, 5, 9, 8], "rotation": 270, "texture": "#2"}
			}
		},
		{
			"from": [7.241, -3.538, 2.61],
			"to": [7.571, -2.878, 3.27],
			"rotation": {"angle": 22.5, "axis": "z", "origin": [5.36, -4, 0.96]},
			"faces": {
				"north": {"uv": [6, 5, 9, 8], "rotation": 270, "texture": "#2"},
				"east": {"uv": [6, 5, 9, 8], "rotation": 270, "texture": "#2"},
				"south": {"uv": [6, 5, 9, 8], "rotation": 270, "texture": "#2"},
				"west": {"uv": [6, 5, 9, 8], "rotation": 270, "texture": "#2"},
				"up": {"uv": [6, 5, 9, 8], "rotation": 270, "texture": "#2"},
				"down": {"uv": [6, 5, 9, 8], "rotation": 270, "texture": "#2"}
			}
		},
		{
			"from": [5.723, -1.459, 2.61],
			"to": [6.086, -0.865, 3.27],
			"rotation": {"angle": -22.5, "axis": "z", "origin": [5.36, -4, 0.96]},
			"faces": {
				"north": {"uv": [6, 5, 9, 8], "rotation": 270, "texture": "#2"},
				"east": {"uv": [6, 5, 9, 8], "rotation": 270, "texture": "#2"},
				"south": {"uv": [6, 5, 9, 8], "rotation": 270, "texture": "#2"},
				"west": {"uv": [6, 5, 9, 8], "rotation": 270, "texture": "#2"},
				"up": {"uv": [6, 5, 9, 8], "rotation": 270, "texture": "#2"},
				"down": {"uv": [6, 5, 9, 8], "rotation": 270, "texture": "#2"}
			}
		},
		{
			"from": [8.066, -1.492, 2.61],
			"to": [8.429, -0.898, 3.27],
			"rotation": {"angle": -22.5, "axis": "z", "origin": [5.36, -4, 0.96]},
			"faces": {
				"north": {"uv": [6, 5, 9, 8], "rotation": 270, "texture": "#2"},
				"east": {"uv": [6, 5, 9, 8], "rotation": 270, "texture": "#2"},
				"south": {"uv": [6, 5, 9, 8], "rotation": 270, "texture": "#2"},
				"west": {"uv": [6, 5, 9, 8], "rotation": 270, "texture": "#2"},
				"up": {"uv": [6, 5, 9, 8], "rotation": 270, "texture": "#2"},
				"down": {"uv": [6, 5, 9, 8], "rotation": 270, "texture": "#2"}
			}
		},
		{
			"from": [8.33, -4.495, 2.61],
			"to": [9.023, -4.165, 3.27],
			"rotation": {"angle": 22.5, "axis": "z", "origin": [5.36, -4, 0.96]},
			"faces": {
				"north": {"uv": [6, 5, 9, 8], "rotation": 270, "texture": "#2"},
				"east": {"uv": [6, 5, 9, 8], "rotation": 270, "texture": "#2"},
				"south": {"uv": [6, 5, 9, 8], "rotation": 270, "texture": "#2"},
				"west": {"uv": [6, 5, 9, 8], "rotation": 270, "texture": "#2"},
				"up": {"uv": [6, 5, 9, 8], "rotation": 270, "texture": "#2"},
				"down": {"uv": [6, 5, 9, 8], "rotation": 270, "texture": "#2"}
			}
		},
		{
			"from": [8.198, -2.218, 2.61],
			"to": [8.891, -1.888, 3.27],
			"rotation": {"angle": 22.5, "axis": "z", "origin": [5.36, -4, 0.96]},
			"faces": {
				"north": {"uv": [6, 5, 9, 8], "rotation": 270, "texture": "#2"},
				"east": {"uv": [6, 5, 9, 8], "rotation": 270, "texture": "#2"},
				"south": {"uv": [6, 5, 9, 8], "rotation": 270, "texture": "#2"},
				"west": {"uv": [6, 5, 9, 8], "rotation": 270, "texture": "#2"},
				"up": {"uv": [6, 5, 9, 8], "rotation": 270, "texture": "#2"},
				"down": {"uv": [6, 5, 9, 8], "rotation": 270, "texture": "#2"}
			}
		},
		{
			"from": [6.746, -0.205, 2.61],
			"to": [7.307, 0.125, 3.27],
			"rotation": {"angle": -22.5, "axis": "z", "origin": [5.36, -4, 0.96]},
			"faces": {
				"north": {"uv": [6, 5, 9, 8], "rotation": 270, "texture": "#2"},
				"east": {"uv": [6, 5, 9, 8], "rotation": 270, "texture": "#2"},
				"south": {"uv": [6, 5, 9, 8], "rotation": 270, "texture": "#2"},
				"west": {"uv": [6, 5, 9, 8], "rotation": 270, "texture": "#2"},
				"up": {"uv": [6, 5, 9, 8], "rotation": 270, "texture": "#2"},
				"down": {"uv": [6, 5, 9, 8], "rotation": 270, "texture": "#2"}
			}
		},
		{
			"from": [6.746, -2.449, 2.61],
			"to": [7.307, -2.119, 3.27],
			"rotation": {"angle": -22.5, "axis": "z", "origin": [5.36, -4, 0.96]},
			"faces": {
				"north": {"uv": [6, 5, 9, 8], "rotation": 270, "texture": "#2"},
				"east": {"uv": [6, 5, 9, 8], "rotation": 270, "texture": "#2"},
				"south": {"uv": [6, 5, 9, 8], "rotation": 270, "texture": "#2"},
				"west": {"uv": [6, 5, 9, 8], "rotation": 270, "texture": "#2"},
				"up": {"uv": [6, 5, 9, 8], "rotation": 270, "texture": "#2"},
				"down": {"uv": [6, 5, 9, 8], "rotation": 270, "texture": "#2"}
			}
		},
		{
			"from": [7.5, -2.7, 1.8],
			"to": [8.5, -1.7, 4.8],
			"rotation": {"angle": 0, "axis": "y", "origin": [0, 0, 2.6]},
			"faces": {
				"north": {"uv": [6, 5, 9, 8], "rotation": 270, "texture": "#2"},
				"east": {"uv": [6, 5, 9, 8], "rotation": 270, "texture": "#2"},
				"south": {"uv": [6, 5, 9, 8], "rotation": 270, "texture": "#2"},
				"west": {"uv": [6, 5, 9, 8], "rotation": 270, "texture": "#2"},
				"up": {"uv": [6, 5, 9, 8], "rotation": 270, "texture": "#2"},
				"down": {"uv": [6, 5, 9, 8], "rotation": 270, "texture": "#2"}
			}
		},
		{
			"from": [2.7, 10.8, 5.6],
			"to": [4.5, 14.2, 8],
			"rotation": {"angle": 0, "axis": "z", "origin": [0, 3, 0]},
			"faces": {
				"north": {"uv": [6, 5, 9, 8], "rotation": 270, "texture": "#2"},
				"east": {"uv": [6, 5, 9, 8], "rotation": 270, "texture": "#2"},
				"south": {"uv": [6, 5, 9, 8], "rotation": 270, "texture": "#2"},
				"west": {"uv": [6, 5, 9, 8], "rotation": 270, "texture": "#2"},
				"up": {"uv": [6, 5, 9, 8], "rotation": 270, "texture": "#2"},
				"down": {"uv": [6, 5, 9, 8], "rotation": 270, "texture": "#2"}
			}
		},
		{
			"from": [11.4, 10.9, 5.6],
			"to": [13.2, 14.3, 8],
			"rotation": {"angle": 0, "axis": "y", "origin": [0, 3, 0]},
			"faces": {
				"north": {"uv": [6, 5, 9, 8], "rotation": 270, "texture": "#2"},
				"east": {"uv": [6, 5, 9, 8], "rotation": 270, "texture": "#2"},
				"south": {"uv": [6, 5, 9, 8], "rotation": 270, "texture": "#2"},
				"west": {"uv": [6, 5, 9, 8], "rotation": 270, "texture": "#2"},
				"up": {"uv": [6, 5, 9, 8], "rotation": 270, "texture": "#2"},
				"down": {"uv": [6, 5, 9, 8], "rotation": 270, "texture": "#2"}
			}
		},
		{
			"from": [10.9, 14.1, 5.8],
			"to": [12.8, 15.8, 7.8],
			"rotation": {"angle": 0, "axis": "y", "origin": [0, 3, 0]},
			"faces": {
				"north": {"uv": [6, 5, 9, 8], "rotation": 270, "texture": "#2"},
				"east": {"uv": [6, 5, 9, 8], "rotation": 270, "texture": "#2"},
				"south": {"uv": [6, 5, 9, 8], "rotation": 270, "texture": "#2"},
				"west": {"uv": [6, 5, 9, 8], "rotation": 270, "texture": "#2"},
				"up": {"uv": [6, 5, 9, 8], "rotation": 270, "texture": "#2"},
				"down": {"uv": [6, 5, 9, 8], "rotation": 270, "texture": "#2"}
			}
		},
		{
			"from": [3.1, 14, 5.8],
			"to": [5, 15.7, 7.8],
			"rotation": {"angle": 0, "axis": "y", "origin": [0, 3, 0]},
			"faces": {
				"north": {"uv": [6, 5, 9, 8], "rotation": 270, "texture": "#2"},
				"east": {"uv": [6, 5, 9, 8], "rotation": 270, "texture": "#2"},
				"south": {"uv": [6, 5, 9, 8], "rotation": 270, "texture": "#2"},
				"west": {"uv": [6, 5, 9, 8], "rotation": 270, "texture": "#2"},
				"up": {"uv": [6, 5, 9, 8], "rotation": 270, "texture": "#2"},
				"down": {"uv": [6, 5, 9, 8], "rotation": 270, "texture": "#2"}
			}
		}
	],
	"display": {
		"head": {
			"translation": [0, 1.5, 2],
			"scale": [1.79, 1.86, 1.79]
		}
	}
}