{
	"credit": "Made with Blockbench",
	"parent": "50",
	"textures": {
		"0": "minecraft:block/dispenser_front_vertical",
		"1": "minecraft:block/observer_back_on",
		"particle": "minecraft:block/dispenser_front_vertical"
	},
	"elements": [
		{
			"from": [2.3, 4, 6],
			"to": [11.5, 6, 8],
			"faces": {
				"north": {"uv": [0, 4, 5.3, 12.6], "texture": "#1"},
				"east": {"uv": [0, 0, 16, 3], "texture": "#1"},
				"south": {"uv": [0, 4, 5.3, 12.6], "texture": "#1"},
				"west": {"uv": [4, 4, 12, 12], "texture": "#0"},
				"up": {"uv": [0, 4, 5.3, 12.6], "texture": "#1"},
				"down": {"uv": [0, 4, 5.3, 12.6], "texture": "#1"}
			}
		},
		{
			"from": [3.9, 3.4, 6],
			"to": [4.6, 4.6, 8],
			"rotation": {"angle": 22.5, "axis": "z", "origin": [0, 0, 0]},
			"faces": {
				"north": {"uv": [0, 4, 5.3, 12.6], "texture": "#1"},
				"east": {"uv": [0, 4, 5.3, 12.6], "texture": "#1"},
				"south": {"uv": [0, 4, 5.3, 12.6], "texture": "#1"},
				"west": {"uv": [4, 4, 12, 10], "texture": "#0"},
				"up": {"uv": [0, 4, 5.3, 12.6], "texture": "#1"},
				"down": {"uv": [0, 4, 5.3, 12.6], "texture": "#1"}
			}
		},
		{
			"from": [8.9, 3, 5.5],
			"to": [9.2, 6, 8.6],
			"faces": {
				"north": {"uv": [0, 4, 5.3, 12.6], "texture": "#1"},
				"east": {"uv": [0, 4, 5.3, 12.6], "texture": "#1"},
				"south": {"uv": [0, 4, 5.3, 12.6], "texture": "#1"},
				"west": {"uv": [0, 4, 5.3, 12.6], "texture": "#1"},
				"up": {"uv": [0, 4, 5.3, 12.6], "texture": "#1"},
				"down": {"uv": [0, 4, 5.3, 12.6], "texture": "#1"}
			}
		},
		{
			"from": [7.9, 6, 5.9],
			"to": [10, 6.2, 8.1],
			"faces": {
				"north": {"uv": [0, 4, 5.3, 12.6], "texture": "#1"},
				"east": {"uv": [0, 4, 5.3, 12.6], "texture": "#1"},
				"south": {"uv": [0, 4, 5.3, 12.6], "texture": "#1"},
				"west": {"uv": [6, 5, 10.3, 10.6], "texture": "#1"},
				"up": {"uv": [0, 4, 5.3, 12.6], "texture": "#1"},
				"down": {"uv": [0, 4, 5.3, 12.6], "texture": "#1"}
			}
		},
		{
			"from": [11, -1.8, 6.1],
			"to": [11.8, 0.2, 7.9],
			"rotation": {"angle": 22.5, "axis": "z", "origin": [0, 0, 0]},
			"faces": {
				"north": {"uv": [0, 4, 5.3, 12.6], "texture": "#1"},
				"east": {"uv": [0, 4, 5.3, 12.6], "texture": "#1"},
				"south": {"uv": [0, 4, 5.3, 12.6], "texture": "#1"},
				"west": {"uv": [0, 4, 5.3, 12.6], "texture": "#1"},
				"up": {"uv": [0, 4, 5.3, 12.6], "texture": "#1"},
				"down": {"uv": [0, 4, 5.3, 12.6], "texture": "#1"}
			}
		},
		{
			"from": [13, -2, 6.1],
			"to": [13.9, -0.3, 7.9],
			"rotation": {"angle": 22.5, "axis": "z", "origin": [0, 0, 0]},
			"faces": {
				"north": {"uv": [0, 4, 5.3, 12.6], "texture": "#1"},
				"east": {"uv": [0, 4, 5.3, 12.6], "texture": "#1"},
				"south": {"uv": [0, 4, 5.3, 12.6], "texture": "#1"},
				"west": {"uv": [0, 4, 5.3, 12.6], "texture": "#1"},
				"up": {"uv": [0, 4, 5.3, 12.6], "texture": "#1"},
				"down": {"uv": [0, 4, 5.3, 12.6], "texture": "#1"}
			}
		},
		{
			"from": [9.5, 9, 6.1],
			"to": [10.5, 10.5, 7.9],
			"rotation": {"angle": -22.5, "axis": "z", "origin": [0, 0, 0]},
			"faces": {
				"north": {"uv": [0, 4, 5.3, 12.6], "texture": "#1"},
				"east": {"uv": [0, 4, 5.3, 12.6], "texture": "#1"},
				"south": {"uv": [0, 4, 5.3, 12.6], "texture": "#1"},
				"west": {"uv": [0, 4, 5.3, 12.6], "texture": "#1"},
				"up": {"uv": [0, 4, 5.3, 12.6], "texture": "#1"},
				"down": {"uv": [0, 4, 5.3, 12.6], "texture": "#1"}
			}
		},
		{
			"from": [11.5, 4.1, 6.2],
			"to": [12.8, 5.5, 7.8],
			"faces": {
				"north": {"uv": [0, 4, 5.3, 12.6], "texture": "#1"},
				"east": {"uv": [0, 4, 5.3, 12.6], "texture": "#1"},
				"south": {"uv": [0, 4, 5.3, 12.6], "texture": "#1"},
				"west": {"uv": [0, 4, 5.3, 12.6], "texture": "#1"},
				"up": {"uv": [0, 4, 5.3, 12.6], "texture": "#1"},
				"down": {"uv": [0, 4, 5.3, 12.6], "texture": "#1"}
			}
		},
		{
			"from": [8.3, 8.5, 6.1],
			"to": [9.5, 9.9, 7.9],
			"rotation": {"angle": -22.5, "axis": "z", "origin": [0, 0, 0]},
			"faces": {
				"north": {"uv": [0, 4, 5.3, 12.6], "texture": "#1"},
				"east": {"uv": [0, 4, 5.3, 12.6], "texture": "#1"},
				"south": {"uv": [0, 4, 5.3, 12.6], "texture": "#1"},
				"west": {"uv": [0, 4, 5.3, 12.6], "texture": "#1"},
				"up": {"uv": [0, 4, 5.3, 12.6], "texture": "#1"},
				"down": {"uv": [0, 4, 5.3, 12.6], "texture": "#1"}
			}
		},
		{
			"from": [7.5, 3.1, 5.8],
			"to": [9, 3.8, 6.5],
			"faces": {
				"north": {"uv": [1, 1, 2.5, 2.7], "texture": "#1"},
				"east": {"uv": [1, 1, 2.5, 2.7], "texture": "#1"},
				"south": {"uv": [1, 1, 2.5, 2.7], "texture": "#1"},
				"west": {"uv": [1, 1, 2.5, 2.7], "texture": "#1"},
				"up": {"uv": [1, 1, 2.5, 2.7], "texture": "#1"},
				"down": {"uv": [1, 1, 2.5, 2.7], "texture": "#1"}
			}
		},
		{
			"from": [7.5, 3.1, 6.7],
			"to": [9, 3.8, 7.4],
			"faces": {
				"north": {"uv": [1, 1, 2.5, 2.7], "texture": "#1"},
				"east": {"uv": [1, 1, 2.5, 2.7], "texture": "#1"},
				"south": {"uv": [1, 1, 2.5, 2.7], "texture": "#1"},
				"west": {"uv": [1, 1, 2.5, 2.7], "texture": "#1"},
				"up": {"uv": [1, 1, 2.5, 2.7], "texture": "#1"},
				"down": {"uv": [1, 1, 2.5, 2.7], "texture": "#1"}
			}
		},
		{
			"from": [7.5, 3.1, 7.6],
			"to": [9, 3.8, 8.3],
			"faces": {
				"north": {"uv": [1, 1, 2.5, 2.7], "texture": "#1"},
				"east": {"uv": [1, 1, 2.5, 2.7], "texture": "#1"},
				"south": {"uv": [1, 1, 2.5, 2.7], "texture": "#1"},
				"west": {"uv": [1, 1, 2.5, 2.7], "texture": "#1"},
				"up": {"uv": [1, 1, 2.5, 2.7], "texture": "#1"},
				"down": {"uv": [1, 1, 2.5, 2.7], "texture": "#1"}
			}
		},
		{
			"from": [7.5, 4, 7.8],
			"to": [9, 4.7, 8.5],
			"faces": {
				"north": {"uv": [1, 1, 2.5, 2.7], "texture": "#1"},
				"east": {"uv": [1, 1, 2.5, 2.7], "texture": "#1"},
				"south": {"uv": [1, 1, 2.5, 2.7], "texture": "#1"},
				"west": {"uv": [1, 1, 2.5, 2.7], "texture": "#1"},
				"up": {"uv": [1, 1, 2.5, 2.7], "texture": "#1"},
				"down": {"uv": [1, 1, 2.5, 2.7], "texture": "#1"}
			}
		},
		{
			"from": [7.5, 5, 7.8],
			"to": [9, 5.7, 8.5],
			"faces": {
				"north": {"uv": [1, 1, 2.5, 2.7], "texture": "#1"},
				"east": {"uv": [1, 1, 2.5, 2.7], "texture": "#1"},
				"south": {"uv": [1, 1, 2.5, 2.7], "texture": "#1"},
				"west": {"uv": [1, 1, 2.5, 2.7], "texture": "#1"},
				"up": {"uv": [1, 1, 2.5, 2.7], "texture": "#1"},
				"down": {"uv": [1, 1, 2.5, 2.7], "texture": "#1"}
			}
		},
		{
			"from": [7.5, 5, 5.6],
			"to": [9, 5.7, 6.3],
			"faces": {
				"north": {"uv": [1, 1, 2.5, 2.7], "texture": "#1"},
				"east": {"uv": [1, 1, 2.5, 2.7], "texture": "#1"},
				"south": {"uv": [1, 1, 2.5, 2.7], "texture": "#1"},
				"west": {"uv": [1, 1, 2.5, 2.7], "texture": "#1"},
				"up": {"uv": [1, 1, 2.5, 2.7], "texture": "#1"},
				"down": {"uv": [1, 1, 2.5, 2.7], "texture": "#1"}
			}
		},
		{
			"from": [7.5, 4, 5.6],
			"to": [9, 4.7, 6.3],
			"faces": {
				"north": {"uv": [1, 1, 2.5, 2.7], "texture": "#1"},
				"east": {"uv": [1, 1, 2.5, 2.7], "texture": "#1"},
				"south": {"uv": [1, 1, 2.5, 2.7], "texture": "#1"},
				"west": {"uv": [1, 1, 2.5, 2.7], "texture": "#1"},
				"up": {"uv": [1, 1, 2.5, 2.7], "texture": "#1"},
				"down": {"uv": [1, 1, 2.5, 2.7], "texture": "#1"}
			}
		},
		{
			"from": [7.3, 3, 5.5],
			"to": [7.6, 6, 8.6],
			"faces": {
				"north": {"uv": [0, 4, 5.3, 12.6], "texture": "#1"},
				"east": {"uv": [0, 4, 5.3, 12.6], "texture": "#1"},
				"south": {"uv": [0, 4, 5.3, 12.6], "texture": "#1"},
				"west": {"uv": [0, 4, 5.3, 12.6], "texture": "#1"},
				"up": {"uv": [0, 4, 5.3, 12.6], "texture": "#1"},
				"down": {"uv": [0, 4, 5.3, 12.6], "texture": "#1"}
			}
		}
	],
	"display": {
		"thirdperson_righthand": {
			"rotation": [0, -90, -73],
			"translation": [-1.5, 6, 9.75],
			"scale": [1.53, 1.97, 1.53]
		},
		"thirdperson_lefthand": {
			"rotation": [0, 90, 72],
			"translation": [1.25, 6, 9.75],
			"scale": [1.53, 1.97, 1.53]
		},
		"firstperson_righthand": {
			"rotation": [0, -96, 0],
			"translation": [0, 4.25, 0]
		},
		"firstperson_lefthand": {
			"rotation": [0, 87, 0],
			"translation": [0, 4.75, 1.5]
		}
	}
}