{
	"credit": "Made with Blockbench",
	"parent": "52",
	"textures": {
		"0": "block/soul_lantern",
		"1": "block/observer_side",
		"3": "block/dropper_front_vertical",
		"particle": "block/soul_lantern"
	},
	"elements": [
		{
			"from": [14.644, 12.684, -6.194],
			"to": [16.456, 14.194, 19.476],
			"rotation": {"angle": 0, "axis": "y", "origin": [-4.08, 3.02, -4.08]},
			"faces": {
				"north": {"uv": [1, 3, 5, 8], "texture": "#0"},
				"east": {"uv": [1, 3, 5, 8], "texture": "#0"},
				"south": {"uv": [1, 3, 5, 8], "texture": "#0"},
				"west": {"uv": [1, 3, 5, 8], "texture": "#0"},
				"up": {"uv": [1, 3, 5, 8], "texture": "#0"},
				"down": {"uv": [1, 3, 5, 8], "texture": "#0"}
			}
		},
		{
			"from": [14.644, 10.419, -6.194],
			"to": [16.456, 11.929, 19.476],
			"rotation": {"angle": 0, "axis": "y", "origin": [-4.08, 3.02, -4.08]},
			"faces": {
				"north": {"uv": [1, 3, 5, 8], "texture": "#0"},
				"east": {"uv": [1, 3, 5, 8], "texture": "#0"},
				"south": {"uv": [1, 3, 5, 8], "texture": "#0"},
				"west": {"uv": [1, 3, 5, 8], "texture": "#0"},
				"up": {"uv": [1, 3, 5, 8], "texture": "#0"},
				"down": {"uv": [1, 3, 5, 8], "texture": "#0"}
			}
		},
		{
			"from": [14.493, 10.117, 1.96],
			"to": [16.607, 14.496, 3.168],
			"rotation": {"angle": 0, "axis": "y", "origin": [-4.08, 3.02, -4.08]},
			"faces": {
				"north": {"uv": [0, 0, 16, 16], "texture": "#1"},
				"east": {"uv": [0, 0, 16, 16], "texture": "#1"},
				"south": {"uv": [0, 0, 16, 16], "texture": "#1"},
				"west": {"uv": [0, 0, 16, 16], "texture": "#1"},
				"up": {"uv": [0, 0, 16, 16], "texture": "#1"},
				"down": {"uv": [0, 0, 16, 16], "texture": "#1"}
			}
		},
		{
			"from": [14.493, 10.117, -9.667],
			"to": [16.607, 14.496, -3.476],
			"rotation": {"angle": 0, "axis": "y", "origin": [-4.08, 3.02, -4.08]},
			"faces": {
				"north": {"uv": [4, 5, 12, 11], "texture": "#3"},
				"east": {"uv": [0, 0, 16, 16], "texture": "#1"},
				"south": {"uv": [0, 0, 16, 16], "texture": "#1"},
				"west": {"uv": [0, 0, 16, 16], "texture": "#1"},
				"up": {"uv": [0, 0, 16, 16], "texture": "#1"},
				"down": {"uv": [0, 0, 16, 16], "texture": "#1"}
			}
		},
		{
			"from": [-2.117, 10.117, -9.667],
			"to": [-0.003, 14.496, -3.476],
			"rotation": {"angle": 0, "axis": "y", "origin": [-4.08, 3.02, -4.08]},
			"faces": {
				"north": {"uv": [4, 5, 12, 11], "texture": "#3"},
				"east": {"uv": [0, 0, 16, 16], "texture": "#1"},
				"south": {"uv": [0, 0, 16, 16], "texture": "#1"},
				"west": {"uv": [0, 0, 16, 16], "texture": "#1"},
				"up": {"uv": [0, 0, 16, 16], "texture": "#1"},
				"down": {"uv": [0, 0, 16, 16], "texture": "#1"}
			}
		},
		{
			"from": [-2.117, 10.117, 1.96],
			"to": [-0.003, 14.496, 3.168],
			"rotation": {"angle": 0, "axis": "y", "origin": [-4.08, 3.02, -4.08]},
			"faces": {
				"north": {"uv": [0, 0, 16, 16], "texture": "#1"},
				"east": {"uv": [0, 0, 16, 16], "texture": "#1"},
				"south": {"uv": [0, 0, 16, 16], "texture": "#1"},
				"west": {"uv": [0, 0, 16, 16], "texture": "#1"},
				"up": {"uv": [0, 0, 16, 16], "texture": "#1"},
				"down": {"uv": [0, 0, 16, 16], "texture": "#1"}
			}
		},
		{
			"from": [-1.966, 12.684, -6.194],
			"to": [-0.154, 14.194, 19.476],
			"rotation": {"angle": 0, "axis": "y", "origin": [-4.08, 3.02, -4.08]},
			"faces": {
				"north": {"uv": [1, 3, 5, 8], "texture": "#0"},
				"east": {"uv": [1, 3, 5, 8], "texture": "#0"},
				"south": {"uv": [1, 3, 5, 8], "texture": "#0"},
				"west": {"uv": [1, 3, 5, 8], "texture": "#0"},
				"up": {"uv": [1, 3, 5, 8], "texture": "#0"},
				"down": {"uv": [1, 3, 5, 8], "texture": "#0"}
			}
		},
		{
			"from": [-1.966, 10.419, -6.194],
			"to": [-0.154, 11.929, 19.476],
			"rotation": {"angle": 0, "axis": "y", "origin": [-4.08, 3.02, -4.08]},
			"faces": {
				"north": {"uv": [1, 3, 5, 8], "texture": "#0"},
				"east": {"uv": [1, 3, 5, 8], "texture": "#0"},
				"south": {"uv": [1, 3, 5, 8], "texture": "#0"},
				"west": {"uv": [1, 3, 5, 8], "texture": "#0"},
				"up": {"uv": [1, 3, 5, 8], "texture": "#0"},
				"down": {"uv": [1, 3, 5, 8], "texture": "#0"}
			}
		},
		{
			"from": [-2.117, 10.117, 13.436],
			"to": [-0.003, 14.496, 19.627],
			"rotation": {"angle": 0, "axis": "y", "origin": [-4.08, 3.02, -4.08]},
			"faces": {
				"north": {"uv": [0, 0, 16, 16], "texture": "#1"},
				"east": {"uv": [0, 0, 16, 16], "texture": "#1"},
				"south": {"uv": [0, 0, 16, 16], "texture": "#1"},
				"west": {"uv": [0, 0, 16, 16], "texture": "#1"},
				"up": {"uv": [0, 0, 16, 16], "texture": "#1"},
				"down": {"uv": [0, 0, 16, 16], "texture": "#1"}
			}
		},
		{
			"from": [14.493, 10.117, 13.436],
			"to": [16.607, 14.496, 19.627],
			"rotation": {"angle": 0, "axis": "y", "origin": [-4.08, 3.02, -4.08]},
			"faces": {
				"north": {"uv": [0, 0, 16, 16], "texture": "#1"},
				"east": {"uv": [0, 0, 16, 16], "texture": "#1"},
				"south": {"uv": [0, 0, 16, 16], "texture": "#1"},
				"west": {"uv": [0, 0, 16, 16], "texture": "#1"},
				"up": {"uv": [0, 0, 16, 16], "texture": "#1"},
				"down": {"uv": [0, 0, 16, 16], "texture": "#1"}
			}
		}
	],
	"display": {
		"thirdperson_righthand": {
			"rotation": [68, 0, 0],
			"translation": [-5.25, 0, -0.25],
			"scale": [1.04, 1.47, 0.91]
		},
		"thirdperson_lefthand": {
			"rotation": [68, 0, 0],
			"translation": [-6.75, 3, 6],
			"scale": [1.57, 1.77, 1.34]
		},
		"firstperson_righthand": {
			"translation": [-7.75, 0, 2.75],
			"scale": [2.05, 1.9, 0.84]
		},
		"firstperson_lefthand": {
			"translation": [-10, 0, 2.75],
			"scale": [2.05, 1.9, 0.84]
		},
		"gui": {
			"rotation": [77, 0, 0],
			"translation": [1, -0.75, 0]
		}
	}
}