{
	"credit": "Made with Blockbench",
	"parent": "53",
	"textures": {
		"0": "minecraft:block/red_mushroom_block",
		"1": "minecraft:block/green_concrete",
		"2": "minecraft:block/observer_back_on",
		"3": "minecraft:block/black_shulker_box",
		"4": "minecraft:block/red_shulker_box",
		"particle": "minecraft:block/red_mushroom_block"
	},
	"elements": [
		{
			"from": [-0.3, 1.34, 3.5],
			"to": [16.3, 8.4, 17.1],
			"rotation": {"angle": 0, "axis": "y", "origin": [-5.6, 0, 3.5]},
			"faces": {
				"north": {"uv": [0, 0, 16, 16], "texture": "#0"},
				"east": {"uv": [0, 0, 16, 16], "texture": "#0"},
				"south": {"uv": [0, 0, 16, 16], "texture": "#0"},
				"west": {"uv": [0, 0, 16, 16], "texture": "#0"},
				"up": {"uv": [0, 0, 16, 16], "texture": "#0"},
				"down": {"uv": [0, 0, 16, 16], "texture": "#0"}
			}
		},
		{
			"from": [-2.8, 0, 3.1],
			"to": [-0.1, 9.5, 17.5],
			"rotation": {"angle": 0, "axis": "y", "origin": [-3.5, 0, 4.2]},
			"faces": {
				"north": {"uv": [0, 0, 16, 16], "texture": "#4"},
				"east": {"uv": [0, 0, 16, 16], "texture": "#4"},
				"south": {"uv": [0, 0, 16, 16], "texture": "#4"},
				"west": {"uv": [0, 0, 16, 16], "texture": "#4"},
				"up": {"uv": [0, 0, 16, 16], "texture": "#4"},
				"down": {"uv": [0, 0, 16, 16], "texture": "#4"}
			}
		},
		{
			"from": [-2.6, 5.21, 2.46],
			"to": [-0.3, 9.01, 4.14],
			"rotation": {"angle": 0, "axis": "y", "origin": [-3.4, 0, 5.8]},
			"faces": {
				"north": {"uv": [0, 0, 16, 16], "texture": "#3"},
				"east": {"uv": [0, 0, 16, 16], "texture": "#3"},
				"south": {"uv": [0, 0, 16, 16], "texture": "#3"},
				"west": {"uv": [0, 0, 16, 16], "texture": "#3"},
				"up": {"uv": [0, 0, 16, 16], "texture": "#3"},
				"down": {"uv": [0, 0, 16, 16], "texture": "#3"}
			}
		},
		{
			"from": [-2.7, -0.01, 17.27],
			"to": [-0.2, 3.19, 24.07],
			"rotation": {"angle": 0, "axis": "y", "origin": [18.5, 0, -1.3]},
			"faces": {
				"north": {"uv": [0, 0, 16, 16], "texture": "#3"},
				"east": {"uv": [0, 0, 16, 16], "texture": "#3"},
				"south": {"uv": [0, 0, 16, 16], "texture": "#3"},
				"west": {"uv": [0, 0, 16, 16], "texture": "#3"},
				"up": {"uv": [0, 0, 16, 16], "texture": "#3"},
				"down": {"uv": [0, 0, 16, 16], "texture": "#3"}
			}
		},
		{
			"from": [-2.5, 2.71, -2.54],
			"to": [-0.3, 6.51, 1.74],
			"rotation": {"angle": 0, "axis": "y", "origin": [-3.4, 0, 5.8]},
			"faces": {
				"north": {"uv": [0, 0, 16, 16], "texture": "#3"},
				"east": {"uv": [0, 0, 16, 16], "texture": "#3"},
				"south": {"uv": [0, 0, 16, 16], "texture": "#3"},
				"west": {"uv": [0, 0, 16, 16], "texture": "#3"},
				"up": {"uv": [0, 0, 16, 16], "texture": "#3"},
				"down": {"uv": [0, 0, 16, 16], "texture": "#3"}
			}
		},
		{
			"from": [-2.5, -0.69, -2.94],
			"to": [-0.3, 4.01, 4.24],
			"rotation": {"angle": 22.5, "axis": "x", "origin": [-3.4, 0, 5.8]},
			"faces": {
				"north": {"uv": [0, 0, 16, 16], "texture": "#3"},
				"east": {"uv": [0, 0, 16, 16], "texture": "#3"},
				"south": {"uv": [0, 0, 16, 16], "texture": "#3"},
				"west": {"uv": [0, 0, 16, 16], "texture": "#3"},
				"up": {"uv": [0, 0, 16, 16], "texture": "#3"},
				"down": {"uv": [0, 0, 16, 16], "texture": "#3"}
			}
		},
		{
			"from": [-2.6, 5.17, 0.57],
			"to": [-0.3, 9.37, 6.07],
			"rotation": {"angle": -22.5, "axis": "x", "origin": [-3.4, 0, 5.8]},
			"faces": {
				"north": {"uv": [0, 0, 16, 16], "texture": "#3"},
				"east": {"uv": [0, 0, 16, 16], "texture": "#3"},
				"south": {"uv": [0, 0, 16, 16], "texture": "#3"},
				"west": {"uv": [0, 0, 16, 16], "texture": "#3"},
				"up": {"uv": [0, 0, 16, 16], "texture": "#3"},
				"down": {"uv": [0, 0, 16, 16], "texture": "#3"}
			}
		},
		{
			"from": [-2.7, -15.92, 14.41],
			"to": [-0.2, -6.64, 18.71],
			"rotation": {"angle": -45, "axis": "x", "origin": [-3.5, 0, -1.4]},
			"faces": {
				"north": {"uv": [0, 0, 16, 16], "texture": "#3"},
				"east": {"uv": [0, 0, 16, 16], "texture": "#3"},
				"south": {"uv": [0, 0, 16, 16], "texture": "#3"},
				"west": {"uv": [0, 0, 16, 16], "texture": "#3"},
				"up": {"uv": [0, 0, 16, 16], "texture": "#3"},
				"down": {"uv": [0, 0, 16, 16], "texture": "#3"}
			}
		},
		{
			"from": [16.2, 5.17, 0.57],
			"to": [18.5, 9.37, 6.07],
			"rotation": {"angle": -22.5, "axis": "x", "origin": [15.4, 0, 5.8]},
			"faces": {
				"north": {"uv": [0, 0, 16, 16], "texture": "#3"},
				"east": {"uv": [0, 0, 16, 16], "texture": "#3"},
				"south": {"uv": [0, 0, 16, 16], "texture": "#3"},
				"west": {"uv": [0, 0, 16, 16], "texture": "#3"},
				"up": {"uv": [0, 0, 16, 16], "texture": "#3"},
				"down": {"uv": [0, 0, 16, 16], "texture": "#3"}
			}
		},
		{
			"from": [16.3, 2.71, -2.54],
			"to": [18.5, 6.51, 1.74],
			"rotation": {"angle": 0, "axis": "y", "origin": [15.4, 0, 5.8]},
			"faces": {
				"north": {"uv": [0, 0, 16, 16], "texture": "#3"},
				"east": {"uv": [0, 0, 16, 16], "texture": "#3"},
				"south": {"uv": [0, 0, 16, 16], "texture": "#3"},
				"west": {"uv": [0, 0, 16, 16], "texture": "#3"},
				"up": {"uv": [0, 0, 16, 16], "texture": "#3"},
				"down": {"uv": [0, 0, 16, 16], "texture": "#3"}
			}
		},
		{
			"from": [16.3, -0.69, -2.94],
			"to": [18.5, 4.01, 4.24],
			"rotation": {"angle": 22.5, "axis": "x", "origin": [15.4, 0, 5.8]},
			"faces": {
				"north": {"uv": [0, 0, 16, 16], "texture": "#3"},
				"east": {"uv": [0, 0, 16, 16], "texture": "#3"},
				"south": {"uv": [0, 0, 16, 16], "texture": "#3"},
				"west": {"uv": [0, 0, 16, 16], "texture": "#3"},
				"up": {"uv": [0, 0, 16, 16], "texture": "#3"},
				"down": {"uv": [0, 0, 16, 16], "texture": "#3"}
			}
		},
		{
			"from": [16.2, 5.21, 2.46],
			"to": [18.5, 9.01, 4.14],
			"rotation": {"angle": 0, "axis": "y", "origin": [15.4, 0, 5.8]},
			"faces": {
				"north": {"uv": [0, 0, 16, 16], "texture": "#3"},
				"east": {"uv": [0, 0, 16, 16], "texture": "#3"},
				"south": {"uv": [0, 0, 16, 16], "texture": "#3"},
				"west": {"uv": [0, 0, 16, 16], "texture": "#3"},
				"up": {"uv": [0, 0, 16, 16], "texture": "#3"},
				"down": {"uv": [0, 0, 16, 16], "texture": "#3"}
			}
		},
		{
			"from": [16, 0, 3.1],
			"to": [18.7, 9.5, 17.6],
			"rotation": {"angle": 0, "axis": "y", "origin": [15.3, 0, 4.2]},
			"faces": {
				"north": {"uv": [0, 0, 16, 16], "texture": "#4"},
				"east": {"uv": [0, 0, 16, 16], "texture": "#4"},
				"south": {"uv": [0, 0, 16, 16], "texture": "#4"},
				"west": {"uv": [0, 0, 16, 16], "texture": "#4"},
				"up": {"uv": [0, 0, 16, 16], "texture": "#4"},
				"down": {"uv": [0, 0, 16, 16], "texture": "#4"}
			}
		},
		{
			"from": [16.1, -15.92, 14.41],
			"to": [18.6, -6.64, 18.71],
			"rotation": {"angle": -45, "axis": "x", "origin": [15.3, 0, -1.4]},
			"faces": {
				"north": {"uv": [0, 0, 16, 16], "texture": "#3"},
				"east": {"uv": [0, 0, 16, 16], "texture": "#3"},
				"south": {"uv": [0, 0, 16, 16], "texture": "#3"},
				"west": {"uv": [0, 0, 16, 16], "texture": "#3"},
				"up": {"uv": [0, 0, 16, 16], "texture": "#3"},
				"down": {"uv": [0, 0, 16, 16], "texture": "#3"}
			}
		},
		{
			"from": [16.1, -0.01, 17.27],
			"to": [18.6, 3.19, 24.07],
			"rotation": {"angle": 0, "axis": "y", "origin": [37.3, 0, -1.3]},
			"faces": {
				"north": {"uv": [0, 0, 16, 16], "texture": "#3"},
				"east": {"uv": [0, 0, 16, 16], "texture": "#3"},
				"south": {"uv": [0, 0, 16, 16], "texture": "#3"},
				"west": {"uv": [0, 0, 16, 16], "texture": "#3"},
				"up": {"uv": [0, 0, 16, 16], "texture": "#3"},
				"down": {"uv": [0, 0, 16, 16], "texture": "#3"}
			}
		},
		{
			"from": [-0.1, 1.27, 17],
			"to": [16, 5.9, 22.2],
			"rotation": {"angle": 0, "axis": "y", "origin": [-5.6, 0, 3.5]},
			"faces": {
				"north": {"uv": [0, 0, 16, 1], "texture": "#2"},
				"east": {"uv": [0, 0, 16, 1], "texture": "#2"},
				"south": {"uv": [0, 0, 16, 1], "texture": "#2"},
				"west": {"uv": [0, 0, 16, 1], "texture": "#2"},
				"up": {"uv": [0, 0, 16, 1], "texture": "#2"},
				"down": {"uv": [0, 0, 16, 1], "texture": "#2"}
			}
		},
		{
			"from": [1.2, 3.4, 15.4],
			"to": [14.8, 8.5, 22],
			"rotation": {"angle": 0, "axis": "y", "origin": [-5.6, 0, 3.5]},
			"faces": {
				"north": {"uv": [0, 0, 16, 16], "texture": "#0"},
				"east": {"uv": [0, 0, 16, 16], "texture": "#0"},
				"south": {"uv": [0, 0, 16, 16], "texture": "#0"},
				"west": {"uv": [0, 0, 16, 16], "texture": "#0"},
				"up": {"uv": [0, 0, 16, 16], "texture": "#0"},
				"down": {"uv": [0, 0, 16, 16], "texture": "#0"}
			}
		},
		{
			"from": [6.3, 3.78, 0.1],
			"to": [9.8, 9.5, 6.2],
			"rotation": {"angle": 0, "axis": "y", "origin": [-5.6, 0, 3.5]},
			"faces": {
				"north": {"uv": [0, 0, 16, 16], "texture": "#0"},
				"east": {"uv": [0, 0, 16, 16], "texture": "#0"},
				"south": {"uv": [0, 0, 16, 16], "texture": "#0"},
				"west": {"uv": [0, 0, 16, 16], "texture": "#0"},
				"up": {"uv": [0, 0, 16, 16], "texture": "#0"},
				"down": {"uv": [0, 0, 16, 16], "texture": "#0"}
			}
		},
		{
			"from": [2.9, 3.88, -9.76],
			"to": [6.3, 9.5, -6.36],
			"rotation": {"angle": -45, "axis": "y", "origin": [-5.6, 0, 3.5]},
			"faces": {
				"north": {"uv": [0, 0, 16, 16], "texture": "#0"},
				"east": {"uv": [0, 0, 16, 16], "texture": "#0"},
				"south": {"uv": [0, 0, 16, 16], "texture": "#0"},
				"west": {"uv": [0, 0, 16, 16], "texture": "#0"},
				"up": {"uv": [0, 0, 16, 16], "texture": "#0"},
				"down": {"uv": [0, 0, 16, 16], "texture": "#0"}
			}
		},
		{
			"from": [0.35, 3.88, -7.38],
			"to": [3.75, 9.5, -3.98],
			"rotation": {"angle": -45, "axis": "y", "origin": [-5.6, 0, 3.5]},
			"faces": {
				"north": {"uv": [0, 0, 16, 16], "texture": "#0"},
				"east": {"uv": [0, 0, 16, 16], "texture": "#0"},
				"south": {"uv": [0, 0, 16, 16], "texture": "#0"},
				"west": {"uv": [0, 0, 16, 16], "texture": "#0"},
				"up": {"uv": [0, 0, 16, 16], "texture": "#0"},
				"down": {"uv": [0, 0, 16, 16], "texture": "#0"}
			}
		},
		{
			"from": [-0.1, 2.12, 1.8],
			"to": [16.2, 4.6, 5.2],
			"rotation": {"angle": -22.5, "axis": "x", "origin": [-7.2, 0, 3.5]},
			"faces": {
				"north": {"uv": [0, 0, 16, 16], "texture": "#2"},
				"east": {"uv": [0, 0, 16, 16], "texture": "#2"},
				"south": {"uv": [0, 0, 16, 16], "texture": "#2"},
				"west": {"uv": [0, 0, 16, 16], "texture": "#2"},
				"up": {"uv": [0, 0, 16, 16], "texture": "#2"},
				"down": {"uv": [0, 0, 16, 16], "texture": "#2"}
			}
		},
		{
			"from": [-0.3, 4, 3.2],
			"to": [16.3, 7.7, 10],
			"rotation": {"angle": -22.5, "axis": "x", "origin": [-5.6, 0, 3.5]},
			"faces": {
				"north": {"uv": [0, 0, 16, 16], "texture": "#0"},
				"east": {"uv": [0, 0, 16, 16], "texture": "#0"},
				"south": {"uv": [0, 0, 16, 16], "texture": "#0"},
				"west": {"uv": [0, 0, 16, 16], "texture": "#0"},
				"up": {"uv": [0, 0, 16, 16], "texture": "#0"},
				"down": {"uv": [0, 0, 16, 16], "texture": "#0"}
			}
		},
		{
			"from": [7.45, 10.5, 10.3],
			"to": [9.5, 12.92, 18.8],
			"rotation": {"angle": 22.5, "axis": "y", "origin": [-5.6, 0, 3.5]},
			"faces": {
				"north": {"uv": [0, 0, 128, 128], "texture": "#missing"},
				"east": {"uv": [0, 0, 128, 128], "texture": "#missing"},
				"south": {"uv": [0, 0, 128, 128], "texture": "#missing"},
				"west": {"uv": [0, 0, 128, 128], "texture": "#missing"},
				"up": {"uv": [0, 0, 128, 128], "texture": "#missing"},
				"down": {"uv": [0, 0, 128, 128], "texture": "#missing"}
			}
		},
		{
			"from": [0.81, 10.2, 6.8],
			"to": [14.92, 14.96, 16.8],
			"rotation": {"angle": 0, "axis": "y", "origin": [-5.6, 0, 3.5]},
			"faces": {
				"north": {"uv": [0, 0, 16, 16], "texture": "#4"},
				"east": {"uv": [0, 0, 16, 16], "texture": "#4"},
				"south": {"uv": [0, 0, 16, 16], "texture": "#4"},
				"west": {"uv": [0, 0, 16, 16], "texture": "#4"},
				"up": {"uv": [0, 0, 16, 16], "texture": "#4"},
				"down": {"uv": [0, 0, 16, 16], "texture": "#4"}
			}
		},
		{
			"from": [6.75, 11.98, -7.31],
			"to": [8.95, 14.28, 6.9],
			"rotation": {"angle": 0, "axis": "y", "origin": [-5.6, 0, 3.5]},
			"faces": {
				"north": {"uv": [6, 6, 10, 10], "texture": "#2"},
				"east": {"uv": [0, 0, 16, 16], "texture": "#2"},
				"south": {"uv": [0, 0, 16, 16], "texture": "#2"},
				"west": {"uv": [0, 0, 16, 16], "texture": "#2"},
				"up": {"uv": [0, 0, 16, 16], "texture": "#2"},
				"down": {"uv": [0, 0, 16, 16], "texture": "#2"}
			}
		},
		{
			"from": [6.61, 11.74, 0.63],
			"to": [9.19, 14.42, 1.99],
			"rotation": {"angle": 0, "axis": "y", "origin": [-5.6, 0, 3.5]},
			"faces": {
				"north": {"uv": [0, 0, 16, 16], "texture": "#3"},
				"east": {"uv": [0, 0, 16, 16], "texture": "#3"},
				"south": {"uv": [0, 0, 16, 16], "texture": "#3"},
				"west": {"uv": [0, 0, 16, 16], "texture": "#3"},
				"up": {"uv": [0, 0, 16, 16], "texture": "#3"},
				"down": {"uv": [0, 0, 16, 16], "texture": "#3"}
			}
		},
		{
			"from": [6.61, 11.84, 2.53],
			"to": [9.19, 14.52, 3.89],
			"rotation": {"angle": 0, "axis": "y", "origin": [-5.6, 0, 3.5]},
			"faces": {
				"north": {"uv": [0, 0, 16, 16], "texture": "#3"},
				"east": {"uv": [0, 0, 16, 16], "texture": "#3"},
				"south": {"uv": [0, 0, 16, 16], "texture": "#3"},
				"west": {"uv": [0, 0, 16, 16], "texture": "#3"},
				"up": {"uv": [0, 0, 16, 16], "texture": "#3"},
				"down": {"uv": [0, 0, 16, 16], "texture": "#3"}
			}
		},
		{
			"from": [6.61, 11.74, -7.03],
			"to": [9.19, 14.42, -6.17],
			"rotation": {"angle": 0, "axis": "y", "origin": [-5.6, 0, 3.5]},
			"faces": {
				"north": {"uv": [0, 0, 16, 16], "texture": "#3"},
				"east": {"uv": [0, 0, 16, 16], "texture": "#3"},
				"south": {"uv": [0, 0, 16, 16], "texture": "#3"},
				"west": {"uv": [0, 0, 16, 16], "texture": "#3"},
				"up": {"uv": [0, 0, 16, 16], "texture": "#3"},
				"down": {"uv": [0, 0, 16, 16], "texture": "#3"}
			}
		},
		{
			"from": [11.1, 10.2, 4.69],
			"to": [15, 14.62, 9.89],
			"rotation": {"angle": -22.5, "axis": "y", "origin": [-5.6, 0, 3.5]},
			"faces": {
				"north": {"uv": [0, 0, 16, 4], "texture": "#2"},
				"east": {"uv": [0, 0, 16, 4], "texture": "#2"},
				"south": {"uv": [0, 0, 16, 4], "texture": "#2"},
				"west": {"uv": [0, 0, 16, 4], "texture": "#2"},
				"up": {"uv": [0, 0, 16, 4], "texture": "#2"},
				"down": {"uv": [0, 0, 16, 4], "texture": "#2"}
			}
		},
		{
			"from": [6.61, 11.84, -4.73],
			"to": [9.19, 14.52, -3.97],
			"rotation": {"angle": 0, "axis": "y", "origin": [-5.6, 0, 3.5]},
			"faces": {
				"north": {"uv": [0, 0, 16, 16], "texture": "#3"},
				"east": {"uv": [0, 0, 16, 16], "texture": "#3"},
				"south": {"uv": [0, 0, 16, 16], "texture": "#3"},
				"west": {"uv": [0, 0, 16, 16], "texture": "#3"},
				"up": {"uv": [0, 0, 16, 16], "texture": "#3"},
				"down": {"uv": [0, 0, 16, 16], "texture": "#3"}
			}
		},
		{
			"from": [-1.31, 10.2, 15.4],
			"to": [2.59, 14.62, 20.2],
			"rotation": {"angle": 22.5, "axis": "y", "origin": [-5.6, 0, 3.5]},
			"faces": {
				"north": {"uv": [0, 0, 16, 4], "texture": "#2"},
				"east": {"uv": [0, 0, 16, 4], "texture": "#2"},
				"south": {"uv": [0, 0, 16, 4], "texture": "#2"},
				"west": {"uv": [0, 0, 16, 4], "texture": "#2"},
				"up": {"uv": [0, 0, 16, 4], "texture": "#2"},
				"down": {"uv": [0, 0, 16, 4], "texture": "#2"}
			}
		},
		{
			"from": [-2.01, 10.5, 14.4],
			"to": [1.59, 12.62, 20.2],
			"rotation": {"angle": 22.5, "axis": "y", "origin": [-5.6, 0, 3.5]},
			"faces": {
				"north": {"uv": [0, 0, 16, 4], "texture": "#2"},
				"east": {"uv": [0, 0, 16, 4], "texture": "#2"},
				"south": {"uv": [0, 0, 16, 4], "texture": "#2"},
				"west": {"uv": [0, 0, 16, 4], "texture": "#2"},
				"up": {"uv": [0, 0, 16, 4], "texture": "#2"},
				"down": {"uv": [0, 0, 16, 4], "texture": "#2"}
			}
		},
		{
			"from": [11.4, 10.2, 3.79],
			"to": [15.9, 12.62, 9.89],
			"rotation": {"angle": -22.5, "axis": "y", "origin": [-5.6, 0, 3.5]},
			"faces": {
				"north": {"uv": [0, 0, 16, 4], "texture": "#2"},
				"east": {"uv": [0, 0, 16, 4], "texture": "#2"},
				"south": {"uv": [0, 0, 16, 4], "texture": "#2"},
				"west": {"uv": [0, 0, 16, 4], "texture": "#2"},
				"up": {"uv": [0, 0, 16, 4], "texture": "#2"},
				"down": {"uv": [0, 0, 16, 4], "texture": "#2"}
			}
		},
		{
			"from": [4.45, 10.5, -0.2],
			"to": [6.5, 12.92, 8.3],
			"rotation": {"angle": -22.5, "axis": "y", "origin": [-5.6, 0, 3.5]},
			"faces": {
				"north": {"uv": [0, 0, 128, 128], "texture": "#missing"},
				"east": {"uv": [0, 0, 128, 128], "texture": "#missing"},
				"south": {"uv": [0, 0, 128, 128], "texture": "#missing"},
				"west": {"uv": [0, 0, 128, 128], "texture": "#missing"},
				"up": {"uv": [0, 0, 128, 128], "texture": "#missing"},
				"down": {"uv": [0, 0, 128, 128], "texture": "#missing"}
			}
		},
		{
			"from": [4.81, 12, 16.8],
			"to": [10.92, 14.86, 18.6],
			"rotation": {"angle": 0, "axis": "y", "origin": [-5.6, 0, 3.5]},
			"faces": {
				"north": {"uv": [0, 0, 16, 4], "texture": "#2"},
				"east": {"uv": [0, 0, 16, 4], "texture": "#2"},
				"south": {"uv": [0, 0, 16, 4], "texture": "#2"},
				"west": {"uv": [0, 0, 16, 4], "texture": "#2"},
				"up": {"uv": [0, 0, 16, 4], "texture": "#2"},
				"down": {"uv": [0, 0, 16, 4], "texture": "#2"}
			}
		},
		{
			"from": [2.9, 5.1, 22],
			"to": [13.1, 8.5, 22.9],
			"rotation": {"angle": 0, "axis": "y", "origin": [-5.6, 0, 3.5]},
			"faces": {
				"north": {"uv": [0, 0, 16, 1], "texture": "#2"},
				"east": {"uv": [0, 0, 16, 1], "texture": "#2"},
				"south": {"uv": [0, 0, 16, 1], "texture": "#2"},
				"west": {"uv": [0, 0, 16, 1], "texture": "#2"},
				"up": {"uv": [0, 0, 16, 1], "texture": "#2"},
				"down": {"uv": [0, 0, 16, 1], "texture": "#2"}
			}
		},
		{
			"from": [3.5, 1.2, 22.2],
			"to": [12.4, 6.8, 24],
			"rotation": {"angle": 0, "axis": "y", "origin": [-5.6, 0, 3.5]},
			"faces": {
				"north": {"uv": [0, 0, 16, 1], "texture": "#2"},
				"east": {"uv": [0, 0, 16, 1], "texture": "#2"},
				"south": {"uv": [0, 0, 16, 1], "texture": "#2"},
				"west": {"uv": [0, 0, 16, 1], "texture": "#2"},
				"up": {"uv": [0, 0, 16, 1], "texture": "#2"},
				"down": {"uv": [0, 0, 16, 1], "texture": "#2"}
			}
		},
		{
			"from": [9.45, 2.82, -2.41],
			"to": [11.15, 4.52, 0.1],
			"rotation": {"angle": 0, "axis": "y", "origin": [-5.6, 0, 3.5]},
			"faces": {
				"north": {"uv": [0, 0, 16, 16], "texture": "#2"},
				"east": {"uv": [0, 0, 16, 16], "texture": "#2"},
				"south": {"uv": [0, 0, 16, 16], "texture": "#2"},
				"west": {"uv": [0, 0, 16, 16], "texture": "#2"},
				"up": {"uv": [0, 0, 16, 16], "texture": "#2"},
				"down": {"uv": [0, 0, 16, 16], "texture": "#2"}
			}
		},
		{
			"from": [2.6, 8.5, 5.8],
			"to": [13.1, 10.3, 17.1],
			"rotation": {"angle": 0, "axis": "y", "origin": [-5.6, 0, 3.5]},
			"faces": {
				"north": {"uv": [0, 0, 16, 4], "texture": "#2"},
				"east": {"uv": [0, 0, 16, 4], "texture": "#2"},
				"south": {"uv": [0, 0, 16, 4], "texture": "#2"},
				"west": {"uv": [0, 0, 16, 4], "texture": "#2"},
				"up": {"uv": [0, 0, 16, 4], "texture": "#2"},
				"down": {"uv": [0, 0, 16, 4], "texture": "#2"}
			}
		},
		{
			"from": [-0.3, 3.28, 0.15],
			"to": [16.31, 6.98, 1.55],
			"rotation": {"angle": 0, "axis": "y", "origin": [-5.6, 0, 3.5]},
			"faces": {
				"north": {"uv": [0, 0, 16, 16], "texture": "#2"},
				"east": {"uv": [0, 0, 16, 16], "texture": "#2"},
				"south": {"uv": [0, 0, 16, 16], "texture": "#2"},
				"west": {"uv": [0, 0, 16, 16], "texture": "#2"},
				"up": {"uv": [0, 0, 16, 16], "texture": "#2"},
				"down": {"uv": [0, 0, 16, 16], "texture": "#2"}
			}
		},
		{
			"from": [1.3, 1.28, 0.15],
			"to": [14.81, 3.28, 1.55],
			"rotation": {"angle": 0, "axis": "y", "origin": [-5.6, 0, 3.5]},
			"faces": {
				"north": {"uv": [0, 0, 16, 16], "texture": "#2"},
				"east": {"uv": [0, 0, 16, 16], "texture": "#2"},
				"south": {"uv": [0, 0, 16, 16], "texture": "#2"},
				"west": {"uv": [0, 0, 16, 16], "texture": "#2"},
				"up": {"uv": [0, 0, 16, 16], "texture": "#2"},
				"down": {"uv": [0, 0, 16, 16], "texture": "#2"}
			}
		},
		{
			"from": [4.6, 6.8, 17.1],
			"to": [11.4, 10.5, 21.2],
			"rotation": {"angle": 0, "axis": "y", "origin": [-5.6, 0, 3.5]},
			"faces": {
				"north": {"uv": [0, 0, 16, 16], "texture": "#0"},
				"east": {"uv": [0, 0, 16, 16], "texture": "#0"},
				"south": {"uv": [0, 0, 16, 16], "texture": "#0"},
				"west": {"uv": [0, 0, 16, 16], "texture": "#0"},
				"up": {"uv": [0, 0, 16, 16], "texture": "#0"},
				"down": {"uv": [0, 0, 16, 16], "texture": "#0"}
			}
		},
		{
			"from": [4, 8, 22],
			"to": [5, 10, 23],
			"faces": {
				"north": {"uv": [0, 0, 16, 16], "texture": "#4"},
				"east": {"uv": [0, 0, 16, 16], "texture": "#4"},
				"south": {"uv": [0, 0, 16, 16], "texture": "#4"},
				"west": {"uv": [0, 0, 16, 16], "texture": "#4"},
				"up": {"uv": [0, 0, 16, 16], "texture": "#4"},
				"down": {"uv": [0, 0, 16, 16], "texture": "#4"}
			}
		},
		{
			"from": [11, 8, 22],
			"to": [12, 10, 23],
			"faces": {
				"north": {"uv": [0, 0, 16, 16], "texture": "#4"},
				"east": {"uv": [0, 0, 16, 16], "texture": "#4"},
				"south": {"uv": [0, 0, 16, 16], "texture": "#4"},
				"west": {"uv": [0, 0, 16, 16], "texture": "#4"},
				"up": {"uv": [0, 0, 16, 16], "texture": "#4"},
				"down": {"uv": [0, 0, 16, 16], "texture": "#4"}
			}
		},
		{
			"from": [4, 9, 22],
			"to": [5, 10, 24],
			"faces": {
				"north": {"uv": [0, 0, 16, 16], "texture": "#4"},
				"east": {"uv": [0, 0, 16, 16], "texture": "#4"},
				"south": {"uv": [0, 0, 16, 16], "texture": "#4"},
				"west": {"uv": [0, 0, 16, 16], "texture": "#4"},
				"up": {"uv": [0, 0, 16, 16], "texture": "#4"},
				"down": {"uv": [0, 0, 16, 16], "texture": "#4"}
			}
		},
		{
			"from": [11, 9, 22],
			"to": [12, 10, 24],
			"faces": {
				"north": {"uv": [0, 0, 16, 16], "texture": "#4"},
				"east": {"uv": [0, 0, 16, 16], "texture": "#4"},
				"south": {"uv": [0, 0, 16, 16], "texture": "#4"},
				"west": {"uv": [0, 0, 16, 16], "texture": "#4"},
				"up": {"uv": [0, 0, 16, 16], "texture": "#4"},
				"down": {"uv": [0, 0, 16, 16], "texture": "#4"}
			}
		},
		{
			"from": [6.31, 11.64, 1.63],
			"to": [9.29, 14.52, 2.99],
			"rotation": {"angle": 0, "axis": "y", "origin": [-5.6, 0, 3.5]},
			"faces": {
				"north": {"uv": [0, 0, 16, 16], "texture": "#3"},
				"east": {"uv": [0, 0, 16, 16], "texture": "#3"},
				"south": {"uv": [0, 0, 16, 16], "texture": "#3"},
				"west": {"uv": [0, 0, 16, 16], "texture": "#3"},
				"up": {"uv": [0, 0, 16, 16], "texture": "#3"},
				"down": {"uv": [0, 0, 16, 16], "texture": "#3"}
			}
		},
		{
			"from": [6.41, 11.64, -6.37],
			"to": [9.29, 14.52, -4.81],
			"rotation": {"angle": 0, "axis": "y", "origin": [-5.6, 0, 3.5]},
			"faces": {
				"north": {"uv": [0, 0, 16, 16], "texture": "#3"},
				"east": {"uv": [0, 0, 16, 16], "texture": "#3"},
				"south": {"uv": [0, 0, 16, 16], "texture": "#3"},
				"west": {"uv": [0, 0, 16, 16], "texture": "#3"},
				"up": {"uv": [0, 0, 16, 16], "texture": "#3"},
				"down": {"uv": [0, 0, 16, 16], "texture": "#3"}
			}
		},
		{
			"from": [-1.7, 3.08, -3.4],
			"to": [17.8, 5.5, -2.3],
			"rotation": {"angle": 0, "axis": "y", "origin": [-5.6, 0, 3.5]},
			"faces": {
				"north": {"uv": [1, 1, 15, 2], "texture": "#2"},
				"east": {"uv": [1, 1, 15, 2], "texture": "#2"},
				"south": {"uv": [1, 1, 15, 2], "texture": "#2"},
				"west": {"uv": [1, 1, 15, 2], "texture": "#2"},
				"up": {"uv": [1, 1, 15, 2], "texture": "#2"},
				"down": {"uv": [1, 1, 15, 2], "texture": "#2"}
			}
		},
		{
			"from": [13.4, 5.38, -3.4],
			"to": [16.1, 7, -2.3],
			"rotation": {"angle": 0, "axis": "y", "origin": [-5.6, 0, 3.5]},
			"faces": {
				"north": {"uv": [1, 1, 15, 2], "texture": "#2"},
				"east": {"uv": [1, 1, 15, 2], "texture": "#2"},
				"south": {"uv": [1, 1, 15, 2], "texture": "#2"},
				"west": {"uv": [1, 1, 15, 2], "texture": "#2"},
				"up": {"uv": [1, 1, 15, 2], "texture": "#2"},
				"down": {"uv": [1, 1, 15, 2], "texture": "#2"}
			}
		},
		{
			"from": [-0.1, 5.38, -3.4],
			"to": [2.6, 7, -2.3],
			"rotation": {"angle": 0, "axis": "y", "origin": [-5.6, 0, 3.5]},
			"faces": {
				"north": {"uv": [1, 1, 15, 2], "texture": "#2"},
				"east": {"uv": [1, 1, 15, 2], "texture": "#2"},
				"south": {"uv": [1, 1, 15, 2], "texture": "#2"},
				"west": {"uv": [1, 1, 15, 2], "texture": "#2"},
				"up": {"uv": [1, 1, 15, 2], "texture": "#2"},
				"down": {"uv": [1, 1, 15, 2], "texture": "#2"}
			}
		},
		{
			"from": [8.8, 5.38, -3.4],
			"to": [11.5, 7, -2.3],
			"rotation": {"angle": 0, "axis": "y", "origin": [-5.6, 0, 3.5]},
			"faces": {
				"north": {"uv": [1, 1, 15, 2], "texture": "#2"},
				"east": {"uv": [1, 1, 15, 2], "texture": "#2"},
				"south": {"uv": [1, 1, 15, 2], "texture": "#2"},
				"west": {"uv": [1, 1, 15, 2], "texture": "#2"},
				"up": {"uv": [1, 1, 15, 2], "texture": "#2"},
				"down": {"uv": [1, 1, 15, 2], "texture": "#2"}
			}
		},
		{
			"from": [4.5, 5.38, -3.4],
			"to": [7.2, 7, -2.3],
			"rotation": {"angle": 0, "axis": "y", "origin": [-5.6, 0, 3.5]},
			"faces": {
				"north": {"uv": [1, 1, 15, 2], "texture": "#2"},
				"east": {"uv": [1, 1, 15, 2], "texture": "#2"},
				"south": {"uv": [1, 1, 15, 2], "texture": "#2"},
				"west": {"uv": [1, 1, 15, 2], "texture": "#2"},
				"up": {"uv": [1, 1, 15, 2], "texture": "#2"},
				"down": {"uv": [1, 1, 15, 2], "texture": "#2"}
			}
		},
		{
			"from": [4.95, 2.82, -2.41],
			"to": [6.65, 4.52, 0.1],
			"rotation": {"angle": 0, "axis": "y", "origin": [-5.6, 0, 3.5]},
			"faces": {
				"north": {"uv": [0, 0, 16, 16], "texture": "#2"},
				"east": {"uv": [0, 0, 16, 16], "texture": "#2"},
				"south": {"uv": [0, 0, 16, 16], "texture": "#2"},
				"west": {"uv": [0, 0, 16, 16], "texture": "#2"},
				"up": {"uv": [0, 0, 16, 16], "texture": "#2"},
				"down": {"uv": [0, 0, 16, 16], "texture": "#2"}
			}
		},
		{
			"from": [-1.7, -1.52, -4.2],
			"to": [17.8, 0.6, -3.1],
			"rotation": {"angle": 22.5, "axis": "x", "origin": [-5.6, 0, 3.5]},
			"faces": {
				"north": {"uv": [1, 1, 15, 2], "texture": "#2"},
				"east": {"uv": [1, 1, 15, 2], "texture": "#2"},
				"south": {"uv": [1, 1, 15, 2], "texture": "#2"},
				"west": {"uv": [1, 1, 15, 2], "texture": "#2"},
				"up": {"uv": [1, 1, 15, 2], "texture": "#2"},
				"down": {"uv": [1, 1, 15, 2], "texture": "#2"}
			}
		},
		{
			"from": [-6.45, 17.58, -7.31],
			"to": [-4.25, 19.88, 6.9],
			"rotation": {"angle": -45, "axis": "z", "origin": [-5.6, 0, 3.5]},
			"faces": {
				"north": {"uv": [6, 6, 10, 10], "texture": "#2"},
				"east": {"uv": [0, 0, 16, 16], "texture": "#2"},
				"south": {"uv": [0, 0, 16, 16], "texture": "#2"},
				"west": {"uv": [0, 0, 16, 16], "texture": "#2"},
				"up": {"uv": [0, 0, 16, 16], "texture": "#2"},
				"down": {"uv": [0, 0, 16, 16], "texture": "#2"}
			}
		},
		{
			"from": [0.81, 7.9, 7.9],
			"to": [14.92, 12.66, 12.9],
			"rotation": {"angle": -22.5, "axis": "x", "origin": [-5.6, 0, 3.5]},
			"faces": {
				"north": {"uv": [0, 0, 16, 16], "texture": "#4"},
				"east": {"uv": [0, 0, 16, 16], "texture": "#4"},
				"south": {"uv": [0, 0, 16, 16], "texture": "#4"},
				"west": {"uv": [0, 0, 16, 16], "texture": "#4"},
				"up": {"uv": [0, 0, 16, 16], "texture": "#4"},
				"down": {"uv": [0, 0, 16, 16], "texture": "#4"}
			}
		},
		{
			"from": [0.7085, 9.8905, 10.8065],
			"to": [0.83, 10.7005, 11.2115],
			"rotation": {"angle": -22.5, "axis": "x", "origin": [1.235, 10.80175, 7.5665]},
			"faces": {
				"north": {"uv": [0, 0, 16, 16], "texture": "#1"},
				"east": {"uv": [0, 0, 16, 16], "texture": "#1"},
				"south": {"uv": [0, 0, 16, 16], "texture": "#1"},
				"west": {"uv": [0, 0, 16, 16], "texture": "#1"},
				"up": {"uv": [0, 0, 16, 16], "texture": "#1"},
				"down": {"uv": [0, 0, 16, 16], "texture": "#1"}
			}
		},
		{
			"from": [0.749, 12.3205, 9.9965],
			"to": [0.83, 13.1305, 10.4825],
			"rotation": {"angle": 22.5, "axis": "x", "origin": [1.235, 10.80175, 7.5665]},
			"faces": {
				"north": {"uv": [0, 0, 16, 16], "texture": "#1"},
				"east": {"uv": [0, 0, 16, 16], "texture": "#1"},
				"south": {"uv": [0, 0, 16, 16], "texture": "#1"},
				"west": {"uv": [0, 0, 16, 16], "texture": "#1"},
				"up": {"uv": [0, 0, 16, 16], "texture": "#1"},
				"down": {"uv": [0, 0, 16, 16], "texture": "#1"}
			}
		},
		{
			"from": [0.749, 12.0775, 11.09],
			"to": [0.83, 12.8875, 11.495],
			"rotation": {"angle": 0, "axis": "y", "origin": [1.235, 10.55875, 10.28]},
			"faces": {
				"north": {"uv": [0, 0, 16, 16], "texture": "#1"},
				"east": {"uv": [0, 0, 16, 16], "texture": "#1"},
				"south": {"uv": [0, 0, 16, 16], "texture": "#1"},
				"west": {"uv": [0, 0, 16, 16], "texture": "#1"},
				"up": {"uv": [0, 0, 16, 16], "texture": "#1"},
				"down": {"uv": [0, 0, 16, 16], "texture": "#1"}
			}
		},
		{
			"from": [0.749, 12.8875, 11.09],
			"to": [0.83, 13.2925, 13.115],
			"rotation": {"angle": 0, "axis": "y", "origin": [1.235, 10.55875, 10.28]},
			"faces": {
				"north": {"uv": [0, 0, 16, 16], "texture": "#1"},
				"east": {"uv": [0, 0, 16, 16], "texture": "#1"},
				"south": {"uv": [0, 0, 16, 16], "texture": "#1"},
				"west": {"uv": [0, 0, 16, 16], "texture": "#1"},
				"up": {"uv": [0, 0, 16, 16], "texture": "#1"},
				"down": {"uv": [0, 0, 16, 16], "texture": "#1"}
			}
		},
		{
			"from": [0.7085, 13.19125, 10.4825],
			"to": [0.83, 13.39375, 10.98875],
			"rotation": {"angle": 22.5, "axis": "x", "origin": [1.235, 10.55875, 10.28]},
			"faces": {
				"north": {"uv": [0, 0, 16, 16], "texture": "#1"},
				"east": {"uv": [0, 0, 16, 16], "texture": "#1"},
				"south": {"uv": [0, 0, 16, 16], "texture": "#1"},
				"west": {"uv": [0, 0, 16, 16], "texture": "#1"},
				"up": {"uv": [0, 0, 16, 16], "texture": "#1"},
				"down": {"uv": [0, 0, 16, 16], "texture": "#1"}
			}
		},
		{
			"from": [0.7085, 11.77375, 12.9125],
			"to": [0.83, 11.97625, 13.41875],
			"rotation": {"angle": -22.5, "axis": "x", "origin": [1.235, 10.55875, 10.28]},
			"faces": {
				"north": {"uv": [0, 0, 16, 16], "texture": "#1"},
				"east": {"uv": [0, 0, 16, 16], "texture": "#1"},
				"south": {"uv": [0, 0, 16, 16], "texture": "#1"},
				"west": {"uv": [0, 0, 16, 16], "texture": "#1"},
				"up": {"uv": [0, 0, 16, 16], "texture": "#1"},
				"down": {"uv": [0, 0, 16, 16], "texture": "#1"}
			}
		},
		{
			"from": [0.7085, 10.15375, 13.115],
			"to": [0.83, 10.35625, 13.62125],
			"rotation": {"angle": -45, "axis": "x", "origin": [1.235, 10.55875, 10.28]},
			"faces": {
				"north": {"uv": [0, 0, 16, 16], "texture": "#1"},
				"east": {"uv": [0, 0, 16, 16], "texture": "#1"},
				"south": {"uv": [0, 0, 16, 16], "texture": "#1"},
				"west": {"uv": [0, 0, 16, 16], "texture": "#1"},
				"up": {"uv": [0, 0, 16, 16], "texture": "#1"},
				"down": {"uv": [0, 0, 16, 16], "texture": "#1"}
			}
		},
		{
			"from": [0.749, 12.0775, 12.71],
			"to": [0.83, 12.8875, 13.115],
			"rotation": {"angle": 0, "axis": "y", "origin": [1.235, 10.55875, 10.28]},
			"faces": {
				"north": {"uv": [0, 0, 16, 16], "texture": "#1"},
				"east": {"uv": [0, 0, 16, 16], "texture": "#1"},
				"south": {"uv": [0, 0, 16, 16], "texture": "#1"},
				"west": {"uv": [0, 0, 16, 16], "texture": "#1"},
				"up": {"uv": [0, 0, 16, 16], "texture": "#1"},
				"down": {"uv": [0, 0, 16, 16], "texture": "#1"}
			}
		},
		{
			"from": [0.749, 12.28, 11.9],
			"to": [0.83, 12.8875, 12.305],
			"rotation": {"angle": 0, "axis": "y", "origin": [1.235, 10.55875, 10.28]},
			"faces": {
				"north": {"uv": [0, 0, 16, 16], "texture": "#1"},
				"east": {"uv": [0, 0, 16, 16], "texture": "#1"},
				"south": {"uv": [0, 0, 16, 16], "texture": "#1"},
				"west": {"uv": [0, 0, 16, 16], "texture": "#1"},
				"up": {"uv": [0, 0, 16, 16], "texture": "#1"},
				"down": {"uv": [0, 0, 16, 16], "texture": "#1"}
			}
		},
		{
			"from": [0.7085, 12.78625, 10.58375],
			"to": [0.83, 12.98875, 11.09],
			"rotation": {"angle": 22.5, "axis": "x", "origin": [1.235, 10.55875, 10.28]},
			"faces": {
				"north": {"uv": [0, 0, 16, 16], "texture": "#1"},
				"east": {"uv": [0, 0, 16, 16], "texture": "#1"},
				"south": {"uv": [0, 0, 16, 16], "texture": "#1"},
				"west": {"uv": [0, 0, 16, 16], "texture": "#1"},
				"up": {"uv": [0, 0, 16, 16], "texture": "#1"},
				"down": {"uv": [0, 0, 16, 16], "texture": "#1"}
			}
		},
		{
			"from": [0.749, 11.3485, 11.495],
			"to": [0.83, 12.4825, 11.9],
			"rotation": {"angle": 0, "axis": "y", "origin": [1.235, 10.55875, 10.28]},
			"faces": {
				"north": {"uv": [0, 0, 16, 16], "texture": "#1"},
				"east": {"uv": [0, 0, 16, 16], "texture": "#1"},
				"south": {"uv": [0, 0, 16, 16], "texture": "#1"},
				"west": {"uv": [0, 0, 16, 16], "texture": "#1"},
				"up": {"uv": [0, 0, 16, 16], "texture": "#1"},
				"down": {"uv": [0, 0, 16, 16], "texture": "#1"}
			}
		},
		{
			"from": [0.7085, 10.35625, 12.305],
			"to": [0.83, 10.66, 12.81125],
			"rotation": {"angle": -45, "axis": "x", "origin": [1.235, 10.55875, 10.28]},
			"faces": {
				"north": {"uv": [0, 0, 16, 16], "texture": "#1"},
				"east": {"uv": [0, 0, 16, 16], "texture": "#1"},
				"south": {"uv": [0, 0, 16, 16], "texture": "#1"},
				"west": {"uv": [0, 0, 16, 16], "texture": "#1"},
				"up": {"uv": [0, 0, 16, 16], "texture": "#1"},
				"down": {"uv": [0, 0, 16, 16], "texture": "#1"}
			}
		},
		{
			"from": [0.668, 12.685, 11.2925],
			"to": [0.83, 12.98875, 11.79875],
			"rotation": {"angle": 22.5, "axis": "x", "origin": [1.235, 10.55875, 10.28]},
			"faces": {
				"north": {"uv": [0, 0, 16, 16], "texture": "#1"},
				"east": {"uv": [0, 0, 16, 16], "texture": "#1"},
				"south": {"uv": [0, 0, 16, 16], "texture": "#1"},
				"west": {"uv": [0, 0, 16, 16], "texture": "#1"},
				"up": {"uv": [0, 0, 16, 16], "texture": "#1"},
				"down": {"uv": [0, 0, 16, 16], "texture": "#1"}
			}
		},
		{
			"from": [0.749, 11.2675, 11.9],
			"to": [0.83, 11.9965, 12.305],
			"rotation": {"angle": 0, "axis": "y", "origin": [1.235, 10.55875, 10.28]},
			"faces": {
				"north": {"uv": [0, 0, 16, 16], "texture": "#1"},
				"east": {"uv": [0, 0, 16, 16], "texture": "#1"},
				"south": {"uv": [0, 0, 16, 16], "texture": "#1"},
				"west": {"uv": [0, 0, 16, 16], "texture": "#1"},
				"up": {"uv": [0, 0, 16, 16], "texture": "#1"},
				"down": {"uv": [0, 0, 16, 16], "texture": "#1"}
			}
		},
		{
			"from": [0.749, 11.47, 12.305],
			"to": [0.83, 12.4825, 12.71],
			"rotation": {"angle": 0, "axis": "y", "origin": [1.235, 10.55875, 10.28]},
			"faces": {
				"north": {"uv": [0, 0, 16, 16], "texture": "#1"},
				"east": {"uv": [0, 0, 16, 16], "texture": "#1"},
				"south": {"uv": [0, 0, 16, 16], "texture": "#1"},
				"west": {"uv": [0, 0, 16, 16], "texture": "#1"},
				"up": {"uv": [0, 0, 16, 16], "texture": "#1"},
				"down": {"uv": [0, 0, 16, 16], "texture": "#1"}
			}
		},
		{
			"from": [0.749, 11.2675, 12.629],
			"to": [0.83, 11.47, 12.73025],
			"rotation": {"angle": 0, "axis": "y", "origin": [1.235, 10.55875, 10.28]},
			"faces": {
				"north": {"uv": [0, 0, 16, 16], "texture": "#1"},
				"east": {"uv": [0, 0, 16, 16], "texture": "#1"},
				"south": {"uv": [0, 0, 16, 16], "texture": "#1"},
				"west": {"uv": [0, 0, 16, 16], "texture": "#1"},
				"up": {"uv": [0, 0, 16, 16], "texture": "#1"},
				"down": {"uv": [0, 0, 16, 16], "texture": "#1"}
			}
		},
		{
			"from": [0.749, 11.2675, 12.386],
			"to": [0.83, 11.47, 12.48725],
			"rotation": {"angle": 0, "axis": "y", "origin": [1.235, 10.55875, 10.28]},
			"faces": {
				"north": {"uv": [0, 0, 16, 16], "texture": "#1"},
				"east": {"uv": [0, 0, 16, 16], "texture": "#1"},
				"south": {"uv": [0, 0, 16, 16], "texture": "#1"},
				"west": {"uv": [0, 0, 16, 16], "texture": "#1"},
				"up": {"uv": [0, 0, 16, 16], "texture": "#1"},
				"down": {"uv": [0, 0, 16, 16], "texture": "#1"}
			}
		},
		{
			"from": [0.749, 11.146, 11.5355],
			"to": [0.83, 11.3485, 11.63675],
			"rotation": {"angle": 0, "axis": "y", "origin": [1.235, 10.55875, 10.28]},
			"faces": {
				"north": {"uv": [0, 0, 16, 16], "texture": "#1"},
				"east": {"uv": [0, 0, 16, 16], "texture": "#1"},
				"south": {"uv": [0, 0, 16, 16], "texture": "#1"},
				"west": {"uv": [0, 0, 16, 16], "texture": "#1"},
				"up": {"uv": [0, 0, 16, 16], "texture": "#1"},
				"down": {"uv": [0, 0, 16, 16], "texture": "#1"}
			}
		},
		{
			"from": [0.749, 11.146, 11.7785],
			"to": [0.83, 11.3485, 11.87975],
			"rotation": {"angle": 0, "axis": "y", "origin": [1.235, 10.55875, 10.28]},
			"faces": {
				"north": {"uv": [0, 0, 16, 16], "texture": "#1"},
				"east": {"uv": [0, 0, 16, 16], "texture": "#1"},
				"south": {"uv": [0, 0, 16, 16], "texture": "#1"},
				"west": {"uv": [0, 0, 16, 16], "texture": "#1"},
				"up": {"uv": [0, 0, 16, 16], "texture": "#1"},
				"down": {"uv": [0, 0, 16, 16], "texture": "#1"}
			}
		},
		{
			"from": [0.749, 11.146, 11.981],
			"to": [0.83, 11.2675, 12.08225],
			"rotation": {"angle": 0, "axis": "y", "origin": [1.235, 10.55875, 10.28]},
			"faces": {
				"north": {"uv": [0, 0, 16, 16], "texture": "#1"},
				"east": {"uv": [0, 0, 16, 16], "texture": "#1"},
				"south": {"uv": [0, 0, 16, 16], "texture": "#1"},
				"west": {"uv": [0, 0, 16, 16], "texture": "#1"},
				"up": {"uv": [0, 0, 16, 16], "texture": "#1"},
				"down": {"uv": [0, 0, 16, 16], "texture": "#1"}
			}
		},
		{
			"from": [0.749, 11.146, 12.1835],
			"to": [0.83, 11.2675, 12.28475],
			"rotation": {"angle": 0, "axis": "y", "origin": [1.235, 10.55875, 10.28]},
			"faces": {
				"north": {"uv": [0, 0, 16, 16], "texture": "#1"},
				"east": {"uv": [0, 0, 16, 16], "texture": "#1"},
				"south": {"uv": [0, 0, 16, 16], "texture": "#1"},
				"west": {"uv": [0, 0, 16, 16], "texture": "#1"},
				"up": {"uv": [0, 0, 16, 16], "texture": "#1"},
				"down": {"uv": [0, 0, 16, 16], "texture": "#1"}
			}
		},
		{
			"from": [0.749, 12.3205, 12.5075],
			"to": [0.83, 13.1305, 12.9935],
			"rotation": {"angle": 22.5, "axis": "x", "origin": [1.235, 10.80175, 10.0775]},
			"faces": {
				"north": {"uv": [0, 0, 16, 16], "texture": "#1"},
				"east": {"uv": [0, 0, 16, 16], "texture": "#1"},
				"south": {"uv": [0, 0, 16, 16], "texture": "#1"},
				"west": {"uv": [0, 0, 16, 16], "texture": "#1"},
				"up": {"uv": [0, 0, 16, 16], "texture": "#1"},
				"down": {"uv": [0, 0, 16, 16], "texture": "#1"}
			}
		},
		{
			"from": [0.7085, 9.8905, 13.3175],
			"to": [0.83, 10.7005, 13.7225],
			"rotation": {"angle": -22.5, "axis": "x", "origin": [1.235, 10.80175, 10.0775]},
			"faces": {
				"north": {"uv": [0, 0, 16, 16], "texture": "#1"},
				"east": {"uv": [0, 0, 16, 16], "texture": "#1"},
				"south": {"uv": [0, 0, 16, 16], "texture": "#1"},
				"west": {"uv": [0, 0, 16, 16], "texture": "#1"},
				"up": {"uv": [0, 0, 16, 16], "texture": "#1"},
				"down": {"uv": [0, 0, 16, 16], "texture": "#1"}
			}
		},
		{
			"from": [14.9085, 9.8905, 10.8065],
			"to": [15.03, 10.7005, 11.2115],
			"rotation": {"angle": -22.5, "axis": "x", "origin": [15.435, 10.80175, 7.5665]},
			"faces": {
				"north": {"uv": [0, 0, 16, 16], "texture": "#1"},
				"east": {"uv": [0, 0, 16, 16], "texture": "#1"},
				"south": {"uv": [0, 0, 16, 16], "texture": "#1"},
				"west": {"uv": [0, 0, 16, 16], "texture": "#1"},
				"up": {"uv": [0, 0, 16, 16], "texture": "#1"},
				"down": {"uv": [0, 0, 16, 16], "texture": "#1"}
			}
		},
		{
			"from": [14.949, 12.3205, 9.9965],
			"to": [15.03, 13.1305, 10.4825],
			"rotation": {"angle": 22.5, "axis": "x", "origin": [15.435, 10.80175, 7.5665]},
			"faces": {
				"north": {"uv": [0, 0, 16, 16], "texture": "#1"},
				"east": {"uv": [0, 0, 16, 16], "texture": "#1"},
				"south": {"uv": [0, 0, 16, 16], "texture": "#1"},
				"west": {"uv": [0, 0, 16, 16], "texture": "#1"},
				"up": {"uv": [0, 0, 16, 16], "texture": "#1"},
				"down": {"uv": [0, 0, 16, 16], "texture": "#1"}
			}
		},
		{
			"from": [14.949, 12.0775, 11.09],
			"to": [15.03, 12.8875, 11.495],
			"rotation": {"angle": 0, "axis": "y", "origin": [15.435, 10.55875, 10.28]},
			"faces": {
				"north": {"uv": [0, 0, 16, 16], "texture": "#1"},
				"east": {"uv": [0, 0, 16, 16], "texture": "#1"},
				"south": {"uv": [0, 0, 16, 16], "texture": "#1"},
				"west": {"uv": [0, 0, 16, 16], "texture": "#1"},
				"up": {"uv": [0, 0, 16, 16], "texture": "#1"},
				"down": {"uv": [0, 0, 16, 16], "texture": "#1"}
			}
		},
		{
			"from": [14.949, 12.8875, 11.09],
			"to": [15.03, 13.2925, 13.115],
			"rotation": {"angle": 0, "axis": "y", "origin": [15.435, 10.55875, 10.28]},
			"faces": {
				"north": {"uv": [0, 0, 16, 16], "texture": "#1"},
				"east": {"uv": [0, 0, 16, 16], "texture": "#1"},
				"south": {"uv": [0, 0, 16, 16], "texture": "#1"},
				"west": {"uv": [0, 0, 16, 16], "texture": "#1"},
				"up": {"uv": [0, 0, 16, 16], "texture": "#1"},
				"down": {"uv": [0, 0, 16, 16], "texture": "#1"}
			}
		},
		{
			"from": [14.9085, 13.19125, 10.4825],
			"to": [15.03, 13.39375, 10.98875],
			"rotation": {"angle": 22.5, "axis": "x", "origin": [15.435, 10.55875, 10.28]},
			"faces": {
				"north": {"uv": [0, 0, 16, 16], "texture": "#1"},
				"east": {"uv": [0, 0, 16, 16], "texture": "#1"},
				"south": {"uv": [0, 0, 16, 16], "texture": "#1"},
				"west": {"uv": [0, 0, 16, 16], "texture": "#1"},
				"up": {"uv": [0, 0, 16, 16], "texture": "#1"},
				"down": {"uv": [0, 0, 16, 16], "texture": "#1"}
			}
		},
		{
			"from": [14.9085, 11.77375, 12.9125],
			"to": [15.03, 11.97625, 13.41875],
			"rotation": {"angle": -22.5, "axis": "x", "origin": [15.435, 10.55875, 10.28]},
			"faces": {
				"north": {"uv": [0, 0, 16, 16], "texture": "#1"},
				"east": {"uv": [0, 0, 16, 16], "texture": "#1"},
				"south": {"uv": [0, 0, 16, 16], "texture": "#1"},
				"west": {"uv": [0, 0, 16, 16], "texture": "#1"},
				"up": {"uv": [0, 0, 16, 16], "texture": "#1"},
				"down": {"uv": [0, 0, 16, 16], "texture": "#1"}
			}
		},
		{
			"from": [14.9085, 10.15375, 13.115],
			"to": [15.03, 10.35625, 13.62125],
			"rotation": {"angle": -45, "axis": "x", "origin": [15.435, 10.55875, 10.28]},
			"faces": {
				"north": {"uv": [0, 0, 16, 16], "texture": "#1"},
				"east": {"uv": [0, 0, 16, 16], "texture": "#1"},
				"south": {"uv": [0, 0, 16, 16], "texture": "#1"},
				"west": {"uv": [0, 0, 16, 16], "texture": "#1"},
				"up": {"uv": [0, 0, 16, 16], "texture": "#1"},
				"down": {"uv": [0, 0, 16, 16], "texture": "#1"}
			}
		},
		{
			"from": [14.949, 12.0775, 12.71],
			"to": [15.03, 12.8875, 13.115],
			"rotation": {"angle": 0, "axis": "y", "origin": [15.435, 10.55875, 10.28]},
			"faces": {
				"north": {"uv": [0, 0, 16, 16], "texture": "#1"},
				"east": {"uv": [0, 0, 16, 16], "texture": "#1"},
				"south": {"uv": [0, 0, 16, 16], "texture": "#1"},
				"west": {"uv": [0, 0, 16, 16], "texture": "#1"},
				"up": {"uv": [0, 0, 16, 16], "texture": "#1"},
				"down": {"uv": [0, 0, 16, 16], "texture": "#1"}
			}
		},
		{
			"from": [14.949, 12.28, 11.9],
			"to": [15.03, 12.8875, 12.305],
			"rotation": {"angle": 0, "axis": "y", "origin": [15.435, 10.55875, 10.28]},
			"faces": {
				"north": {"uv": [0, 0, 16, 16], "texture": "#1"},
				"east": {"uv": [0, 0, 16, 16], "texture": "#1"},
				"south": {"uv": [0, 0, 16, 16], "texture": "#1"},
				"west": {"uv": [0, 0, 16, 16], "texture": "#1"},
				"up": {"uv": [0, 0, 16, 16], "texture": "#1"},
				"down": {"uv": [0, 0, 16, 16], "texture": "#1"}
			}
		},
		{
			"from": [14.9085, 12.78625, 10.58375],
			"to": [15.03, 12.98875, 11.09],
			"rotation": {"angle": 22.5, "axis": "x", "origin": [15.435, 10.55875, 10.28]},
			"faces": {
				"north": {"uv": [0, 0, 16, 16], "texture": "#1"},
				"east": {"uv": [0, 0, 16, 16], "texture": "#1"},
				"south": {"uv": [0, 0, 16, 16], "texture": "#1"},
				"west": {"uv": [0, 0, 16, 16], "texture": "#1"},
				"up": {"uv": [0, 0, 16, 16], "texture": "#1"},
				"down": {"uv": [0, 0, 16, 16], "texture": "#1"}
			}
		},
		{
			"from": [14.949, 11.3485, 11.495],
			"to": [15.03, 12.4825, 11.9],
			"rotation": {"angle": 0, "axis": "y", "origin": [15.435, 10.55875, 10.28]},
			"faces": {
				"north": {"uv": [0, 0, 16, 16], "texture": "#1"},
				"east": {"uv": [0, 0, 16, 16], "texture": "#1"},
				"south": {"uv": [0, 0, 16, 16], "texture": "#1"},
				"west": {"uv": [0, 0, 16, 16], "texture": "#1"},
				"up": {"uv": [0, 0, 16, 16], "texture": "#1"},
				"down": {"uv": [0, 0, 16, 16], "texture": "#1"}
			}
		},
		{
			"from": [14.9085, 10.35625, 12.305],
			"to": [15.03, 10.66, 12.81125],
			"rotation": {"angle": -45, "axis": "x", "origin": [15.435, 10.55875, 10.28]},
			"faces": {
				"north": {"uv": [0, 0, 16, 16], "texture": "#1"},
				"east": {"uv": [0, 0, 16, 16], "texture": "#1"},
				"south": {"uv": [0, 0, 16, 16], "texture": "#1"},
				"west": {"uv": [0, 0, 16, 16], "texture": "#1"},
				"up": {"uv": [0, 0, 16, 16], "texture": "#1"},
				"down": {"uv": [0, 0, 16, 16], "texture": "#1"}
			}
		},
		{
			"from": [14.868, 12.685, 11.2925],
			"to": [15.03, 12.98875, 11.79875],
			"rotation": {"angle": 22.5, "axis": "x", "origin": [15.435, 10.55875, 10.28]},
			"faces": {
				"north": {"uv": [0, 0, 16, 16], "texture": "#1"},
				"east": {"uv": [0, 0, 16, 16], "texture": "#1"},
				"south": {"uv": [0, 0, 16, 16], "texture": "#1"},
				"west": {"uv": [0, 0, 16, 16], "texture": "#1"},
				"up": {"uv": [0, 0, 16, 16], "texture": "#1"},
				"down": {"uv": [0, 0, 16, 16], "texture": "#1"}
			}
		},
		{
			"from": [14.949, 11.2675, 11.9],
			"to": [15.03, 11.9965, 12.305],
			"rotation": {"angle": 0, "axis": "y", "origin": [15.435, 10.55875, 10.28]},
			"faces": {
				"north": {"uv": [0, 0, 16, 16], "texture": "#1"},
				"east": {"uv": [0, 0, 16, 16], "texture": "#1"},
				"south": {"uv": [0, 0, 16, 16], "texture": "#1"},
				"west": {"uv": [0, 0, 16, 16], "texture": "#1"},
				"up": {"uv": [0, 0, 16, 16], "texture": "#1"},
				"down": {"uv": [0, 0, 16, 16], "texture": "#1"}
			}
		},
		{
			"from": [14.949, 11.47, 12.305],
			"to": [15.03, 12.4825, 12.71],
			"rotation": {"angle": 0, "axis": "y", "origin": [15.435, 10.55875, 10.28]},
			"faces": {
				"north": {"uv": [0, 0, 16, 16], "texture": "#1"},
				"east": {"uv": [0, 0, 16, 16], "texture": "#1"},
				"south": {"uv": [0, 0, 16, 16], "texture": "#1"},
				"west": {"uv": [0, 0, 16, 16], "texture": "#1"},
				"up": {"uv": [0, 0, 16, 16], "texture": "#1"},
				"down": {"uv": [0, 0, 16, 16], "texture": "#1"}
			}
		},
		{
			"from": [14.949, 11.2675, 12.629],
			"to": [15.03, 11.47, 12.73025],
			"rotation": {"angle": 0, "axis": "y", "origin": [15.435, 10.55875, 10.28]},
			"faces": {
				"north": {"uv": [0, 0, 16, 16], "texture": "#1"},
				"east": {"uv": [0, 0, 16, 16], "texture": "#1"},
				"south": {"uv": [0, 0, 16, 16], "texture": "#1"},
				"west": {"uv": [0, 0, 16, 16], "texture": "#1"},
				"up": {"uv": [0, 0, 16, 16], "texture": "#1"},
				"down": {"uv": [0, 0, 16, 16], "texture": "#1"}
			}
		},
		{
			"from": [14.949, 11.2675, 12.386],
			"to": [15.03, 11.47, 12.48725],
			"rotation": {"angle": 0, "axis": "y", "origin": [15.435, 10.55875, 10.28]},
			"faces": {
				"north": {"uv": [0, 0, 16, 16], "texture": "#1"},
				"east": {"uv": [0, 0, 16, 16], "texture": "#1"},
				"south": {"uv": [0, 0, 16, 16], "texture": "#1"},
				"west": {"uv": [0, 0, 16, 16], "texture": "#1"},
				"up": {"uv": [0, 0, 16, 16], "texture": "#1"},
				"down": {"uv": [0, 0, 16, 16], "texture": "#1"}
			}
		},
		{
			"from": [14.949, 11.146, 11.5355],
			"to": [15.03, 11.3485, 11.63675],
			"rotation": {"angle": 0, "axis": "y", "origin": [15.435, 10.55875, 10.28]},
			"faces": {
				"north": {"uv": [0, 0, 16, 16], "texture": "#1"},
				"east": {"uv": [0, 0, 16, 16], "texture": "#1"},
				"south": {"uv": [0, 0, 16, 16], "texture": "#1"},
				"west": {"uv": [0, 0, 16, 16], "texture": "#1"},
				"up": {"uv": [0, 0, 16, 16], "texture": "#1"},
				"down": {"uv": [0, 0, 16, 16], "texture": "#1"}
			}
		},
		{
			"from": [14.949, 11.146, 11.7785],
			"to": [15.03, 11.3485, 11.87975],
			"rotation": {"angle": 0, "axis": "y", "origin": [15.435, 10.55875, 10.28]},
			"faces": {
				"north": {"uv": [0, 0, 16, 16], "texture": "#1"},
				"east": {"uv": [0, 0, 16, 16], "texture": "#1"},
				"south": {"uv": [0, 0, 16, 16], "texture": "#1"},
				"west": {"uv": [0, 0, 16, 16], "texture": "#1"},
				"up": {"uv": [0, 0, 16, 16], "texture": "#1"},
				"down": {"uv": [0, 0, 16, 16], "texture": "#1"}
			}
		},
		{
			"from": [14.949, 11.146, 11.981],
			"to": [15.03, 11.2675, 12.08225],
			"rotation": {"angle": 0, "axis": "y", "origin": [15.435, 10.55875, 10.28]},
			"faces": {
				"north": {"uv": [0, 0, 16, 16], "texture": "#1"},
				"east": {"uv": [0, 0, 16, 16], "texture": "#1"},
				"south": {"uv": [0, 0, 16, 16], "texture": "#1"},
				"west": {"uv": [0, 0, 16, 16], "texture": "#1"},
				"up": {"uv": [0, 0, 16, 16], "texture": "#1"},
				"down": {"uv": [0, 0, 16, 16], "texture": "#1"}
			}
		},
		{
			"from": [14.949, 11.146, 12.1835],
			"to": [15.03, 11.2675, 12.28475],
			"rotation": {"angle": 0, "axis": "y", "origin": [15.435, 10.55875, 10.28]},
			"faces": {
				"north": {"uv": [0, 0, 16, 16], "texture": "#1"},
				"east": {"uv": [0, 0, 16, 16], "texture": "#1"},
				"south": {"uv": [0, 0, 16, 16], "texture": "#1"},
				"west": {"uv": [0, 0, 16, 16], "texture": "#1"},
				"up": {"uv": [0, 0, 16, 16], "texture": "#1"},
				"down": {"uv": [0, 0, 16, 16], "texture": "#1"}
			}
		},
		{
			"from": [14.949, 12.3205, 12.5075],
			"to": [15.03, 13.1305, 12.9935],
			"rotation": {"angle": 22.5, "axis": "x", "origin": [15.435, 10.80175, 10.0775]},
			"faces": {
				"north": {"uv": [0, 0, 16, 16], "texture": "#1"},
				"east": {"uv": [0, 0, 16, 16], "texture": "#1"},
				"south": {"uv": [0, 0, 16, 16], "texture": "#1"},
				"west": {"uv": [0, 0, 16, 16], "texture": "#1"},
				"up": {"uv": [0, 0, 16, 16], "texture": "#1"},
				"down": {"uv": [0, 0, 16, 16], "texture": "#1"}
			}
		},
		{
			"from": [14.9085, 9.8905, 13.3175],
			"to": [15.03, 10.7005, 13.7225],
			"rotation": {"angle": -22.5, "axis": "x", "origin": [15.435, 10.80175, 10.0775]},
			"faces": {
				"north": {"uv": [0, 0, 16, 16], "texture": "#1"},
				"east": {"uv": [0, 0, 16, 16], "texture": "#1"},
				"south": {"uv": [0, 0, 16, 16], "texture": "#1"},
				"west": {"uv": [0, 0, 16, 16], "texture": "#1"},
				"up": {"uv": [0, 0, 16, 16], "texture": "#1"},
				"down": {"uv": [0, 0, 16, 16], "texture": "#1"}
			}
		}
	],
	"display": {
		"head": {
			"translation": [0, -9.75, -9.25],
			"scale": [4, 4, 4]
		}
	}
}