{
	"credit": "Made with Blockbench",
	"parent": "54",
	"textures": {
		"0": "minecraft:block/soul_lantern",
		"particle": "minecraft:block/soul_lantern"
	},
	"elements": [
		{
			"from": [7.9, 11, -2],
			"to": [9, 12.1, 8],
			"faces": {
				"north": {"uv": [1, 6, 5.1, 8], "texture": "#0"},
				"east": {"uv": [1, 6, 5.1, 8], "texture": "#0"},
				"south": {"uv": [1, 6, 5.1, 8], "texture": "#0"},
				"west": {"uv": [1, 6, 5.1, 8], "texture": "#0"},
				"up": {"uv": [1, 6, 5.1, 8], "texture": "#0"},
				"down": {"uv": [1, 6, 5.1, 8], "texture": "#0"}
			}
		},
		{
			"from": [6, 11, -2.6],
			"to": [7.1, 12.1, 7.4],
			"faces": {
				"north": {"uv": [1, 6, 5.1, 8], "texture": "#0"},
				"east": {"uv": [1, 6, 5.1, 8], "texture": "#0"},
				"south": {"uv": [1, 6, 5.1, 8], "texture": "#0"},
				"west": {"uv": [1, 6, 5.1, 8], "texture": "#0"},
				"up": {"uv": [1, 6, 5.1, 8], "texture": "#0"},
				"down": {"uv": [1, 6, 5.1, 8], "texture": "#0"}
			}
		},
		{
			"from": [4.2, 11, -2],
			"to": [5.3, 12.1, 8],
			"faces": {
				"north": {"uv": [1, 6, 5.1, 8], "texture": "#0"},
				"east": {"uv": [1, 6, 5.1, 8], "texture": "#0"},
				"south": {"uv": [1, 6, 5.1, 8], "texture": "#0"},
				"west": {"uv": [1, 6, 5.1, 8], "texture": "#0"},
				"up": {"uv": [1, 6, 5.1, 8], "texture": "#0"},
				"down": {"uv": [1, 6, 5.1, 8], "texture": "#0"}
			}
		},
		{
			"from": [9.6, 11, -1.3],
			"to": [10.7, 12.1, 8.7],
			"rotation": {"angle": 0, "axis": "y", "origin": [7, 0, 0]},
			"faces": {
				"north": {"uv": [1, 8, 5.1, 6], "texture": "#0"},
				"east": {"uv": [1, 8, 5.1, 6], "texture": "#0"},
				"south": {"uv": [1, 8, 5.1, 6], "texture": "#0"},
				"west": {"uv": [1, 8, 5.1, 6], "texture": "#0"},
				"up": {"uv": [1, 8, 5.1, 6], "texture": "#0"},
				"down": {"uv": [1, 8, 5.1, 6], "texture": "#0"}
			}
		},
		{
			"from": [1.5, 10.2, 6],
			"to": [2.6, 11.3, 11],
			"rotation": {"angle": 0, "axis": "y", "origin": [-9.4, -0.8, 0]},
			"faces": {
				"north": {"uv": [1, 8, 5.1, 3], "texture": "#0"},
				"east": {"uv": [1, 8, 5.1, 3], "texture": "#0"},
				"south": {"uv": [1, 8, 5.1, 3], "texture": "#0"},
				"west": {"uv": [1, 8, 5.1, 3], "texture": "#0"},
				"up": {"uv": [1, 8, 5.1, 3], "texture": "#0"},
				"down": {"uv": [1, 8, 5.1, 3], "texture": "#0"}
			}
		},
		{
			"from": [7.9, 11, 1.6],
			"to": [9, 11.9, 2.8],
			"rotation": {"angle": -22.5, "axis": "x", "origin": [0, 0, 0]},
			"faces": {
				"north": {"uv": [1, 8, 5.1, 3], "texture": "#0"},
				"east": {"uv": [1, 8, 5.1, 3], "texture": "#0"},
				"south": {"uv": [1, 8, 5.1, 3], "texture": "#0"},
				"west": {"uv": [1, 8, 5.1, 3], "texture": "#0"},
				"up": {"uv": [1, 8, 5.1, 3], "texture": "#0"},
				"down": {"uv": [1, 8, 5.1, 3], "texture": "#0"}
			}
		},
		{
			"from": [6, 11, 1.3],
			"to": [7.1, 11.9, 2.5],
			"rotation": {"angle": -22.5, "axis": "x", "origin": [0, 0, 0]},
			"faces": {
				"north": {"uv": [1, 8, 5.1, 3], "texture": "#0"},
				"east": {"uv": [1, 8, 5.1, 3], "texture": "#0"},
				"south": {"uv": [1, 8, 5.1, 3], "texture": "#0"},
				"west": {"uv": [1, 8, 5.1, 3], "texture": "#0"},
				"up": {"uv": [1, 8, 5.1, 3], "texture": "#0"},
				"down": {"uv": [1, 8, 5.1, 3], "texture": "#0"}
			}
		},
		{
			"from": [4.2, 11, 1.6],
			"to": [5.3, 11.9, 2.8],
			"rotation": {"angle": -22.5, "axis": "x", "origin": [0, 0, 0]},
			"faces": {
				"north": {"uv": [1, 8, 5.1, 3], "texture": "#0"},
				"east": {"uv": [1, 8, 5.1, 3], "texture": "#0"},
				"south": {"uv": [1, 8, 5.1, 3], "texture": "#0"},
				"west": {"uv": [1, 8, 5.1, 3], "texture": "#0"},
				"up": {"uv": [1, 8, 5.1, 3], "texture": "#0"},
				"down": {"uv": [1, 8, 5.1, 3], "texture": "#0"}
			}
		},
		{
			"from": [9.6, 10.7, 2.3],
			"to": [10.7, 11.6, 3.5],
			"rotation": {"angle": -22.5, "axis": "x", "origin": [7, 0, 0]},
			"faces": {
				"north": {"uv": [1, 8, 5.1, 3], "texture": "#0"},
				"east": {"uv": [1, 8, 5.1, 3], "texture": "#0"},
				"south": {"uv": [1, 8, 5.1, 3], "texture": "#0"},
				"west": {"uv": [1, 8, 5.1, 3], "texture": "#0"},
				"up": {"uv": [1, 8, 5.1, 3], "texture": "#0"},
				"down": {"uv": [1, 8, 5.1, 3], "texture": "#0"}
			}
		},
		{
			"from": [1.5, 7.1, 9],
			"to": [2.6, 8, 10.2],
			"rotation": {"angle": -22.5, "axis": "x", "origin": [-9.4, -0.8, 0]},
			"faces": {
				"north": {"uv": [1, 8, 5.1, 3], "texture": "#0"},
				"east": {"uv": [1, 8, 5.1, 3], "texture": "#0"},
				"south": {"uv": [1, 8, 5.1, 3], "texture": "#0"},
				"west": {"uv": [1, 8, 5.1, 3], "texture": "#0"},
				"up": {"uv": [1, 8, 5.1, 3], "texture": "#0"},
				"down": {"uv": [1, 8, 5.1, 3], "texture": "#0"}
			}
		},
		{
			"from": [7.9, 12.1, 4.4],
			"to": [9, 12.5, 8],
			"faces": {
				"north": {"uv": [0, 8, 5.9, 14.9], "texture": "#0"},
				"east": {"uv": [0, 8, 5.9, 14.9], "texture": "#0"},
				"south": {"uv": [0, 8, 5.9, 14.9], "texture": "#0"},
				"west": {"uv": [0, 8, 5.9, 14.9], "texture": "#0"},
				"up": {"uv": [0, 8, 5.9, 14.9], "texture": "#0"},
				"down": {"uv": [0, 8, 5.9, 14.9], "texture": "#0"}
			}
		},
		{
			"from": [5.9, 12.1, 3.7],
			"to": [7, 12.5, 7.3],
			"faces": {
				"north": {"uv": [0, 8, 5.9, 14.9], "texture": "#0"},
				"east": {"uv": [0, 8, 5.9, 14.9], "texture": "#0"},
				"south": {"uv": [0, 8, 5.9, 14.9], "texture": "#0"},
				"west": {"uv": [0, 8, 5.9, 14.9], "texture": "#0"},
				"up": {"uv": [0, 8, 5.9, 14.9], "texture": "#0"},
				"down": {"uv": [0, 8, 5.9, 14.9], "texture": "#0"}
			}
		},
		{
			"from": [4.1, 12.1, 4.4],
			"to": [5.2, 12.5, 8],
			"faces": {
				"north": {"uv": [0, 8, 5.9, 14.9], "texture": "#0"},
				"east": {"uv": [0, 8, 5.9, 14.9], "texture": "#0"},
				"south": {"uv": [0, 8, 5.9, 14.9], "texture": "#0"},
				"west": {"uv": [0, 8, 5.9, 14.9], "texture": "#0"},
				"up": {"uv": [0, 8, 5.9, 14.9], "texture": "#0"},
				"down": {"uv": [0, 8, 5.9, 14.9], "texture": "#0"}
			}
		},
		{
			"from": [9.6, 12.1, 5.1],
			"to": [10.7, 12.5, 8.7],
			"rotation": {"angle": 0, "axis": "y", "origin": [7, 0, 0]},
			"faces": {
				"north": {"uv": [0, 8, 5.9, 14.9], "texture": "#0"},
				"east": {"uv": [0, 8, 5.9, 14.9], "texture": "#0"},
				"south": {"uv": [0, 8, 5.9, 14.9], "texture": "#0"},
				"west": {"uv": [0, 8, 5.9, 14.9], "texture": "#0"},
				"up": {"uv": [0, 8, 5.9, 14.9], "texture": "#0"},
				"down": {"uv": [0, 8, 5.9, 14.9], "texture": "#0"}
			}
		},
		{
			"from": [1.5, 11.3, 7.4],
			"to": [2.6, 11.7, 11],
			"rotation": {"angle": 0, "axis": "y", "origin": [-9.4, -0.8, 0]},
			"faces": {
				"north": {"uv": [0, 8, 5.9, 14.9], "texture": "#0"},
				"east": {"uv": [0, 8, 5.9, 14.9], "texture": "#0"},
				"south": {"uv": [0, 8, 5.9, 14.9], "texture": "#0"},
				"west": {"uv": [0, 8, 5.9, 14.9], "texture": "#0"},
				"up": {"uv": [0, 8, 5.9, 14.9], "texture": "#0"},
				"down": {"uv": [0, 8, 5.9, 14.9], "texture": "#0"}
			}
		},
		{
			"from": [4, 9.6, 6.4],
			"to": [10.9, 12.6, 16.5],
			"faces": {
				"north": {"uv": [0, 8, 5.9, 14.9], "texture": "#0"},
				"east": {"uv": [0, 8, 5.9, 14.9], "texture": "#0"},
				"south": {"uv": [0, 8, 5.9, 14.9], "texture": "#0"},
				"west": {"uv": [0, 8, 5.9, 14.9], "texture": "#0"},
				"up": {"uv": [0, 8, 5.9, 14.9], "texture": "#0"},
				"down": {"uv": [0, 8, 5.9, 14.9], "texture": "#0"}
			}
		},
		{
			"from": [1.1, 9.8, 8.7],
			"to": [4, 11.8, 12],
			"rotation": {"angle": 0, "axis": "y", "origin": [-9.8, -0.8, 0]},
			"faces": {
				"north": {"uv": [0, 8, 5.9, 14.9], "texture": "#0"},
				"east": {"uv": [0, 8, 5.9, 14.9], "texture": "#0"},
				"south": {"uv": [0, 8, 5.9, 14.9], "texture": "#0"},
				"west": {"uv": [0, 8, 5.9, 14.9], "texture": "#0"},
				"up": {"uv": [0, 8, 5.9, 14.9], "texture": "#0"},
				"down": {"uv": [0, 8, 5.9, 14.9], "texture": "#0"}
			}
		}
	],
	"display": {
		"thirdperson_righthand": {
			"translation": [0.75, -6.25, 0],
			"scale": [0.41, 1.44, 0.72]
		},
		"thirdperson_lefthand": {
			"translation": [-0.75, -6, 0],
			"scale": [0.41, 1.44, 0.72]
		},
		"firstperson_righthand": {
			"translation": [0, 0, 4.5]
		},
		"firstperson_lefthand": {
			"translation": [0, 0, 5]
		},
		"gui": {
			"rotation": [89, 0, 0],
			"translation": [1.25, -1.25, 0]
		}
	}
}