{
	"credit": "Made with Blockbench",
	"parent": "56",
	"textures": {
		"0": "minecraft:block/observer_back_on",
		"2": "minecraft:block/blue_shulker_box",
		"particle": "minecraft:block/observer_back_on"
	},
	"elements": [
		{
			"from": [12.44276, -1.69248, -9.34792],
			"to": [13.50056, -0.63468, -5.11672],
			"rotation": {"angle": 45, "axis": "z", "origin": [-8.9248, -1.69248, -11.25196]},
			"faces": {
				"north": {"uv": [7, 7, 8.9, 8.9], "texture": "#0"},
				"east": {"uv": [0, 0, 0.7, 2.6], "texture": "#0"},
				"south": {"uv": [0, 0, 0.7, 2.6], "texture": "#0"},
				"west": {"uv": [0, 0, 0.7, 2.6], "texture": "#0"},
				"up": {"uv": [0, 0, 0.7, 2.6], "texture": "#0"},
				"down": {"uv": [0, 0, 0.7, 2.6], "texture": "#0"}
			}
		},
		{
			"from": [-12.52132, 3.59652, 5.8844],
			"to": [-8.07856, 10.36644, 14.98148],
			"rotation": {"angle": 0, "axis": "y", "origin": [-5.53984, 0, -8.9248]},
			"faces": {
				"north": {"uv": [0, 0, 16, 16], "texture": "#2"},
				"east": {"uv": [0, 0, 16, 16], "texture": "#2"},
				"south": {"uv": [0, 0, 16, 16], "texture": "#2"},
				"west": {"uv": [0, 0, 16, 16], "texture": "#2"},
				"up": {"uv": [0, 0, 16, 16], "texture": "#2"},
				"down": {"uv": [0, 0, 16, 16], "texture": "#2"}
			}
		},
		{
			"from": [-12.0982, 4.65432, -7.65544],
			"to": [-9.9826, 4.86588, -7.44388],
			"rotation": {"angle": 0, "axis": "y", "origin": [-5.53984, -3.1734, -8.9248]},
			"faces": {
				"north": {"uv": [0, 3, 16, 5], "texture": "#0"},
				"east": {"uv": [0, 3, 16, 5], "texture": "#0"},
				"south": {"uv": [0, 3, 16, 5], "texture": "#0"},
				"west": {"uv": [0, 3, 16, 5], "texture": "#0"},
				"up": {"uv": [0, 3, 16, 5], "texture": "#0"},
				"down": {"uv": [0, 3, 16, 5], "texture": "#0"}
			}
		},
		{
			"from": [-12.0982, 4.44276, -7.44388],
			"to": [-9.9826, 5.07744, -7.23232],
			"rotation": {"angle": 0, "axis": "y", "origin": [-5.53984, -3.1734, -8.9248]},
			"faces": {
				"north": {"uv": [0, 3, 16, 5], "texture": "#0"},
				"east": {"uv": [0, 3, 16, 5], "texture": "#0"},
				"south": {"uv": [0, 3, 16, 5], "texture": "#0"},
				"west": {"uv": [0, 3, 16, 5], "texture": "#0"},
				"up": {"uv": [0, 3, 16, 5], "texture": "#0"},
				"down": {"uv": [0, 3, 16, 5], "texture": "#0"}
			}
		},
		{
			"from": [-12.0982, 4.86588, -7.867],
			"to": [-9.9826, 5.07744, -7.44388],
			"rotation": {"angle": 0, "axis": "y", "origin": [-5.53984, -3.1734, -8.9248]},
			"faces": {
				"north": {"uv": [0, 3, 16, 5], "texture": "#0"},
				"east": {"uv": [0, 3, 16, 5], "texture": "#0"},
				"south": {"uv": [0, 3, 16, 5], "texture": "#0"},
				"west": {"uv": [0, 3, 16, 5], "texture": "#0"},
				"up": {"uv": [0, 3, 16, 5], "texture": "#0"},
				"down": {"uv": [0, 3, 16, 5], "texture": "#0"}
			}
		},
		{
			"from": [-12.0982, 0.84624, -2.578],
			"to": [-9.9826, 3.80808, -2.36644],
			"rotation": {"angle": -45, "axis": "x", "origin": [-5.53984, -3.1734, -8.9248]},
			"faces": {
				"north": {"uv": [6, 6, 10, 10], "texture": "#0"},
				"east": {"uv": [0, 3, 16, 5], "texture": "#0"},
				"south": {"uv": [0, 3, 16, 5], "texture": "#0"},
				"west": {"uv": [0, 3, 16, 5], "texture": "#0"},
				"up": {"uv": [0, 3, 16, 5], "texture": "#0"},
				"down": {"uv": [0, 3, 16, 5], "texture": "#0"}
			}
		},
		{
			"from": [-12.0982, 5.50056, -8.50168],
			"to": [-9.9826, 5.71212, -7.23232],
			"rotation": {"angle": 0, "axis": "y", "origin": [-5.53984, -3.1734, -8.9248]},
			"faces": {
				"north": {"uv": [0, 3, 16, 5], "texture": "#0"},
				"east": {"uv": [0, 3, 16, 5], "texture": "#0"},
				"south": {"uv": [0, 3, 16, 5], "texture": "#0"},
				"west": {"uv": [0, 3, 16, 5], "texture": "#0"},
				"up": {"uv": [0, 3, 16, 5], "texture": "#0"},
				"down": {"uv": [0, 3, 16, 5], "texture": "#0"}
			}
		},
		{
			"from": [-12.0982, 5.92368, -9.13636],
			"to": [-9.9826, 6.3468, -8.71324],
			"rotation": {"angle": 0, "axis": "y", "origin": [-5.53984, -3.1734, -8.9248]},
			"faces": {
				"north": {"uv": [0, 3, 16, 5], "texture": "#0"},
				"east": {"uv": [0, 3, 16, 5], "texture": "#0"},
				"south": {"uv": [0, 3, 16, 5], "texture": "#0"},
				"west": {"uv": [0, 3, 16, 5], "texture": "#0"},
				"up": {"uv": [0, 3, 16, 5], "texture": "#0"},
				"down": {"uv": [0, 3, 16, 5], "texture": "#0"}
			}
		},
		{
			"from": [-12.0982, 5.289, -8.29012],
			"to": [-9.9826, 5.50056, -7.23232],
			"rotation": {"angle": 0, "axis": "y", "origin": [-5.53984, -3.1734, -8.9248]},
			"faces": {
				"north": {"uv": [0, 3, 16, 5], "texture": "#0"},
				"east": {"uv": [0, 3, 16, 5], "texture": "#0"},
				"south": {"uv": [0, 3, 16, 5], "texture": "#0"},
				"west": {"uv": [0, 3, 16, 5], "texture": "#0"},
				"up": {"uv": [0, 3, 16, 5], "texture": "#0"},
				"down": {"uv": [0, 3, 16, 5], "texture": "#0"}
			}
		},
		{
			"from": [-12.0982, 5.71212, -8.71324],
			"to": [-9.9826, 6.3468, -7.23232],
			"rotation": {"angle": 0, "axis": "y", "origin": [-5.53984, -3.1734, -8.9248]},
			"faces": {
				"north": {"uv": [0, 3, 16, 5], "texture": "#0"},
				"east": {"uv": [0, 3, 16, 5], "texture": "#0"},
				"south": {"uv": [0, 3, 16, 5], "texture": "#0"},
				"west": {"uv": [0, 3, 16, 5], "texture": "#0"},
				"up": {"uv": [0, 3, 16, 5], "texture": "#0"},
				"down": {"uv": [0, 3, 16, 5], "texture": "#0"}
			}
		},
		{
			"from": [-12.0982, 5.07744, -8.07856],
			"to": [-9.9826, 5.289, -7.23232],
			"rotation": {"angle": 0, "axis": "y", "origin": [-5.53984, -3.1734, -8.9248]},
			"faces": {
				"north": {"uv": [0, 3, 16, 5], "texture": "#0"},
				"east": {"uv": [0, 3, 16, 5], "texture": "#0"},
				"south": {"uv": [0, 3, 16, 5], "texture": "#0"},
				"west": {"uv": [0, 3, 16, 5], "texture": "#0"},
				"up": {"uv": [0, 3, 16, 5], "texture": "#0"},
				"down": {"uv": [0, 3, 16, 5], "texture": "#0"}
			}
		},
		{
			"from": [-12.0982, 4.2312, -7.23232],
			"to": [-9.9826, 6.3468, -5.32828],
			"rotation": {"angle": 0, "axis": "y", "origin": [-5.53984, -3.1734, -8.9248]},
			"faces": {
				"north": {"uv": [0, 3, 16, 5], "texture": "#0"},
				"east": {"uv": [0, 3, 16, 5], "texture": "#0"},
				"south": {"uv": [0, 3, 16, 5], "texture": "#0"},
				"west": {"uv": [0, 3, 16, 5], "texture": "#0"},
				"up": {"uv": [0, 3, 16, 5], "texture": "#0"},
				"down": {"uv": [0, 3, 16, 5], "texture": "#0"}
			}
		},
		{
			"from": [-11.88664, 4.44276, -5.32828],
			"to": [-10.19416, 6.13524, 17.5202],
			"rotation": {"angle": 0, "axis": "y", "origin": [-5.53984, -3.1734, -8.9248]},
			"faces": {
				"north": {"uv": [0, 1, 16, 2], "texture": "#0"},
				"east": {"uv": [0, 1, 16, 2], "texture": "#0"},
				"south": {"uv": [0, 1, 16, 2], "texture": "#0"},
				"west": {"uv": [0, 1, 16, 2], "texture": "#0"},
				"up": {"uv": [0, 1, 16, 2], "texture": "#0"},
				"down": {"uv": [0, 1, 16, 2], "texture": "#0"}
			}
		},
		{
			"from": [-12.0982, 4.2312, 2.28788],
			"to": [-9.9826, 6.3468, 2.92256],
			"rotation": {"angle": 0, "axis": "y", "origin": [-16.54096, -3.1734, -8.9248]},
			"faces": {
				"north": {"uv": [16, 3, 0, 4], "texture": "#0"},
				"east": {"uv": [16, 3, 0, 4], "texture": "#0"},
				"south": {"uv": [16, 3, 0, 4], "texture": "#0"},
				"west": {"uv": [16, 3, 0, 4], "texture": "#0"},
				"up": {"uv": [16, 3, 0, 4], "texture": "#0"},
				"down": {"uv": [16, 3, 0, 4], "texture": "#0"}
			}
		},
		{
			"from": [-12.0982, 4.2312, -3.42424],
			"to": [-9.9826, 6.3468, -2.78956],
			"rotation": {"angle": 0, "axis": "y", "origin": [-16.54096, -3.1734, -8.9248]},
			"faces": {
				"north": {"uv": [16, 3, 0, 4], "texture": "#0"},
				"east": {"uv": [16, 3, 0, 4], "texture": "#0"},
				"south": {"uv": [16, 3, 0, 4], "texture": "#0"},
				"west": {"uv": [16, 3, 0, 4], "texture": "#0"},
				"up": {"uv": [16, 3, 0, 4], "texture": "#0"},
				"down": {"uv": [16, 3, 0, 4], "texture": "#0"}
			}
		},
		{
			"from": [-12.0982, 4.01964, -2.578],
			"to": [-9.9826, 6.98148, -2.36644],
			"rotation": {"angle": -45, "axis": "x", "origin": [-5.53984, 0, -8.9248]},
			"faces": {
				"north": {"uv": [6, 6, 10, 10], "texture": "#0"},
				"east": {"uv": [0, 3, 16, 5], "texture": "#0"},
				"south": {"uv": [0, 3, 16, 5], "texture": "#0"},
				"west": {"uv": [0, 3, 16, 5], "texture": "#0"},
				"up": {"uv": [0, 3, 16, 5], "texture": "#0"},
				"down": {"uv": [0, 3, 16, 5], "texture": "#0"}
			}
		},
		{
			"from": [-12.0982, 7.82772, -7.65544],
			"to": [-9.9826, 8.03928, -7.44388],
			"rotation": {"angle": 0, "axis": "y", "origin": [-5.53984, 0, -8.9248]},
			"faces": {
				"north": {"uv": [0, 3, 16, 5], "texture": "#0"},
				"east": {"uv": [0, 3, 16, 5], "texture": "#0"},
				"south": {"uv": [0, 3, 16, 5], "texture": "#0"},
				"west": {"uv": [0, 3, 16, 5], "texture": "#0"},
				"up": {"uv": [0, 3, 16, 5], "texture": "#0"},
				"down": {"uv": [0, 3, 16, 5], "texture": "#0"}
			}
		},
		{
			"from": [-12.0982, 7.61616, -7.44388],
			"to": [-9.9826, 8.25084, -7.23232],
			"rotation": {"angle": 0, "axis": "y", "origin": [-5.53984, 0, -8.9248]},
			"faces": {
				"north": {"uv": [0, 3, 16, 5], "texture": "#0"},
				"east": {"uv": [0, 3, 16, 5], "texture": "#0"},
				"south": {"uv": [0, 3, 16, 5], "texture": "#0"},
				"west": {"uv": [0, 3, 16, 5], "texture": "#0"},
				"up": {"uv": [0, 3, 16, 5], "texture": "#0"},
				"down": {"uv": [0, 3, 16, 5], "texture": "#0"}
			}
		},
		{
			"from": [-12.0982, 8.25084, -8.07856],
			"to": [-9.9826, 8.4624, -7.23232],
			"rotation": {"angle": 0, "axis": "y", "origin": [-5.53984, 0, -8.9248]},
			"faces": {
				"north": {"uv": [0, 3, 16, 5], "texture": "#0"},
				"east": {"uv": [0, 3, 16, 5], "texture": "#0"},
				"south": {"uv": [0, 3, 16, 5], "texture": "#0"},
				"west": {"uv": [0, 3, 16, 5], "texture": "#0"},
				"up": {"uv": [0, 3, 16, 5], "texture": "#0"},
				"down": {"uv": [0, 3, 16, 5], "texture": "#0"}
			}
		},
		{
			"from": [-12.0982, 8.4624, -8.29012],
			"to": [-9.9826, 8.67396, -7.23232],
			"rotation": {"angle": 0, "axis": "y", "origin": [-5.53984, 0, -8.9248]},
			"faces": {
				"north": {"uv": [0, 3, 16, 5], "texture": "#0"},
				"east": {"uv": [0, 3, 16, 5], "texture": "#0"},
				"south": {"uv": [0, 3, 16, 5], "texture": "#0"},
				"west": {"uv": [0, 3, 16, 5], "texture": "#0"},
				"up": {"uv": [0, 3, 16, 5], "texture": "#0"},
				"down": {"uv": [0, 3, 16, 5], "texture": "#0"}
			}
		},
		{
			"from": [-12.0982, 8.03928, -7.867],
			"to": [-9.9826, 8.25084, -7.44388],
			"rotation": {"angle": 0, "axis": "y", "origin": [-5.53984, 0, -8.9248]},
			"faces": {
				"north": {"uv": [0, 3, 16, 5], "texture": "#0"},
				"east": {"uv": [0, 3, 16, 5], "texture": "#0"},
				"south": {"uv": [0, 3, 16, 5], "texture": "#0"},
				"west": {"uv": [0, 3, 16, 5], "texture": "#0"},
				"up": {"uv": [0, 3, 16, 5], "texture": "#0"},
				"down": {"uv": [0, 3, 16, 5], "texture": "#0"}
			}
		},
		{
			"from": [-12.0982, 8.67396, -8.50168],
			"to": [-9.9826, 8.88552, -7.23232],
			"rotation": {"angle": 0, "axis": "y", "origin": [-5.53984, 0, -8.9248]},
			"faces": {
				"north": {"uv": [0, 3, 16, 5], "texture": "#0"},
				"east": {"uv": [0, 3, 16, 5], "texture": "#0"},
				"south": {"uv": [0, 3, 16, 5], "texture": "#0"},
				"west": {"uv": [0, 3, 16, 5], "texture": "#0"},
				"up": {"uv": [0, 3, 16, 5], "texture": "#0"},
				"down": {"uv": [0, 3, 16, 5], "texture": "#0"}
			}
		},
		{
			"from": [-12.0982, 9.09708, -9.13636],
			"to": [-9.9826, 9.5202, -8.71324],
			"rotation": {"angle": 0, "axis": "y", "origin": [-5.53984, 0, -8.9248]},
			"faces": {
				"north": {"uv": [0, 3, 16, 5], "texture": "#0"},
				"east": {"uv": [0, 3, 16, 5], "texture": "#0"},
				"south": {"uv": [0, 3, 16, 5], "texture": "#0"},
				"west": {"uv": [0, 3, 16, 5], "texture": "#0"},
				"up": {"uv": [0, 3, 16, 5], "texture": "#0"},
				"down": {"uv": [0, 3, 16, 5], "texture": "#0"}
			}
		},
		{
			"from": [-12.0982, 8.88552, -8.71324],
			"to": [-9.9826, 9.5202, -7.23232],
			"rotation": {"angle": 0, "axis": "y", "origin": [-5.53984, 0, -8.9248]},
			"faces": {
				"north": {"uv": [0, 3, 16, 5], "texture": "#0"},
				"east": {"uv": [0, 3, 16, 5], "texture": "#0"},
				"south": {"uv": [0, 3, 16, 5], "texture": "#0"},
				"west": {"uv": [0, 3, 16, 5], "texture": "#0"},
				"up": {"uv": [0, 3, 16, 5], "texture": "#0"},
				"down": {"uv": [0, 3, 16, 5], "texture": "#0"}
			}
		},
		{
			"from": [-12.0982, 7.4046, -7.23232],
			"to": [-9.9826, 9.5202, -5.32828],
			"rotation": {"angle": 0, "axis": "y", "origin": [-5.53984, 0, -8.9248]},
			"faces": {
				"north": {"uv": [0, 3, 16, 4], "texture": "#0"},
				"east": {"uv": [0, 3, 16, 4], "texture": "#0"},
				"south": {"uv": [0, 3, 16, 4], "texture": "#0"},
				"west": {"uv": [0, 3, 16, 4], "texture": "#0"},
				"up": {"uv": [0, 3, 16, 4], "texture": "#0"},
				"down": {"uv": [0, 3, 16, 4], "texture": "#0"}
			}
		},
		{
			"from": [-12.0982, 7.4046, -3.42424],
			"to": [-9.9826, 9.5202, -2.78956],
			"rotation": {"angle": 0, "axis": "y", "origin": [-5.53984, 0, -8.9248]},
			"faces": {
				"north": {"uv": [0, 3, 16, 4], "texture": "#0"},
				"east": {"uv": [0, 3, 16, 4], "texture": "#0"},
				"south": {"uv": [0, 3, 16, 4], "texture": "#0"},
				"west": {"uv": [0, 3, 16, 4], "texture": "#0"},
				"up": {"uv": [0, 3, 16, 4], "texture": "#0"},
				"down": {"uv": [0, 3, 16, 4], "texture": "#0"}
			}
		},
		{
			"from": [-12.0982, 7.4046, 2.28788],
			"to": [-9.9826, 9.5202, 2.92256],
			"rotation": {"angle": 0, "axis": "y", "origin": [-5.53984, 0, -8.9248]},
			"faces": {
				"north": {"uv": [0, 3, 16, 4], "texture": "#0"},
				"east": {"uv": [0, 3, 16, 4], "texture": "#0"},
				"south": {"uv": [0, 3, 16, 4], "texture": "#0"},
				"west": {"uv": [0, 3, 16, 4], "texture": "#0"},
				"up": {"uv": [0, 3, 16, 4], "texture": "#0"},
				"down": {"uv": [0, 3, 16, 4], "texture": "#0"}
			}
		},
		{
			"from": [-11.88664, 7.61616, -5.32828],
			"to": [-10.19416, 9.30864, 17.5202],
			"rotation": {"angle": 0, "axis": "y", "origin": [-5.53984, 0, -8.9248]},
			"faces": {
				"north": {"uv": [0, 1, 16, 2], "texture": "#0"},
				"east": {"uv": [0, 1, 16, 2], "texture": "#0"},
				"south": {"uv": [0, 1, 16, 2], "texture": "#0"},
				"west": {"uv": [0, 1, 16, 2], "texture": "#0"},
				"up": {"uv": [0, 1, 16, 2], "texture": "#0"},
				"down": {"uv": [0, 1, 16, 2], "texture": "#0"}
			}
		},
		{
			"from": [5.67284, 13.53984, -9.34792],
			"to": [6.73064, 14.59764, -5.11672],
			"rotation": {"angle": 0, "axis": "y", "origin": [-8.9248, -1.69248, -11.25196]},
			"faces": {
				"north": {"uv": [7, 7, 8.9, 8.9], "texture": "#0"},
				"east": {"uv": [0, 0, 0.7, 2.6], "texture": "#0"},
				"south": {"uv": [0, 0, 0.7, 2.6], "texture": "#0"},
				"west": {"uv": [0, 0, 0.7, 2.6], "texture": "#0"},
				"up": {"uv": [0, 0, 0.7, 2.6], "texture": "#0"},
				"down": {"uv": [0, 0, 0.7, 2.6], "texture": "#0"}
			}
		},
		{
			"from": [9.69248, -1.69248, -9.34792],
			"to": [10.75028, -0.63468, -5.11672],
			"rotation": {"angle": 45, "axis": "z", "origin": [-11.67508, -1.69248, -11.25196]},
			"faces": {
				"north": {"uv": [7, 7, 8.9, 8.9], "texture": "#0"},
				"east": {"uv": [0, 0, 0.7, 2.6], "texture": "#0"},
				"south": {"uv": [0, 0, 0.7, 2.6], "texture": "#0"},
				"west": {"uv": [0, 0, 0.7, 2.6], "texture": "#0"},
				"up": {"uv": [0, 0, 0.7, 2.6], "texture": "#0"},
				"down": {"uv": [0, 0, 0.7, 2.6], "texture": "#0"}
			}
		},
		{
			"from": [2.92256, 13.53984, -9.34792],
			"to": [3.98036, 14.59764, -5.11672],
			"rotation": {"angle": 0, "axis": "y", "origin": [-11.67508, -1.69248, -11.25196]},
			"faces": {
				"north": {"uv": [7, 7, 8.9, 8.9], "texture": "#0"},
				"east": {"uv": [0, 0, 0.7, 2.6], "texture": "#0"},
				"south": {"uv": [0, 0, 0.7, 2.6], "texture": "#0"},
				"west": {"uv": [0, 0, 0.7, 2.6], "texture": "#0"},
				"up": {"uv": [0, 0, 0.7, 2.6], "texture": "#0"},
				"down": {"uv": [0, 0, 0.7, 2.6], "texture": "#0"}
			}
		},
		{
			"from": [1.86476, 11.6358, -5.11672],
			"to": [7.78844, 15.867, 1.23008],
			"rotation": {"angle": 0, "axis": "y", "origin": [-8.9248, -1.69248, -11.25196]},
			"faces": {
				"north": {"uv": [0, 0, 16, 16], "texture": "#2"},
				"east": {"uv": [0, 0, 16, 16], "texture": "#2"},
				"south": {"uv": [0, 0, 16, 16], "texture": "#2"},
				"west": {"uv": [0, 0, 16, 16], "texture": "#2"},
				"up": {"uv": [0, 0, 16, 16], "texture": "#2"},
				"down": {"uv": [0, 0, 16, 16], "texture": "#2"}
			}
		},
		{
			"from": [1.6532, 13.7514, -6.8092],
			"to": [7.78844, 19.0404, -4.05892],
			"rotation": {"angle": 22.5, "axis": "x", "origin": [-8.9248, -1.69248, -11.25196]},
			"faces": {
				"north": {"uv": [0, 0, 16, 16], "texture": "#2"},
				"east": {"uv": [0, 0, 16, 16], "texture": "#2"},
				"south": {"uv": [0, 0, 16, 16], "texture": "#2"},
				"west": {"uv": [0, 0, 16, 16], "texture": "#2"},
				"up": {"uv": [0, 0, 16, 16], "texture": "#2"},
				"down": {"uv": [0, 0, 16, 16], "texture": "#2"}
			}
		},
		{
			"from": [25.55948, 3.59652, 5.8844],
			"to": [30.00224, 10.36644, 14.98148],
			"rotation": {"angle": 0, "axis": "y", "origin": [32.54096, 0, -8.9248]},
			"faces": {
				"north": {"uv": [0, 0, 16, 16], "texture": "#2"},
				"east": {"uv": [0, 0, 16, 16], "texture": "#2"},
				"south": {"uv": [0, 0, 16, 16], "texture": "#2"},
				"west": {"uv": [0, 0, 16, 16], "texture": "#2"},
				"up": {"uv": [0, 0, 16, 16], "texture": "#2"},
				"down": {"uv": [0, 0, 16, 16], "texture": "#2"}
			}
		},
		{
			"from": [26.19416, 7.61616, -5.32828],
			"to": [27.88664, 9.30864, 17.5202],
			"rotation": {"angle": 0, "axis": "y", "origin": [21.53984, 0, -8.9248]},
			"faces": {
				"north": {"uv": [16, 1, 0, 2], "texture": "#0"},
				"east": {"uv": [16, 1, 0, 2], "texture": "#0"},
				"south": {"uv": [16, 1, 0, 2], "texture": "#0"},
				"west": {"uv": [16, 1, 0, 2], "texture": "#0"},
				"up": {"uv": [16, 1, 0, 2], "texture": "#0"},
				"down": {"uv": [16, 1, 0, 2], "texture": "#0"}
			}
		},
		{
			"from": [26.19416, 4.44276, -5.32828],
			"to": [27.88664, 6.13524, 17.5202],
			"rotation": {"angle": 0, "axis": "y", "origin": [21.53984, -3.1734, -8.9248]},
			"faces": {
				"north": {"uv": [16, 1, 0, 2], "texture": "#0"},
				"east": {"uv": [16, 1, 0, 2], "texture": "#0"},
				"south": {"uv": [16, 1, 0, 2], "texture": "#0"},
				"west": {"uv": [16, 1, 0, 2], "texture": "#0"},
				"up": {"uv": [16, 1, 0, 2], "texture": "#0"},
				"down": {"uv": [16, 1, 0, 2], "texture": "#0"}
			}
		},
		{
			"from": [25.9826, 7.4046, 2.28788],
			"to": [28.0982, 9.5202, 2.92256],
			"rotation": {"angle": 0, "axis": "y", "origin": [32.54096, 0, -8.9248]},
			"faces": {
				"north": {"uv": [0, 3, 16, 4], "texture": "#0"},
				"east": {"uv": [0, 3, 16, 4], "texture": "#0"},
				"south": {"uv": [0, 3, 16, 4], "texture": "#0"},
				"west": {"uv": [0, 3, 16, 4], "texture": "#0"},
				"up": {"uv": [0, 3, 16, 4], "texture": "#0"},
				"down": {"uv": [0, 3, 16, 4], "texture": "#0"}
			}
		},
		{
			"from": [25.9826, 4.2312, 2.28788],
			"to": [28.0982, 6.3468, 2.92256],
			"rotation": {"angle": 0, "axis": "y", "origin": [32.54096, -3.1734, -8.9248]},
			"faces": {
				"north": {"uv": [0, 3, 16, 4], "texture": "#0"},
				"east": {"uv": [0, 3, 16, 4], "texture": "#0"},
				"south": {"uv": [0, 3, 16, 4], "texture": "#0"},
				"west": {"uv": [0, 3, 16, 4], "texture": "#0"},
				"up": {"uv": [0, 3, 16, 4], "texture": "#0"},
				"down": {"uv": [0, 3, 16, 4], "texture": "#0"}
			}
		},
		{
			"from": [25.9826, 7.4046, -3.42424],
			"to": [28.0982, 9.5202, -2.78956],
			"rotation": {"angle": 0, "axis": "y", "origin": [32.54096, 0, -8.9248]},
			"faces": {
				"north": {"uv": [0, 3, 16, 4], "texture": "#0"},
				"east": {"uv": [0, 3, 16, 4], "texture": "#0"},
				"south": {"uv": [0, 3, 16, 4], "texture": "#0"},
				"west": {"uv": [0, 3, 16, 4], "texture": "#0"},
				"up": {"uv": [0, 3, 16, 4], "texture": "#0"},
				"down": {"uv": [0, 3, 16, 4], "texture": "#0"}
			}
		},
		{
			"from": [25.9826, 4.2312, -3.42424],
			"to": [28.0982, 6.3468, -2.78956],
			"rotation": {"angle": 0, "axis": "y", "origin": [32.54096, -3.1734, -8.9248]},
			"faces": {
				"north": {"uv": [0, 3, 16, 4], "texture": "#0"},
				"east": {"uv": [0, 3, 16, 4], "texture": "#0"},
				"south": {"uv": [0, 3, 16, 4], "texture": "#0"},
				"west": {"uv": [0, 3, 16, 4], "texture": "#0"},
				"up": {"uv": [0, 3, 16, 4], "texture": "#0"},
				"down": {"uv": [0, 3, 16, 4], "texture": "#0"}
			}
		},
		{
			"from": [25.9826, 7.4046, -7.23232],
			"to": [28.0982, 9.5202, -5.32828],
			"rotation": {"angle": 0, "axis": "y", "origin": [21.53984, 0, -8.9248]},
			"faces": {
				"north": {"uv": [16, 3, 0, 4], "texture": "#0"},
				"east": {"uv": [16, 3, 0, 4], "texture": "#0"},
				"south": {"uv": [16, 3, 0, 4], "texture": "#0"},
				"west": {"uv": [16, 3, 0, 4], "texture": "#0"},
				"up": {"uv": [16, 3, 0, 4], "texture": "#0"},
				"down": {"uv": [16, 3, 0, 4], "texture": "#0"}
			}
		},
		{
			"from": [25.9826, 4.01964, -2.578],
			"to": [28.0982, 6.98148, -2.36644],
			"rotation": {"angle": -45, "axis": "x", "origin": [21.53984, 0, -8.9248]},
			"faces": {
				"north": {"uv": [10, 6, 6, 10], "texture": "#0"},
				"east": {"uv": [16, 3, 0, 5], "texture": "#0"},
				"south": {"uv": [16, 3, 0, 5], "texture": "#0"},
				"west": {"uv": [16, 3, 0, 5], "texture": "#0"},
				"up": {"uv": [16, 3, 0, 5], "texture": "#0"},
				"down": {"uv": [16, 3, 0, 5], "texture": "#0"}
			}
		},
		{
			"from": [25.9826, 8.88552, -8.71324],
			"to": [28.0982, 9.5202, -7.23232],
			"rotation": {"angle": 0, "axis": "y", "origin": [21.53984, 0, -8.9248]},
			"faces": {
				"north": {"uv": [16, 3, 0, 5], "texture": "#0"},
				"east": {"uv": [16, 3, 0, 5], "texture": "#0"},
				"south": {"uv": [16, 3, 0, 5], "texture": "#0"},
				"west": {"uv": [16, 3, 0, 5], "texture": "#0"},
				"up": {"uv": [16, 3, 0, 5], "texture": "#0"},
				"down": {"uv": [16, 3, 0, 5], "texture": "#0"}
			}
		},
		{
			"from": [25.9826, 9.09708, -9.13636],
			"to": [28.0982, 9.5202, -8.71324],
			"rotation": {"angle": 0, "axis": "y", "origin": [21.53984, 0, -8.9248]},
			"faces": {
				"north": {"uv": [16, 3, 0, 5], "texture": "#0"},
				"east": {"uv": [16, 3, 0, 5], "texture": "#0"},
				"south": {"uv": [16, 3, 0, 5], "texture": "#0"},
				"west": {"uv": [16, 3, 0, 5], "texture": "#0"},
				"up": {"uv": [16, 3, 0, 5], "texture": "#0"},
				"down": {"uv": [16, 3, 0, 5], "texture": "#0"}
			}
		},
		{
			"from": [25.9826, 8.67396, -8.50168],
			"to": [28.0982, 8.88552, -7.23232],
			"rotation": {"angle": 0, "axis": "y", "origin": [21.53984, 0, -8.9248]},
			"faces": {
				"north": {"uv": [16, 3, 0, 5], "texture": "#0"},
				"east": {"uv": [16, 3, 0, 5], "texture": "#0"},
				"south": {"uv": [16, 3, 0, 5], "texture": "#0"},
				"west": {"uv": [16, 3, 0, 5], "texture": "#0"},
				"up": {"uv": [16, 3, 0, 5], "texture": "#0"},
				"down": {"uv": [16, 3, 0, 5], "texture": "#0"}
			}
		},
		{
			"from": [25.9826, 8.4624, -8.29012],
			"to": [28.0982, 8.67396, -7.23232],
			"rotation": {"angle": 0, "axis": "y", "origin": [21.53984, 0, -8.9248]},
			"faces": {
				"north": {"uv": [16, 3, 0, 5], "texture": "#0"},
				"east": {"uv": [16, 3, 0, 5], "texture": "#0"},
				"south": {"uv": [16, 3, 0, 5], "texture": "#0"},
				"west": {"uv": [16, 3, 0, 5], "texture": "#0"},
				"up": {"uv": [16, 3, 0, 5], "texture": "#0"},
				"down": {"uv": [16, 3, 0, 5], "texture": "#0"}
			}
		},
		{
			"from": [25.9826, 8.25084, -8.07856],
			"to": [28.0982, 8.4624, -7.23232],
			"rotation": {"angle": 0, "axis": "y", "origin": [21.53984, 0, -8.9248]},
			"faces": {
				"north": {"uv": [16, 3, 0, 5], "texture": "#0"},
				"east": {"uv": [16, 3, 0, 5], "texture": "#0"},
				"south": {"uv": [16, 3, 0, 5], "texture": "#0"},
				"west": {"uv": [16, 3, 0, 5], "texture": "#0"},
				"up": {"uv": [16, 3, 0, 5], "texture": "#0"},
				"down": {"uv": [16, 3, 0, 5], "texture": "#0"}
			}
		},
		{
			"from": [25.9826, 8.03928, -7.867],
			"to": [28.0982, 8.25084, -7.44388],
			"rotation": {"angle": 0, "axis": "y", "origin": [21.53984, 0, -8.9248]},
			"faces": {
				"north": {"uv": [16, 3, 0, 5], "texture": "#0"},
				"east": {"uv": [16, 3, 0, 5], "texture": "#0"},
				"south": {"uv": [16, 3, 0, 5], "texture": "#0"},
				"west": {"uv": [16, 3, 0, 5], "texture": "#0"},
				"up": {"uv": [16, 3, 0, 5], "texture": "#0"},
				"down": {"uv": [16, 3, 0, 5], "texture": "#0"}
			}
		},
		{
			"from": [25.9826, 7.61616, -7.44388],
			"to": [28.0982, 8.25084, -7.23232],
			"rotation": {"angle": 0, "axis": "y", "origin": [21.53984, 0, -8.9248]},
			"faces": {
				"north": {"uv": [16, 3, 0, 5], "texture": "#0"},
				"east": {"uv": [16, 3, 0, 5], "texture": "#0"},
				"south": {"uv": [16, 3, 0, 5], "texture": "#0"},
				"west": {"uv": [16, 3, 0, 5], "texture": "#0"},
				"up": {"uv": [16, 3, 0, 5], "texture": "#0"},
				"down": {"uv": [16, 3, 0, 5], "texture": "#0"}
			}
		},
		{
			"from": [25.9826, 7.82772, -7.65544],
			"to": [28.0982, 8.03928, -7.44388],
			"rotation": {"angle": 0, "axis": "y", "origin": [21.53984, 0, -8.9248]},
			"faces": {
				"north": {"uv": [16, 3, 0, 5], "texture": "#0"},
				"east": {"uv": [16, 3, 0, 5], "texture": "#0"},
				"south": {"uv": [16, 3, 0, 5], "texture": "#0"},
				"west": {"uv": [16, 3, 0, 5], "texture": "#0"},
				"up": {"uv": [16, 3, 0, 5], "texture": "#0"},
				"down": {"uv": [16, 3, 0, 5], "texture": "#0"}
			}
		},
		{
			"from": [25.9826, 5.71212, -8.71324],
			"to": [28.0982, 6.3468, -7.23232],
			"rotation": {"angle": 0, "axis": "y", "origin": [21.53984, -3.1734, -8.9248]},
			"faces": {
				"north": {"uv": [16, 3, 0, 5], "texture": "#0"},
				"east": {"uv": [16, 3, 0, 5], "texture": "#0"},
				"south": {"uv": [16, 3, 0, 5], "texture": "#0"},
				"west": {"uv": [16, 3, 0, 5], "texture": "#0"},
				"up": {"uv": [16, 3, 0, 5], "texture": "#0"},
				"down": {"uv": [16, 3, 0, 5], "texture": "#0"}
			}
		},
		{
			"from": [25.9826, 0.84624, -2.578],
			"to": [28.0982, 3.80808, -2.36644],
			"rotation": {"angle": -45, "axis": "x", "origin": [21.53984, -3.1734, -8.9248]},
			"faces": {
				"north": {"uv": [10, 6, 6, 10], "texture": "#0"},
				"east": {"uv": [16, 3, 0, 5], "texture": "#0"},
				"south": {"uv": [16, 3, 0, 5], "texture": "#0"},
				"west": {"uv": [16, 3, 0, 5], "texture": "#0"},
				"up": {"uv": [16, 3, 0, 5], "texture": "#0"},
				"down": {"uv": [16, 3, 0, 5], "texture": "#0"}
			}
		},
		{
			"from": [25.9826, 5.92368, -9.13636],
			"to": [28.0982, 6.3468, -8.71324],
			"rotation": {"angle": 0, "axis": "y", "origin": [21.53984, -3.1734, -8.9248]},
			"faces": {
				"north": {"uv": [16, 3, 0, 5], "texture": "#0"},
				"east": {"uv": [16, 3, 0, 5], "texture": "#0"},
				"south": {"uv": [16, 3, 0, 5], "texture": "#0"},
				"west": {"uv": [16, 3, 0, 5], "texture": "#0"},
				"up": {"uv": [16, 3, 0, 5], "texture": "#0"},
				"down": {"uv": [16, 3, 0, 5], "texture": "#0"}
			}
		},
		{
			"from": [25.9826, 5.50056, -8.50168],
			"to": [28.0982, 5.71212, -7.23232],
			"rotation": {"angle": 0, "axis": "y", "origin": [21.53984, -3.1734, -8.9248]},
			"faces": {
				"north": {"uv": [16, 3, 0, 5], "texture": "#0"},
				"east": {"uv": [16, 3, 0, 5], "texture": "#0"},
				"south": {"uv": [16, 3, 0, 5], "texture": "#0"},
				"west": {"uv": [16, 3, 0, 5], "texture": "#0"},
				"up": {"uv": [16, 3, 0, 5], "texture": "#0"},
				"down": {"uv": [16, 3, 0, 5], "texture": "#0"}
			}
		},
		{
			"from": [25.9826, 5.289, -8.29012],
			"to": [28.0982, 5.50056, -7.23232],
			"rotation": {"angle": 0, "axis": "y", "origin": [21.53984, -3.1734, -8.9248]},
			"faces": {
				"north": {"uv": [16, 3, 0, 5], "texture": "#0"},
				"east": {"uv": [16, 3, 0, 5], "texture": "#0"},
				"south": {"uv": [16, 3, 0, 5], "texture": "#0"},
				"west": {"uv": [16, 3, 0, 5], "texture": "#0"},
				"up": {"uv": [16, 3, 0, 5], "texture": "#0"},
				"down": {"uv": [16, 3, 0, 5], "texture": "#0"}
			}
		},
		{
			"from": [25.9826, 4.44276, -7.44388],
			"to": [28.0982, 5.07744, -7.23232],
			"rotation": {"angle": 0, "axis": "y", "origin": [21.53984, -3.1734, -8.9248]},
			"faces": {
				"north": {"uv": [16, 3, 0, 5], "texture": "#0"},
				"east": {"uv": [16, 3, 0, 5], "texture": "#0"},
				"south": {"uv": [16, 3, 0, 5], "texture": "#0"},
				"west": {"uv": [16, 3, 0, 5], "texture": "#0"},
				"up": {"uv": [16, 3, 0, 5], "texture": "#0"},
				"down": {"uv": [16, 3, 0, 5], "texture": "#0"}
			}
		},
		{
			"from": [25.9826, 5.07744, -8.07856],
			"to": [28.0982, 5.289, -7.23232],
			"rotation": {"angle": 0, "axis": "y", "origin": [21.53984, -3.1734, -8.9248]},
			"faces": {
				"north": {"uv": [16, 3, 0, 5], "texture": "#0"},
				"east": {"uv": [16, 3, 0, 5], "texture": "#0"},
				"south": {"uv": [16, 3, 0, 5], "texture": "#0"},
				"west": {"uv": [16, 3, 0, 5], "texture": "#0"},
				"up": {"uv": [16, 3, 0, 5], "texture": "#0"},
				"down": {"uv": [16, 3, 0, 5], "texture": "#0"}
			}
		},
		{
			"from": [25.9826, 4.86588, -7.867],
			"to": [28.0982, 5.07744, -7.44388],
			"rotation": {"angle": 0, "axis": "y", "origin": [21.53984, -3.1734, -8.9248]},
			"faces": {
				"north": {"uv": [16, 3, 0, 5], "texture": "#0"},
				"east": {"uv": [16, 3, 0, 5], "texture": "#0"},
				"south": {"uv": [16, 3, 0, 5], "texture": "#0"},
				"west": {"uv": [16, 3, 0, 5], "texture": "#0"},
				"up": {"uv": [16, 3, 0, 5], "texture": "#0"},
				"down": {"uv": [16, 3, 0, 5], "texture": "#0"}
			}
		},
		{
			"from": [25.9826, 4.65432, -7.65544],
			"to": [28.0982, 4.86588, -7.44388],
			"rotation": {"angle": 0, "axis": "y", "origin": [21.53984, -3.1734, -8.9248]},
			"faces": {
				"north": {"uv": [16, 3, 0, 5], "texture": "#0"},
				"east": {"uv": [16, 3, 0, 5], "texture": "#0"},
				"south": {"uv": [16, 3, 0, 5], "texture": "#0"},
				"west": {"uv": [16, 3, 0, 5], "texture": "#0"},
				"up": {"uv": [16, 3, 0, 5], "texture": "#0"},
				"down": {"uv": [16, 3, 0, 5], "texture": "#0"}
			}
		},
		{
			"from": [25.9826, 4.2312, -7.23232],
			"to": [28.0982, 6.3468, -5.32828],
			"rotation": {"angle": 0, "axis": "y", "origin": [21.53984, -3.1734, -8.9248]},
			"faces": {
				"north": {"uv": [16, 3, 0, 5], "texture": "#0"},
				"east": {"uv": [16, 3, 0, 5], "texture": "#0"},
				"south": {"uv": [16, 3, 0, 5], "texture": "#0"},
				"west": {"uv": [16, 3, 0, 5], "texture": "#0"},
				"up": {"uv": [16, 3, 0, 5], "texture": "#0"},
				"down": {"uv": [16, 3, 0, 5], "texture": "#0"}
			}
		}
	],
	"display": {
		"head": {
			"translation": [-2, -32, -6],
			"scale": [3.11, 3.22, 4]
		}
	}
}