{
	"credit": "Made with Blockbench",
	"parent": "55",
	"textures": {
		"0": "minecraft:block/black_shulker_box",
		"1": "minecraft:block/shroomlight",
		"2": "minecraft:block/observer_back_on",
		"3": "minecraft:block/blue_shulker_box",
		"5": "minecraft:block/blue_wool",
		"particle": "minecraft:block/black_shulker_box"
	},
	"elements": [
		{
			"from": [-4.54, 6.25, -5.2],
			"to": [0.74, 14.5, 22.85],
			"rotation": {"angle": 0, "axis": "y", "origin": [-2.56, 6.25, -5.2]},
			"faces": {
				"north": {"uv": [0, 0, 16, 16], "texture": "#3"},
				"east": {"uv": [0, 0, 16, 16], "texture": "#3"},
				"south": {"uv": [0, 0, 16, 16], "texture": "#3"},
				"west": {"uv": [0, 0, 16, 16], "texture": "#3"},
				"up": {"uv": [0, 0, 16, 16], "texture": "#3"},
				"down": {"uv": [0, 0, 16, 16], "texture": "#0"}
			}
		},
		{
			"from": [15.26, 8.065, -3.55],
			"to": [20.54, 12.025, 5.36],
			"rotation": {"angle": -45, "axis": "x", "origin": [18.56, 6.25, -5.2]},
			"faces": {
				"north": {"uv": [0, 0, 16, 16], "texture": "#3"},
				"east": {"uv": [0, 0, 16, 16], "texture": "#3"},
				"south": {"uv": [0, 0, 16, 16], "texture": "#3"},
				"west": {"uv": [0, 0, 16, 16], "texture": "#3"},
				"up": {"uv": [0, 0, 16, 16], "texture": "#3"},
				"down": {"uv": [0, 0, 16, 16], "texture": "#3"}
			}
		},
		{
			"from": [-4.54, -13.55, 14.6],
			"to": [0.74, -8.6, 20.87],
			"rotation": {"angle": -45, "axis": "x", "origin": [-2.56, 6.25, -5.2]},
			"faces": {
				"north": {"uv": [0, 0, 16, 16], "texture": "#3"},
				"east": {"uv": [0, 0, 16, 16], "texture": "#3"},
				"south": {"uv": [0, 0, 16, 16], "texture": "#3"},
				"west": {"uv": [0, 0, 16, 16], "texture": "#3"},
				"up": {"uv": [0, 0, 16, 16], "texture": "#3"},
				"down": {"uv": [0, 0, 16, 16], "texture": "#0"}
			}
		},
		{
			"from": [17.57, 15.655, -4.375],
			"to": [18.395, 17.305, -4.21],
			"rotation": {"angle": 0, "axis": "y", "origin": [18.56, 6.25, -5.2]},
			"faces": {
				"north": {"uv": [4, 3, 7, 6], "texture": "#1"},
				"east": {"uv": [4, 3, 7, 6], "texture": "#1"},
				"south": {"uv": [4, 3, 7, 6], "texture": "#1"},
				"west": {"uv": [4, 3, 7, 6], "texture": "#1"},
				"up": {"uv": [4, 3, 7, 6], "texture": "#1"},
				"down": {"uv": [4, 3, 7, 6], "texture": "#1"}
			}
		},
		{
			"from": [-4.54, 6.085, -5.53],
			"to": [0.74, 11.695, -2.065],
			"rotation": {"angle": -45, "axis": "x", "origin": [-2.56, 6.25, -5.2]},
			"faces": {
				"north": {"uv": [0, 0, 16, 16], "texture": "#0"},
				"east": {"uv": [0, 0, 16, 16], "texture": "#3"},
				"south": {"uv": [0, 0, 16, 16], "texture": "#3"},
				"west": {"uv": [0, 0, 16, 16], "texture": "#3"},
				"up": {"uv": [0, 0, 16, 16], "texture": "#3"},
				"down": {"uv": [0, 0, 16, 16], "texture": "#3"}
			}
		},
		{
			"from": [15.26, -10.58, 17.57],
			"to": [20.54, -4.145, 21.53],
			"rotation": {"angle": -45, "axis": "x", "origin": [18.56, 6.25, -5.2]},
			"faces": {
				"north": {"uv": [0, 0, 16, 16], "texture": "#3"},
				"east": {"uv": [0, 0, 16, 16], "texture": "#3"},
				"south": {"uv": [0, 0, 16, 16], "texture": "#3"},
				"west": {"uv": [0, 0, 16, 16], "texture": "#3"},
				"up": {"uv": [0, 0, 16, 16], "texture": "#3"},
				"down": {"uv": [0, 0, 16, 16], "texture": "#3"}
			}
		},
		{
			"from": [0.575, 5.59, -0.25],
			"to": [8, 10.21, 6.845],
			"rotation": {"angle": -45, "axis": "x", "origin": [-3.385, 6.25, -5.2]},
			"faces": {
				"north": {"uv": [16, 0, 11.5, 1.8], "texture": "#5"},
				"east": {"uv": [16, 0, 11.5, 1.8], "texture": "#5"},
				"south": {"uv": [16, 0, 11.5, 1.8], "texture": "#5"},
				"west": {"uv": [16, 0, 11.5, 1.8], "texture": "#5"},
				"up": {"uv": [16, 0, 11.5, 1.8], "texture": "#5"},
				"down": {"uv": [16, 0, 11.5, 1.8], "texture": "#5"}
			}
		},
		{
			"from": [-4.54, -10.58, 17.57],
			"to": [0.74, -4.145, 21.53],
			"rotation": {"angle": -45, "axis": "x", "origin": [-2.56, 6.25, -5.2]},
			"faces": {
				"north": {"uv": [0, 0, 16, 16], "texture": "#3"},
				"east": {"uv": [0, 0, 16, 16], "texture": "#3"},
				"south": {"uv": [0, 0, 16, 16], "texture": "#3"},
				"west": {"uv": [0, 0, 16, 16], "texture": "#3"},
				"up": {"uv": [0, 0, 16, 16], "texture": "#3"},
				"down": {"uv": [0, 0, 16, 16], "texture": "#3"}
			}
		},
		{
			"from": [15.26, -13.55, 14.6],
			"to": [20.54, -8.6, 20.87],
			"rotation": {"angle": -45, "axis": "x", "origin": [18.56, 6.25, -5.2]},
			"faces": {
				"north": {"uv": [0, 0, 16, 16], "texture": "#3"},
				"east": {"uv": [0, 0, 16, 16], "texture": "#3"},
				"south": {"uv": [0, 0, 16, 16], "texture": "#3"},
				"west": {"uv": [0, 0, 16, 16], "texture": "#3"},
				"up": {"uv": [0, 0, 16, 16], "texture": "#3"},
				"down": {"uv": [0, 0, 16, 16], "texture": "#0"}
			}
		},
		{
			"from": [0.575, 7.075, 0.575],
			"to": [8, 17.47, 20.21],
			"rotation": {"angle": 0, "axis": "y", "origin": [-2.56, 6.25, -5.2]},
			"faces": {
				"north": {"uv": [7.7, 9, 3.2, 14.3], "texture": "#5"},
				"east": {"uv": [7.7, 0, 3.2, 5.3], "texture": "#5"},
				"south": {"uv": [7.7, 0, 3.2, 5.3], "texture": "#5"},
				"west": {"uv": [7.7, 0, 3.2, 5.3], "texture": "#5"},
				"up": {"uv": [7.7, 0, 3.2, 5.3], "texture": "#5"},
				"down": {"uv": [7.7, 0, 3.2, 5.3], "texture": "#5"}
			}
		},
		{
			"from": [20.54, 8.065, 6.35],
			"to": [24.17, 9.055, 16.25],
			"rotation": {"angle": 0, "axis": "y", "origin": [18.56, 6.25, -5.2]},
			"faces": {
				"north": {"uv": [0, 0, 16, 16], "texture": "#3"},
				"east": {"uv": [0, 0, 16, 16], "texture": "#3"},
				"south": {"uv": [0, 0, 16, 16], "texture": "#3"},
				"west": {"uv": [0, 0, 16, 16], "texture": "#3"},
				"up": {"uv": [0, 0, 16, 16], "texture": "#3"},
				"down": {"uv": [0, 0, 16, 16], "texture": "#3"}
			}
		},
		{
			"from": [0.575, 6.58, -3.88],
			"to": [8, 13.675, -3.22],
			"rotation": {"angle": -22.5, "axis": "x", "origin": [-5.2, 6.25, -5.2]},
			"faces": {
				"north": {"uv": [0, 0, 16, 16], "texture": "#3"},
				"east": {"uv": [0, 0, 16, 16], "texture": "#3"},
				"south": {"uv": [0, 0, 16, 16], "texture": "#3"},
				"west": {"uv": [0, 0, 16, 16], "texture": "#3"},
				"up": {"uv": [0, 0, 16, 16], "texture": "#3"},
				"down": {"uv": [0, 0, 16, 16], "texture": "#3"}
			}
		},
		{
			"from": [15.26, 6.085, -5.53],
			"to": [20.54, 11.695, -2.065],
			"rotation": {"angle": -45, "axis": "x", "origin": [18.56, 6.25, -5.2]},
			"faces": {
				"north": {"uv": [0, 0, 16, 16], "texture": "#0"},
				"east": {"uv": [0, 0, 16, 16], "texture": "#3"},
				"south": {"uv": [0, 0, 16, 16], "texture": "#3"},
				"west": {"uv": [0, 0, 16, 16], "texture": "#3"},
				"up": {"uv": [0, 0, 16, 16], "texture": "#3"},
				"down": {"uv": [0, 0, 16, 16], "texture": "#3"}
			}
		},
		{
			"from": [6.515, 12.025, -3.88],
			"to": [7.34, 14.335, -3.22],
			"rotation": {"angle": -22.5, "axis": "x", "origin": [-5.2, 6.25, -5.2]},
			"faces": {
				"north": {"uv": [0, 0, 16, 16], "texture": "#3"},
				"east": {"uv": [0, 0, 16, 16], "texture": "#3"},
				"south": {"uv": [0, 0, 16, 16], "texture": "#3"},
				"west": {"uv": [0, 0, 16, 16], "texture": "#3"},
				"up": {"uv": [0, 0, 16, 16], "texture": "#3"},
				"down": {"uv": [0, 0, 16, 16], "texture": "#3"}
			}
		},
		{
			"from": [8, 11.2, -5.695],
			"to": [15.425, 13.675, -3.88],
			"rotation": {"angle": 0, "axis": "y", "origin": [21.2, 6.25, -5.2]},
			"faces": {
				"north": {"uv": [4.5, 9, 0, 9.5], "texture": "#5"},
				"east": {"uv": [4.5, 0, 0, 0.5], "texture": "#5"},
				"south": {"uv": [4.5, 0, 0, 0.5], "texture": "#5"},
				"west": {"uv": [4.5, 0, 0, 0.5], "texture": "#5"},
				"up": {"uv": [4.5, 0, 0, 0.5], "texture": "#5"},
				"down": {"uv": [4.5, 0, 0, 0.5], "texture": "#5"}
			}
		},
		{
			"from": [4.37, 12.025, -3.88],
			"to": [5.195, 14.335, -3.22],
			"rotation": {"angle": -22.5, "axis": "x", "origin": [-5.2, 6.25, -5.2]},
			"faces": {
				"north": {"uv": [0, 0, 16, 16], "texture": "#3"},
				"east": {"uv": [0, 0, 16, 16], "texture": "#3"},
				"south": {"uv": [0, 0, 16, 16], "texture": "#3"},
				"west": {"uv": [0, 0, 16, 16], "texture": "#3"},
				"up": {"uv": [0, 0, 16, 16], "texture": "#3"},
				"down": {"uv": [0, 0, 16, 16], "texture": "#3"}
			}
		},
		{
			"from": [8.66, 12.025, -3.88],
			"to": [9.485, 14.335, -3.22],
			"rotation": {"angle": -22.5, "axis": "x", "origin": [21.2, 6.25, -5.2]},
			"faces": {
				"north": {"uv": [0, 0, 16, 16], "texture": "#3"},
				"east": {"uv": [0, 0, 16, 16], "texture": "#3"},
				"south": {"uv": [0, 0, 16, 16], "texture": "#3"},
				"west": {"uv": [0, 0, 16, 16], "texture": "#3"},
				"up": {"uv": [0, 0, 16, 16], "texture": "#3"},
				"down": {"uv": [0, 0, 16, 16], "texture": "#3"}
			}
		},
		{
			"from": [2.225, 12.025, -3.88],
			"to": [3.05, 14.335, -3.22],
			"rotation": {"angle": -22.5, "axis": "x", "origin": [-5.2, 6.25, -5.2]},
			"faces": {
				"north": {"uv": [0, 0, 16, 16], "texture": "#3"},
				"east": {"uv": [0, 0, 16, 16], "texture": "#3"},
				"south": {"uv": [0, 0, 16, 16], "texture": "#3"},
				"west": {"uv": [0, 0, 16, 16], "texture": "#3"},
				"up": {"uv": [0, 0, 16, 16], "texture": "#3"},
				"down": {"uv": [0, 0, 16, 16], "texture": "#3"}
			}
		},
		{
			"from": [10.805, 12.025, -3.88],
			"to": [11.63, 14.335, -3.22],
			"rotation": {"angle": -22.5, "axis": "x", "origin": [21.2, 6.25, -5.2]},
			"faces": {
				"north": {"uv": [0, 0, 16, 16], "texture": "#3"},
				"east": {"uv": [0, 0, 16, 16], "texture": "#3"},
				"south": {"uv": [0, 0, 16, 16], "texture": "#3"},
				"west": {"uv": [0, 0, 16, 16], "texture": "#3"},
				"up": {"uv": [0, 0, 16, 16], "texture": "#3"},
				"down": {"uv": [0, 0, 16, 16], "texture": "#3"}
			}
		},
		{
			"from": [12.95, 12.025, -3.88],
			"to": [13.775, 14.335, -3.22],
			"rotation": {"angle": -22.5, "axis": "x", "origin": [21.2, 6.25, -5.2]},
			"faces": {
				"north": {"uv": [0, 0, 16, 16], "texture": "#3"},
				"east": {"uv": [0, 0, 16, 16], "texture": "#3"},
				"south": {"uv": [0, 0, 16, 16], "texture": "#3"},
				"west": {"uv": [0, 0, 16, 16], "texture": "#3"},
				"up": {"uv": [0, 0, 16, 16], "texture": "#3"},
				"down": {"uv": [0, 0, 16, 16], "texture": "#3"}
			}
		},
		{
			"from": [0.575, 7.075, -3.88],
			"to": [8, 13.675, 0.08],
			"rotation": {"angle": 0, "axis": "y", "origin": [-5.2, 6.25, -5.2]},
			"faces": {
				"north": {"uv": [0, 0, 16, 16], "texture": "#3"},
				"east": {"uv": [0, 0, 16, 16], "texture": "#3"},
				"south": {"uv": [0, 0, 16, 16], "texture": "#3"},
				"west": {"uv": [0, 0, 16, 16], "texture": "#3"},
				"up": {"uv": [0, 0, 16, 16], "texture": "#3"},
				"down": {"uv": [0, 0, 16, 16], "texture": "#3"}
			}
		},
		{
			"from": [8, 6.58, -3.88],
			"to": [15.425, 13.675, -3.22],
			"rotation": {"angle": -22.5, "axis": "x", "origin": [21.2, 6.25, -5.2]},
			"faces": {
				"north": {"uv": [0, 0, 16, 16], "texture": "#3"},
				"east": {"uv": [0, 0, 16, 16], "texture": "#3"},
				"south": {"uv": [0, 0, 16, 16], "texture": "#3"},
				"west": {"uv": [0, 0, 16, 16], "texture": "#3"},
				"up": {"uv": [0, 0, 16, 16], "texture": "#3"},
				"down": {"uv": [0, 0, 16, 16], "texture": "#3"}
			}
		},
		{
			"from": [0.575, 11.2, -5.695],
			"to": [8, 13.675, -3.88],
			"rotation": {"angle": 0, "axis": "y", "origin": [-5.2, 6.25, -5.2]},
			"faces": {
				"north": {"uv": [0, 9, 4.5, 9.5], "texture": "#5"},
				"east": {"uv": [0, 0, 4.5, 0.5], "texture": "#5"},
				"south": {"uv": [0, 0, 4.5, 0.5], "texture": "#5"},
				"west": {"uv": [0, 0, 4.5, 0.5], "texture": "#5"},
				"up": {"uv": [0, 0, 4.5, 0.5], "texture": "#5"},
				"down": {"uv": [0, 0, 4.5, 0.5], "texture": "#5"}
			}
		},
		{
			"from": [8, 7.075, -3.88],
			"to": [15.425, 13.675, 0.08],
			"rotation": {"angle": 0, "axis": "y", "origin": [21.2, 6.25, -5.2]},
			"faces": {
				"north": {"uv": [0, 0, 16, 16], "texture": "#3"},
				"east": {"uv": [0, 0, 16, 16], "texture": "#3"},
				"south": {"uv": [0, 0, 16, 16], "texture": "#3"},
				"west": {"uv": [0, 0, 16, 16], "texture": "#3"},
				"up": {"uv": [0, 0, 16, 16], "texture": "#3"},
				"down": {"uv": [0, 0, 16, 16], "texture": "#3"}
			}
		},
		{
			"from": [-4.705, 14.665, 0.905],
			"to": [-4.54, 14.83, 2.885],
			"rotation": {"angle": 0, "axis": "y", "origin": [-13.285, -5.63, -9.49]},
			"faces": {
				"north": {"uv": [9, 4, 12, 7], "texture": "#1"},
				"east": {"uv": [9, 4, 12, 7], "texture": "#1"},
				"south": {"uv": [9, 4, 12, 7], "texture": "#1"},
				"west": {"uv": [9, 4, 12, 7], "texture": "#1"},
				"up": {"uv": [9, 4, 12, 7], "texture": "#1"},
				"down": {"uv": [9, 4, 12, 7], "texture": "#1"}
			}
		},
		{
			"from": [-4.705, 14.335, 1.235],
			"to": [-4.54, 14.5, 2.72],
			"rotation": {"angle": 0, "axis": "y", "origin": [-13.285, -5.63, -9.49]},
			"faces": {
				"north": {"uv": [9, 4, 12, 7], "texture": "#1"},
				"east": {"uv": [9, 4, 12, 7], "texture": "#1"},
				"south": {"uv": [9, 4, 12, 7], "texture": "#1"},
				"west": {"uv": [9, 4, 12, 7], "texture": "#1"},
				"up": {"uv": [9, 4, 12, 7], "texture": "#1"},
				"down": {"uv": [9, 4, 12, 7], "texture": "#1"}
			}
		},
		{
			"from": [-4.705, 14.5, 2.555],
			"to": [-4.54, 14.665, 2.72],
			"rotation": {"angle": 0, "axis": "y", "origin": [-13.285, -5.63, -9.49]},
			"faces": {
				"north": {"uv": [9, 4, 12, 7], "texture": "#1"},
				"east": {"uv": [9, 4, 12, 7], "texture": "#1"},
				"south": {"uv": [9, 4, 12, 7], "texture": "#1"},
				"west": {"uv": [9, 4, 12, 7], "texture": "#1"},
				"up": {"uv": [9, 4, 12, 7], "texture": "#1"},
				"down": {"uv": [9, 4, 12, 7], "texture": "#1"}
			}
		},
		{
			"from": [-4.705, 14.5, 3.05],
			"to": [-4.54, 14.665, 3.545],
			"rotation": {"angle": 0, "axis": "y", "origin": [-13.285, -5.63, -9.49]},
			"faces": {
				"north": {"uv": [9, 4, 12, 7], "texture": "#1"},
				"east": {"uv": [9, 4, 12, 7], "texture": "#1"},
				"south": {"uv": [9, 4, 12, 7], "texture": "#1"},
				"west": {"uv": [9, 4, 12, 7], "texture": "#1"},
				"up": {"uv": [9, 4, 12, 7], "texture": "#1"},
				"down": {"uv": [9, 4, 12, 7], "texture": "#1"}
			}
		},
		{
			"from": [-4.705, 14.335, 3.215],
			"to": [-4.54, 14.5, 3.38],
			"rotation": {"angle": 0, "axis": "y", "origin": [-13.285, -5.63, -9.49]},
			"faces": {
				"north": {"uv": [9, 4, 12, 7], "texture": "#1"},
				"east": {"uv": [9, 4, 12, 7], "texture": "#1"},
				"south": {"uv": [9, 4, 12, 7], "texture": "#1"},
				"west": {"uv": [9, 4, 12, 7], "texture": "#1"},
				"up": {"uv": [9, 4, 12, 7], "texture": "#1"},
				"down": {"uv": [9, 4, 12, 7], "texture": "#1"}
			}
		},
		{
			"from": [-4.705, 14.665, 3.71],
			"to": [-4.54, 14.83, 5.69],
			"rotation": {"angle": 0, "axis": "y", "origin": [-13.285, -5.63, -9.49]},
			"faces": {
				"north": {"uv": [9, 4, 12, 7], "texture": "#1"},
				"east": {"uv": [9, 4, 12, 7], "texture": "#1"},
				"south": {"uv": [9, 4, 12, 7], "texture": "#1"},
				"west": {"uv": [9, 4, 12, 7], "texture": "#1"},
				"up": {"uv": [9, 4, 12, 7], "texture": "#1"},
				"down": {"uv": [9, 4, 12, 7], "texture": "#1"}
			}
		},
		{
			"from": [-4.705, 14.5, 3.875],
			"to": [-4.54, 14.665, 4.04],
			"rotation": {"angle": 0, "axis": "y", "origin": [-13.285, -5.63, -9.49]},
			"faces": {
				"north": {"uv": [9, 4, 12, 7], "texture": "#1"},
				"east": {"uv": [9, 4, 12, 7], "texture": "#1"},
				"south": {"uv": [9, 4, 12, 7], "texture": "#1"},
				"west": {"uv": [9, 4, 12, 7], "texture": "#1"},
				"up": {"uv": [9, 4, 12, 7], "texture": "#1"},
				"down": {"uv": [9, 4, 12, 7], "texture": "#1"}
			}
		},
		{
			"from": [-4.705, 14.335, 3.875],
			"to": [-4.54, 14.5, 5.36],
			"rotation": {"angle": 0, "axis": "y", "origin": [-13.285, -5.63, -9.49]},
			"faces": {
				"north": {"uv": [9, 4, 12, 7], "texture": "#1"},
				"east": {"uv": [9, 4, 12, 7], "texture": "#1"},
				"south": {"uv": [9, 4, 12, 7], "texture": "#1"},
				"west": {"uv": [9, 4, 12, 7], "texture": "#1"},
				"up": {"uv": [9, 4, 12, 7], "texture": "#1"},
				"down": {"uv": [9, 4, 12, 7], "texture": "#1"}
			}
		},
		{
			"from": [-4.705, 14.17, 3.545],
			"to": [-4.54, 14.335, 3.875],
			"rotation": {"angle": 0, "axis": "y", "origin": [-13.285, -5.63, -9.49]},
			"faces": {
				"north": {"uv": [9, 4, 12, 7], "texture": "#1"},
				"east": {"uv": [9, 4, 12, 7], "texture": "#1"},
				"south": {"uv": [9, 4, 12, 7], "texture": "#1"},
				"west": {"uv": [9, 4, 12, 7], "texture": "#1"},
				"up": {"uv": [9, 4, 12, 7], "texture": "#1"},
				"down": {"uv": [9, 4, 12, 7], "texture": "#1"}
			}
		},
		{
			"from": [-4.705, 13.84, 3.05],
			"to": [-4.54, 14.335, 3.545],
			"rotation": {"angle": 0, "axis": "y", "origin": [-13.285, -5.63, -9.49]},
			"faces": {
				"north": {"uv": [9, 4, 12, 7], "texture": "#1"},
				"east": {"uv": [9, 4, 12, 7], "texture": "#1"},
				"south": {"uv": [9, 4, 12, 7], "texture": "#1"},
				"west": {"uv": [9, 4, 12, 7], "texture": "#1"},
				"up": {"uv": [9, 4, 12, 7], "texture": "#1"},
				"down": {"uv": [9, 4, 12, 7], "texture": "#1"}
			}
		},
		{
			"from": [-4.705, 14.17, 2.72],
			"to": [-4.54, 14.335, 3.05],
			"rotation": {"angle": 0, "axis": "y", "origin": [-13.285, -5.63, -9.49]},
			"faces": {
				"north": {"uv": [9, 4, 12, 7], "texture": "#1"},
				"east": {"uv": [9, 4, 12, 7], "texture": "#1"},
				"south": {"uv": [9, 4, 12, 7], "texture": "#1"},
				"west": {"uv": [9, 4, 12, 7], "texture": "#1"},
				"up": {"uv": [9, 4, 12, 7], "texture": "#1"},
				"down": {"uv": [9, 4, 12, 7], "texture": "#1"}
			}
		},
		{
			"from": [-4.705, 14.005, 1.73],
			"to": [-4.54, 14.17, 2.72],
			"rotation": {"angle": 0, "axis": "y", "origin": [-13.285, -5.63, -9.49]},
			"faces": {
				"north": {"uv": [9, 4, 12, 7], "texture": "#1"},
				"east": {"uv": [9, 4, 12, 7], "texture": "#1"},
				"south": {"uv": [9, 4, 12, 7], "texture": "#1"},
				"west": {"uv": [9, 4, 12, 7], "texture": "#1"},
				"up": {"uv": [9, 4, 12, 7], "texture": "#1"},
				"down": {"uv": [9, 4, 12, 7], "texture": "#1"}
			}
		},
		{
			"from": [-4.705, 7.9, 8.495],
			"to": [-4.54, 8.065, 9.485],
			"rotation": {"angle": -22.5, "axis": "x", "origin": [-13.285, -5.63, -9.49]},
			"faces": {
				"north": {"uv": [9, 4, 12, 7], "texture": "#1"},
				"east": {"uv": [9, 4, 12, 7], "texture": "#1"},
				"south": {"uv": [9, 4, 12, 7], "texture": "#1"},
				"west": {"uv": [9, 4, 12, 7], "texture": "#1"},
				"up": {"uv": [9, 4, 12, 7], "texture": "#1"},
				"down": {"uv": [9, 4, 12, 7], "texture": "#1"}
			}
		},
		{
			"from": [-4.705, 13.51, 2.885],
			"to": [-4.54, 13.84, 3.05],
			"rotation": {"angle": 0, "axis": "y", "origin": [-13.285, -5.63, -9.49]},
			"faces": {
				"north": {"uv": [9, 4, 12, 7], "texture": "#1"},
				"east": {"uv": [9, 4, 12, 7], "texture": "#1"},
				"south": {"uv": [9, 4, 12, 7], "texture": "#1"},
				"west": {"uv": [9, 4, 12, 7], "texture": "#1"},
				"up": {"uv": [9, 4, 12, 7], "texture": "#1"},
				"down": {"uv": [9, 4, 12, 7], "texture": "#1"}
			}
		},
		{
			"from": [-4.705, 13.675, 3.215],
			"to": [-4.54, 13.84, 3.38],
			"rotation": {"angle": 0, "axis": "y", "origin": [-13.285, -5.63, -9.49]},
			"faces": {
				"north": {"uv": [9, 4, 12, 7], "texture": "#1"},
				"east": {"uv": [9, 4, 12, 7], "texture": "#1"},
				"south": {"uv": [9, 4, 12, 7], "texture": "#1"},
				"west": {"uv": [9, 4, 12, 7], "texture": "#1"},
				"up": {"uv": [9, 4, 12, 7], "texture": "#1"},
				"down": {"uv": [9, 4, 12, 7], "texture": "#1"}
			}
		},
		{
			"from": [-4.705, 13.51, 3.545],
			"to": [-4.54, 13.84, 3.71],
			"rotation": {"angle": 0, "axis": "y", "origin": [-13.285, -5.63, -9.49]},
			"faces": {
				"north": {"uv": [9, 4, 12, 7], "texture": "#1"},
				"east": {"uv": [9, 4, 12, 7], "texture": "#1"},
				"south": {"uv": [9, 4, 12, 7], "texture": "#1"},
				"west": {"uv": [9, 4, 12, 7], "texture": "#1"},
				"up": {"uv": [9, 4, 12, 7], "texture": "#1"},
				"down": {"uv": [9, 4, 12, 7], "texture": "#1"}
			}
		},
		{
			"from": [-4.705, 14.005, 3.875],
			"to": [-4.54, 14.17, 4.865],
			"rotation": {"angle": 0, "axis": "y", "origin": [-13.285, -5.63, -9.49]},
			"faces": {
				"north": {"uv": [9, 4, 12, 7], "texture": "#1"},
				"east": {"uv": [9, 4, 12, 7], "texture": "#1"},
				"south": {"uv": [9, 4, 12, 7], "texture": "#1"},
				"west": {"uv": [9, 4, 12, 7], "texture": "#1"},
				"up": {"uv": [9, 4, 12, 7], "texture": "#1"},
				"down": {"uv": [9, 4, 12, 7], "texture": "#1"}
			}
		},
		{
			"from": [-4.705, 17.635, -4.87],
			"to": [-4.54, 17.8, -3.88],
			"rotation": {"angle": 22.5, "axis": "x", "origin": [-13.285, -5.63, -9.49]},
			"faces": {
				"north": {"uv": [9, 4, 12, 7], "texture": "#1"},
				"east": {"uv": [9, 4, 12, 7], "texture": "#1"},
				"south": {"uv": [9, 4, 12, 7], "texture": "#1"},
				"west": {"uv": [9, 4, 12, 7], "texture": "#1"},
				"up": {"uv": [9, 4, 12, 7], "texture": "#1"},
				"down": {"uv": [9, 4, 12, 7], "texture": "#1"}
			}
		},
		{
			"from": [20.54, 14.665, 0.905],
			"to": [20.705, 14.83, 2.885],
			"rotation": {"angle": 0, "axis": "y", "origin": [29.285, -5.63, -9.49]},
			"faces": {
				"north": {"uv": [12, 4, 9, 7], "texture": "#1"},
				"east": {"uv": [12, 4, 9, 7], "texture": "#1"},
				"south": {"uv": [12, 4, 9, 7], "texture": "#1"},
				"west": {"uv": [12, 4, 9, 7], "texture": "#1"},
				"up": {"uv": [12, 4, 9, 7], "texture": "#1"},
				"down": {"uv": [12, 4, 9, 7], "texture": "#1"}
			}
		},
		{
			"from": [20.54, 14.335, 1.235],
			"to": [20.705, 14.5, 2.72],
			"rotation": {"angle": 0, "axis": "y", "origin": [29.285, -5.63, -9.49]},
			"faces": {
				"north": {"uv": [12, 4, 9, 7], "texture": "#1"},
				"east": {"uv": [12, 4, 9, 7], "texture": "#1"},
				"south": {"uv": [12, 4, 9, 7], "texture": "#1"},
				"west": {"uv": [12, 4, 9, 7], "texture": "#1"},
				"up": {"uv": [12, 4, 9, 7], "texture": "#1"},
				"down": {"uv": [12, 4, 9, 7], "texture": "#1"}
			}
		},
		{
			"from": [20.54, 14.5, 3.05],
			"to": [20.705, 14.665, 3.545],
			"rotation": {"angle": 0, "axis": "y", "origin": [29.285, -5.63, -9.49]},
			"faces": {
				"north": {"uv": [12, 4, 9, 7], "texture": "#1"},
				"east": {"uv": [12, 4, 9, 7], "texture": "#1"},
				"south": {"uv": [12, 4, 9, 7], "texture": "#1"},
				"west": {"uv": [12, 4, 9, 7], "texture": "#1"},
				"up": {"uv": [12, 4, 9, 7], "texture": "#1"},
				"down": {"uv": [12, 4, 9, 7], "texture": "#1"}
			}
		},
		{
			"from": [20.54, 14.5, 2.555],
			"to": [20.705, 14.665, 2.72],
			"rotation": {"angle": 0, "axis": "y", "origin": [29.285, -5.63, -9.49]},
			"faces": {
				"north": {"uv": [12, 4, 9, 7], "texture": "#1"},
				"east": {"uv": [12, 4, 9, 7], "texture": "#1"},
				"south": {"uv": [12, 4, 9, 7], "texture": "#1"},
				"west": {"uv": [12, 4, 9, 7], "texture": "#1"},
				"up": {"uv": [12, 4, 9, 7], "texture": "#1"},
				"down": {"uv": [12, 4, 9, 7], "texture": "#1"}
			}
		},
		{
			"from": [20.54, 14.335, 3.215],
			"to": [20.705, 14.5, 3.38],
			"rotation": {"angle": 0, "axis": "y", "origin": [29.285, -5.63, -9.49]},
			"faces": {
				"north": {"uv": [12, 4, 9, 7], "texture": "#1"},
				"east": {"uv": [12, 4, 9, 7], "texture": "#1"},
				"south": {"uv": [12, 4, 9, 7], "texture": "#1"},
				"west": {"uv": [12, 4, 9, 7], "texture": "#1"},
				"up": {"uv": [12, 4, 9, 7], "texture": "#1"},
				"down": {"uv": [12, 4, 9, 7], "texture": "#1"}
			}
		},
		{
			"from": [20.54, 14.5, 3.875],
			"to": [20.705, 14.665, 4.04],
			"rotation": {"angle": 0, "axis": "y", "origin": [29.285, -5.63, -9.49]},
			"faces": {
				"north": {"uv": [12, 4, 9, 7], "texture": "#1"},
				"east": {"uv": [12, 4, 9, 7], "texture": "#1"},
				"south": {"uv": [12, 4, 9, 7], "texture": "#1"},
				"west": {"uv": [12, 4, 9, 7], "texture": "#1"},
				"up": {"uv": [12, 4, 9, 7], "texture": "#1"},
				"down": {"uv": [12, 4, 9, 7], "texture": "#1"}
			}
		},
		{
			"from": [20.54, 14.17, 3.545],
			"to": [20.705, 14.335, 3.875],
			"rotation": {"angle": 0, "axis": "y", "origin": [29.285, -5.63, -9.49]},
			"faces": {
				"north": {"uv": [12, 4, 9, 7], "texture": "#1"},
				"east": {"uv": [12, 4, 9, 7], "texture": "#1"},
				"south": {"uv": [12, 4, 9, 7], "texture": "#1"},
				"west": {"uv": [12, 4, 9, 7], "texture": "#1"},
				"up": {"uv": [12, 4, 9, 7], "texture": "#1"},
				"down": {"uv": [12, 4, 9, 7], "texture": "#1"}
			}
		},
		{
			"from": [20.54, 14.665, 3.71],
			"to": [20.705, 14.83, 5.69],
			"rotation": {"angle": 0, "axis": "y", "origin": [29.285, -5.63, -9.49]},
			"faces": {
				"north": {"uv": [12, 4, 9, 7], "texture": "#1"},
				"east": {"uv": [12, 4, 9, 7], "texture": "#1"},
				"south": {"uv": [12, 4, 9, 7], "texture": "#1"},
				"west": {"uv": [12, 4, 9, 7], "texture": "#1"},
				"up": {"uv": [12, 4, 9, 7], "texture": "#1"},
				"down": {"uv": [12, 4, 9, 7], "texture": "#1"}
			}
		},
		{
			"from": [20.54, 14.335, 3.875],
			"to": [20.705, 14.5, 5.36],
			"rotation": {"angle": 0, "axis": "y", "origin": [29.285, -5.63, -9.49]},
			"faces": {
				"north": {"uv": [12, 4, 9, 7], "texture": "#1"},
				"east": {"uv": [12, 4, 9, 7], "texture": "#1"},
				"south": {"uv": [12, 4, 9, 7], "texture": "#1"},
				"west": {"uv": [12, 4, 9, 7], "texture": "#1"},
				"up": {"uv": [12, 4, 9, 7], "texture": "#1"},
				"down": {"uv": [12, 4, 9, 7], "texture": "#1"}
			}
		},
		{
			"from": [20.54, 13.84, 3.05],
			"to": [20.705, 14.335, 3.545],
			"rotation": {"angle": 0, "axis": "y", "origin": [29.285, -5.63, -9.49]},
			"faces": {
				"north": {"uv": [12, 4, 9, 7], "texture": "#1"},
				"east": {"uv": [12, 4, 9, 7], "texture": "#1"},
				"south": {"uv": [12, 4, 9, 7], "texture": "#1"},
				"west": {"uv": [12, 4, 9, 7], "texture": "#1"},
				"up": {"uv": [12, 4, 9, 7], "texture": "#1"},
				"down": {"uv": [12, 4, 9, 7], "texture": "#1"}
			}
		},
		{
			"from": [20.54, 14.17, 2.72],
			"to": [20.705, 14.335, 3.05],
			"rotation": {"angle": 0, "axis": "y", "origin": [29.285, -5.63, -9.49]},
			"faces": {
				"north": {"uv": [12, 4, 9, 7], "texture": "#1"},
				"east": {"uv": [12, 4, 9, 7], "texture": "#1"},
				"south": {"uv": [12, 4, 9, 7], "texture": "#1"},
				"west": {"uv": [12, 4, 9, 7], "texture": "#1"},
				"up": {"uv": [12, 4, 9, 7], "texture": "#1"},
				"down": {"uv": [12, 4, 9, 7], "texture": "#1"}
			}
		},
		{
			"from": [20.54, 14.005, 1.73],
			"to": [20.705, 14.17, 2.72],
			"rotation": {"angle": 0, "axis": "y", "origin": [29.285, -5.63, -9.49]},
			"faces": {
				"north": {"uv": [12, 4, 9, 7], "texture": "#1"},
				"east": {"uv": [12, 4, 9, 7], "texture": "#1"},
				"south": {"uv": [12, 4, 9, 7], "texture": "#1"},
				"west": {"uv": [12, 4, 9, 7], "texture": "#1"},
				"up": {"uv": [12, 4, 9, 7], "texture": "#1"},
				"down": {"uv": [12, 4, 9, 7], "texture": "#1"}
			}
		},
		{
			"from": [20.54, 7.9, 8.495],
			"to": [20.705, 8.065, 9.485],
			"rotation": {"angle": -22.5, "axis": "x", "origin": [29.285, -5.63, -9.49]},
			"faces": {
				"north": {"uv": [12, 4, 9, 7], "texture": "#1"},
				"east": {"uv": [12, 4, 9, 7], "texture": "#1"},
				"south": {"uv": [12, 4, 9, 7], "texture": "#1"},
				"west": {"uv": [12, 4, 9, 7], "texture": "#1"},
				"up": {"uv": [12, 4, 9, 7], "texture": "#1"},
				"down": {"uv": [12, 4, 9, 7], "texture": "#1"}
			}
		},
		{
			"from": [20.54, 13.51, 2.885],
			"to": [20.705, 13.84, 3.05],
			"rotation": {"angle": 0, "axis": "y", "origin": [29.285, -5.63, -9.49]},
			"faces": {
				"north": {"uv": [12, 4, 9, 7], "texture": "#1"},
				"east": {"uv": [12, 4, 9, 7], "texture": "#1"},
				"south": {"uv": [12, 4, 9, 7], "texture": "#1"},
				"west": {"uv": [12, 4, 9, 7], "texture": "#1"},
				"up": {"uv": [12, 4, 9, 7], "texture": "#1"},
				"down": {"uv": [12, 4, 9, 7], "texture": "#1"}
			}
		},
		{
			"from": [20.54, 13.675, 3.215],
			"to": [20.705, 13.84, 3.38],
			"rotation": {"angle": 0, "axis": "y", "origin": [29.285, -5.63, -9.49]},
			"faces": {
				"north": {"uv": [12, 4, 9, 7], "texture": "#1"},
				"east": {"uv": [12, 4, 9, 7], "texture": "#1"},
				"south": {"uv": [12, 4, 9, 7], "texture": "#1"},
				"west": {"uv": [12, 4, 9, 7], "texture": "#1"},
				"up": {"uv": [12, 4, 9, 7], "texture": "#1"},
				"down": {"uv": [12, 4, 9, 7], "texture": "#1"}
			}
		},
		{
			"from": [20.54, 13.51, 3.545],
			"to": [20.705, 13.84, 3.71],
			"rotation": {"angle": 0, "axis": "y", "origin": [29.285, -5.63, -9.49]},
			"faces": {
				"north": {"uv": [12, 4, 9, 7], "texture": "#1"},
				"east": {"uv": [12, 4, 9, 7], "texture": "#1"},
				"south": {"uv": [12, 4, 9, 7], "texture": "#1"},
				"west": {"uv": [12, 4, 9, 7], "texture": "#1"},
				"up": {"uv": [12, 4, 9, 7], "texture": "#1"},
				"down": {"uv": [12, 4, 9, 7], "texture": "#1"}
			}
		},
		{
			"from": [20.54, 14.005, 3.875],
			"to": [20.705, 14.17, 4.865],
			"rotation": {"angle": 0, "axis": "y", "origin": [29.285, -5.63, -9.49]},
			"faces": {
				"north": {"uv": [12, 4, 9, 7], "texture": "#1"},
				"east": {"uv": [12, 4, 9, 7], "texture": "#1"},
				"south": {"uv": [12, 4, 9, 7], "texture": "#1"},
				"west": {"uv": [12, 4, 9, 7], "texture": "#1"},
				"up": {"uv": [12, 4, 9, 7], "texture": "#1"},
				"down": {"uv": [12, 4, 9, 7], "texture": "#1"}
			}
		},
		{
			"from": [20.54, 17.635, -4.87],
			"to": [20.705, 17.8, -3.88],
			"rotation": {"angle": 22.5, "axis": "x", "origin": [29.285, -5.63, -9.49]},
			"faces": {
				"north": {"uv": [12, 4, 9, 7], "texture": "#1"},
				"east": {"uv": [12, 4, 9, 7], "texture": "#1"},
				"south": {"uv": [12, 4, 9, 7], "texture": "#1"},
				"west": {"uv": [12, 4, 9, 7], "texture": "#1"},
				"up": {"uv": [12, 4, 9, 7], "texture": "#1"},
				"down": {"uv": [12, 4, 9, 7], "texture": "#1"}
			}
		},
		{
			"from": [8, 5.59, -0.25],
			"to": [15.425, 10.21, 6.845],
			"rotation": {"angle": -45, "axis": "x", "origin": [19.385, 6.25, -5.2]},
			"faces": {
				"north": {"uv": [11.5, 0, 16, 1.8], "texture": "#5"},
				"east": {"uv": [11.5, 0, 16, 1.8], "texture": "#5"},
				"south": {"uv": [11.5, 0, 16, 1.8], "texture": "#5"},
				"west": {"uv": [11.5, 0, 16, 1.8], "texture": "#5"},
				"up": {"uv": [11.5, 0, 16, 1.8], "texture": "#5"},
				"down": {"uv": [11.5, 0, 16, 1.8], "texture": "#5"}
			}
		},
		{
			"from": [-4.54, 8.065, -3.55],
			"to": [0.74, 12.025, 5.36],
			"rotation": {"angle": -45, "axis": "x", "origin": [-2.56, 6.25, -5.2]},
			"faces": {
				"north": {"uv": [0, 0, 16, 16], "texture": "#3"},
				"east": {"uv": [0, 0, 16, 16], "texture": "#3"},
				"south": {"uv": [0, 0, 16, 16], "texture": "#3"},
				"west": {"uv": [0, 0, 16, 16], "texture": "#3"},
				"up": {"uv": [0, 0, 16, 16], "texture": "#3"},
				"down": {"uv": [0, 0, 16, 16], "texture": "#3"}
			}
		},
		{
			"from": [8, 7.075, 0.575],
			"to": [15.425, 17.47, 20.21],
			"rotation": {"angle": 0, "axis": "y", "origin": [18.56, 6.25, -5.2]},
			"faces": {
				"north": {"uv": [3.2, 9, 7.7, 14.3], "texture": "#5"},
				"east": {"uv": [3.2, 0, 7.7, 5.3], "texture": "#5"},
				"south": {"uv": [3.2, 0, 7.7, 5.3], "texture": "#5"},
				"west": {"uv": [3.2, 0, 7.7, 5.3], "texture": "#5"},
				"up": {"uv": [3.2, 0, 7.7, 5.3], "texture": "#5"},
				"down": {"uv": [3.2, 0, 7.7, 5.3], "texture": "#5"}
			}
		},
		{
			"from": [-4.54, 12.85, -2.56],
			"to": [0.74, 17.8, 21.695],
			"rotation": {"angle": 0, "axis": "y", "origin": [-2.56, 6.25, -5.2]},
			"faces": {
				"north": {"uv": [0, 0, 16, 16], "texture": "#3"},
				"east": {"uv": [0, 0, 16, 16], "texture": "#3"},
				"south": {"uv": [0, 0, 16, 16], "texture": "#3"},
				"west": {"uv": [0, 0, 16, 16], "texture": "#3"},
				"up": {"uv": [0, 0, 16, 16], "texture": "#3"},
				"down": {"uv": [0, 0, 16, 16], "texture": "#3"}
			}
		},
		{
			"from": [-3.55, 12.85, -4.21],
			"to": [-0.25, 17.635, -2.23],
			"rotation": {"angle": 0, "axis": "y", "origin": [-2.56, 6.25, -5.2]},
			"faces": {
				"north": {"uv": [0, 0, 2, 1.2], "texture": "#3"},
				"east": {"uv": [0, 0, 2, 1.2], "texture": "#3"},
				"south": {"uv": [0, 0, 2, 1.2], "texture": "#3"},
				"west": {"uv": [0, 0, 2, 1.2], "texture": "#3"},
				"up": {"uv": [0, 0, 2, 1.2], "texture": "#3"},
				"down": {"uv": [0, 0, 2, 1.2], "texture": "#3"}
			}
		},
		{
			"from": [15.26, 12.85, -2.56],
			"to": [20.54, 17.8, 21.695],
			"rotation": {"angle": 0, "axis": "y", "origin": [18.56, 6.25, -5.2]},
			"faces": {
				"north": {"uv": [0, 0, 16, 16], "texture": "#3"},
				"east": {"uv": [0, 0, 16, 16], "texture": "#3"},
				"south": {"uv": [0, 0, 16, 16], "texture": "#3"},
				"west": {"uv": [0, 0, 16, 16], "texture": "#3"},
				"up": {"uv": [0, 0, 16, 16], "texture": "#3"},
				"down": {"uv": [0, 0, 16, 16], "texture": "#3"}
			}
		},
		{
			"from": [2.6375, 8.065, 19.55],
			"to": [3.4625, 18.295, 20.705],
			"rotation": {"angle": 0, "axis": "y", "origin": [-2.56, 6.25, -5.2]},
			"faces": {
				"north": {"uv": [4.5, 3, 0, 8.3], "texture": "#2"},
				"east": {"uv": [4.5, 3, 0, 8.3], "texture": "#2"},
				"south": {"uv": [4.5, 3, 0, 8.3], "texture": "#2"},
				"west": {"uv": [4.5, 3, 0, 8.3], "texture": "#2"},
				"up": {"uv": [4.5, 3, 0, 8.3], "texture": "#2"},
				"down": {"uv": [4.5, 3, 0, 8.3], "texture": "#2"}
			}
		},
		{
			"from": [9.2375, 8.065, 19.55],
			"to": [10.0625, 18.295, 20.705],
			"rotation": {"angle": 0, "axis": "y", "origin": [18.56, 6.25, -5.2]},
			"faces": {
				"north": {"uv": [0, 3, 4.5, 8.3], "texture": "#2"},
				"east": {"uv": [0, 3, 4.5, 8.3], "texture": "#2"},
				"south": {"uv": [0, 3, 4.5, 8.3], "texture": "#2"},
				"west": {"uv": [0, 3, 4.5, 8.3], "texture": "#2"},
				"up": {"uv": [0, 3, 4.5, 8.3], "texture": "#2"},
				"down": {"uv": [0, 3, 4.5, 8.3], "texture": "#2"}
			}
		},
		{
			"from": [5.9375, 8.065, 19.55],
			"to": [6.7625, 18.295, 20.705],
			"rotation": {"angle": 0, "axis": "y", "origin": [-2.56, 6.25, -5.2]},
			"faces": {
				"north": {"uv": [4.5, 3, 0, 8.3], "texture": "#2"},
				"east": {"uv": [4.5, 3, 0, 8.3], "texture": "#2"},
				"south": {"uv": [4.5, 3, 0, 8.3], "texture": "#2"},
				"west": {"uv": [4.5, 3, 0, 8.3], "texture": "#2"},
				"up": {"uv": [4.5, 3, 0, 8.3], "texture": "#2"},
				"down": {"uv": [4.5, 3, 0, 8.3], "texture": "#2"}
			}
		},
		{
			"from": [12.5375, 8.065, 19.55],
			"to": [13.3625, 18.295, 20.705],
			"rotation": {"angle": 0, "axis": "y", "origin": [18.56, 6.25, -5.2]},
			"faces": {
				"north": {"uv": [0, 3, 4.5, 8.3], "texture": "#2"},
				"east": {"uv": [0, 3, 4.5, 8.3], "texture": "#2"},
				"south": {"uv": [0, 3, 4.5, 8.3], "texture": "#2"},
				"west": {"uv": [0, 3, 4.5, 8.3], "texture": "#2"},
				"up": {"uv": [0, 3, 4.5, 8.3], "texture": "#2"},
				"down": {"uv": [0, 3, 4.5, 8.3], "texture": "#2"}
			}
		},
		{
			"from": [15.26, 6.25, -5.2],
			"to": [20.54, 14.5, 22.85],
			"rotation": {"angle": 0, "axis": "y", "origin": [18.56, 6.25, -5.2]},
			"faces": {
				"north": {"uv": [0, 0, 16, 16], "texture": "#3"},
				"east": {"uv": [0, 0, 16, 16], "texture": "#3"},
				"south": {"uv": [0, 0, 16, 16], "texture": "#3"},
				"west": {"uv": [0, 0, 16, 16], "texture": "#3"},
				"up": {"uv": [0, 0, 16, 16], "texture": "#3"},
				"down": {"uv": [0, 0, 16, 16], "texture": "#0"}
			}
		},
		{
			"from": [-8.17, 14.335, 6.35],
			"to": [-4.54, 15.325, 16.25],
			"rotation": {"angle": 0, "axis": "y", "origin": [-2.56, 6.25, -5.2]},
			"faces": {
				"north": {"uv": [0, 0, 16, 16], "texture": "#3"},
				"east": {"uv": [0, 0, 16, 16], "texture": "#3"},
				"south": {"uv": [0, 0, 16, 16], "texture": "#3"},
				"west": {"uv": [0, 0, 16, 16], "texture": "#3"},
				"up": {"uv": [0, 0, 16, 16], "texture": "#3"},
				"down": {"uv": [0, 0, 16, 16], "texture": "#3"}
			}
		},
		{
			"from": [-8.17, 8.065, 6.35],
			"to": [-4.54, 9.055, 16.25],
			"rotation": {"angle": 0, "axis": "y", "origin": [-2.56, 6.25, -5.2]},
			"faces": {
				"north": {"uv": [0, 0, 16, 16], "texture": "#3"},
				"east": {"uv": [0, 0, 16, 16], "texture": "#3"},
				"south": {"uv": [0, 0, 16, 16], "texture": "#3"},
				"west": {"uv": [0, 0, 16, 16], "texture": "#3"},
				"up": {"uv": [0, 0, 16, 16], "texture": "#3"},
				"down": {"uv": [0, 0, 16, 16], "texture": "#3"}
			}
		},
		{
			"from": [27.14, 9.055, 9.32],
			"to": [30.77, 14.335, 12.455],
			"rotation": {"angle": -22.5, "axis": "y", "origin": [18.56, 6.25, -5.2]},
			"faces": {
				"north": {"uv": [0, 0, 16, 16], "texture": "#3"},
				"east": {"uv": [0, 0, 16, 16], "texture": "#3"},
				"south": {"uv": [0, 0, 16, 16], "texture": "#3"},
				"west": {"uv": [0, 0, 16, 16], "texture": "#3"},
				"up": {"uv": [0, 0, 16, 16], "texture": "#3"},
				"down": {"uv": [0, 0, 16, 16], "texture": "#3"}
			}
		},
		{
			"from": [20.54, 14.335, 6.35],
			"to": [24.17, 15.325, 16.25],
			"rotation": {"angle": 0, "axis": "y", "origin": [18.56, 6.25, -5.2]},
			"faces": {
				"north": {"uv": [0, 0, 16, 16], "texture": "#3"},
				"east": {"uv": [0, 0, 16, 16], "texture": "#3"},
				"south": {"uv": [0, 0, 16, 16], "texture": "#3"},
				"west": {"uv": [0, 0, 16, 16], "texture": "#3"},
				"up": {"uv": [0, 0, 16, 16], "texture": "#3"},
				"down": {"uv": [0, 0, 16, 16], "texture": "#3"}
			}
		},
		{
			"from": [-14.77, 9.055, 9.32],
			"to": [-11.14, 14.335, 12.455],
			"rotation": {"angle": 22.5, "axis": "y", "origin": [-2.56, 6.25, -5.2]},
			"faces": {
				"north": {"uv": [0, 0, 16, 16], "texture": "#3"},
				"east": {"uv": [0, 0, 16, 16], "texture": "#3"},
				"south": {"uv": [0, 0, 16, 16], "texture": "#3"},
				"west": {"uv": [0, 0, 16, 16], "texture": "#3"},
				"up": {"uv": [0, 0, 16, 16], "texture": "#3"},
				"down": {"uv": [0, 0, 16, 16], "texture": "#3"}
			}
		},
		{
			"from": [-1.24, 15.655, -4.375],
			"to": [-0.415, 17.305, -4.21],
			"rotation": {"angle": 0, "axis": "y", "origin": [-2.56, 6.25, -5.2]},
			"faces": {
				"north": {"uv": [6, 6, 10, 9.9], "texture": "#2"},
				"east": {"uv": [6, 6, 10, 9.9], "texture": "#2"},
				"south": {"uv": [6, 6, 10, 9.9], "texture": "#2"},
				"west": {"uv": [6, 6, 10, 9.9], "texture": "#2"},
				"up": {"uv": [6, 6, 10, 9.9], "texture": "#2"},
				"down": {"uv": [6, 6, 10, 9.9], "texture": "#2"}
			}
		},
		{
			"from": [16.25, 12.85, -4.21],
			"to": [19.55, 17.635, -2.23],
			"rotation": {"angle": 0, "axis": "y", "origin": [18.56, 6.25, -5.2]},
			"faces": {
				"north": {"uv": [2, 0, 0, 1.2], "texture": "#3"},
				"east": {"uv": [2, 0, 0, 1.2], "texture": "#3"},
				"south": {"uv": [2, 0, 0, 1.2], "texture": "#3"},
				"west": {"uv": [2, 0, 0, 1.2], "texture": "#3"},
				"up": {"uv": [2, 0, 0, 1.2], "texture": "#3"},
				"down": {"uv": [2, 0, 0, 1.2], "texture": "#3"}
			}
		},
		{
			"from": [-2.395, 15.655, -4.375],
			"to": [-1.57, 17.305, -4.21],
			"rotation": {"angle": 0, "axis": "y", "origin": [-2.56, 6.25, -5.2]},
			"faces": {
				"north": {"uv": [4, 3, 7, 6], "texture": "#1"},
				"east": {"uv": [4, 3, 7, 6], "texture": "#1"},
				"south": {"uv": [4, 3, 7, 6], "texture": "#1"},
				"west": {"uv": [4, 3, 7, 6], "texture": "#1"},
				"up": {"uv": [4, 3, 7, 6], "texture": "#1"},
				"down": {"uv": [4, 3, 7, 6], "texture": "#1"}
			}
		},
		{
			"from": [18.56, 15.655, -4.375],
			"to": [19.385, 17.305, -4.21],
			"rotation": {"angle": 0, "axis": "y", "origin": [18.56, 6.25, -5.2]},
			"faces": {
				"north": {"uv": [4, 3, 7, 6], "texture": "#1"},
				"east": {"uv": [4, 3, 7, 6], "texture": "#1"},
				"south": {"uv": [4, 3, 7, 6], "texture": "#1"},
				"west": {"uv": [4, 3, 7, 6], "texture": "#1"},
				"up": {"uv": [4, 3, 7, 6], "texture": "#1"},
				"down": {"uv": [4, 3, 7, 6], "texture": "#1"}
			}
		},
		{
			"from": [-3.385, 15.655, -4.375],
			"to": [-2.56, 17.305, -4.21],
			"rotation": {"angle": 0, "axis": "y", "origin": [-2.56, 6.25, -5.2]},
			"faces": {
				"north": {"uv": [4, 3, 7, 6], "texture": "#1"},
				"east": {"uv": [4, 3, 7, 6], "texture": "#1"},
				"south": {"uv": [4, 3, 7, 6], "texture": "#1"},
				"west": {"uv": [4, 3, 7, 6], "texture": "#1"},
				"up": {"uv": [4, 3, 7, 6], "texture": "#1"},
				"down": {"uv": [4, 3, 7, 6], "texture": "#1"}
			}
		},
		{
			"from": [16.415, 15.655, -4.375],
			"to": [17.24, 17.305, -4.21],
			"rotation": {"angle": 0, "axis": "y", "origin": [18.56, 6.25, -5.2]},
			"faces": {
				"north": {"uv": [10, 6, 6, 9.9], "texture": "#2"},
				"east": {"uv": [10, 6, 6, 9.9], "texture": "#2"},
				"south": {"uv": [10, 6, 6, 9.9], "texture": "#2"},
				"west": {"uv": [10, 6, 6, 9.9], "texture": "#2"},
				"up": {"uv": [10, 6, 6, 9.9], "texture": "#2"},
				"down": {"uv": [10, 6, 6, 9.9], "texture": "#2"}
			}
		}
	],
	"display": {
		"thirdperson_righthand": {
			"rotation": [90, 0, 0],
			"translation": [-6.5, 5.5, 18.25],
			"scale": [4, 4, 4]
		},
		"head": {
			"translation": [-1.5, -32.75, -6.75],
			"scale": [4, 4, 4]
		}
	},
	"groups": [
		0,
		1,
		2,
		3,
		4,
		5,
		6,
		7,
		8,
		9,
		10,
		11,
		12,
		13,
		14,
		15,
		16,
		17,
		18,
		19,
		20,
		21,
		22,
		23,
		{
			"name": "aguila",
			"origin": [8, 8, 8],
			"color": 0,
			"children": [24, 25, 26, 27, 28, 29, 30, 31, 32, 33, 34, 35, 36, 37, 38, 39, 40, 41, 42, 43, 44, 45, 46, 47, 48, 49, 50, 51, 52, 53, 54, 55, 56, 57, 58, 59]
		},
		60,
		61,
		62,
		63,
		64,
		65,
		66,
		67,
		68,
		69,
		70,
		71,
		72,
		73,
		74,
		75,
		76,
		77,
		78,
		79,
		80,
		81
	]
}