{
	"credit": "Made with Blockbench",
	"parent": "60",
	"textures": {
		"1": "minecraft:block/furnace_side",
		"2": "minecraft:block/furnace_front_on",
		"3": "minecraft:block/glow_item_frame",
		"4": "minecraft:block/green_glazed_terracotta",
		"5": "minecraft:block/red_shulker_box",
		"particle": "minecraft:block/black_concrete"
	},
	"elements": [
		{
			"from": [5.5, 7.1, -1.5],
			"to": [6, 7.7, 6.4],
			"rotation": {"angle": 0, "axis": "y", "origin": [0, 0.1, 0]},
			"faces": {
				"north": {"uv": [4, 12, 11.7, 12.6], "texture": "#1"},
				"east": {"uv": [4, 12, 11.7, 12.6], "texture": "#1"},
				"south": {"uv": [4, 12, 11.7, 12.6], "texture": "#1"},
				"west": {"uv": [4, 12, 11.7, 12.6], "texture": "#1"},
				"up": {"uv": [4, 12, 11.7, 12.6], "texture": "#1"},
				"down": {"uv": [4, 12, 11.7, 12.6], "texture": "#1"}
			}
		},
		{
			"from": [5.5, 7.1, 8.9],
			"to": [6, 7.7, 10.3],
			"rotation": {"angle": 0, "axis": "y", "origin": [0, 0.1, 0]},
			"faces": {
				"north": {"uv": [0, 1, 1.4, 1.6], "texture": "#1"},
				"east": {"uv": [0, 1, 1.4, 1.6], "texture": "#1"},
				"south": {"uv": [0, 1, 1.4, 1.6], "texture": "#1"},
				"west": {"uv": [0, 1, 1.4, 1.6], "texture": "#1"},
				"up": {"uv": [0, 1, 1.4, 1.6], "texture": "#1"},
				"down": {"uv": [0, 1, 1.4, 1.6], "texture": "#1"}
			}
		},
		{
			"from": [5.5, -2.1, 11.1],
			"to": [6, -1.8, 12.3],
			"rotation": {"angle": -45, "axis": "x", "origin": [0, 0.1, 0]},
			"faces": {
				"north": {"uv": [0, 1, 1.2, 1.3], "texture": "#1"},
				"east": {"uv": [0, 1, 1.2, 1.3], "texture": "#1"},
				"south": {"uv": [0, 1, 1.2, 1.3], "texture": "#1"},
				"west": {"uv": [0, 1, 1.2, 1.3], "texture": "#1"},
				"up": {"uv": [0, 1, 1.2, 1.3], "texture": "#1"},
				"down": {"uv": [0, 1, 1.2, 1.3], "texture": "#1"}
			}
		},
		{
			"from": [5.5, 12.4, 0.8],
			"to": [6, 12.7, 2],
			"rotation": {"angle": 45, "axis": "x", "origin": [0, 0.1, 0]},
			"faces": {
				"north": {"uv": [0, 1, 1.2, 1.3], "texture": "#1"},
				"east": {"uv": [0, 1, 1.2, 1.3], "texture": "#1"},
				"south": {"uv": [0, 1, 1.2, 1.3], "texture": "#1"},
				"west": {"uv": [0, 1, 1.2, 1.3], "texture": "#1"},
				"up": {"uv": [0, 1, 1.2, 1.3], "texture": "#1"},
				"down": {"uv": [0, 1, 1.2, 1.3], "texture": "#1"}
			}
		},
		{
			"from": [5.3, 7, -4],
			"to": [6.2, 7.8, -3.1],
			"rotation": {"angle": 0, "axis": "y", "origin": [0, 0.1, 0]},
			"faces": {
				"north": {"uv": [11, 14.1, 12, 15], "texture": "#2"},
				"east": {"uv": [11, 14.1, 12, 15], "texture": "#2"},
				"south": {"uv": [11, 14.1, 12, 15], "texture": "#2"},
				"west": {"uv": [11, 14.1, 12, 15], "texture": "#2"},
				"up": {"uv": [11, 14.1, 12, 15], "texture": "#2"},
				"down": {"uv": [11, 14.1, 12, 15], "texture": "#2"}
			}
		},
		{
			"from": [5.3, 6.3, -4.3],
			"to": [6.2, 8.5, -4],
			"faces": {
				"north": {"uv": [7, 6, 8.3, 7.4], "texture": "#3"},
				"east": {"uv": [7, 6, 8.3, 7.4], "texture": "#3"},
				"south": {"uv": [7, 6, 8.3, 7.4], "texture": "#3"},
				"west": {"uv": [7, 6, 8.3, 7.4], "texture": "#3"},
				"up": {"uv": [7, 6, 8.3, 7.4], "texture": "#3"},
				"down": {"uv": [7, 6, 8.3, 7.4], "texture": "#3"}
			}
		},
		{
			"from": [5.5, 7.2, -12.1],
			"to": [6, 7.6, -8.2],
			"faces": {
				"north": {"uv": [5, 6, 15.2, 15.3], "texture": "#4"},
				"east": {"uv": [5, 6, 15.2, 15.3], "texture": "#4"},
				"south": {"uv": [5, 6, 15.2, 15.3], "texture": "#4"},
				"west": {"uv": [5, 6, 15.2, 15.3], "texture": "#4"},
				"up": {"uv": [5, 6, 15.2, 15.3], "texture": "#4"},
				"down": {"uv": [5, 6, 15.2, 15.3], "texture": "#4"}
			}
		},
		{
			"from": [5.6, 7.1, -7.3],
			"to": [5.9, 7.2, -6.3],
			"faces": {
				"north": {"uv": [3, 11, 4, 10.1], "texture": "#1"},
				"east": {"uv": [3, 11, 4, 10.1], "texture": "#1"},
				"south": {"uv": [3, 11, 4, 10.1], "texture": "#1"},
				"west": {"uv": [3, 11, 4, 10.1], "texture": "#1"},
				"up": {"uv": [3, 11, 4, 10.1], "texture": "#1"},
				"down": {"uv": [3, 11, 4, 10.1], "texture": "#1"}
			}
		},
		{
			"from": [5.5, 4.1, -8.6],
			"to": [6, 5.2, -7.4],
			"rotation": {"angle": 22.5, "axis": "x", "origin": [0, 0, 0]},
			"faces": {
				"north": {"uv": [1.1, 8, 2.3, 9.1], "texture": "#1"},
				"east": {"uv": [1.1, 8, 2.3, 9.1], "texture": "#1"},
				"south": {"uv": [1.1, 8, 2.3, 9.1], "texture": "#1"},
				"west": {"uv": [1.1, 8, 2.3, 9.1], "texture": "#1"},
				"up": {"uv": [1.1, 8, 2.3, 9.1], "texture": "#1"},
				"down": {"uv": [1.1, 8, 2.3, 9.1], "texture": "#1"}
			}
		},
		{
			"from": [5.5, 1.9, -13.6],
			"to": [6, 2.8, -12.4],
			"rotation": {"angle": 22.5, "axis": "x", "origin": [0, 0, 0]},
			"faces": {
				"north": {"uv": [1, 8.5, 2.3, 9.9], "texture": "#1"},
				"east": {"uv": [1, 8.5, 2.3, 9.9], "texture": "#1"},
				"south": {"uv": [1, 8.5, 2.3, 9.9], "texture": "#1"},
				"west": {"uv": [1, 8.5, 2.3, 9.9], "texture": "#1"},
				"up": {"uv": [1, 8.5, 2.3, 9.9], "texture": "#1"},
				"down": {"uv": [1, 8.5, 2.3, 9.9], "texture": "#1"}
			}
		},
		{
			"from": [5.6, 1.9, -14.1],
			"to": [5.9, 2.6, -13.6],
			"rotation": {"angle": 22.5, "axis": "x", "origin": [0, 0, 0]},
			"faces": {
				"north": {"uv": [1, 8.5, 2.3, 9.9], "texture": "#1"},
				"east": {"uv": [1, 8.5, 2.3, 9.9], "texture": "#1"},
				"south": {"uv": [1, 8.5, 2.3, 9.9], "texture": "#1"},
				"west": {"uv": [1, 8.5, 2.3, 9.9], "texture": "#1"},
				"up": {"uv": [1, 8.5, 2.3, 9.9], "texture": "#1"},
				"down": {"uv": [1, 8.5, 2.3, 9.9], "texture": "#1"}
			}
		},
		{
			"from": [5.6, 1.8, -13.8],
			"to": [5.9, 2.2, -12.6],
			"rotation": {"angle": 22.5, "axis": "x", "origin": [0, 0, 0]},
			"faces": {
				"north": {"uv": [1, 8.5, 2.3, 9.9], "texture": "#1"},
				"east": {"uv": [1, 8.5, 2.3, 9.9], "texture": "#1"},
				"south": {"uv": [1, 8.5, 2.3, 9.9], "texture": "#1"},
				"west": {"uv": [1, 8.5, 2.3, 9.9], "texture": "#1"},
				"up": {"uv": [1, 8.5, 2.3, 9.9], "texture": "#1"},
				"down": {"uv": [1, 8.5, 2.3, 9.9], "texture": "#1"}
			}
		},
		{
			"from": [5.6, 2, -14.6],
			"to": [5.9, 2.6, -14.1],
			"rotation": {"angle": 22.5, "axis": "x", "origin": [0, 0, 0]},
			"faces": {
				"north": {"uv": [1, 8.5, 2.3, 9.9], "texture": "#1"},
				"east": {"uv": [1, 8.5, 2.3, 9.9], "texture": "#1"},
				"south": {"uv": [1, 8.5, 2.3, 9.9], "texture": "#1"},
				"west": {"uv": [1, 8.5, 2.3, 9.9], "texture": "#1"},
				"up": {"uv": [1, 8.5, 2.3, 9.9], "texture": "#1"},
				"down": {"uv": [1, 8.5, 2.3, 9.9], "texture": "#1"}
			}
		},
		{
			"from": [5.5, 2, -12.4],
			"to": [6, 2.9, -11.8],
			"rotation": {"angle": 22.5, "axis": "x", "origin": [0, 0, 0]},
			"faces": {
				"north": {"uv": [1, 8.5, 2.3, 9.9], "texture": "#1"},
				"east": {"uv": [1, 8.5, 2.3, 9.9], "texture": "#1"},
				"south": {"uv": [1, 8.5, 2.3, 9.9], "texture": "#1"},
				"west": {"uv": [1, 8.5, 2.3, 9.9], "texture": "#1"},
				"up": {"uv": [1, 8.5, 2.3, 9.9], "texture": "#1"},
				"down": {"uv": [1, 8.5, 2.3, 9.9], "texture": "#1"}
			}
		},
		{
			"from": [5.5, 2.3, -11.8],
			"to": [6, 3.2, -11.2],
			"rotation": {"angle": 22.5, "axis": "x", "origin": [0, 0, 0]},
			"faces": {
				"north": {"uv": [1, 8.5, 2.3, 9.9], "texture": "#1"},
				"east": {"uv": [1, 8.5, 2.3, 9.9], "texture": "#1"},
				"south": {"uv": [1, 8.5, 2.3, 9.9], "texture": "#1"},
				"west": {"uv": [1, 8.5, 2.3, 9.9], "texture": "#1"},
				"up": {"uv": [1, 8.5, 2.3, 9.9], "texture": "#1"},
				"down": {"uv": [1, 8.5, 2.3, 9.9], "texture": "#1"}
			}
		},
		{
			"from": [5.5, 2.7, -11.4],
			"to": [6, 3.6, -10.8],
			"rotation": {"angle": 22.5, "axis": "x", "origin": [0, 0, 0]},
			"faces": {
				"north": {"uv": [1, 8.5, 2.3, 9.9], "texture": "#1"},
				"east": {"uv": [1, 8.5, 2.3, 9.9], "texture": "#1"},
				"south": {"uv": [1, 8.5, 2.3, 9.9], "texture": "#1"},
				"west": {"uv": [1, 8.5, 2.3, 9.9], "texture": "#1"},
				"up": {"uv": [1, 8.5, 2.3, 9.9], "texture": "#1"},
				"down": {"uv": [1, 8.5, 2.3, 9.9], "texture": "#1"}
			}
		},
		{
			"from": [5.6, 6.9, -5.7],
			"to": [5.9, 7.9, -4],
			"faces": {
				"north": {"uv": [0, 1, 1.7, 2], "texture": "#1"},
				"east": {"uv": [0, 1, 1.7, 2], "texture": "#1"},
				"south": {"uv": [0, 1, 1.7, 2], "texture": "#1"},
				"west": {"uv": [0, 1, 1.7, 2], "texture": "#1"},
				"up": {"uv": [0, 1, 1.7, 2], "texture": "#1"},
				"down": {"uv": [0, 1, 1.7, 2], "texture": "#1"}
			}
		},
		{
			"from": [5.2, 6.3, -4.3],
			"to": [6.3, 6.7, -4],
			"faces": {
				"north": {"uv": [7, 6, 8.3, 7.4], "texture": "#3"},
				"east": {"uv": [7, 6, 8.3, 7.4], "texture": "#3"},
				"south": {"uv": [7, 6, 8.3, 7.4], "texture": "#3"},
				"west": {"uv": [7, 6, 8.3, 7.4], "texture": "#3"},
				"up": {"uv": [7, 6, 8.3, 7.4], "texture": "#3"},
				"down": {"uv": [7, 6, 8.3, 7.4], "texture": "#3"}
			}
		},
		{
			"from": [5.2, 8.1, -4.3],
			"to": [6.3, 8.5, -4],
			"faces": {
				"north": {"uv": [7, 6, 8.3, 7.4], "texture": "#3"},
				"east": {"uv": [7, 6, 8.3, 7.4], "texture": "#3"},
				"south": {"uv": [7, 6, 8.3, 7.4], "texture": "#3"},
				"west": {"uv": [7, 6, 8.3, 7.4], "texture": "#3"},
				"up": {"uv": [7, 6, 8.3, 7.4], "texture": "#3"},
				"down": {"uv": [7, 6, 8.3, 7.4], "texture": "#3"}
			}
		},
		{
			"from": [5.5, 7.1, -3.1],
			"to": [6, 7.7, -2.7],
			"rotation": {"angle": 0, "axis": "y", "origin": [0, 0.1, 0]},
			"faces": {
				"north": {"uv": [0, 0, 2, 16], "texture": "#5"},
				"east": {"uv": [0, 0, 2, 16], "texture": "#5"},
				"south": {"uv": [0, 0, 2, 16], "texture": "#5"},
				"west": {"uv": [0, 0, 2, 16], "texture": "#5"},
				"up": {"uv": [0, 0, 2, 16], "texture": "#5"},
				"down": {"uv": [0, 0, 2, 16], "texture": "#5"}
			}
		},
		{
			"from": [5.3, 6.9, -3.9],
			"to": [6.2, 7.9, -3.2],
			"rotation": {"angle": 0, "axis": "y", "origin": [0, 0.1, 0]},
			"faces": {
				"north": {"uv": [11, 14.1, 12, 15], "texture": "#2"},
				"east": {"uv": [11, 14.1, 12, 15], "texture": "#2"},
				"south": {"uv": [11, 14.1, 12, 15], "texture": "#2"},
				"west": {"uv": [11, 14.1, 12, 15], "texture": "#2"},
				"up": {"uv": [11, 14.1, 12, 15], "texture": "#2"},
				"down": {"uv": [11, 14.1, 12, 15], "texture": "#2"}
			}
		},
		{
			"from": [5.3, 7, 8],
			"to": [6.2, 7.8, 8.9],
			"rotation": {"angle": 0, "axis": "y", "origin": [0, 0.1, 0]},
			"faces": {
				"north": {"uv": [11, 14.1, 12, 15], "texture": "#2"},
				"east": {"uv": [11, 14.1, 12, 15], "texture": "#2"},
				"south": {"uv": [11, 14.1, 12, 15], "texture": "#2"},
				"west": {"uv": [11, 14.1, 12, 15], "texture": "#2"},
				"up": {"uv": [11, 14.1, 12, 15], "texture": "#2"},
				"down": {"uv": [11, 14.1, 12, 15], "texture": "#2"}
			}
		},
		{
			"from": [5.3, 6.9, 8.1],
			"to": [6.2, 7.9, 8.8],
			"rotation": {"angle": 0, "axis": "y", "origin": [0, 0.1, 0]},
			"faces": {
				"north": {"uv": [11, 14.1, 12, 15], "texture": "#2"},
				"east": {"uv": [11, 14.1, 12, 15], "texture": "#2"},
				"south": {"uv": [11, 14.1, 12, 15], "texture": "#2"},
				"west": {"uv": [11, 14.1, 12, 15], "texture": "#2"},
				"up": {"uv": [11, 14.1, 12, 15], "texture": "#2"},
				"down": {"uv": [11, 14.1, 12, 15], "texture": "#2"}
			}
		},
		{
			"from": [5.6, -2.4, 11.1],
			"to": [5.9, -2.1, 12.2],
			"rotation": {"angle": -45, "axis": "x", "origin": [0, 0.1, 0]},
			"faces": {
				"north": {"uv": [0, 1, 1.1, 1.3], "texture": "#1"},
				"east": {"uv": [0, 1, 1.1, 1.3], "texture": "#1"},
				"south": {"uv": [0, 1, 1.1, 1.3], "texture": "#1"},
				"west": {"uv": [0, 1, 1.1, 1.3], "texture": "#1"},
				"up": {"uv": [0, 1, 1.1, 1.3], "texture": "#1"},
				"down": {"uv": [0, 1, 1.1, 1.3], "texture": "#1"}
			}
		},
		{
			"from": [5.6, 12.7, 0.8],
			"to": [5.9, 13, 1.9],
			"rotation": {"angle": 45, "axis": "x", "origin": [0, 0.1, 0]},
			"faces": {
				"north": {"uv": [0, 1, 1.1, 1.3], "texture": "#1"},
				"east": {"uv": [0, 1, 1.1, 1.3], "texture": "#1"},
				"south": {"uv": [0, 1, 1.1, 1.3], "texture": "#1"},
				"west": {"uv": [0, 1, 1.1, 1.3], "texture": "#1"},
				"up": {"uv": [0, 1, 1.1, 1.3], "texture": "#1"},
				"down": {"uv": [0, 1, 1.1, 1.3], "texture": "#1"}
			}
		},
		{
			"from": [5.5, 8.2, 9.3],
			"to": [6, 8.6, 9.7],
			"rotation": {"angle": 0, "axis": "y", "origin": [0, 0.1, 0]},
			"faces": {
				"north": {"uv": [0, 1, 0.4, 1.4], "texture": "#1"},
				"east": {"uv": [0, 1, 0.4, 1.4], "texture": "#1"},
				"south": {"uv": [0, 1, 0.4, 1.4], "texture": "#1"},
				"west": {"uv": [0, 1, 0.4, 1.4], "texture": "#1"},
				"up": {"uv": [0, 1, 0.4, 1.4], "texture": "#1"},
				"down": {"uv": [0, 1, 0.4, 1.4], "texture": "#1"}
			}
		},
		{
			"from": [5.5, 6.3, 9.3],
			"to": [6, 6.7, 9.7],
			"rotation": {"angle": 0, "axis": "y", "origin": [0, 0.1, 0]},
			"faces": {
				"north": {"uv": [0, 1, 0.4, 1.4], "texture": "#1"},
				"east": {"uv": [0, 1, 0.4, 1.4], "texture": "#1"},
				"south": {"uv": [0, 1, 0.4, 1.4], "texture": "#1"},
				"west": {"uv": [0, 1, 0.4, 1.4], "texture": "#1"},
				"up": {"uv": [0, 1, 0.4, 1.4], "texture": "#1"},
				"down": {"uv": [0, 1, 0.4, 1.4], "texture": "#1"}
			}
		},
		{
			"from": [5.6, 12.4, 0.5],
			"to": [5.9, 12.7, 0.8],
			"rotation": {"angle": 45, "axis": "x", "origin": [0, 0.1, 0]},
			"faces": {
				"north": {"uv": [1, 10, 1.3, 10.3], "texture": "#1"},
				"east": {"uv": [1, 10, 1.3, 10.3], "texture": "#1"},
				"south": {"uv": [1, 10, 1.3, 10.3], "texture": "#1"},
				"west": {"uv": [1, 10, 1.3, 10.3], "texture": "#1"},
				"up": {"uv": [1, 10, 1.3, 10.3], "texture": "#1"},
				"down": {"uv": [1, 10, 1.3, 10.3], "texture": "#1"}
			}
		},
		{
			"from": [5.6, 11, 1.9],
			"to": [5.9, 11.3, 2.2],
			"rotation": {"angle": 45, "axis": "x", "origin": [0, 0.1, 0]},
			"faces": {
				"north": {"uv": [1, 10, 1.3, 10.3], "texture": "#1"},
				"east": {"uv": [1, 10, 1.3, 10.3], "texture": "#1"},
				"south": {"uv": [1, 10, 1.3, 10.3], "texture": "#1"},
				"west": {"uv": [1, 10, 1.3, 10.3], "texture": "#1"},
				"up": {"uv": [1, 10, 1.3, 10.3], "texture": "#1"},
				"down": {"uv": [1, 10, 1.3, 10.3], "texture": "#1"}
			}
		},
		{
			"from": [5.6, 7, -8.8],
			"to": [5.9, 7.2, -7.3],
			"faces": {
				"north": {"uv": [0, 1, 1.5, 1.2], "texture": "#1"},
				"east": {"uv": [0, 1, 1.5, 1.2], "texture": "#1"},
				"south": {"uv": [0, 1, 1.5, 1.2], "texture": "#1"},
				"west": {"uv": [0, 1, 1.5, 1.2], "texture": "#1"},
				"up": {"uv": [0, 1, 1.5, 1.2], "texture": "#1"},
				"down": {"uv": [0, 1, 1.5, 1.2], "texture": "#1"}
			}
		},
		{
			"from": [5.6, 6.9, -8.9],
			"to": [5.9, 7, -7.5],
			"faces": {
				"north": {"uv": [1, 8.5, 2.3, 9.9], "texture": "#1"},
				"east": {"uv": [1, 8.5, 2.3, 9.9], "texture": "#1"},
				"south": {"uv": [1, 8.5, 2.3, 9.9], "texture": "#1"},
				"west": {"uv": [1, 8.5, 2.3, 9.9], "texture": "#1"},
				"up": {"uv": [1, 8.5, 2.3, 9.9], "texture": "#1"},
				"down": {"uv": [1, 8.5, 2.3, 9.9], "texture": "#1"}
			}
		},
		{
			"from": [5.5, 7.2, -8.2],
			"to": [6, 7.7, -6.1],
			"faces": {
				"north": {"uv": [0, 1, 2.1, 1.5], "texture": "#1"},
				"east": {"uv": [0, 1, 2.1, 1.5], "texture": "#1"},
				"south": {"uv": [0, 1, 2.1, 1.5], "texture": "#1"},
				"west": {"uv": [0, 1, 2.1, 1.5], "texture": "#1"},
				"up": {"uv": [0, 1, 2.1, 1.5], "texture": "#1"},
				"down": {"uv": [0, 1, 2.1, 1.5], "texture": "#1"}
			}
		},
		{
			"from": [5.6, 2.2, -14.4],
			"to": [5.9, 2.8, -13.6],
			"rotation": {"angle": 22.5, "axis": "x", "origin": [0, 0, 0]},
			"faces": {
				"north": {"uv": [0, 1, 0.8, 1.6], "texture": "#1"},
				"east": {"uv": [0, 1, 0.8, 1.6], "texture": "#1"},
				"south": {"uv": [0, 1, 0.8, 1.6], "texture": "#1"},
				"west": {"uv": [0, 1, 0.8, 1.6], "texture": "#1"},
				"up": {"uv": [0, 1, 0.8, 1.6], "texture": "#1"},
				"down": {"uv": [0, 1, 0.8, 1.6], "texture": "#1"}
			}
		},
		{
			"from": [5.6, 2.2, -14.8],
			"to": [5.9, 2.7, -14.1],
			"rotation": {"angle": 22.5, "axis": "x", "origin": [0, 0, 0]},
			"faces": {
				"north": {"uv": [1, 8.5, 2.3, 9.9], "texture": "#1"},
				"east": {"uv": [1, 8.5, 2.3, 9.9], "texture": "#1"},
				"south": {"uv": [1, 8.5, 2.3, 9.9], "texture": "#1"},
				"west": {"uv": [1, 8.5, 2.3, 9.9], "texture": "#1"},
				"up": {"uv": [1, 8.5, 2.3, 9.9], "texture": "#1"},
				"down": {"uv": [1, 8.5, 2.3, 9.9], "texture": "#1"}
			}
		},
		{
			"from": [5.6, 2.2, -14],
			"to": [5.9, 2.9, -13.3],
			"rotation": {"angle": 22.5, "axis": "x", "origin": [0, 0, 0]},
			"faces": {
				"north": {"uv": [0, 1, 0.7, 1.7], "texture": "#1"},
				"east": {"uv": [0, 1, 0.7, 1.7], "texture": "#1"},
				"south": {"uv": [0, 1, 0.7, 1.7], "texture": "#1"},
				"west": {"uv": [0, 1, 0.7, 1.7], "texture": "#1"},
				"up": {"uv": [0, 1, 0.7, 1.7], "texture": "#1"},
				"down": {"uv": [0, 1, 0.7, 1.7], "texture": "#1"}
			}
		},
		{
			"from": [5.5, 7.6, -12.1],
			"to": [6, 7.8, -8.2],
			"faces": {
				"north": {"uv": [0, 1, 0.8, 1.6], "texture": "#1"},
				"east": {"uv": [0, 1, 0.8, 1.6], "texture": "#1"},
				"south": {"uv": [0, 1, 0.8, 1.6], "texture": "#1"},
				"west": {"uv": [0, 1, 0.8, 1.6], "texture": "#1"},
				"up": {"uv": [0, 1, 0.8, 1.6], "texture": "#1"},
				"down": {"uv": [0, 1, 0.8, 1.6], "texture": "#1"}
			}
		},
		{
			"from": [5.2, 7.5, 8.3],
			"to": [6.3, 7.7, 8.5],
			"rotation": {"angle": 0, "axis": "y", "origin": [0, 0.1, 0]},
			"faces": {
				"north": {"uv": [11, 9.1, 13, 11], "texture": "#2"},
				"east": {"uv": [11, 9.1, 13, 11], "texture": "#2"},
				"south": {"uv": [11, 9.1, 13, 11], "texture": "#2"},
				"west": {"uv": [11, 9.1, 13, 11], "texture": "#2"},
				"up": {"uv": [11, 9.1, 13, 11], "texture": "#2"},
				"down": {"uv": [11, 9.1, 13, 11], "texture": "#2"}
			}
		},
		{
			"from": [5.2, 7.1, 8.3],
			"to": [6.3, 7.3, 8.5],
			"rotation": {"angle": 0, "axis": "y", "origin": [0, 0.1, 0]},
			"faces": {
				"north": {"uv": [11, 9.1, 13, 11], "texture": "#2"},
				"east": {"uv": [11, 9.1, 13, 11], "texture": "#2"},
				"south": {"uv": [11, 9.1, 13, 11], "texture": "#2"},
				"west": {"uv": [11, 9.1, 13, 11], "texture": "#2"},
				"up": {"uv": [11, 9.1, 13, 11], "texture": "#2"},
				"down": {"uv": [11, 9.1, 13, 11], "texture": "#2"}
			}
		},
		{
			"from": [5.2, 7.5, -3.7],
			"to": [6.3, 7.7, -3.5],
			"rotation": {"angle": 0, "axis": "y", "origin": [0, 0.1, 0]},
			"faces": {
				"north": {"uv": [11, 9.1, 13, 11], "texture": "#2"},
				"east": {"uv": [11, 9.1, 13, 11], "texture": "#2"},
				"south": {"uv": [11, 9.1, 13, 11], "texture": "#2"},
				"west": {"uv": [11, 9.1, 13, 11], "texture": "#2"},
				"up": {"uv": [11, 9.1, 13, 11], "texture": "#2"},
				"down": {"uv": [11, 9.1, 13, 11], "texture": "#2"}
			}
		},
		{
			"from": [5.2, 7.1, -3.7],
			"to": [6.3, 7.3, -3.5],
			"rotation": {"angle": 0, "axis": "y", "origin": [0, 0.1, 0]},
			"faces": {
				"north": {"uv": [11, 9.1, 13, 11], "texture": "#2"},
				"east": {"uv": [11, 9.1, 13, 11], "texture": "#2"},
				"south": {"uv": [11, 9.1, 13, 11], "texture": "#2"},
				"west": {"uv": [11, 9.1, 13, 11], "texture": "#2"},
				"up": {"uv": [11, 9.1, 13, 11], "texture": "#2"},
				"down": {"uv": [11, 9.1, 13, 11], "texture": "#2"}
			}
		},
		{
			"from": [5.5, 7.1, -2.7],
			"to": [6, 7.7, -2.3],
			"rotation": {"angle": 0, "axis": "y", "origin": [0, 0.1, 0]},
			"faces": {
				"north": {"uv": [0, 0, 2, 16], "texture": "#5"},
				"east": {"uv": [0, 0, 2, 16], "texture": "#5"},
				"south": {"uv": [0, 0, 2, 16], "texture": "#5"},
				"west": {"uv": [0, 0, 2, 16], "texture": "#5"},
				"up": {"uv": [0, 0, 2, 16], "texture": "#5"},
				"down": {"uv": [0, 0, 2, 16], "texture": "#5"}
			}
		},
		{
			"from": [5.5, 7.1, -2.3],
			"to": [6, 7.7, -1.9],
			"rotation": {"angle": 0, "axis": "y", "origin": [0, 0.1, 0]},
			"faces": {
				"north": {"uv": [0, 0, 2, 16], "texture": "#5"},
				"east": {"uv": [0, 0, 2, 16], "texture": "#5"},
				"south": {"uv": [0, 0, 2, 16], "texture": "#5"},
				"west": {"uv": [0, 0, 2, 16], "texture": "#5"},
				"up": {"uv": [0, 0, 2, 16], "texture": "#5"},
				"down": {"uv": [0, 0, 2, 16], "texture": "#5"}
			}
		},
		{
			"from": [5.5, 7.1, -1.9],
			"to": [6, 7.7, -1.5],
			"rotation": {"angle": 0, "axis": "y", "origin": [0, 0.1, 0]},
			"faces": {
				"north": {"uv": [0, 0, 2, 16], "texture": "#5"},
				"east": {"uv": [0, 0, 2, 16], "texture": "#5"},
				"south": {"uv": [0, 0, 2, 16], "texture": "#5"},
				"west": {"uv": [0, 0, 2, 16], "texture": "#5"},
				"up": {"uv": [0, 0, 2, 16], "texture": "#5"},
				"down": {"uv": [0, 0, 2, 16], "texture": "#5"}
			}
		},
		{
			"from": [5.5, 7.1, 6.4],
			"to": [6, 7.7, 6.8],
			"rotation": {"angle": 0, "axis": "y", "origin": [0, 0.1, 0]},
			"faces": {
				"north": {"uv": [0, 0, 2, 16], "texture": "#5"},
				"east": {"uv": [0, 0, 2, 16], "texture": "#5"},
				"south": {"uv": [0, 0, 2, 16], "texture": "#5"},
				"west": {"uv": [0, 0, 2, 16], "texture": "#5"},
				"up": {"uv": [0, 0, 2, 16], "texture": "#5"},
				"down": {"uv": [0, 0, 2, 16], "texture": "#5"}
			}
		},
		{
			"from": [5.5, 7.1, 6.8],
			"to": [6, 7.7, 7.2],
			"rotation": {"angle": 0, "axis": "y", "origin": [0, 0.1, 0]},
			"faces": {
				"north": {"uv": [0, 0, 2, 16], "texture": "#5"},
				"east": {"uv": [0, 0, 2, 16], "texture": "#5"},
				"south": {"uv": [0, 0, 2, 16], "texture": "#5"},
				"west": {"uv": [0, 0, 2, 16], "texture": "#5"},
				"up": {"uv": [0, 0, 2, 16], "texture": "#5"},
				"down": {"uv": [0, 0, 2, 16], "texture": "#5"}
			}
		},
		{
			"from": [5.5, 7.1, 7.2],
			"to": [6, 7.7, 7.6],
			"rotation": {"angle": 0, "axis": "y", "origin": [0, 0.1, 0]},
			"faces": {
				"north": {"uv": [0, 0, 2, 16], "texture": "#5"},
				"east": {"uv": [0, 0, 2, 16], "texture": "#5"},
				"south": {"uv": [0, 0, 2, 16], "texture": "#5"},
				"west": {"uv": [0, 0, 2, 16], "texture": "#5"},
				"up": {"uv": [0, 0, 2, 16], "texture": "#5"},
				"down": {"uv": [0, 0, 2, 16], "texture": "#5"}
			}
		},
		{
			"from": [5.5, 7.1, 7.6],
			"to": [6, 7.7, 8],
			"rotation": {"angle": 0, "axis": "y", "origin": [0, 0.1, 0]},
			"faces": {
				"north": {"uv": [0, 0, 2, 16], "texture": "#5"},
				"east": {"uv": [0, 0, 2, 16], "texture": "#5"},
				"south": {"uv": [0, 0, 2, 16], "texture": "#5"},
				"west": {"uv": [0, 0, 2, 16], "texture": "#5"},
				"up": {"uv": [0, 0, 2, 16], "texture": "#5"},
				"down": {"uv": [0, 0, 2, 16], "texture": "#5"}
			}
		}
	],
	"display": {
		"thirdperson_righthand": {
			"rotation": [80, 14, 49],
			"translation": [5, -10.5, 6.75],
			"scale": [2.03, 1.72, 1.32]
		},
		"thirdperson_lefthand": {
			"rotation": [80, 14, 49],
			"translation": [-1.25, -10.5, 0],
			"scale": [2.03, 1.72, 1.32]
		},
		"firstperson_righthand": {
			"rotation": [10, 4, 51],
			"translation": [0, 3.75, 5.75],
			"scale": [1.24, 1.47, 0.54]
		},
		"firstperson_lefthand": {
			"rotation": [10, 4, 51],
			"translation": [-5.75, 1.75, 6.75],
			"scale": [1.24, 1.47, 0.54]
		},
		"ground": {
			"translation": [0.75, 0, 9.5],
			"scale": [1.42, 1.62, 1.14]
		},
		"gui": {
			"rotation": [-86, 141, 95],
			"translation": [6.25, -6.75, 0],
			"scale": [1.42, 1.34, 0.97]
		}
	}
}