{
	"credit": "Made with Blockbench",
	"parent": "61",
	"textures": {
		"0": "minecraft:block/redstone_block",
		"1": "minecraft:block/observer_back",
		"2": "minecraft:block/purple_glazed_terracotta",
		"particle": "minecraft:block/redstone_block"
	},
	"elements": [
		{
			"from": [6, 4.3, 3.3],
			"to": [10, 5.3, 4.3],
			"faces": {
				"north": {"uv": [10, 8, 13, 10], "texture": "#2"},
				"east": {"uv": [10, 8, 13, 10], "texture": "#2"},
				"south": {"uv": [10, 8, 13, 10], "texture": "#2"},
				"west": {"uv": [10, 8, 13, 10], "texture": "#2"},
				"up": {"uv": [10, 8, 13, 10], "texture": "#2"},
				"down": {"uv": [10, 8, 13, 10], "texture": "#2"}
			}
		},
		{
			"from": [9.3, 4.4, 1.7],
			"to": [10.1, 5, 4.1],
			"rotation": {"angle": 0, "axis": "y", "origin": [0.2, 0, 0.8]},
			"faces": {
				"north": {"uv": [12, 1, 1.8, 3.4], "texture": "#1"},
				"east": {"uv": [12, 1, 1.8, 3.4], "texture": "#1"},
				"south": {"uv": [12, 1, 1.8, 3.4], "texture": "#1"},
				"west": {"uv": [12, 1, 1.8, 3.4], "texture": "#1"},
				"up": {"uv": [12, 1, 1.8, 3.4], "texture": "#1"},
				"down": {"uv": [12, 1, 1.8, 3.4], "texture": "#1"}
			}
		},
		{
			"from": [9.3, 3.9, 1.6],
			"to": [10.1, 4.2, 3.7],
			"rotation": {"angle": -22.5, "axis": "x", "origin": [0.2, 0, 0.8]},
			"faces": {
				"north": {"uv": [3, 5, 7.8, 11.1], "texture": "#0"},
				"east": {"uv": [3, 5, 7.8, 11.1], "texture": "#0"},
				"south": {"uv": [3, 5, 7.8, 11.1], "texture": "#0"},
				"west": {"uv": [3, 5, 7.8, 11.1], "texture": "#0"},
				"up": {"uv": [3, 5, 7.8, 11.1], "texture": "#0"},
				"down": {"uv": [3, 5, 7.8, 11.1], "texture": "#0"}
			}
		},
		{
			"from": [9.5, 4.1, 1],
			"to": [9.9, 4.4, 3.1],
			"rotation": {"angle": 0, "axis": "y", "origin": [0.2, 0, 0.8]},
			"faces": {
				"north": {"uv": [4, 2, 9.1, 12.3], "texture": "#0"},
				"east": {"uv": [4, 2, 9.1, 12.3], "texture": "#0"},
				"south": {"uv": [4, 2, 9.1, 12.3], "texture": "#0"},
				"west": {"uv": [4, 2, 9.1, 12.3], "texture": "#0"},
				"up": {"uv": [4, 2, 9.1, 12.3], "texture": "#0"},
				"down": {"uv": [4, 2, 9.1, 12.3], "texture": "#0"}
			}
		},
		{
			"from": [9.5, 3.7, 1.3],
			"to": [9.9, 4, 3.4],
			"rotation": {"angle": -22.5, "axis": "x", "origin": [0.2, 0, 0.8]},
			"faces": {
				"north": {"uv": [12, 1, 1.4, 3.1], "texture": "#1"},
				"east": {"uv": [12, 1, 1.4, 3.1], "texture": "#1"},
				"south": {"uv": [12, 1, 1.4, 3.1], "texture": "#1"},
				"west": {"uv": [12, 1, 1.4, 3.1], "texture": "#1"},
				"up": {"uv": [12, 1, 1.4, 3.1], "texture": "#1"},
				"down": {"uv": [12, 1, 1.4, 3.1], "texture": "#1"}
			}
		},
		{
			"from": [9.5, 3.2, 2],
			"to": [9.9, 3.5, 2.8],
			"rotation": {"angle": -45, "axis": "x", "origin": [0.2, 0, 0.8]},
			"faces": {
				"north": {"uv": [3, 5, 7.4, 9.8], "texture": "#0"},
				"east": {"uv": [3, 5, 7.4, 9.8], "texture": "#0"},
				"south": {"uv": [3, 5, 7.4, 9.8], "texture": "#0"},
				"west": {"uv": [3, 5, 7.4, 9.8], "texture": "#0"},
				"up": {"uv": [3, 5, 7.4, 9.8], "texture": "#0"},
				"down": {"uv": [3, 5, 7.4, 9.8], "texture": "#0"}
			}
		},
		{
			"from": [6.2, 4.1, 4.3],
			"to": [9.8, 5.1, 6.8],
			"faces": {
				"north": {"uv": [0, 0, 3.6, 2.5], "texture": "#1"},
				"east": {"uv": [0, 0, 3.6, 2.5], "texture": "#1"},
				"south": {"uv": [0, 0, 3.6, 2.5], "texture": "#1"},
				"west": {"uv": [0, 0, 3.6, 2.5], "texture": "#1"},
				"up": {"uv": [0, 0, 3.6, 2.5], "texture": "#1"},
				"down": {"uv": [0, 0, 3.6, 2.5], "texture": "#1"}
			}
		},
		{
			"from": [8.2, 4.6, 1.2],
			"to": [9, 5.2, 3.6],
			"rotation": {"angle": 0, "axis": "y", "origin": [-0.9, 0.2, 0.3]},
			"faces": {
				"north": {"uv": [12, 1, 1.8, 3.4], "texture": "#1"},
				"east": {"uv": [12, 1, 1.8, 3.4], "texture": "#1"},
				"south": {"uv": [12, 1, 1.8, 3.4], "texture": "#1"},
				"west": {"uv": [12, 1, 1.8, 3.4], "texture": "#1"},
				"up": {"uv": [12, 1, 1.8, 3.4], "texture": "#1"},
				"down": {"uv": [12, 1, 1.8, 3.4], "texture": "#1"}
			}
		},
		{
			"from": [8.2, 4.1, 1.1],
			"to": [9, 4.4, 3.2],
			"rotation": {"angle": -22.5, "axis": "x", "origin": [-0.9, 0.2, 0.3]},
			"faces": {
				"north": {"uv": [12, 1, 1.8, 3.1], "texture": "#1"},
				"east": {"uv": [12, 1, 1.8, 3.1], "texture": "#1"},
				"south": {"uv": [12, 1, 1.8, 3.1], "texture": "#1"},
				"west": {"uv": [12, 1, 1.8, 3.1], "texture": "#1"},
				"up": {"uv": [12, 1, 1.8, 3.1], "texture": "#1"},
				"down": {"uv": [12, 1, 1.8, 3.1], "texture": "#1"}
			}
		},
		{
			"from": [8.4, 3.9, 0.8],
			"to": [8.8, 4.2, 2.9],
			"rotation": {"angle": -22.5, "axis": "x", "origin": [-0.9, 0.2, 0.3]},
			"faces": {
				"north": {"uv": [12, 1, 1.4, 3.1], "texture": "#1"},
				"east": {"uv": [12, 1, 1.4, 3.1], "texture": "#1"},
				"south": {"uv": [12, 1, 1.4, 3.1], "texture": "#1"},
				"west": {"uv": [12, 1, 1.4, 3.1], "texture": "#1"},
				"up": {"uv": [12, 1, 1.4, 3.1], "texture": "#1"},
				"down": {"uv": [12, 1, 1.4, 3.1], "texture": "#1"}
			}
		},
		{
			"from": [8.4, 3.4, 1.5],
			"to": [8.8, 3.7, 2.3],
			"rotation": {"angle": -45, "axis": "x", "origin": [-0.9, 0.2, 0.3]},
			"faces": {
				"north": {"uv": [3, 5, 7.4, 9.8], "texture": "#0"},
				"east": {"uv": [3, 5, 7.4, 9.8], "texture": "#0"},
				"south": {"uv": [3, 5, 7.4, 9.8], "texture": "#0"},
				"west": {"uv": [3, 5, 7.4, 9.8], "texture": "#0"},
				"up": {"uv": [3, 5, 7.4, 9.8], "texture": "#0"},
				"down": {"uv": [3, 5, 7.4, 9.8], "texture": "#0"}
			}
		},
		{
			"from": [8.4, 4.3, 0.5],
			"to": [8.8, 4.6, 2.6],
			"rotation": {"angle": 0, "axis": "y", "origin": [-0.9, 0.2, 0.3]},
			"faces": {
				"north": {"uv": [4, 2, 9.1, 12.3], "texture": "#0"},
				"east": {"uv": [4, 2, 9.1, 12.3], "texture": "#0"},
				"south": {"uv": [4, 2, 9.1, 12.3], "texture": "#0"},
				"west": {"uv": [4, 2, 9.1, 12.3], "texture": "#0"},
				"up": {"uv": [4, 2, 9.1, 12.3], "texture": "#0"},
				"down": {"uv": [4, 2, 9.1, 12.3], "texture": "#0"}
			}
		},
		{
			"from": [7.1, 4.8, 0.9],
			"to": [7.9, 5.4, 3.3],
			"rotation": {"angle": 0, "axis": "y", "origin": [-2, 0.4, 0]},
			"faces": {
				"north": {"uv": [12, 1, 1.8, 3.4], "texture": "#1"},
				"east": {"uv": [12, 1, 1.8, 3.4], "texture": "#1"},
				"south": {"uv": [12, 1, 1.8, 3.4], "texture": "#1"},
				"west": {"uv": [12, 1, 1.8, 3.4], "texture": "#1"},
				"up": {"uv": [12, 1, 1.8, 3.4], "texture": "#1"},
				"down": {"uv": [12, 1, 1.8, 3.4], "texture": "#1"}
			}
		},
		{
			"from": [7.1, 4.3, 0.8],
			"to": [7.9, 4.6, 2.9],
			"rotation": {"angle": -22.5, "axis": "x", "origin": [-2, 0.4, 0]},
			"faces": {
				"north": {"uv": [12, 1, 1.8, 3.1], "texture": "#1"},
				"east": {"uv": [12, 1, 1.8, 3.1], "texture": "#1"},
				"south": {"uv": [12, 1, 1.8, 3.1], "texture": "#1"},
				"west": {"uv": [12, 1, 1.8, 3.1], "texture": "#1"},
				"up": {"uv": [12, 1, 1.8, 3.1], "texture": "#1"},
				"down": {"uv": [12, 1, 1.8, 3.1], "texture": "#1"}
			}
		},
		{
			"from": [7.3, 4.1, 0.5],
			"to": [7.7, 4.4, 2.6],
			"rotation": {"angle": -22.5, "axis": "x", "origin": [-2, 0.4, 0]},
			"faces": {
				"north": {"uv": [3, 5, 7.4, 11.1], "texture": "#0"},
				"east": {"uv": [3, 5, 7.4, 11.1], "texture": "#0"},
				"south": {"uv": [3, 5, 7.4, 11.1], "texture": "#0"},
				"west": {"uv": [3, 5, 7.4, 11.1], "texture": "#0"},
				"up": {"uv": [3, 5, 7.4, 11.1], "texture": "#0"},
				"down": {"uv": [3, 5, 7.4, 11.1], "texture": "#0"}
			}
		},
		{
			"from": [7.3, 3.6, 1.2],
			"to": [7.7, 3.9, 2],
			"rotation": {"angle": -45, "axis": "x", "origin": [-2, 0.4, 0]},
			"faces": {
				"north": {"uv": [3, 5, 7.4, 9.8], "texture": "#0"},
				"east": {"uv": [3, 5, 7.4, 9.8], "texture": "#0"},
				"south": {"uv": [3, 5, 7.4, 9.8], "texture": "#0"},
				"west": {"uv": [3, 5, 7.4, 9.8], "texture": "#0"},
				"up": {"uv": [3, 5, 7.4, 9.8], "texture": "#0"},
				"down": {"uv": [3, 5, 7.4, 9.8], "texture": "#0"}
			}
		},
		{
			"from": [7.3, 4.5, 0.2],
			"to": [7.7, 4.8, 2.3],
			"rotation": {"angle": 0, "axis": "y", "origin": [-2, 0.4, 0]},
			"faces": {
				"north": {"uv": [4, 2, 9.1, 12.3], "texture": "#0"},
				"east": {"uv": [4, 2, 9.1, 12.3], "texture": "#0"},
				"south": {"uv": [4, 2, 9.1, 12.3], "texture": "#0"},
				"west": {"uv": [4, 2, 9.1, 12.3], "texture": "#0"},
				"up": {"uv": [4, 2, 9.1, 12.3], "texture": "#0"},
				"down": {"uv": [4, 2, 9.1, 12.3], "texture": "#0"}
			}
		},
		{
			"from": [5.9, 4.6, 1.3],
			"to": [6.7, 5.2, 3.7],
			"rotation": {"angle": 0, "axis": "y", "origin": [-3.2, 0.2, 0.4]},
			"faces": {
				"north": {"uv": [12, 1, 1.8, 3.4], "texture": "#1"},
				"east": {"uv": [12, 1, 1.8, 3.4], "texture": "#1"},
				"south": {"uv": [12, 1, 1.8, 3.4], "texture": "#1"},
				"west": {"uv": [12, 1, 1.8, 3.4], "texture": "#1"},
				"up": {"uv": [12, 1, 1.8, 3.4], "texture": "#1"},
				"down": {"uv": [12, 1, 1.8, 3.4], "texture": "#1"}
			}
		},
		{
			"from": [5.9, 4.1, 1.2],
			"to": [6.7, 4.4, 3.3],
			"rotation": {"angle": -22.5, "axis": "x", "origin": [-3.2, 0.2, 0.4]},
			"faces": {
				"north": {"uv": [12, 1, 1.8, 3.1], "texture": "#1"},
				"east": {"uv": [12, 1, 1.8, 3.1], "texture": "#1"},
				"south": {"uv": [12, 1, 1.8, 3.1], "texture": "#1"},
				"west": {"uv": [12, 1, 1.8, 3.1], "texture": "#1"},
				"up": {"uv": [12, 1, 1.8, 3.1], "texture": "#1"},
				"down": {"uv": [12, 1, 1.8, 3.1], "texture": "#1"}
			}
		},
		{
			"from": [6.1, 3.9, 0.9],
			"to": [6.5, 4.2, 3],
			"rotation": {"angle": -22.5, "axis": "x", "origin": [-3.2, 0.2, 0.4]},
			"faces": {
				"north": {"uv": [12, 1, 1.4, 3.1], "texture": "#1"},
				"east": {"uv": [12, 1, 1.4, 3.1], "texture": "#1"},
				"south": {"uv": [12, 1, 1.4, 3.1], "texture": "#1"},
				"west": {"uv": [12, 1, 1.4, 3.1], "texture": "#1"},
				"up": {"uv": [12, 1, 1.4, 3.1], "texture": "#1"},
				"down": {"uv": [12, 1, 1.4, 3.1], "texture": "#1"}
			}
		},
		{
			"from": [6.1, 3.4, 1.6],
			"to": [6.5, 3.7, 2.4],
			"rotation": {"angle": -45, "axis": "x", "origin": [-3.2, 0.2, 0.4]},
			"faces": {
				"north": {"uv": [3, 5, 7.4, 9.8], "texture": "#0"},
				"east": {"uv": [3, 5, 7.4, 9.8], "texture": "#0"},
				"south": {"uv": [3, 5, 7.4, 9.8], "texture": "#0"},
				"west": {"uv": [3, 5, 7.4, 9.8], "texture": "#0"},
				"up": {"uv": [3, 5, 7.4, 9.8], "texture": "#0"},
				"down": {"uv": [3, 5, 7.4, 9.8], "texture": "#0"}
			}
		},
		{
			"from": [6.1, 4.3, 0.6],
			"to": [6.5, 4.6, 2.7],
			"rotation": {"angle": 0, "axis": "y", "origin": [-3.2, 0.2, 0.4]},
			"faces": {
				"north": {"uv": [12, 1, 1.4, 3.1], "texture": "#1"},
				"east": {"uv": [12, 1, 1.4, 3.1], "texture": "#1"},
				"south": {"uv": [12, 1, 1.4, 3.1], "texture": "#1"},
				"west": {"uv": [12, 1, 1.4, 3.1], "texture": "#1"},
				"up": {"uv": [12, 1, 1.4, 3.1], "texture": "#1"},
				"down": {"uv": [12, 1, 1.4, 3.1], "texture": "#1"}
			}
		},
		{
			"from": [4.9, 2.09552, 3.36927],
			"to": [6, 2.69552, 5.76927],
			"rotation": {"angle": -22.5, "axis": "x", "origin": [5.5, 3.4, 4]},
			"faces": {
				"north": {"uv": [12, 3.4, 1.8, 1], "texture": "#1"},
				"east": {"uv": [12, 3.4, 1.8, 1], "texture": "#1"},
				"south": {"uv": [12, 3.4, 1.8, 1], "texture": "#1"},
				"west": {"uv": [12, 3.4, 1.8, 1], "texture": "#1"},
				"up": {"uv": [12, 3.4, 1.8, 1], "texture": "#1"},
				"down": {"uv": [12, 3.4, 1.8, 1], "texture": "#1"}
			}
		},
		{
			"from": [5, 2.02843, 1.97157],
			"to": [5.9, 2.32843, 4.07157],
			"rotation": {"angle": 0, "axis": "x", "origin": [5.5, 3.4, 4]},
			"faces": {
				"north": {"uv": [12, 3.1, 1.8, 1], "texture": "#1"},
				"east": {"uv": [12, 3.1, 1.8, 1], "texture": "#1"},
				"south": {"uv": [12, 3.1, 1.8, 1], "texture": "#1"},
				"west": {"uv": [12, 3.1, 1.8, 1], "texture": "#1"},
				"up": {"uv": [12, 3.1, 1.8, 1], "texture": "#1"},
				"down": {"uv": [12, 3.1, 1.8, 1], "texture": "#1"}
			}
		},
		{
			"from": [5.2, 2.22843, 1.67157],
			"to": [5.7, 2.52843, 3.77157],
			"rotation": {"angle": 0, "axis": "x", "origin": [5.5, 3.4, 4]},
			"faces": {
				"north": {"uv": [4, 11.3, 8.4, 4], "texture": "#0"},
				"east": {"uv": [4, 11.3, 8.4, 4], "texture": "#0"},
				"south": {"uv": [4, 11.3, 8.4, 4], "texture": "#0"},
				"west": {"uv": [4, 11.3, 8.4, 4], "texture": "#0"},
				"up": {"uv": [4, 11.3, 8.4, 4], "texture": "#0"},
				"down": {"uv": [4, 11.3, 8.4, 4], "texture": "#0"}
			}
		},
		{
			"from": [5.2, 1.43073, 1.50448],
			"to": [5.7, 1.73073, 2.30448],
			"rotation": {"angle": 22.5, "axis": "x", "origin": [5.5, 3.4, 4]},
			"faces": {
				"north": {"uv": [4, 11.3, 8.4, 4], "texture": "#0"},
				"east": {"uv": [4, 11.3, 8.4, 4], "texture": "#0"},
				"south": {"uv": [4, 11.3, 8.4, 4], "texture": "#0"},
				"west": {"uv": [4, 11.3, 8.4, 4], "texture": "#0"},
				"up": {"uv": [4, 11.3, 8.4, 4], "texture": "#0"},
				"down": {"uv": [4, 11.3, 8.4, 4], "texture": "#0"}
			}
		},
		{
			"from": [5.2, 2.69552, 2.66927],
			"to": [5.7, 2.99552, 4.76927],
			"rotation": {"angle": -22.5, "axis": "x", "origin": [5.5, 3.4, 4]},
			"faces": {
				"north": {"uv": [4, 11.3, 8.4, 4], "texture": "#0"},
				"east": {"uv": [4, 11.3, 8.4, 4], "texture": "#0"},
				"south": {"uv": [4, 11.3, 8.4, 4], "texture": "#0"},
				"west": {"uv": [4, 11.3, 8.4, 4], "texture": "#0"},
				"up": {"uv": [4, 11.3, 8.4, 4], "texture": "#0"},
				"down": {"uv": [4, 11.3, 8.4, 4], "texture": "#0"}
			}
		},
		{
			"from": [5.4, 2.9, 4.2],
			"to": [6.2, 5, 6.6],
			"rotation": {"angle": 0, "axis": "y", "origin": [-4.1, 0, 2.8]},
			"faces": {
				"north": {"uv": [12, 1, 1.8, 3.4], "texture": "#1"},
				"east": {"uv": [12, 1, 1.8, 3.4], "texture": "#1"},
				"south": {"uv": [12, 1, 1.8, 3.4], "texture": "#1"},
				"west": {"uv": [12, 1, 1.8, 3.4], "texture": "#1"},
				"up": {"uv": [12, 1, 1.8, 3.4], "texture": "#1"},
				"down": {"uv": [12, 1, 1.8, 3.4], "texture": "#1"}
			}
		},
		{
			"from": [5.1, 2.7, 4.2],
			"to": [5.4, 4.4, 6.6],
			"rotation": {"angle": 0, "axis": "y", "origin": [-4.1, 0, 2.8]},
			"faces": {
				"north": {"uv": [12, 1, 1.3, 3.4], "texture": "#1"},
				"east": {"uv": [12, 1, 1.3, 3.4], "texture": "#1"},
				"south": {"uv": [12, 1, 1.3, 3.4], "texture": "#1"},
				"west": {"uv": [12, 1, 1.3, 3.4], "texture": "#1"},
				"up": {"uv": [12, 1, 1.3, 3.4], "texture": "#1"},
				"down": {"uv": [12, 1, 1.3, 3.4], "texture": "#1"}
			}
		}
	],
	"display": {
		"thirdperson_righthand": {
			"rotation": [0, 0, -24],
			"translation": [2.75, 4.5, 4],
			"scale": [1, 1.47, 0.99]
		},
		"thirdperson_lefthand": {
			"rotation": [0, 0, -24],
			"translation": [2.25, 4.75, 4],
			"scale": [1, 1.47, 0.99]
		},
		"firstperson_righthand": {
			"rotation": [0, 4, 0],
			"translation": [0.75, 2.75, 3]
		},
		"firstperson_lefthand": {
			"rotation": [0, 4, 0],
			"translation": [0.75, 2.75, 3.75]
		},
		"gui": {
			"rotation": [78, 28, -28],
			"translation": [6.75, -4.5, 0],
			"scale": [1.52, 1.49, 1.77]
		}
	}
}