{
	"credit": "Made with Blockbench",
	"parent": "76",
	"textures": {
		"0": "minecraft:block/dispenser_front_vertical",
		"1": "minecraft:block/furnace_side",
		"2": "minecraft:block/black_shulker_box",
		"3": "minecraft:block/blast_furnace_front_on",
		"4": "minecraft:block/black_wool",
		"5": "minecraft:block/yellow_wool",
		"particle": "minecraft:block/dispenser_front_vertical"
	},
	"elements": [
		{
			"from": [7, 5.7, 5.4],
			"to": [8, 6.2, 7],
			"faces": {
				"north": {"uv": [1, 8, 3, 16], "texture": "#1"},
				"east": {"uv": [1, 8, 3, 16], "texture": "#1"},
				"south": {"uv": [1, 8, 3, 16], "texture": "#1"},
				"west": {"uv": [1, 8, 3, 16], "texture": "#1"},
				"up": {"uv": [1, 8, 3, 16], "texture": "#1"},
				"down": {"uv": [1, 8, 3, 16], "texture": "#1"}
			}
		},
		{
			"from": [7, 5.1, 2.5],
			"to": [8, 7, 4.1],
			"faces": {
				"north": {"uv": [1, 8, 3, 16], "texture": "#1"},
				"east": {"uv": [1, 8, 3, 16], "texture": "#1"},
				"south": {"uv": [1, 8, 3, 16], "texture": "#1"},
				"west": {"uv": [1, 8, 3, 16], "texture": "#1"},
				"up": {"uv": [1, 8, 3, 16], "texture": "#1"},
				"down": {"uv": [1, 8, 3, 16], "texture": "#1"}
			}
		},
		{
			"from": [7.1, 6.1, 2.2],
			"to": [7.9, 6.9, 2.5],
			"faces": {
				"north": {"uv": [5.9, 7.8, 7.1, 12.3], "texture": "#3"},
				"east": {"uv": [1, 8, 3, 16], "texture": "#1"},
				"south": {"uv": [1, 8, 3, 16], "texture": "#1"},
				"west": {"uv": [1, 8, 3, 16], "texture": "#1"},
				"up": {"uv": [1, 8, 3, 16], "texture": "#1"},
				"down": {"uv": [1, 8, 3, 16], "texture": "#1"}
			}
		},
		{
			"from": [7.1, 5.2, 2.2],
			"to": [7.9, 6, 2.5],
			"faces": {
				"north": {"uv": [5.9, 7.8, 7.1, 12.3], "texture": "#3"},
				"east": {"uv": [1, 8, 3, 16], "texture": "#1"},
				"south": {"uv": [1, 8, 3, 16], "texture": "#1"},
				"west": {"uv": [1, 8, 3, 16], "texture": "#1"},
				"up": {"uv": [1, 8, 3, 16], "texture": "#1"},
				"down": {"uv": [1, 8, 3, 16], "texture": "#1"}
			}
		},
		{
			"from": [7.2, 6.2, 4.3],
			"to": [7.8, 6.8, 5.2],
			"faces": {
				"north": {"uv": [1, 8, 3, 16], "texture": "#1"},
				"east": {"uv": [1, 8, 3, 16], "texture": "#1"},
				"south": {"uv": [1, 8, 3, 16], "texture": "#1"},
				"west": {"uv": [1, 8, 3, 16], "texture": "#1"},
				"up": {"uv": [1, 8, 3, 16], "texture": "#1"},
				"down": {"uv": [1, 8, 3, 16], "texture": "#1"}
			}
		},
		{
			"from": [7.2, 5.3, 4.3],
			"to": [7.8, 5.9, 5.2],
			"faces": {
				"north": {"uv": [1, 8, 3, 16], "texture": "#1"},
				"east": {"uv": [1, 8, 3, 16], "texture": "#1"},
				"south": {"uv": [1, 8, 3, 16], "texture": "#1"},
				"west": {"uv": [1, 8, 3, 16], "texture": "#1"},
				"up": {"uv": [1, 8, 3, 16], "texture": "#1"},
				"down": {"uv": [1, 8, 3, 16], "texture": "#1"}
			}
		},
		{
			"from": [7.1, 6.1, 4.1],
			"to": [7.9, 6.9, 4.3],
			"faces": {
				"north": {"uv": [1, 8, 3, 16], "texture": "#1"},
				"east": {"uv": [1, 8, 3, 16], "texture": "#1"},
				"south": {"uv": [1, 8, 3, 16], "texture": "#1"},
				"west": {"uv": [1, 8, 3, 16], "texture": "#1"},
				"up": {"uv": [1, 8, 3, 16], "texture": "#1"},
				"down": {"uv": [1, 8, 3, 16], "texture": "#1"}
			}
		},
		{
			"from": [7.1, 5.2, 4.1],
			"to": [7.9, 6, 4.3],
			"faces": {
				"north": {"uv": [1, 8, 3, 16], "texture": "#1"},
				"east": {"uv": [1, 8, 3, 16], "texture": "#1"},
				"south": {"uv": [1, 8, 3, 16], "texture": "#1"},
				"west": {"uv": [1, 8, 3, 16], "texture": "#1"},
				"up": {"uv": [1, 8, 3, 16], "texture": "#1"},
				"down": {"uv": [1, 8, 3, 16], "texture": "#1"}
			}
		},
		{
			"from": [7.1, 6.1, 5.2],
			"to": [7.9, 6.9, 5.4],
			"faces": {
				"north": {"uv": [1, 8, 3, 16], "texture": "#1"},
				"east": {"uv": [1, 8, 3, 16], "texture": "#1"},
				"south": {"uv": [1, 8, 3, 16], "texture": "#1"},
				"west": {"uv": [1, 8, 3, 16], "texture": "#1"},
				"up": {"uv": [1, 8, 3, 16], "texture": "#1"},
				"down": {"uv": [1, 8, 3, 16], "texture": "#1"}
			}
		},
		{
			"from": [7.1, 5.2, 5.2],
			"to": [7.9, 6, 5.4],
			"faces": {
				"north": {"uv": [1, 8, 3, 16], "texture": "#1"},
				"east": {"uv": [1, 8, 3, 16], "texture": "#1"},
				"south": {"uv": [1, 8, 3, 16], "texture": "#1"},
				"west": {"uv": [1, 8, 3, 16], "texture": "#1"},
				"up": {"uv": [1, 8, 3, 16], "texture": "#1"},
				"down": {"uv": [1, 8, 3, 16], "texture": "#1"}
			}
		},
		{
			"from": [7.3, 5.2, 4.1],
			"to": [7.7, 6.2, 5.4],
			"faces": {
				"north": {"uv": [4, 12, 6, 13], "texture": "#1"},
				"east": {"uv": [4, 12, 6, 13], "texture": "#1"},
				"south": {"uv": [4, 12, 6, 13], "texture": "#1"},
				"west": {"uv": [4, 12, 6, 13], "texture": "#1"},
				"up": {"uv": [4, 12, 6, 13], "texture": "#1"},
				"down": {"uv": [4, 12, 6, 13], "texture": "#1"}
			}
		},
		{
			"from": [7.1, 4.9, 2.6],
			"to": [7.9, 5.1, 3.2],
			"rotation": {"angle": 0, "axis": "y", "origin": [0, 0, 0.1]},
			"faces": {
				"north": {"uv": [1, 8, 3, 16], "texture": "#1"},
				"east": {"uv": [1, 8, 3, 16], "texture": "#1"},
				"south": {"uv": [1, 8, 3, 16], "texture": "#1"},
				"west": {"uv": [1, 8, 3, 16], "texture": "#1"},
				"up": {"uv": [1, 8, 3, 16], "texture": "#1"},
				"down": {"uv": [1, 8, 3, 16], "texture": "#1"}
			}
		},
		{
			"from": [7.3, 4.8, 2.7],
			"to": [7.7, 4.9, 4.1],
			"rotation": {"angle": 0, "axis": "y", "origin": [0, 0, 0.1]},
			"faces": {
				"north": {"uv": [1, 8, 3, 16], "texture": "#1"},
				"east": {"uv": [1, 8, 3, 16], "texture": "#1"},
				"south": {"uv": [1, 8, 3, 16], "texture": "#1"},
				"west": {"uv": [1, 8, 3, 16], "texture": "#1"},
				"up": {"uv": [1, 8, 3, 16], "texture": "#1"},
				"down": {"uv": [1, 8, 3, 16], "texture": "#1"}
			}
		},
		{
			"from": [7.3, 3.5, 3.8],
			"to": [7.7, 3.7, 4.5],
			"rotation": {"angle": -22.5, "axis": "x", "origin": [0, 0, 0.1]},
			"faces": {
				"north": {"uv": [1, 8, 3, 16], "texture": "#1"},
				"east": {"uv": [1, 8, 3, 16], "texture": "#1"},
				"south": {"uv": [1, 8, 3, 16], "texture": "#1"},
				"west": {"uv": [1, 8, 3, 16], "texture": "#1"},
				"up": {"uv": [1, 8, 3, 16], "texture": "#1"},
				"down": {"uv": [1, 8, 3, 16], "texture": "#1"}
			}
		},
		{
			"from": [7.3, 3.4, 3.6],
			"to": [7.7, 4, 3.8],
			"rotation": {"angle": -22.5, "axis": "x", "origin": [0, 0, 0.1]},
			"faces": {
				"north": {"uv": [1, 8, 3, 16], "texture": "#1"},
				"east": {"uv": [1, 8, 3, 16], "texture": "#1"},
				"south": {"uv": [1, 8, 3, 16], "texture": "#1"},
				"west": {"uv": [1, 8, 3, 16], "texture": "#1"},
				"up": {"uv": [1, 8, 3, 16], "texture": "#1"},
				"down": {"uv": [1, 8, 3, 16], "texture": "#1"}
			}
		},
		{
			"from": [7.4, 4, 3.6],
			"to": [7.6, 4.3, 3.8],
			"rotation": {"angle": -22.5, "axis": "x", "origin": [0, 0, 0.1]},
			"faces": {
				"north": {"uv": [1, 8, 3, 16], "texture": "#1"},
				"east": {"uv": [1, 8, 3, 16], "texture": "#1"},
				"south": {"uv": [1, 8, 3, 16], "texture": "#1"},
				"west": {"uv": [1, 8, 3, 16], "texture": "#1"},
				"up": {"uv": [5, 5, 11, 11], "texture": "#0"},
				"down": {"uv": [1, 8, 3, 16], "texture": "#1"}
			}
		},
		{
			"from": [7.4, 1.5, 4.6],
			"to": [7.6, 1.8, 4.8],
			"rotation": {"angle": -45, "axis": "x", "origin": [0, 0, 0.1]},
			"faces": {
				"north": {"uv": [0, 0, 2, 8], "texture": "#4"},
				"east": {"uv": [0, 0, 2, 8], "texture": "#4"},
				"south": {"uv": [0, 0, 2, 8], "texture": "#4"},
				"west": {"uv": [0, 0, 2, 8], "texture": "#4"},
				"up": {"uv": [0, 0, 2, 8], "texture": "#4"},
				"down": {"uv": [0, 0, 2, 8], "texture": "#4"}
			}
		},
		{
			"from": [7.4, 4.7, 0.4],
			"to": [7.6, 4.9, 0.7],
			"rotation": {"angle": 22.5, "axis": "x", "origin": [0, 0, 0.1]},
			"faces": {
				"north": {"uv": [0, 0, 2, 8], "rotation": 90, "texture": "#4"},
				"east": {"uv": [0, 0, 2, 8], "rotation": 90, "texture": "#4"},
				"south": {"uv": [0, 0, 2, 8], "rotation": 90, "texture": "#4"},
				"west": {"uv": [0, 0, 2, 8], "rotation": 90, "texture": "#4"},
				"up": {"uv": [0, 0, 2, 8], "rotation": 90, "texture": "#4"},
				"down": {"uv": [0, 0, 2, 8], "rotation": 90, "texture": "#4"}
			}
		},
		{
			"from": [7.4, 1.2, 4.7],
			"to": [7.6, 1.4, 5],
			"rotation": {"angle": -45, "axis": "x", "origin": [0, 0, 0.1]},
			"faces": {
				"north": {"uv": [0, 0, 2, 8], "rotation": 90, "texture": "#4"},
				"east": {"uv": [0, 0, 2, 8], "rotation": 90, "texture": "#4"},
				"south": {"uv": [0, 0, 2, 8], "rotation": 90, "texture": "#4"},
				"west": {"uv": [0, 0, 2, 8], "rotation": 90, "texture": "#4"},
				"up": {"uv": [0, 0, 2, 8], "rotation": 90, "texture": "#4"},
				"down": {"uv": [0, 0, 2, 8], "rotation": 90, "texture": "#4"}
			}
		},
		{
			"from": [7.4, 5, 0.7],
			"to": [7.6, 5.6, 0.9],
			"rotation": {"angle": 22.5, "axis": "x", "origin": [0, 0, 0.1]},
			"faces": {
				"north": {"uv": [0, 0, 2, 8], "rotation": 180, "texture": "#4"},
				"east": {"uv": [0, 0, 2, 8], "rotation": 180, "texture": "#4"},
				"south": {"uv": [0, 0, 2, 8], "rotation": 180, "texture": "#4"},
				"west": {"uv": [0, 0, 2, 8], "rotation": 180, "texture": "#4"},
				"up": {"uv": [0, 0, 2, 8], "rotation": 180, "texture": "#4"},
				"down": {"uv": [0, 0, 2, 8], "rotation": 180, "texture": "#4"}
			}
		},
		{
			"from": [6.9, 4.8, 7],
			"to": [8.1, 7.2, 7.6],
			"faces": {
				"north": {"uv": [0, 0, 16, 16], "texture": "#2"},
				"east": {"uv": [0, 0, 16, 16], "texture": "#2"},
				"south": {"uv": [0, 0, 16, 16], "texture": "#2"},
				"west": {"uv": [0, 0, 16, 16], "texture": "#2"},
				"up": {"uv": [0, 0, 16, 16], "texture": "#2"},
				"down": {"uv": [0, 0, 16, 16], "texture": "#2"}
			}
		},
		{
			"from": [6.9, -0.3, 10.2],
			"to": [8.1, 0.5, 10.4],
			"rotation": {"angle": -45, "axis": "x", "origin": [0, 0, 0]},
			"faces": {
				"north": {"uv": [0, 0, 16, 16], "texture": "#2"},
				"east": {"uv": [0, 0, 16, 16], "texture": "#2"},
				"south": {"uv": [0, 0, 16, 16], "texture": "#2"},
				"west": {"uv": [0, 0, 16, 16], "texture": "#2"},
				"up": {"uv": [0, 0, 16, 16], "texture": "#2"},
				"down": {"uv": [0, 0, 16, 16], "texture": "#2"}
			}
		},
		{
			"from": [6.9, 7, 7],
			"to": [8.1, 7.4, 7.3],
			"faces": {
				"north": {"uv": [0, 0, 16, 16], "texture": "#2"},
				"east": {"uv": [0, 0, 16, 16], "texture": "#2"},
				"south": {"uv": [0, 0, 16, 16], "texture": "#2"},
				"west": {"uv": [0, 0, 16, 16], "texture": "#2"},
				"up": {"uv": [0, 0, 16, 16], "texture": "#2"},
				"down": {"uv": [0, 0, 16, 16], "texture": "#2"}
			}
		},
		{
			"from": [6.9, 7.2, 7],
			"to": [8.1, 7.7, 7.2],
			"faces": {
				"north": {"uv": [0, 0, 16, 16], "texture": "#2"},
				"east": {"uv": [0, 0, 16, 16], "texture": "#2"},
				"south": {"uv": [0, 0, 16, 16], "texture": "#2"},
				"west": {"uv": [0, 0, 16, 16], "texture": "#2"},
				"up": {"uv": [0, 0, 16, 16], "texture": "#2"},
				"down": {"uv": [0, 0, 16, 16], "texture": "#2"}
			}
		},
		{
			"from": [6.9, 7.5, 6.8],
			"to": [8.1, 7.7, 7],
			"faces": {
				"north": {"uv": [0, 0, 16, 16], "texture": "#2"},
				"east": {"uv": [0, 0, 16, 16], "texture": "#2"},
				"south": {"uv": [0, 0, 16, 16], "texture": "#2"},
				"west": {"uv": [0, 0, 16, 16], "texture": "#2"},
				"up": {"uv": [0, 0, 16, 16], "texture": "#2"},
				"down": {"uv": [0, 0, 16, 16], "texture": "#2"}
			}
		},
		{
			"from": [7, 2.5, 10.3],
			"to": [8, 3.7, 10.6],
			"rotation": {"angle": -22.5, "axis": "x", "origin": [0, 0, 0]},
			"faces": {
				"north": {"uv": [0, 0, 2, 8], "texture": "#1"},
				"east": {"uv": [0, 0, 2, 8], "texture": "#1"},
				"south": {"uv": [0, 0, 2, 8], "texture": "#1"},
				"west": {"uv": [0, 0, 2, 8], "texture": "#1"},
				"up": {"uv": [0, 0, 2, 8], "texture": "#1"},
				"down": {"uv": [0, 0, 2, 8], "texture": "#1"}
			}
		},
		{
			"from": [7, 4.9, 7.6],
			"to": [8, 6.4, 8.9],
			"faces": {
				"north": {"uv": [0, 0, 2, 8], "texture": "#1"},
				"east": {"uv": [0, 0, 2, 8], "texture": "#1"},
				"south": {"uv": [0, 0, 2, 8], "texture": "#1"},
				"west": {"uv": [0, 0, 2, 8], "texture": "#1"},
				"up": {"uv": [0, 0, 2, 8], "texture": "#1"},
				"down": {"uv": [0, 0, 2, 8], "texture": "#1"}
			}
		},
		{
			"from": [6.9, 4.7, 8.9],
			"to": [8.1, 7, 9.3],
			"faces": {
				"north": {"uv": [0, 0, 16, 16], "texture": "#2"},
				"east": {"uv": [0, 0, 16, 16], "texture": "#2"},
				"south": {"uv": [0, 0, 16, 16], "texture": "#2"},
				"west": {"uv": [0, 0, 16, 16], "texture": "#2"},
				"up": {"uv": [0, 0, 16, 16], "texture": "#2"},
				"down": {"uv": [0, 0, 16, 16], "texture": "#2"}
			}
		},
		{
			"from": [6.9, 7, 9.1],
			"to": [8.1, 7.3, 9.3],
			"faces": {
				"north": {"uv": [0, 0, 16, 16], "texture": "#2"},
				"east": {"uv": [0, 0, 16, 16], "texture": "#2"},
				"south": {"uv": [0, 0, 16, 16], "texture": "#2"},
				"west": {"uv": [0, 0, 16, 16], "texture": "#2"},
				"up": {"uv": [0, 0, 16, 16], "texture": "#2"},
				"down": {"uv": [0, 0, 16, 16], "texture": "#2"}
			}
		},
		{
			"from": [6.9, 7, 9],
			"to": [8.1, 7.2, 9.4],
			"faces": {
				"north": {"uv": [0, 0, 16, 16], "texture": "#2"},
				"east": {"uv": [0, 0, 16, 16], "texture": "#2"},
				"south": {"uv": [0, 0, 16, 16], "texture": "#2"},
				"west": {"uv": [0, 0, 16, 16], "texture": "#2"},
				"up": {"uv": [0, 0, 16, 16], "texture": "#2"},
				"down": {"uv": [0, 0, 16, 16], "texture": "#2"}
			}
		},
		{
			"from": [6.9, -2.9, 11.4],
			"to": [8.1, -1.6, 11.7],
			"rotation": {"angle": -45, "axis": "x", "origin": [0, 0, 0]},
			"faces": {
				"north": {"uv": [0, 0, 16, 16], "texture": "#2"},
				"east": {"uv": [0, 0, 16, 16], "texture": "#2"},
				"south": {"uv": [0, 0, 16, 16], "texture": "#2"},
				"west": {"uv": [0, 0, 16, 16], "texture": "#2"},
				"up": {"uv": [0, 0, 16, 16], "texture": "#2"},
				"down": {"uv": [0, 0, 16, 16], "texture": "#2"}
			}
		},
		{
			"from": [6.9, 4.6, 9.3],
			"to": [8.1, 6.6, 9.9],
			"faces": {
				"north": {"uv": [0, 0, 16, 16], "texture": "#2"},
				"east": {"uv": [0, 0, 16, 16], "texture": "#2"},
				"south": {"uv": [0, 0, 16, 16], "texture": "#2"},
				"west": {"uv": [0, 0, 16, 16], "texture": "#2"},
				"up": {"uv": [0, 0, 16, 16], "texture": "#2"},
				"down": {"uv": [0, 0, 16, 16], "texture": "#2"}
			}
		},
		{
			"from": [6.9, 4.6, 9.9],
			"to": [8.1, 6.2, 10.3],
			"faces": {
				"north": {"uv": [0, 0, 16, 16], "texture": "#2"},
				"east": {"uv": [0, 0, 16, 16], "texture": "#2"},
				"south": {"uv": [0, 0, 16, 16], "texture": "#2"},
				"west": {"uv": [0, 0, 16, 16], "texture": "#2"},
				"up": {"uv": [0, 0, 16, 16], "texture": "#2"},
				"down": {"uv": [0, 0, 16, 16], "texture": "#2"}
			}
		},
		{
			"from": [7.2, 4.8, 10.8],
			"to": [7.8, 5.4, 11.4],
			"rotation": {"angle": 0, "axis": "y", "origin": [0, -0.5, 0.5]},
			"faces": {
				"north": {"uv": [1, 8, 3, 16], "texture": "#1"},
				"east": {"uv": [1, 8, 3, 16], "texture": "#1"},
				"south": {"uv": [1, 8, 3, 16], "texture": "#1"},
				"west": {"uv": [1, 8, 3, 16], "texture": "#1"},
				"up": {"uv": [1, 8, 3, 16], "texture": "#1"},
				"down": {"uv": [1, 8, 3, 16], "texture": "#1"}
			}
		},
		{
			"from": [1, 8.5, 10.8],
			"to": [1.6, 9.1, 11.4],
			"rotation": {"angle": -45, "axis": "z", "origin": [0, -0.5, 0.5]},
			"faces": {
				"north": {"uv": [1, 8, 3, 16], "texture": "#1"},
				"east": {"uv": [1, 8, 3, 16], "texture": "#1"},
				"south": {"uv": [1, 8, 3, 16], "texture": "#1"},
				"west": {"uv": [1, 8, 3, 16], "texture": "#1"},
				"up": {"uv": [1, 8, 3, 16], "texture": "#1"},
				"down": {"uv": [1, 8, 3, 16], "texture": "#1"}
			}
		},
		{
			"from": [6.9, 6.6, 9.3],
			"to": [8.1, 6.9, 9.6],
			"faces": {
				"north": {"uv": [0, 0, 16, 16], "texture": "#2"},
				"east": {"uv": [0, 0, 16, 16], "texture": "#2"},
				"south": {"uv": [0, 0, 16, 16], "texture": "#2"},
				"west": {"uv": [0, 0, 16, 16], "texture": "#2"},
				"up": {"uv": [0, 0, 16, 16], "texture": "#2"},
				"down": {"uv": [0, 0, 16, 16], "texture": "#2"}
			}
		},
		{
			"from": [7.2, 4.9, 4.1],
			"to": [7.8, 5.2, 5.4],
			"faces": {
				"north": {"uv": [1, 8, 3, 16], "texture": "#1"},
				"east": {"uv": [1, 8, 3, 16], "texture": "#1"},
				"south": {"uv": [1, 8, 3, 16], "texture": "#1"},
				"west": {"uv": [1, 8, 3, 16], "texture": "#1"},
				"up": {"uv": [1, 8, 3, 16], "texture": "#1"},
				"down": {"uv": [1, 8, 3, 16], "texture": "#1"}
			}
		},
		{
			"from": [7, 3.4, 10.1],
			"to": [8, 3.7, 10.3],
			"rotation": {"angle": -22.5, "axis": "x", "origin": [0, 0, 0]},
			"faces": {
				"north": {"uv": [0, 0, 2, 8], "texture": "#1"},
				"east": {"uv": [0, 0, 2, 8], "texture": "#1"},
				"south": {"uv": [0, 0, 2, 8], "texture": "#1"},
				"west": {"uv": [0, 0, 2, 8], "texture": "#1"},
				"up": {"uv": [0, 0, 2, 8], "texture": "#1"},
				"down": {"uv": [0, 0, 2, 8], "texture": "#1"}
			}
		},
		{
			"from": [6.9, -3.7, 11.2],
			"to": [8.1, -3, 11.5],
			"rotation": {"angle": -45, "axis": "x", "origin": [0, 0, 0]},
			"faces": {
				"north": {"uv": [0, 0, 16, 16], "texture": "#2"},
				"east": {"uv": [0, 0, 16, 16], "texture": "#2"},
				"south": {"uv": [0, 0, 16, 16], "texture": "#2"},
				"west": {"uv": [0, 0, 16, 16], "texture": "#2"},
				"up": {"uv": [0, 0, 16, 16], "texture": "#2"},
				"down": {"uv": [0, 0, 16, 16], "texture": "#2"}
			}
		},
		{
			"from": [6.9, 4.7, 10.3],
			"to": [8.1, 5.5, 10.8],
			"faces": {
				"north": {"uv": [0, 0, 16, 16], "texture": "#2"},
				"east": {"uv": [0, 0, 16, 16], "texture": "#2"},
				"south": {"uv": [0, 0, 16, 16], "texture": "#2"},
				"west": {"uv": [0, 0, 16, 16], "texture": "#2"},
				"up": {"uv": [0, 0, 16, 16], "texture": "#2"},
				"down": {"uv": [0, 0, 16, 16], "texture": "#2"}
			}
		},
		{
			"from": [7.2, 4.5, 9.9],
			"to": [7.8, 4.7, 10.5],
			"faces": {
				"north": {"uv": [1, 8, 3, 16], "texture": "#1"},
				"east": {"uv": [1, 8, 3, 16], "texture": "#1"},
				"south": {"uv": [1, 8, 3, 16], "texture": "#1"},
				"west": {"uv": [1, 8, 3, 16], "texture": "#1"},
				"up": {"uv": [1, 8, 3, 16], "texture": "#1"},
				"down": {"uv": [1, 8, 3, 16], "texture": "#1"}
			}
		},
		{
			"from": [7.2, 0.1, 10.7],
			"to": [7.8, 0.4, 11.1],
			"rotation": {"angle": -22.5, "axis": "x", "origin": [0, 0, 0]},
			"faces": {
				"north": {"uv": [0, 0, 2, 8], "rotation": 180, "texture": "#4"},
				"east": {"uv": [0, 0, 2, 8], "rotation": 180, "texture": "#4"},
				"south": {"uv": [0, 0, 2, 8], "rotation": 180, "texture": "#4"},
				"west": {"uv": [0, 0, 2, 8], "rotation": 180, "texture": "#4"},
				"up": {"uv": [0, 0, 2, 8], "rotation": 180, "texture": "#4"},
				"down": {"uv": [0, 0, 2, 8], "rotation": 180, "texture": "#4"}
			}
		},
		{
			"from": [7.2, 4.1, 9.2],
			"to": [7.8, 4.4, 9.9],
			"faces": {
				"north": {"uv": [0, 0, 2, 8], "rotation": 180, "texture": "#4"},
				"east": {"uv": [0, 0, 2, 8], "rotation": 180, "texture": "#4"},
				"south": {"uv": [0, 0, 2, 8], "rotation": 180, "texture": "#4"},
				"west": {"uv": [0, 0, 2, 8], "rotation": 180, "texture": "#4"},
				"up": {"uv": [0, 0, 2, 8], "rotation": 180, "texture": "#4"},
				"down": {"uv": [0, 0, 2, 8], "rotation": 180, "texture": "#4"}
			}
		},
		{
			"from": [7.2, 4, 8.7],
			"to": [7.8, 4.3, 9.4],
			"faces": {
				"north": {"uv": [0, 0, 2, 8], "rotation": 180, "texture": "#4"},
				"east": {"uv": [0, 0, 2, 8], "rotation": 180, "texture": "#4"},
				"south": {"uv": [0, 0, 2, 8], "rotation": 180, "texture": "#4"},
				"west": {"uv": [0, 0, 2, 8], "rotation": 180, "texture": "#4"},
				"up": {"uv": [0, 0, 2, 8], "rotation": 180, "texture": "#4"},
				"down": {"uv": [0, 0, 2, 8], "rotation": 180, "texture": "#4"}
			}
		},
		{
			"from": [7.2, 4.1, 8.2],
			"to": [7.8, 4.4, 8.9],
			"faces": {
				"north": {"uv": [0, 0, 2, 8], "rotation": 180, "texture": "#4"},
				"east": {"uv": [0, 0, 2, 8], "rotation": 180, "texture": "#4"},
				"south": {"uv": [0, 0, 2, 8], "rotation": 180, "texture": "#4"},
				"west": {"uv": [0, 0, 2, 8], "rotation": 180, "texture": "#4"},
				"up": {"uv": [0, 0, 2, 8], "rotation": 180, "texture": "#4"},
				"down": {"uv": [0, 0, 2, 8], "rotation": 180, "texture": "#4"}
			}
		},
		{
			"from": [7.2, 4.2, 7.6],
			"to": [7.8, 4.5, 8.3],
			"faces": {
				"north": {"uv": [0, 0, 2, 8], "rotation": 180, "texture": "#4"},
				"east": {"uv": [0, 0, 2, 8], "rotation": 180, "texture": "#4"},
				"south": {"uv": [0, 0, 2, 8], "rotation": 180, "texture": "#4"},
				"west": {"uv": [0, 0, 2, 8], "rotation": 180, "texture": "#4"},
				"up": {"uv": [0, 0, 2, 8], "rotation": 180, "texture": "#4"},
				"down": {"uv": [0, 0, 2, 8], "rotation": 180, "texture": "#4"}
			}
		},
		{
			"from": [7.2, 4.3, 7.3],
			"to": [7.8, 4.7, 7.8],
			"faces": {
				"north": {"uv": [0, 0, 2, 8], "rotation": 180, "texture": "#4"},
				"east": {"uv": [0, 0, 2, 8], "rotation": 180, "texture": "#4"},
				"south": {"uv": [0, 0, 2, 8], "rotation": 180, "texture": "#4"},
				"west": {"uv": [0, 0, 2, 8], "rotation": 180, "texture": "#4"},
				"up": {"uv": [0, 0, 2, 8], "rotation": 180, "texture": "#4"},
				"down": {"uv": [0, 0, 2, 8], "rotation": 180, "texture": "#4"}
			}
		},
		{
			"from": [7.2, 7, 4.9],
			"to": [7.8, 7.3, 5.3],
			"rotation": {"angle": 22.5, "axis": "x", "origin": [0, 0, 0]},
			"faces": {
				"north": {"uv": [0, 0, 2, 8], "rotation": 180, "texture": "#4"},
				"east": {"uv": [0, 0, 2, 8], "rotation": 180, "texture": "#4"},
				"south": {"uv": [0, 0, 2, 8], "rotation": 180, "texture": "#4"},
				"west": {"uv": [0, 0, 2, 8], "rotation": 180, "texture": "#4"},
				"up": {"uv": [0, 0, 2, 8], "rotation": 180, "texture": "#4"},
				"down": {"uv": [0, 0, 2, 8], "rotation": 180, "texture": "#4"}
			}
		},
		{
			"from": [7.2, 4.6, 6.8],
			"to": [7.8, 4.9, 7.5],
			"faces": {
				"north": {"uv": [0, 0, 2, 8], "texture": "#5"},
				"east": {"uv": [0, 0, 2, 8], "texture": "#5"},
				"south": {"uv": [0, 0, 2, 8], "texture": "#5"},
				"west": {"uv": [0, 0, 2, 8], "texture": "#5"},
				"up": {"uv": [0, 0, 2, 8], "texture": "#5"},
				"down": {"uv": [0, 0, 2, 8], "texture": "#5"}
			}
		},
		{
			"from": [6.9, 6.6, -2.8],
			"to": [8.1, 6.9, -2.5],
			"rotation": {"angle": 45, "axis": "x", "origin": [0, 0, 0]},
			"faces": {
				"north": {"uv": [1, 8, 3, 16], "texture": "#1"},
				"east": {"uv": [5, 5, 11, 11], "texture": "#0"},
				"south": {"uv": [1, 8, 3, 16], "texture": "#1"},
				"west": {"uv": [5, 5, 11, 11], "texture": "#0"},
				"up": {"uv": [1, 8, 3, 16], "texture": "#1"},
				"down": {"uv": [1, 8, 3, 16], "texture": "#1"}
			}
		},
		{
			"from": [6.9, 6.9, -2.5],
			"to": [8.1, 7.2, -2.2],
			"rotation": {"angle": 45, "axis": "x", "origin": [0, 0, 0]},
			"faces": {
				"north": {"uv": [1, 8, 3, 16], "texture": "#1"},
				"east": {"uv": [5, 5, 11, 11], "texture": "#0"},
				"south": {"uv": [1, 8, 3, 16], "texture": "#1"},
				"west": {"uv": [5, 5, 11, 11], "texture": "#0"},
				"up": {"uv": [1, 8, 3, 16], "texture": "#1"},
				"down": {"uv": [1, 8, 3, 16], "texture": "#1"}
			}
		},
		{
			"from": [6.9, 7.2, -2.2],
			"to": [8.1, 7.5, -1.9],
			"rotation": {"angle": 45, "axis": "x", "origin": [0, 0, 0]},
			"faces": {
				"north": {"uv": [1, 8, 3, 16], "texture": "#1"},
				"east": {"uv": [5, 5, 11, 11], "texture": "#0"},
				"south": {"uv": [1, 8, 3, 16], "texture": "#1"},
				"west": {"uv": [5, 5, 11, 11], "texture": "#0"},
				"up": {"uv": [1, 8, 3, 16], "texture": "#1"},
				"down": {"uv": [1, 8, 3, 16], "texture": "#1"}
			}
		},
		{
			"from": [6.9, 6.5, -1.5],
			"to": [8.1, 6.8, -1.2],
			"rotation": {"angle": 45, "axis": "x", "origin": [0, 0, 0]},
			"faces": {
				"north": {"uv": [1, 8, 3, 16], "texture": "#1"},
				"east": {"uv": [5, 5, 11, 11], "texture": "#0"},
				"south": {"uv": [1, 8, 3, 16], "texture": "#1"},
				"west": {"uv": [5, 5, 11, 11], "texture": "#0"},
				"up": {"uv": [1, 8, 3, 16], "texture": "#1"},
				"down": {"uv": [1, 8, 3, 16], "texture": "#1"}
			}
		},
		{
			"from": [6.9, 6.2, -1.8],
			"to": [8.1, 6.5, -1.5],
			"rotation": {"angle": 45, "axis": "x", "origin": [0, 0, 0]},
			"faces": {
				"north": {"uv": [1, 8, 3, 16], "texture": "#1"},
				"east": {"uv": [5, 5, 11, 11], "texture": "#0"},
				"south": {"uv": [1, 8, 3, 16], "texture": "#1"},
				"west": {"uv": [5, 5, 11, 11], "texture": "#0"},
				"up": {"uv": [1, 8, 3, 16], "texture": "#1"},
				"down": {"uv": [1, 8, 3, 16], "texture": "#1"}
			}
		},
		{
			"from": [6.9, 5.9, -2.1],
			"to": [8.1, 6.2, -1.8],
			"rotation": {"angle": 45, "axis": "x", "origin": [0, 0, 0]},
			"faces": {
				"north": {"uv": [1, 8, 3, 16], "texture": "#1"},
				"east": {"uv": [5, 5, 11, 11], "texture": "#0"},
				"south": {"uv": [1, 8, 3, 16], "texture": "#1"},
				"west": {"uv": [5, 5, 11, 11], "texture": "#0"},
				"up": {"uv": [1, 8, 3, 16], "texture": "#1"},
				"down": {"uv": [1, 8, 3, 16], "texture": "#1"}
			}
		},
		{
			"from": [6.9, 6.4, -2.3],
			"to": [8.1, 6.7, -2],
			"rotation": {"angle": 45, "axis": "x", "origin": [0, 0, 0]},
			"faces": {
				"north": {"uv": [1, 8, 3, 16], "texture": "#1"},
				"east": {"uv": [5, 5, 11, 11], "texture": "#0"},
				"south": {"uv": [1, 8, 3, 16], "texture": "#1"},
				"west": {"uv": [5, 5, 11, 11], "texture": "#0"},
				"up": {"uv": [1, 8, 3, 16], "texture": "#1"},
				"down": {"uv": [1, 8, 3, 16], "texture": "#1"}
			}
		},
		{
			"from": [6.9, 6.7, -2],
			"to": [8.1, 7, -1.7],
			"rotation": {"angle": 45, "axis": "x", "origin": [0, 0, 0]},
			"faces": {
				"north": {"uv": [1, 8, 3, 16], "texture": "#1"},
				"east": {"uv": [5, 5, 11, 11], "texture": "#0"},
				"south": {"uv": [1, 8, 3, 16], "texture": "#1"},
				"west": {"uv": [5, 5, 11, 11], "texture": "#0"},
				"up": {"uv": [1, 8, 3, 16], "texture": "#1"},
				"down": {"uv": [1, 8, 3, 16], "texture": "#1"}
			}
		},
		{
			"from": [6.9, 6, -1.3],
			"to": [8.1, 6.3, -1],
			"rotation": {"angle": 45, "axis": "x", "origin": [0, 0, 0]},
			"faces": {
				"north": {"uv": [1, 8, 3, 16], "texture": "#1"},
				"east": {"uv": [5, 5, 11, 11], "texture": "#0"},
				"south": {"uv": [1, 8, 3, 16], "texture": "#1"},
				"west": {"uv": [5, 5, 11, 11], "texture": "#0"},
				"up": {"uv": [1, 8, 3, 16], "texture": "#1"},
				"down": {"uv": [1, 8, 3, 16], "texture": "#1"}
			}
		},
		{
			"from": [7, 4.9, 3.2],
			"to": [8, 5.1, 4.1],
			"faces": {
				"north": {"uv": [1, 8, 3, 16], "texture": "#1"},
				"east": {"uv": [1, 8, 3, 16], "texture": "#1"},
				"south": {"uv": [1, 8, 3, 16], "texture": "#1"},
				"west": {"uv": [1, 8, 3, 16], "texture": "#1"},
				"up": {"uv": [1, 8, 3, 16], "texture": "#1"},
				"down": {"uv": [1, 8, 3, 16], "texture": "#1"}
			}
		},
		{
			"from": [7, 4.8, 5.4],
			"to": [8, 7, 5.7],
			"faces": {
				"north": {"uv": [1, 8, 3, 16], "texture": "#1"},
				"east": {"uv": [1, 8, 3, 16], "texture": "#1"},
				"south": {"uv": [1, 8, 3, 16], "texture": "#1"},
				"west": {"uv": [1, 8, 3, 16], "texture": "#1"},
				"up": {"uv": [1, 8, 3, 16], "texture": "#1"},
				"down": {"uv": [1, 8, 3, 16], "texture": "#1"}
			}
		},
		{
			"from": [7, 4.8, 6.1],
			"to": [8, 7, 6.4],
			"faces": {
				"north": {"uv": [1, 8, 3, 16], "texture": "#1"},
				"east": {"uv": [1, 8, 3, 16], "texture": "#1"},
				"south": {"uv": [1, 8, 3, 16], "texture": "#1"},
				"west": {"uv": [1, 8, 3, 16], "texture": "#1"},
				"up": {"uv": [1, 8, 3, 16], "texture": "#1"},
				"down": {"uv": [1, 8, 3, 16], "texture": "#1"}
			}
		},
		{
			"from": [7, 4.8, 6.8],
			"to": [8, 7, 7],
			"faces": {
				"north": {"uv": [1, 8, 3, 16], "texture": "#1"},
				"east": {"uv": [1, 8, 3, 16], "texture": "#1"},
				"south": {"uv": [1, 8, 3, 16], "texture": "#1"},
				"west": {"uv": [1, 8, 3, 16], "texture": "#1"},
				"up": {"uv": [1, 8, 3, 16], "texture": "#1"},
				"down": {"uv": [1, 8, 3, 16], "texture": "#1"}
			}
		},
		{
			"from": [7.1, 4.8, 5.7],
			"to": [7.9, 6.9, 6.8],
			"faces": {
				"north": {"uv": [1, 2, 3, 8.6], "texture": "#3"},
				"east": {"uv": [1, 2, 3, 8.6], "texture": "#3"},
				"south": {"uv": [1, 2, 3, 8.6], "texture": "#3"},
				"west": {"uv": [1, 2, 3, 8.6], "texture": "#3"},
				"up": {"uv": [1, 2, 3, 8.6], "texture": "#3"},
				"down": {"uv": [1, 2, 3, 8.6], "texture": "#3"}
			}
		},
		{
			"from": [6.9, 4.8, 6.8],
			"to": [8.1, 5.5, 7.6],
			"faces": {
				"north": {"uv": [0, 0, 16, 16], "texture": "#2"},
				"east": {"uv": [0, 0, 16, 16], "texture": "#2"},
				"south": {"uv": [0, 0, 16, 16], "texture": "#2"},
				"west": {"uv": [0, 0, 16, 16], "texture": "#2"},
				"up": {"uv": [0, 0, 16, 16], "texture": "#2"},
				"down": {"uv": [0, 0, 16, 16], "texture": "#2"}
			}
		},
		{
			"from": [6.9, 6.3, 6.8],
			"to": [8.1, 7, 7.6],
			"faces": {
				"north": {"uv": [0, 0, 16, 16], "texture": "#2"},
				"east": {"uv": [0, 0, 16, 16], "texture": "#2"},
				"south": {"uv": [0, 0, 16, 16], "texture": "#2"},
				"west": {"uv": [0, 0, 16, 16], "texture": "#2"},
				"up": {"uv": [0, 0, 16, 16], "texture": "#2"},
				"down": {"uv": [0, 0, 16, 16], "texture": "#2"}
			}
		},
		{
			"from": [6.8, 5, 7],
			"to": [8.2, 5.3, 7.5],
			"faces": {
				"north": {"uv": [0, 0, 2, 8], "texture": "#5"},
				"east": {"uv": [0, 0, 2, 8], "texture": "#5"},
				"south": {"uv": [0, 0, 2, 8], "texture": "#5"},
				"west": {"uv": [0, 0, 2, 8], "texture": "#5"},
				"up": {"uv": [0, 0, 2, 8], "texture": "#5"},
				"down": {"uv": [0, 0, 2, 8], "texture": "#5"}
			}
		},
		{
			"from": [6.8, 6.5, 7],
			"to": [8.2, 6.8, 7.5],
			"faces": {
				"north": {"uv": [0, 0, 2, 8], "texture": "#5"},
				"east": {"uv": [0, 0, 2, 8], "texture": "#5"},
				"south": {"uv": [0, 0, 2, 8], "texture": "#5"},
				"west": {"uv": [0, 0, 2, 8], "texture": "#5"},
				"up": {"uv": [0, 0, 2, 8], "texture": "#5"},
				"down": {"uv": [0, 0, 2, 8], "texture": "#5"}
			}
		},
		{
			"from": [7.2, 0.1, 11.1],
			"to": [7.8, 0.4, 11.4],
			"rotation": {"angle": -22.5, "axis": "x", "origin": [0, 0, 0]},
			"faces": {
				"north": {"uv": [1, 8, 3, 16], "rotation": 180, "texture": "#1"},
				"east": {"uv": [1, 8, 3, 16], "rotation": 180, "texture": "#1"},
				"south": {"uv": [1, 8, 3, 16], "rotation": 180, "texture": "#1"},
				"west": {"uv": [1, 8, 3, 16], "rotation": 180, "texture": "#1"},
				"up": {"uv": [1, 8, 3, 16], "rotation": 180, "texture": "#1"},
				"down": {"uv": [1, 8, 3, 16], "rotation": 180, "texture": "#1"}
			}
		}
	],
	"display": {
		"thirdperson_righthand": {
			"rotation": [68, 0, 0],
			"translation": [1.25, 1.5, 5.25],
			"scale": [2.75, 2.07, 2.14]
		},
		"thirdperson_lefthand": {
			"rotation": [68, 0, 0],
			"translation": [-1.5, 1.5, 5.25],
			"scale": [2.75, 2.07, 2.14]
		},
		"firstperson_righthand": {
			"scale": [1.84, 1.41, 1.31]
		},
		"firstperson_lefthand": {
			"scale": [1.84, 1.41, 1.31]
		},
		"ground": {
			"translation": [0, 1.75, 3.5],
			"scale": [2, 2, 2]
		},
		"gui": {
			"rotation": [0, 85, 0],
			"translation": [2.75, 4, 0],
			"scale": [2, 2, 2]
		}
	}
}