{
	"credit": "Made with Blockbench",
	"parent": "77",
	"textures": {
		"0": "minecraft:block/blast_furnace_front",
		"1": "minecraft:block/blue_glazed_terracotta",
		"2": "minecraft:block/blue_terracotta",
		"particle": "minecraft:block/blast_furnace_front"
	},
	"elements": [
		{
			"from": [15.6, 25, 4],
			"to": [17.6, 27, 12],
			"rotation": {"angle": 0, "axis": "y", "origin": [21.6, 32, 16]},
			"faces": {
				"north": {"uv": [0, 0, 3, 0], "rotation": 270, "texture": "#0"},
				"east": {"uv": [0, 0, 3, 0], "rotation": 270, "texture": "#0"},
				"south": {"uv": [0, 0, 3, 0], "rotation": 270, "texture": "#0"},
				"west": {"uv": [0, 0, 3, 0], "rotation": 270, "texture": "#0"},
				"up": {"uv": [0, 0, 3, 0], "rotation": 270, "texture": "#0"},
				"down": {"uv": [0, 0, 3, 0], "rotation": 270, "texture": "#0"}
			}
		},
		{
			"from": [7.5, 25, 12.1],
			"to": [15.5, 27, 14.1],
			"rotation": {"angle": -22.5, "axis": "y", "origin": [21.6, 32, 16]},
			"faces": {
				"north": {"uv": [0, 0, 3, 0], "texture": "#0"},
				"east": {"uv": [0, 0, 3, 0], "texture": "#0"},
				"south": {"uv": [0, 0, 3, 0], "texture": "#0"},
				"west": {"uv": [0, 0, 3, 0], "texture": "#0"},
				"up": {"uv": [0, 0, 3, 0], "texture": "#0"},
				"down": {"uv": [0, 0, 3, 0], "texture": "#0"}
			}
		},
		{
			"from": [12.4, 25, 9.4],
			"to": [20.4, 27, 11.4],
			"rotation": {"angle": 22.5, "axis": "y", "origin": [5.6, 16, 16]},
			"faces": {
				"north": {"uv": [8, 2, 11, 0], "rotation": 180, "texture": "#0"},
				"east": {"uv": [8, 2, 11, 0], "rotation": 180, "texture": "#0"},
				"south": {"uv": [8, 2, 11, 0], "rotation": 180, "texture": "#0"},
				"west": {"uv": [8, 2, 11, 0], "rotation": 180, "texture": "#0"},
				"up": {"uv": [8, 2, 11, 0], "rotation": 180, "texture": "#0"},
				"down": {"uv": [8, 2, 11, 0], "rotation": 180, "texture": "#0"}
			}
		},
		{
			"from": [8, 18, 7.2],
			"to": [10, 30.1, 9.2],
			"rotation": {"angle": 0, "axis": "y", "origin": [21.6, 32, 16]},
			"faces": {
				"north": {"uv": [0, 0, 0, 0], "rotation": 270, "texture": "#0"},
				"east": {"uv": [0, 0, 0, 0], "rotation": 270, "texture": "#0"},
				"south": {"uv": [0, 0, 0, 0], "rotation": 270, "texture": "#0"},
				"west": {"uv": [0, 0, 0, 0], "rotation": 270, "texture": "#0"},
				"up": {"uv": [0, 0, 0, 0], "rotation": 270, "texture": "#0"},
				"down": {"uv": [0, 0, 0, 0], "rotation": 270, "texture": "#0"}
			}
		},
		{
			"from": [4.7, 18, 3.9],
			"to": [13.5, 21.1, 12.5],
			"rotation": {"angle": 0, "axis": "y", "origin": [21.6, 32, 16]},
			"faces": {
				"north": {"uv": [0, 0, 3.6, 3.8], "rotation": 270, "texture": "#0"},
				"east": {"uv": [0, 0, 3.6, 3.8], "rotation": 270, "texture": "#0"},
				"south": {"uv": [0, 0, 3.6, 3.8], "rotation": 270, "texture": "#0"},
				"west": {"uv": [0, 0, 3.6, 3.8], "rotation": 270, "texture": "#0"},
				"up": {"uv": [0, 0, 3.6, 3.8], "rotation": 270, "texture": "#0"},
				"down": {"uv": [0, 0, 3.6, 3.8], "rotation": 270, "texture": "#0"}
			}
		},
		{
			"from": [5, 21.1, 4.2],
			"to": [13.2, 23.4, 12.2],
			"rotation": {"angle": 0, "axis": "y", "origin": [21.6, 32, 16]},
			"faces": {
				"north": {"uv": [0, 0, 3, 3.2], "rotation": 270, "texture": "#0"},
				"east": {"uv": [0, 0, 3, 3.2], "rotation": 270, "texture": "#0"},
				"south": {"uv": [0, 0, 3, 3.2], "rotation": 270, "texture": "#0"},
				"west": {"uv": [0, 0, 3, 3.2], "rotation": 270, "texture": "#0"},
				"up": {"uv": [0, 0, 3, 3.2], "rotation": 270, "texture": "#0"},
				"down": {"uv": [0, 0, 3, 3.2], "rotation": 270, "texture": "#0"}
			}
		},
		{
			"from": [5, 17.6, 4.2],
			"to": [13.2, 18.1, 12.2],
			"rotation": {"angle": 0, "axis": "y", "origin": [21.6, 32, 16]},
			"faces": {
				"north": {"uv": [0, 0, 0.5, 8.2], "rotation": 270, "texture": "#0"},
				"east": {"uv": [0, 0, 0.5, 8.2], "rotation": 270, "texture": "#0"},
				"south": {"uv": [0, 0, 0.5, 8.2], "rotation": 270, "texture": "#0"},
				"west": {"uv": [0, 0, 0.5, 8.2], "rotation": 270, "texture": "#0"},
				"up": {"uv": [0, 0, 0.5, 8.2], "rotation": 270, "texture": "#0"},
				"down": {"uv": [0, 0, 0.5, 8.2], "rotation": 270, "texture": "#0"}
			}
		},
		{
			"from": [4.6, 15.9, 3.8],
			"to": [13.6, 17.6, 12.6],
			"rotation": {"angle": 0, "axis": "y", "origin": [21.6, 32, 16]},
			"faces": {
				"north": {"uv": [0, 0, 16, 16], "rotation": 270, "texture": "#2"},
				"east": {"uv": [0, 0, 16, 16], "rotation": 270, "texture": "#2"},
				"south": {"uv": [0, 0, 16, 16], "rotation": 270, "texture": "#2"},
				"west": {"uv": [0, 0, 16, 16], "rotation": 270, "texture": "#2"},
				"up": {"uv": [0, 0, 16, 16], "rotation": 270, "texture": "#2"},
				"down": {"uv": [0, 0, 16, 16], "rotation": 270, "texture": "#2"}
			}
		},
		{
			"from": [4.7, 12.8, 3.9],
			"to": [13.5, 15.9, 12.5],
			"rotation": {"angle": 0, "axis": "y", "origin": [21.6, 32, 16]},
			"faces": {
				"north": {"uv": [0, 0, 16, 16], "rotation": 270, "texture": "#2"},
				"east": {"uv": [0, 0, 16, 16], "rotation": 270, "texture": "#2"},
				"south": {"uv": [0, 0, 16, 16], "rotation": 270, "texture": "#2"},
				"west": {"uv": [0, 0, 16, 16], "rotation": 270, "texture": "#2"},
				"up": {"uv": [0, 0, 16, 16], "rotation": 270, "texture": "#2"},
				"down": {"uv": [0, 0, 16, 16], "rotation": 270, "texture": "#2"}
			}
		},
		{
			"from": [5, 10.5, 4.2],
			"to": [13.2, 12.8, 12.2],
			"rotation": {"angle": 0, "axis": "y", "origin": [21.6, 32, 16]},
			"faces": {
				"north": {"uv": [0, 0, 16, 16], "rotation": 270, "texture": "#2"},
				"east": {"uv": [0, 0, 16, 16], "rotation": 270, "texture": "#2"},
				"south": {"uv": [0, 0, 16, 16], "rotation": 270, "texture": "#2"},
				"west": {"uv": [0, 0, 16, 16], "rotation": 270, "texture": "#2"},
				"up": {"uv": [0, 0, 16, 16], "rotation": 270, "texture": "#2"},
				"down": {"uv": [0, 0, 16, 16], "rotation": 270, "texture": "#2"}
			}
		},
		{
			"from": [5.3, 8.2, 4.5],
			"to": [12.9, 10.5, 11.9],
			"rotation": {"angle": 0, "axis": "y", "origin": [21.6, 32, 16]},
			"faces": {
				"north": {"uv": [0, 0, 16, 16], "rotation": 270, "texture": "#2"},
				"east": {"uv": [0, 0, 16, 16], "rotation": 270, "texture": "#2"},
				"south": {"uv": [0, 0, 16, 16], "rotation": 270, "texture": "#2"},
				"west": {"uv": [0, 0, 16, 16], "rotation": 270, "texture": "#2"},
				"up": {"uv": [0, 0, 16, 16], "rotation": 270, "texture": "#2"},
				"down": {"uv": [0, 0, 16, 16], "rotation": 270, "texture": "#2"}
			}
		},
		{
			"from": [8, 7.1, 7.2],
			"to": [10, 8.2, 9.2],
			"rotation": {"angle": 0, "axis": "y", "origin": [21.6, 32, 16]},
			"faces": {
				"north": {"uv": [4, 1, 5.1, 3], "rotation": 270, "texture": "#0"},
				"east": {"uv": [4, 1, 5.1, 3], "rotation": 270, "texture": "#0"},
				"south": {"uv": [4, 1, 5.1, 3], "rotation": 270, "texture": "#0"},
				"west": {"uv": [4, 1, 5.1, 3], "rotation": 270, "texture": "#0"},
				"up": {"uv": [4, 1, 5.1, 3], "rotation": 270, "texture": "#0"},
				"down": {"uv": [4, 1, 5.1, 3], "rotation": 270, "texture": "#0"}
			}
		},
		{
			"from": [8, 22, 7.2],
			"to": [10, 24.8, 8.7],
			"rotation": {"angle": -22.5, "axis": "x", "origin": [21.6, 32, 16]},
			"faces": {
				"north": {"uv": [0, 0, 16, 16], "rotation": 270, "texture": "#1"},
				"east": {"uv": [0, 0, 16, 16], "rotation": 270, "texture": "#1"},
				"south": {"uv": [0, 0, 16, 16], "rotation": 270, "texture": "#1"},
				"west": {"uv": [0, 0, 16, 16], "rotation": 270, "texture": "#1"},
				"up": {"uv": [0, 0, 16, 16], "rotation": 270, "texture": "#1"},
				"down": {"uv": [0, 0, 16, 16], "rotation": 270, "texture": "#1"}
			}
		},
		{
			"from": [8, 12.2, -9.6],
			"to": [10, 15, -8.1],
			"rotation": {"angle": 22.5, "axis": "x", "origin": [21.6, -16, 16]},
			"faces": {
				"north": {"uv": [0, 0, 16, 16], "rotation": 270, "texture": "#1"},
				"east": {"uv": [0, 0, 16, 16], "rotation": 270, "texture": "#1"},
				"south": {"uv": [0, 0, 16, 16], "rotation": 270, "texture": "#1"},
				"west": {"uv": [0, 0, 16, 16], "rotation": 270, "texture": "#1"},
				"up": {"uv": [0, 0, 16, 16], "rotation": 270, "texture": "#1"},
				"down": {"uv": [0, 0, 16, 16], "rotation": 270, "texture": "#1"}
			}
		},
		{
			"from": [10, 14.1, 7.2],
			"to": [11.5, 16.9, 9.2],
			"rotation": {"angle": -22.5, "axis": "z", "origin": [21.6, 32, 16]},
			"faces": {
				"north": {"uv": [0, 0, 16, 16], "rotation": 90, "texture": "#1"},
				"east": {"uv": [0, 0, 16, 16], "rotation": 90, "texture": "#1"},
				"south": {"uv": [0, 0, 16, 16], "rotation": 90, "texture": "#1"},
				"west": {"uv": [0, 0, 16, 16], "rotation": 90, "texture": "#1"},
				"up": {"uv": [0, 0, 16, 16], "rotation": 90, "texture": "#1"},
				"down": {"uv": [0, 0, 16, 16], "rotation": 90, "texture": "#1"}
			}
		},
		{
			"from": [6.6, 13.1, 7.2],
			"to": [8.1, 15.9, 9.2],
			"rotation": {"angle": 22.5, "axis": "z", "origin": [-5.6, 32, 0]},
			"faces": {
				"north": {"uv": [0, 0, 16, 16], "rotation": 270, "texture": "#1"},
				"east": {"uv": [0, 0, 16, 16], "rotation": 270, "texture": "#1"},
				"south": {"uv": [0, 0, 16, 16], "rotation": 270, "texture": "#1"},
				"west": {"uv": [0, 0, 16, 16], "rotation": 270, "texture": "#1"},
				"up": {"uv": [0, 0, 16, 16], "rotation": 270, "texture": "#1"},
				"down": {"uv": [0, 0, 16, 16], "rotation": 270, "texture": "#1"}
			}
		}
	],
	"display": {
		"thirdperson_righthand": {
			"translation": [-0.5, -2, 0],
			"scale": [0.3, 0.3, 0.3]
		},
		"thirdperson_lefthand": {
			"translation": [0.25, -2, 0],
			"scale": [0.3, 0.3, 0.3]
		},
		"firstperson_righthand": {
			"translation": [0, -2.75, 0.25],
			"scale": [0.3, 0.3, 0.3]
		},
		"firstperson_lefthand": {
			"translation": [0, -2.75, 0.25],
			"scale": [0.3, 0.3, 0.3]
		},
		"ground": {
			"translation": [0, -4, 0],
			"scale": [0.5, 0.5, 0.5]
		},
		"gui": {
			"translation": [-1.25, -9.25, 0],
			"scale": [0.8, 0.8, 0.8]
		}
	}
}