{
	"credit": "Made with Blockbench",
	"parent": "8",
	"textures": {
		"0": "minecraft:block/carved_pumpkin",
		"1": "minecraft:block/enchanting_table_top",
		"2": "minecraft:block/red_mushroom_block",
		"3": "minecraft:block/red_shulker_box",
		"4": "minecraft:block/redstone_lamp",
		"5": "minecraft:block/smoker_top",
		"6": "minecraft:block/blue_concrete",
		"7": "minecraft:block/comparator_on",
		"8": "minecraft:block/cyan_terracotta",
		"particle": "minecraft:block/carved_pumpkin"
	},
	"elements": [
		{
			"from": [1.4, 8.1, -9.55],
			"to": [2, 8.7, -3.025],
			"rotation": {"angle": 0, "axis": "y", "origin": [-4, 0, -4]},
			"faces": {
				"north": {"uv": [2.9, 3, 13, 12.5], "rotation": 180, "texture": "#1"},
				"east": {"uv": [2.9, 3, 13, 12.5], "rotation": 180, "texture": "#1"},
				"south": {"uv": [2.9, 3, 13, 12.5], "rotation": 180, "texture": "#1"},
				"west": {"uv": [2.9, 3, 13, 12.5], "rotation": 180, "texture": "#1"},
				"up": {"uv": [2.9, 3, 13, 12.5], "rotation": 180, "texture": "#1"},
				"down": {"uv": [2.9, 3, 13, 12.5], "rotation": 180, "texture": "#1"}
			}
		},
		{
			"from": [13.7, 7.95, 2.3],
			"to": [22.1, 9, 5.6],
			"rotation": {"angle": -22.5, "axis": "y", "origin": [-4, 0, -4]},
			"faces": {
				"north": {"uv": [2.9, 3, 13, 12.5], "rotation": 180, "texture": "#2"},
				"east": {"uv": [2.9, 3, 13, 12.5], "rotation": 180, "texture": "#2"},
				"south": {"uv": [2.9, 3, 13, 12.5], "rotation": 180, "texture": "#2"},
				"west": {"uv": [2.9, 3, 13, 12.5], "rotation": 180, "texture": "#2"},
				"up": {"uv": [2.9, 3, 13, 12.5], "rotation": 180, "texture": "#2"},
				"down": {"uv": [2.9, 3, 13, 12.5], "rotation": 180, "texture": "#2"}
			}
		},
		{
			"from": [5.75, 6.9, -15.7],
			"to": [14.75, 8.25, -13],
			"rotation": {"angle": -22.5, "axis": "y", "origin": [-4, 0, -4]},
			"faces": {
				"north": {"uv": [2.9, 3, 13, 12.5], "rotation": 180, "texture": "#2"},
				"east": {"uv": [2.9, 3, 13, 12.5], "rotation": 180, "texture": "#2"},
				"south": {"uv": [2.9, 3, 13, 12.5], "rotation": 180, "texture": "#2"},
				"west": {"uv": [2.9, 3, 13, 12.5], "rotation": 180, "texture": "#2"},
				"up": {"uv": [2.9, 3, 13, 12.5], "rotation": 180, "texture": "#2"},
				"down": {"uv": [2.9, 3, 13, 12.5], "rotation": 180, "texture": "#2"}
			}
		},
		{
			"from": [-3.4, 6.9, -8.35],
			"to": [19.25, 8.25, -3.1],
			"rotation": {"angle": 0, "axis": "y", "origin": [-4, 0, -4]},
			"faces": {
				"north": {"uv": [2.9, 3, 13, 12.5], "rotation": 180, "texture": "#3"},
				"east": {"uv": [2.9, 3, 13, 12.5], "rotation": 180, "texture": "#1"},
				"south": {"uv": [2.9, 3, 13, 12.5], "rotation": 180, "texture": "#3"},
				"west": {"uv": [2.9, 3, 13, 12.5], "rotation": 180, "texture": "#1"},
				"up": {"uv": [2.9, 3, 13, 12.5], "rotation": 180, "texture": "#2"},
				"down": {"uv": [2.9, 3, 13, 12.5], "rotation": 180, "texture": "#1"}
			}
		},
		{
			"from": [14.3, 15.15, -7],
			"to": [18.5, 16.5, -3.1],
			"rotation": {"angle": -22.5, "axis": "z", "origin": [-4, 0, -4]},
			"faces": {
				"north": {"uv": [0, 0, 16, 16], "rotation": 180, "texture": "#2"},
				"east": {"uv": [0, 0, 16, 16], "rotation": 180, "texture": "#2"},
				"south": {"uv": [0, 0, 16, 16], "rotation": 180, "texture": "#2"},
				"west": {"uv": [0, 0, 16, 16], "rotation": 180, "texture": "#2"},
				"up": {"uv": [0, 0, 16, 16], "rotation": 180, "texture": "#2"},
				"down": {"uv": [0, 0, 16, 16], "rotation": 180, "texture": "#2"}
			}
		},
		{
			"from": [6.5, 6.75, 6.5],
			"to": [9.5, 9.825, 13.4],
			"rotation": {"angle": 0, "axis": "y", "origin": [-4, 0, -4]},
			"faces": {
				"north": {"uv": [0, 0, 16, 16], "rotation": 180, "texture": "#3"},
				"east": {"uv": [0, 0, 16, 16], "rotation": 180, "texture": "#3"},
				"south": {"uv": [0, 0, 16, 16], "rotation": 180, "texture": "#3"},
				"west": {"uv": [0, 0, 16, 16], "rotation": 180, "texture": "#3"},
				"up": {"uv": [0, 0, 16, 16], "rotation": 180, "texture": "#0"},
				"down": {"uv": [0, 0, 16, 16], "rotation": 180, "texture": "#3"}
			}
		},
		{
			"from": [6.5, -0.3, 11.3],
			"to": [9.5, 1.8, 15.05],
			"rotation": {"angle": -22.5, "axis": "x", "origin": [-4, 0, -4]},
			"faces": {
				"north": {"uv": [0, 0, 2, 1.4], "texture": "#3"},
				"east": {"uv": [0, 0, 2, 1.4], "texture": "#3"},
				"south": {"uv": [0, 0, 16, 16], "texture": "#3"},
				"west": {"uv": [0, 0, 2, 1.4], "texture": "#3"},
				"up": {"uv": [0, 0, 2, 1.4], "texture": "#3"},
				"down": {"uv": [0, 0, 2, 1.4], "texture": "#3"}
			}
		},
		{
			"from": [-7.3, 7.95, 11.45],
			"to": [1.1, 9, 14.75],
			"rotation": {"angle": 22.5, "axis": "y", "origin": [-4, 0, -4]},
			"faces": {
				"north": {"uv": [2.9, 3, 13, 12.5], "rotation": 180, "texture": "#2"},
				"east": {"uv": [2.9, 3, 13, 12.5], "rotation": 180, "texture": "#2"},
				"south": {"uv": [2.9, 3, 13, 12.5], "rotation": 180, "texture": "#2"},
				"west": {"uv": [2.9, 3, 13, 12.5], "rotation": 180, "texture": "#2"},
				"up": {"uv": [2.9, 3, 13, 12.5], "rotation": 180, "texture": "#2"},
				"down": {"uv": [2.9, 3, 13, 12.5], "rotation": 180, "texture": "#2"}
			}
		},
		{
			"from": [-0.25, 6.9, -6.55],
			"to": [8.75, 8.25, -3.7],
			"rotation": {"angle": 22.5, "axis": "y", "origin": [-4, 0, -4]},
			"faces": {
				"north": {"uv": [2.9, 3, 13, 12.5], "rotation": 180, "texture": "#2"},
				"east": {"uv": [2.9, 3, 13, 12.5], "rotation": 180, "texture": "#2"},
				"south": {"uv": [2.9, 3, 13, 12.5], "rotation": 180, "texture": "#2"},
				"west": {"uv": [2.9, 3, 13, 12.5], "rotation": 180, "texture": "#2"},
				"up": {"uv": [2.9, 3, 13, 12.5], "rotation": 180, "texture": "#2"},
				"down": {"uv": [2.9, 3, 13, 12.5], "rotation": 180, "texture": "#2"}
			}
		},
		{
			"from": [6.5, 1.65, 5.225],
			"to": [9.5, 4.5, 10.55],
			"rotation": {"angle": -22.5, "axis": "x", "origin": [-4, 0, -4]},
			"faces": {
				"north": {"uv": [0, 0, 16, 16], "rotation": 180, "texture": "#2"},
				"east": {"uv": [0, 0, 16, 16], "rotation": 180, "texture": "#2"},
				"south": {"uv": [0, 0, 16, 16], "rotation": 180, "texture": "#2"},
				"west": {"uv": [0, 0, 16, 16], "rotation": 180, "texture": "#2"},
				"up": {"uv": [0, 0, 16, 16], "rotation": 180, "texture": "#2"},
				"down": {"uv": [0, 0, 16, 16], "rotation": 180, "texture": "#2"}
			}
		},
		{
			"from": [5.6, 6.9, -14.05],
			"to": [10.4, 9.9, -5.65],
			"rotation": {"angle": 0, "axis": "y", "origin": [-4, 0, -4.45]},
			"faces": {
				"north": {"uv": [0, 0, 16, 16], "rotation": 180, "texture": "#3"},
				"east": {"uv": [0, 0, 16, 16], "rotation": 180, "texture": "#3"},
				"south": {"uv": [0, 0, 16, 16], "rotation": 180, "texture": "#3"},
				"west": {"uv": [0, 0, 16, 16], "rotation": 180, "texture": "#3"},
				"up": {"uv": [0, 0, 16, 16], "rotation": 180, "texture": "#2"},
				"down": {"uv": [0, 0, 16, 16], "rotation": 180, "texture": "#3"}
			}
		},
		{
			"from": [6.5, 9.45, -13.3],
			"to": [9.5, 12.6, -9.55],
			"rotation": {"angle": -22.5, "axis": "x", "origin": [-4, 0, -4]},
			"faces": {
				"north": {"uv": [0, 0, 16, 16], "texture": "#0"},
				"east": {"uv": [0, 0, 16, 16], "rotation": 180, "texture": "#3"},
				"south": {"uv": [0, 0, 16, 16], "rotation": 180, "texture": "#3"},
				"west": {"uv": [0, 0, 16, 16], "rotation": 180, "texture": "#3"},
				"up": {"uv": [0, 0, 16, 16], "rotation": 180, "texture": "#2"},
				"down": {"uv": [0, 0, 16, 16], "rotation": 180, "texture": "#3"}
			}
		},
		{
			"from": [6.5, 10.35, -8.05],
			"to": [9.5, 12.45, -4.3],
			"rotation": {"angle": -22.5, "axis": "x", "origin": [-4, 0, -4.45]},
			"faces": {
				"north": {"uv": [3, 3, 13, 12.8], "texture": "#5"},
				"east": {"uv": [3, 3, 13, 12.8], "texture": "#5"},
				"south": {"uv": [3, 3, 13, 12.8], "texture": "#5"},
				"west": {"uv": [3, 3, 13, 12.8], "texture": "#5"},
				"up": {"uv": [3, 3, 13, 12.8], "texture": "#5"},
				"down": {"uv": [3, 3, 13, 12.8], "texture": "#5"}
			}
		},
		{
			"from": [6.5, 2.7, -15.85],
			"to": [9.5, 4.8, -12.1],
			"rotation": {"angle": 45, "axis": "x", "origin": [-4, 0, -4.45]},
			"faces": {
				"north": {"uv": [3, 3, 13, 12.8], "texture": "#5"},
				"east": {"uv": [3, 3, 13, 12.8], "texture": "#5"},
				"south": {"uv": [3, 3, 13, 12.8], "texture": "#5"},
				"west": {"uv": [3, 3, 13, 12.8], "texture": "#5"},
				"up": {"uv": [3, 3, 13, 12.8], "texture": "#5"},
				"down": {"uv": [3, 3, 13, 12.8], "texture": "#5"}
			}
		},
		{
			"from": [-1.6, 11.55, 6.65],
			"to": [1.4, 14.55, 13.4],
			"rotation": {"angle": -45, "axis": "z", "origin": [-4, 0, -4]},
			"faces": {
				"north": {"uv": [0, 0, 16, 16], "rotation": 180, "texture": "#4"},
				"east": {"uv": [2.9, 3, 13, 12.5], "rotation": 180, "texture": "#1"},
				"south": {"uv": [0, 0, 16, 16], "rotation": 180, "texture": "#5"},
				"west": {"uv": [2.9, 3, 13, 12.5], "rotation": 180, "texture": "#1"},
				"up": {"uv": [2.9, 3, 13, 12.5], "rotation": 180, "texture": "#1"},
				"down": {"uv": [2.9, 3, 13, 12.5], "rotation": 180, "texture": "#1"}
			}
		},
		{
			"from": [-3.25, 10.65, -12.55],
			"to": [-0.25, 13.65, -4.9],
			"rotation": {"angle": -45, "axis": "z", "origin": [-4, 0, -4.45]},
			"faces": {
				"north": {"uv": [0, 0, 16, 16], "rotation": 180, "texture": "#4"},
				"east": {"uv": [2.9, 3, 13, 12.5], "rotation": 180, "texture": "#1"},
				"south": {"uv": [2.9, 3, 13, 12.5], "rotation": 180, "texture": "#1"},
				"west": {"uv": [2.9, 3, 13, 12.5], "rotation": 180, "texture": "#1"},
				"up": {"uv": [2.9, 3, 13, 12.5], "rotation": 180, "texture": "#1"},
				"down": {"uv": [2.9, 3, 13, 12.5], "rotation": 180, "texture": "#1"}
			}
		},
		{
			"from": [-0.55, 13.5, -12.55],
			"to": [2.45, 16.5, -4.9],
			"rotation": {"angle": -45, "axis": "z", "origin": [-4, 0, -4.45]},
			"faces": {
				"north": {"uv": [0, 0, 16, 16], "rotation": 180, "texture": "#4"},
				"east": {"uv": [2.9, 3, 13, 12.5], "rotation": 180, "texture": "#1"},
				"south": {"uv": [2.9, 3, 13, 12.5], "rotation": 180, "texture": "#1"},
				"west": {"uv": [2.9, 3, 13, 12.5], "rotation": 180, "texture": "#1"},
				"up": {"uv": [2.9, 3, 13, 12.5], "rotation": 180, "texture": "#1"},
				"down": {"uv": [2.9, 3, 13, 12.5], "rotation": 180, "texture": "#1"}
			}
		},
		{
			"from": [6.5, 6.75, -9.55],
			"to": [9.5, 8.4, -5.35],
			"rotation": {"angle": 22.5, "axis": "x", "origin": [-4, 0, -4.45]},
			"faces": {
				"north": {"uv": [0, 0, 16, 16], "texture": "#2"},
				"east": {"uv": [0, 0, 16, 16], "texture": "#2"},
				"south": {"uv": [0, 0, 16, 16], "texture": "#2"},
				"west": {"uv": [0, 0, 16, 16], "texture": "#2"},
				"up": {"uv": [0, 0, 16, 16], "texture": "#2"},
				"down": {"uv": [0, 0, 16, 16], "texture": "#2"}
			}
		},
		{
			"from": [14, 8.1, -9.55],
			"to": [14.6, 8.7, -3.025],
			"rotation": {"angle": 0, "axis": "y", "origin": [-4, 0, -4]},
			"faces": {
				"north": {"uv": [2.9, 3, 13, 12.5], "rotation": 180, "texture": "#1"},
				"east": {"uv": [2.9, 3, 13, 12.5], "rotation": 180, "texture": "#1"},
				"south": {"uv": [2.9, 3, 13, 12.5], "rotation": 180, "texture": "#1"},
				"west": {"uv": [2.9, 3, 13, 12.5], "rotation": 180, "texture": "#1"},
				"up": {"uv": [2.9, 3, 13, 12.5], "rotation": 180, "texture": "#1"},
				"down": {"uv": [2.9, 3, 13, 12.5], "rotation": 180, "texture": "#1"}
			}
		},
		{
			"from": [-3.4, 8.1, -8.5],
			"to": [-2.8, 8.7, -3.025],
			"rotation": {"angle": 0, "axis": "y", "origin": [-4, 0, -4]},
			"faces": {
				"north": {"uv": [2.9, 3, 13, 12.5], "rotation": 180, "texture": "#1"},
				"east": {"uv": [2.9, 3, 13, 12.5], "rotation": 180, "texture": "#1"},
				"south": {"uv": [2.9, 3, 13, 12.5], "rotation": 180, "texture": "#1"},
				"west": {"uv": [2.9, 3, 13, 12.5], "rotation": 180, "texture": "#1"},
				"up": {"uv": [2.9, 3, 13, 12.5], "rotation": 180, "texture": "#1"},
				"down": {"uv": [2.9, 3, 13, 12.5], "rotation": 180, "texture": "#1"}
			}
		},
		{
			"from": [18.5, 8.1, -8.5],
			"to": [19.1, 8.7, -3.025],
			"rotation": {"angle": 0, "axis": "y", "origin": [-4, 0, -4]},
			"faces": {
				"north": {"uv": [2.9, 3, 13, 12.5], "rotation": 180, "texture": "#1"},
				"east": {"uv": [2.9, 3, 13, 12.5], "rotation": 180, "texture": "#1"},
				"south": {"uv": [2.9, 3, 13, 12.5], "rotation": 180, "texture": "#1"},
				"west": {"uv": [2.9, 3, 13, 12.5], "rotation": 180, "texture": "#1"},
				"up": {"uv": [2.9, 3, 13, 12.5], "rotation": 180, "texture": "#1"},
				"down": {"uv": [2.9, 3, 13, 12.5], "rotation": 180, "texture": "#1"}
			}
		},
		{
			"from": [6.5, 4.8, -15.85],
			"to": [9.5, 7.875, 6.8],
			"rotation": {"angle": 0, "axis": "y", "origin": [-4, 0, -4]},
			"faces": {
				"north": {"uv": [0, 0, 16, 16], "rotation": 180, "texture": "#3"},
				"east": {"uv": [0, 0, 16, 16], "rotation": 180, "texture": "#3"},
				"south": {"uv": [0, 0, 16, 16], "rotation": 180, "texture": "#3"},
				"west": {"uv": [0, 0, 16, 16], "rotation": 180, "texture": "#3"},
				"up": {"uv": [0, 0, 16, 16], "rotation": 180, "texture": "#3"},
				"down": {"uv": [0, 0, 16, 16], "rotation": 180, "texture": "#3"}
			}
		},
		{
			"from": [-4.45, 6, -7],
			"to": [-0.25, 7.35, -3.1],
			"rotation": {"angle": 22.5, "axis": "z", "origin": [-4, 0, -4]},
			"faces": {
				"north": {"uv": [0, 0, 16, 16], "rotation": 180, "texture": "#2"},
				"east": {"uv": [0, 0, 16, 16], "rotation": 180, "texture": "#2"},
				"south": {"uv": [0, 0, 16, 16], "rotation": 180, "texture": "#2"},
				"west": {"uv": [0, 0, 16, 16], "rotation": 180, "texture": "#2"},
				"up": {"uv": [0, 0, 16, 16], "rotation": 180, "texture": "#2"},
				"down": {"uv": [0, 0, 16, 16], "rotation": 180, "texture": "#2"}
			}
		},
		{
			"from": [0.05, 5.7, 11.15],
			"to": [0.65, 8.7, 14.375],
			"rotation": {"angle": 0, "axis": "y", "origin": [-4, 0, -4]},
			"faces": {
				"north": {"uv": [0, 0, 16, 16], "rotation": 180, "texture": "#2"},
				"east": {"uv": [0, 0, 16, 16], "rotation": 180, "texture": "#2"},
				"south": {"uv": [0, 0, 16, 16], "rotation": 180, "texture": "#2"},
				"west": {"uv": [0, 0, 16, 16], "rotation": 180, "texture": "#2"},
				"up": {"uv": [0, 0, 16, 16], "rotation": 180, "texture": "#2"},
				"down": {"uv": [0, 0, 16, 16], "rotation": 180, "texture": "#2"}
			}
		},
		{
			"from": [15.8, 5.7, 11.15],
			"to": [16.4, 8.7, 14.375],
			"rotation": {"angle": 0, "axis": "y", "origin": [-4, 0, -4]},
			"faces": {
				"north": {"uv": [0, 0, 16, 16], "rotation": 180, "texture": "#2"},
				"east": {"uv": [0, 0, 16, 16], "rotation": 180, "texture": "#2"},
				"south": {"uv": [0, 0, 16, 16], "rotation": 180, "texture": "#2"},
				"west": {"uv": [0, 0, 16, 16], "rotation": 180, "texture": "#2"},
				"up": {"uv": [0, 0, 16, 16], "rotation": 180, "texture": "#2"},
				"down": {"uv": [0, 0, 16, 16], "rotation": 180, "texture": "#2"}
			}
		},
		{
			"from": [5.849, 6.5205, -1.4035],
			"to": [5.93, 7.3305, -0.9175],
			"rotation": {"angle": 22.5, "axis": "x", "origin": [6.335, 5.00175, -3.8335]},
			"faces": {
				"north": {"uv": [0, 0, 16, 16], "texture": "#6"},
				"east": {"uv": [0, 0, 16, 16], "texture": "#6"},
				"south": {"uv": [0, 0, 16, 16], "texture": "#6"},
				"west": {"uv": [0, 0, 16, 16], "texture": "#6"},
				"up": {"uv": [0, 0, 16, 16], "texture": "#6"},
				"down": {"uv": [0, 0, 16, 16], "texture": "#6"}
			}
		},
		{
			"from": [5.8085, 4.0905, -0.5935],
			"to": [5.93, 4.9005, -0.1885],
			"rotation": {"angle": -22.5, "axis": "x", "origin": [6.335, 5.00175, -3.8335]},
			"faces": {
				"north": {"uv": [0, 0, 16, 16], "texture": "#6"},
				"east": {"uv": [0, 0, 16, 16], "texture": "#6"},
				"south": {"uv": [0, 0, 16, 16], "texture": "#6"},
				"west": {"uv": [0, 0, 16, 16], "texture": "#6"},
				"up": {"uv": [0, 0, 16, 16], "texture": "#6"},
				"down": {"uv": [0, 0, 16, 16], "texture": "#6"}
			}
		},
		{
			"from": [5.849, 6.2775, -0.31],
			"to": [5.93, 7.0875, 0.095],
			"rotation": {"angle": 0, "axis": "y", "origin": [6.335, 4.75875, -1.12]},
			"faces": {
				"north": {"uv": [0, 0, 16, 16], "texture": "#6"},
				"east": {"uv": [0, 0, 16, 16], "texture": "#6"},
				"south": {"uv": [0, 0, 16, 16], "texture": "#6"},
				"west": {"uv": [0, 0, 16, 16], "texture": "#6"},
				"up": {"uv": [0, 0, 16, 16], "texture": "#6"},
				"down": {"uv": [0, 0, 16, 16], "texture": "#6"}
			}
		},
		{
			"from": [5.849, 7.0875, -0.31],
			"to": [5.93, 7.4925, 1.715],
			"rotation": {"angle": 0, "axis": "y", "origin": [6.335, 4.75875, -1.12]},
			"faces": {
				"north": {"uv": [0, 0, 16, 16], "texture": "#6"},
				"east": {"uv": [0, 0, 16, 16], "texture": "#6"},
				"south": {"uv": [0, 0, 16, 16], "texture": "#6"},
				"west": {"uv": [0, 0, 16, 16], "texture": "#6"},
				"up": {"uv": [0, 0, 16, 16], "texture": "#6"},
				"down": {"uv": [0, 0, 16, 16], "texture": "#6"}
			}
		},
		{
			"from": [5.8085, 7.39125, -0.9175],
			"to": [5.93, 7.59375, -0.41125],
			"rotation": {"angle": 22.5, "axis": "x", "origin": [6.335, 4.75875, -1.12]},
			"faces": {
				"north": {"uv": [0, 0, 16, 16], "texture": "#6"},
				"east": {"uv": [0, 0, 16, 16], "texture": "#6"},
				"south": {"uv": [0, 0, 16, 16], "texture": "#6"},
				"west": {"uv": [0, 0, 16, 16], "texture": "#6"},
				"up": {"uv": [0, 0, 16, 16], "texture": "#6"},
				"down": {"uv": [0, 0, 16, 16], "texture": "#6"}
			}
		},
		{
			"from": [5.849, 6.48, 0.5],
			"to": [5.93, 7.0875, 0.905],
			"rotation": {"angle": 0, "axis": "y", "origin": [6.335, 4.75875, -1.12]},
			"faces": {
				"north": {"uv": [0, 0, 16, 16], "texture": "#6"},
				"east": {"uv": [0, 0, 16, 16], "texture": "#6"},
				"south": {"uv": [0, 0, 16, 16], "texture": "#6"},
				"west": {"uv": [0, 0, 16, 16], "texture": "#6"},
				"up": {"uv": [0, 0, 16, 16], "texture": "#6"},
				"down": {"uv": [0, 0, 16, 16], "texture": "#6"}
			}
		},
		{
			"from": [5.8085, 5.97375, 1.5125],
			"to": [5.93, 6.17625, 2.01875],
			"rotation": {"angle": -22.5, "axis": "x", "origin": [6.335, 4.75875, -1.12]},
			"faces": {
				"north": {"uv": [0, 0, 16, 16], "texture": "#6"},
				"east": {"uv": [0, 0, 16, 16], "texture": "#6"},
				"south": {"uv": [0, 0, 16, 16], "texture": "#6"},
				"west": {"uv": [0, 0, 16, 16], "texture": "#6"},
				"up": {"uv": [0, 0, 16, 16], "texture": "#6"},
				"down": {"uv": [0, 0, 16, 16], "texture": "#6"}
			}
		},
		{
			"from": [5.849, 6.2775, 1.31],
			"to": [5.93, 7.0875, 1.715],
			"rotation": {"angle": 0, "axis": "y", "origin": [6.335, 4.75875, -1.12]},
			"faces": {
				"north": {"uv": [0, 0, 16, 16], "texture": "#6"},
				"east": {"uv": [0, 0, 16, 16], "texture": "#6"},
				"south": {"uv": [0, 0, 16, 16], "texture": "#6"},
				"west": {"uv": [0, 0, 16, 16], "texture": "#6"},
				"up": {"uv": [0, 0, 16, 16], "texture": "#6"},
				"down": {"uv": [0, 0, 16, 16], "texture": "#6"}
			}
		},
		{
			"from": [5.8085, 4.0905, 1.9175],
			"to": [5.93, 4.9005, 2.3225],
			"rotation": {"angle": -22.5, "axis": "x", "origin": [6.335, 5.00175, -1.3225]},
			"faces": {
				"north": {"uv": [0, 0, 16, 16], "texture": "#6"},
				"east": {"uv": [0, 0, 16, 16], "texture": "#6"},
				"south": {"uv": [0, 0, 16, 16], "texture": "#6"},
				"west": {"uv": [0, 0, 16, 16], "texture": "#6"},
				"up": {"uv": [0, 0, 16, 16], "texture": "#6"},
				"down": {"uv": [0, 0, 16, 16], "texture": "#6"}
			}
		},
		{
			"from": [5.849, 6.5205, 1.1075],
			"to": [5.93, 7.3305, 1.5935],
			"rotation": {"angle": 22.5, "axis": "x", "origin": [6.335, 5.00175, -1.3225]},
			"faces": {
				"north": {"uv": [0, 0, 16, 16], "texture": "#6"},
				"east": {"uv": [0, 0, 16, 16], "texture": "#6"},
				"south": {"uv": [0, 0, 16, 16], "texture": "#6"},
				"west": {"uv": [0, 0, 16, 16], "texture": "#6"},
				"up": {"uv": [0, 0, 16, 16], "texture": "#6"},
				"down": {"uv": [0, 0, 16, 16], "texture": "#6"}
			}
		},
		{
			"from": [5.849, 5.67, 0.905],
			"to": [5.93, 6.6825, 1.31],
			"rotation": {"angle": 0, "axis": "y", "origin": [6.335, 4.75875, -1.12]},
			"faces": {
				"north": {"uv": [0, 0, 16, 16], "texture": "#6"},
				"east": {"uv": [0, 0, 16, 16], "texture": "#6"},
				"south": {"uv": [0, 0, 16, 16], "texture": "#6"},
				"west": {"uv": [0, 0, 16, 16], "texture": "#6"},
				"up": {"uv": [0, 0, 16, 16], "texture": "#6"},
				"down": {"uv": [0, 0, 16, 16], "texture": "#6"}
			}
		},
		{
			"from": [5.849, 5.4675, 0.5],
			"to": [5.93, 6.1965, 0.905],
			"rotation": {"angle": 0, "axis": "y", "origin": [6.335, 4.75875, -1.12]},
			"faces": {
				"north": {"uv": [0, 0, 16, 16], "texture": "#6"},
				"east": {"uv": [0, 0, 16, 16], "texture": "#6"},
				"south": {"uv": [0, 0, 16, 16], "texture": "#6"},
				"west": {"uv": [0, 0, 16, 16], "texture": "#6"},
				"up": {"uv": [0, 0, 16, 16], "texture": "#6"},
				"down": {"uv": [0, 0, 16, 16], "texture": "#6"}
			}
		},
		{
			"from": [5.849, 5.5485, 0.095],
			"to": [5.93, 6.6825, 0.5],
			"rotation": {"angle": 0, "axis": "y", "origin": [6.335, 4.75875, -1.12]},
			"faces": {
				"north": {"uv": [0, 0, 16, 16], "texture": "#6"},
				"east": {"uv": [0, 0, 16, 16], "texture": "#6"},
				"south": {"uv": [0, 0, 16, 16], "texture": "#6"},
				"west": {"uv": [0, 0, 16, 16], "texture": "#6"},
				"up": {"uv": [0, 0, 16, 16], "texture": "#6"},
				"down": {"uv": [0, 0, 16, 16], "texture": "#6"}
			}
		},
		{
			"from": [5.8085, 4.55625, 0.905],
			"to": [5.93, 4.86, 1.41125],
			"rotation": {"angle": -45, "axis": "x", "origin": [6.335, 4.75875, -1.12]},
			"faces": {
				"north": {"uv": [0, 0, 16, 16], "texture": "#6"},
				"east": {"uv": [0, 0, 16, 16], "texture": "#6"},
				"south": {"uv": [0, 0, 16, 16], "texture": "#6"},
				"west": {"uv": [0, 0, 16, 16], "texture": "#6"},
				"up": {"uv": [0, 0, 16, 16], "texture": "#6"},
				"down": {"uv": [0, 0, 16, 16], "texture": "#6"}
			}
		},
		{
			"from": [5.8085, 6.98625, -0.81625],
			"to": [5.93, 7.18875, -0.31],
			"rotation": {"angle": 22.5, "axis": "x", "origin": [6.335, 4.75875, -1.12]},
			"faces": {
				"north": {"uv": [0, 0, 16, 16], "texture": "#6"},
				"east": {"uv": [0, 0, 16, 16], "texture": "#6"},
				"south": {"uv": [0, 0, 16, 16], "texture": "#6"},
				"west": {"uv": [0, 0, 16, 16], "texture": "#6"},
				"up": {"uv": [0, 0, 16, 16], "texture": "#6"},
				"down": {"uv": [0, 0, 16, 16], "texture": "#6"}
			}
		},
		{
			"from": [5.768, 6.885, -0.1075],
			"to": [5.93, 7.18875, 0.39875],
			"rotation": {"angle": 22.5, "axis": "x", "origin": [6.335, 4.75875, -1.12]},
			"faces": {
				"north": {"uv": [0, 0, 16, 16], "texture": "#6"},
				"east": {"uv": [0, 0, 16, 16], "texture": "#6"},
				"south": {"uv": [0, 0, 16, 16], "texture": "#6"},
				"west": {"uv": [0, 0, 16, 16], "texture": "#6"},
				"up": {"uv": [0, 0, 16, 16], "texture": "#6"},
				"down": {"uv": [0, 0, 16, 16], "texture": "#6"}
			}
		},
		{
			"from": [5.8085, 4.35375, 1.715],
			"to": [5.93, 4.55625, 2.22125],
			"rotation": {"angle": -45, "axis": "x", "origin": [6.335, 4.75875, -1.12]},
			"faces": {
				"north": {"uv": [0, 0, 16, 16], "texture": "#6"},
				"east": {"uv": [0, 0, 16, 16], "texture": "#6"},
				"south": {"uv": [0, 0, 16, 16], "texture": "#6"},
				"west": {"uv": [0, 0, 16, 16], "texture": "#6"},
				"up": {"uv": [0, 0, 16, 16], "texture": "#6"},
				"down": {"uv": [0, 0, 16, 16], "texture": "#6"}
			}
		},
		{
			"from": [5.849, 5.4675, 0.986],
			"to": [5.93, 5.67, 1.08725],
			"rotation": {"angle": 0, "axis": "y", "origin": [6.335, 4.75875, -1.12]},
			"faces": {
				"north": {"uv": [0, 0, 16, 16], "texture": "#6"},
				"east": {"uv": [0, 0, 16, 16], "texture": "#6"},
				"south": {"uv": [0, 0, 16, 16], "texture": "#6"},
				"west": {"uv": [0, 0, 16, 16], "texture": "#6"},
				"up": {"uv": [0, 0, 16, 16], "texture": "#6"},
				"down": {"uv": [0, 0, 16, 16], "texture": "#6"}
			}
		},
		{
			"from": [5.849, 5.346, 0.7835],
			"to": [5.93, 5.4675, 0.88475],
			"rotation": {"angle": 0, "axis": "y", "origin": [6.335, 4.75875, -1.12]},
			"faces": {
				"north": {"uv": [0, 0, 16, 16], "texture": "#6"},
				"east": {"uv": [0, 0, 16, 16], "texture": "#6"},
				"south": {"uv": [0, 0, 16, 16], "texture": "#6"},
				"west": {"uv": [0, 0, 16, 16], "texture": "#6"},
				"up": {"uv": [0, 0, 16, 16], "texture": "#6"},
				"down": {"uv": [0, 0, 16, 16], "texture": "#6"}
			}
		},
		{
			"from": [5.849, 5.346, 0.581],
			"to": [5.93, 5.4675, 0.68225],
			"rotation": {"angle": 0, "axis": "y", "origin": [6.335, 4.75875, -1.12]},
			"faces": {
				"north": {"uv": [0, 0, 16, 16], "texture": "#6"},
				"east": {"uv": [0, 0, 16, 16], "texture": "#6"},
				"south": {"uv": [0, 0, 16, 16], "texture": "#6"},
				"west": {"uv": [0, 0, 16, 16], "texture": "#6"},
				"up": {"uv": [0, 0, 16, 16], "texture": "#6"},
				"down": {"uv": [0, 0, 16, 16], "texture": "#6"}
			}
		},
		{
			"from": [5.849, 5.346, 0.3785],
			"to": [5.93, 5.5485, 0.47975],
			"rotation": {"angle": 0, "axis": "y", "origin": [6.335, 4.75875, -1.12]},
			"faces": {
				"north": {"uv": [0, 0, 16, 16], "texture": "#6"},
				"east": {"uv": [0, 0, 16, 16], "texture": "#6"},
				"south": {"uv": [0, 0, 16, 16], "texture": "#6"},
				"west": {"uv": [0, 0, 16, 16], "texture": "#6"},
				"up": {"uv": [0, 0, 16, 16], "texture": "#6"},
				"down": {"uv": [0, 0, 16, 16], "texture": "#6"}
			}
		},
		{
			"from": [5.849, 5.346, 0.1355],
			"to": [5.93, 5.5485, 0.23675],
			"rotation": {"angle": 0, "axis": "y", "origin": [6.335, 4.75875, -1.12]},
			"faces": {
				"north": {"uv": [0, 0, 16, 16], "texture": "#6"},
				"east": {"uv": [0, 0, 16, 16], "texture": "#6"},
				"south": {"uv": [0, 0, 16, 16], "texture": "#6"},
				"west": {"uv": [0, 0, 16, 16], "texture": "#6"},
				"up": {"uv": [0, 0, 16, 16], "texture": "#6"},
				"down": {"uv": [0, 0, 16, 16], "texture": "#6"}
			}
		},
		{
			"from": [5.849, 5.4675, 1.229],
			"to": [5.93, 5.67, 1.33025],
			"rotation": {"angle": 0, "axis": "y", "origin": [6.335, 4.75875, -1.12]},
			"faces": {
				"north": {"uv": [0, 0, 16, 16], "texture": "#6"},
				"east": {"uv": [0, 0, 16, 16], "texture": "#6"},
				"south": {"uv": [0, 0, 16, 16], "texture": "#6"},
				"west": {"uv": [0, 0, 16, 16], "texture": "#6"},
				"up": {"uv": [0, 0, 16, 16], "texture": "#6"},
				"down": {"uv": [0, 0, 16, 16], "texture": "#6"}
			}
		},
		{
			"from": [0.839, 6.1425, -6.3025],
			"to": [1.871, 7.0455, -3.787],
			"rotation": {"angle": 0, "axis": "y", "origin": [-3.16, 2.7885, -1.465]},
			"faces": {
				"north": {"uv": [0, 0, 16, 16], "rotation": 90, "texture": "#8"},
				"east": {"uv": [0, 0, 16, 16], "rotation": 90, "texture": "#8"},
				"south": {"uv": [0, 0, 16, 16], "texture": "#7"},
				"west": {"uv": [0, 0, 16, 16], "rotation": 90, "texture": "#8"},
				"up": {"uv": [0, 0, 16, 16], "rotation": 90, "texture": "#8"},
				"down": {"uv": [0, 0, 16, 16], "rotation": 90, "texture": "#8"}
			}
		},
		{
			"from": [0.9035, 6.078, -6.3025],
			"to": [1.8065, 6.1425, -3.787],
			"rotation": {"angle": 0, "axis": "y", "origin": [-3.16, 2.7885, -1.465]},
			"faces": {
				"north": {"uv": [0, 0, 1.4, 3.9], "rotation": 180, "texture": "#8"},
				"east": {"uv": [0, 0, 1.4, 3.9], "rotation": 180, "texture": "#8"},
				"south": {"uv": [0, 0, 1.4, 3.9], "rotation": 180, "texture": "#8"},
				"west": {"uv": [0, 0, 1.4, 3.9], "rotation": 180, "texture": "#8"},
				"up": {"uv": [0, 0, 1.4, 3.9], "rotation": 180, "texture": "#8"},
				"down": {"uv": [0, 0, 16, 16], "rotation": 180, "texture": "#8"}
			}
		},
		{
			"from": [0.9035, 6.1425, -7.0765],
			"to": [1.8065, 7.0455, -6.3025],
			"rotation": {"angle": 0, "axis": "y", "origin": [-3.16, 2.7885, -1.465]},
			"faces": {
				"north": {"uv": [0, 0, 16, 16], "rotation": 270, "texture": "#3"},
				"east": {"uv": [0, 0, 16, 16], "rotation": 270, "texture": "#3"},
				"south": {"uv": [0, 0, 16, 16], "rotation": 270, "texture": "#3"},
				"west": {"uv": [0, 0, 16, 16], "rotation": 270, "texture": "#3"},
				"up": {"uv": [0, 0, 16, 16], "rotation": 270, "texture": "#3"},
				"down": {"uv": [0, 0, 16, 16], "rotation": 270, "texture": "#3"}
			}
		},
		{
			"from": [1.0325, 6.2715, -7.4635],
			"to": [1.6775, 6.9165, -7.3345],
			"rotation": {"angle": 0, "axis": "y", "origin": [-3.16, 2.7885, -1.465]},
			"faces": {
				"north": {"uv": [0, 0, 16, 16], "rotation": 180, "texture": "#8"},
				"east": {"uv": [0, 0, 16, 16], "rotation": 180, "texture": "#8"},
				"south": {"uv": [0, 0, 16, 16], "rotation": 180, "texture": "#8"},
				"west": {"uv": [0, 0, 16, 16], "rotation": 180, "texture": "#8"},
				"up": {"uv": [0, 0, 16, 16], "rotation": 180, "texture": "#8"},
				"down": {"uv": [0, 0, 16, 16], "rotation": 180, "texture": "#8"}
			}
		},
		{
			"from": [0.968, 6.207, -7.3345],
			"to": [1.742, 6.981, -7.0765],
			"rotation": {"angle": 0, "axis": "y", "origin": [-3.16, 2.7885, -1.465]},
			"faces": {
				"north": {"uv": [0, 0, 1.2, 0.4], "rotation": 180, "texture": "#8"},
				"east": {"uv": [0, 0, 1.2, 0.4], "rotation": 180, "texture": "#8"},
				"south": {"uv": [0, 0, 1.2, 0.4], "rotation": 180, "texture": "#8"},
				"west": {"uv": [0, 0, 1.2, 0.4], "rotation": 180, "texture": "#8"},
				"up": {"uv": [0, 0, 1.2, 0.4], "rotation": 180, "texture": "#8"},
				"down": {"uv": [0, 0, 16, 16], "rotation": 180, "texture": "#8"}
			}
		},
		{
			"from": [0.9035, 7.0455, -6.3025],
			"to": [1.8065, 7.11, -3.787],
			"rotation": {"angle": 0, "axis": "y", "origin": [-3.16, 2.7885, -1.465]},
			"color": 4,
			"faces": {
				"north": {"uv": [0, 0, 1.4, 0.1], "rotation": 180, "texture": "#missing"},
				"east": {"uv": [0, 0, 0.1, 3.9], "rotation": 90, "texture": "#missing"},
				"south": {"uv": [0, 0, 1.4, 0.1], "texture": "#missing"},
				"west": {"uv": [0, 0, 0.1, 3.9], "rotation": 270, "texture": "#missing"},
				"up": {"uv": [0, 0, 1.4, 3.9], "texture": "#missing"},
				"down": {"uv": [0, 0, 1.4, 3.9], "rotation": 180, "texture": "#missing"}
			}
		},
		{
			"from": [-3.2245, 6.465, -6.9475],
			"to": [-2.4505, 6.723, -6.1735],
			"rotation": {"angle": -45, "axis": "y", "origin": [-3.16, 2.7885, -1.465]},
			"faces": {
				"north": {"uv": [0, 0, 1.2, 1.2], "rotation": 180, "texture": "#8"},
				"east": {"uv": [0, 0, 1.2, 1.2], "rotation": 180, "texture": "#8"},
				"south": {"uv": [0, 0, 1.2, 1.2], "rotation": 180, "texture": "#8"},
				"west": {"uv": [0, 0, 1.2, 1.2], "rotation": 180, "texture": "#8"},
				"up": {"uv": [0, 0, 1.2, 1.2], "rotation": 180, "texture": "#8"},
				"down": {"uv": [0, 0, 16, 16], "rotation": 180, "texture": "#8"}
			}
		},
		{
			"from": [-3.2245, 6.465, -6.1735],
			"to": [-2.9665, 6.723, -5.7865],
			"rotation": {"angle": -45, "axis": "y", "origin": [-3.16, 2.7885, -1.465]},
			"faces": {
				"north": {"uv": [0, 0, 0.4, 0.6], "rotation": 180, "texture": "#8"},
				"east": {"uv": [0, 0, 0.4, 0.6], "rotation": 180, "texture": "#8"},
				"south": {"uv": [0, 0, 0.4, 0.6], "rotation": 180, "texture": "#8"},
				"west": {"uv": [0, 0, 0.4, 0.6], "rotation": 180, "texture": "#8"},
				"up": {"uv": [0, 0, 0.4, 0.6], "rotation": 180, "texture": "#8"},
				"down": {"uv": [0, 0, 16, 16], "rotation": 180, "texture": "#8"}
			}
		},
		{
			"from": [-0.1285, 6.465, -4.6255],
			"to": [2.8385, 6.723, -4.303],
			"rotation": {"angle": 0, "axis": "y", "origin": [-3.16, 2.7885, -1.465]},
			"faces": {
				"north": {"uv": [0, 0, 4.6, 0.5], "rotation": 180, "texture": "#8"},
				"east": {"uv": [0, 0, 4.6, 0.5], "rotation": 180, "texture": "#8"},
				"south": {"uv": [0, 0, 4.6, 0.5], "rotation": 180, "texture": "#8"},
				"west": {"uv": [0, 0, 4.6, 0.5], "rotation": 180, "texture": "#8"},
				"up": {"uv": [0, 0, 4.6, 0.5], "rotation": 180, "texture": "#8"},
				"down": {"uv": [0, 0, 16, 16], "rotation": 180, "texture": "#8"}
			}
		},
		{
			"from": [-2.257, 6.465, -7.915],
			"to": [-1.483, 6.723, -7.141],
			"rotation": {"angle": -45, "axis": "y", "origin": [-3.16, 2.7885, -1.465]},
			"faces": {
				"north": {"uv": [0, 0, 1.2, 1.2], "rotation": 180, "texture": "#8"},
				"east": {"uv": [0, 0, 1.2, 1.2], "rotation": 180, "texture": "#8"},
				"south": {"uv": [0, 0, 1.2, 1.2], "rotation": 180, "texture": "#8"},
				"west": {"uv": [0, 0, 1.2, 1.2], "rotation": 180, "texture": "#8"},
				"up": {"uv": [0, 0, 1.2, 1.2], "rotation": 180, "texture": "#8"},
				"down": {"uv": [0, 0, 16, 16], "rotation": 180, "texture": "#8"}
			}
		},
		{
			"from": [-1.483, 6.465, -7.915],
			"to": [-1.096, 6.723, -7.657],
			"rotation": {"angle": -45, "axis": "y", "origin": [-3.16, 2.7885, -1.465]},
			"faces": {
				"north": {"uv": [0, 0, 0.6, 0.4], "rotation": 180, "texture": "#8"},
				"east": {"uv": [0, 0, 0.6, 0.4], "rotation": 180, "texture": "#8"},
				"south": {"uv": [0, 0, 0.6, 0.4], "rotation": 180, "texture": "#8"},
				"west": {"uv": [0, 0, 0.6, 0.4], "rotation": 180, "texture": "#8"},
				"up": {"uv": [0, 0, 0.6, 0.4], "rotation": 180, "texture": "#8"},
				"down": {"uv": [0, 0, 16, 16], "rotation": 180, "texture": "#8"}
			}
		},
		{
			"from": [2.258, 6.1425, -1.723],
			"to": [2.387, 7.0455, -1.207],
			"rotation": {"angle": 22.5, "axis": "y", "origin": [-3.16, 2.7885, -1.465]},
			"faces": {
				"north": {"uv": [0, 0, 0.2, 0.8], "rotation": 180, "texture": "#8"},
				"east": {"uv": [0, 0, 0.2, 0.8], "rotation": 180, "texture": "#8"},
				"south": {"uv": [0, 0, 0.2, 0.8], "rotation": 180, "texture": "#8"},
				"west": {"uv": [0, 0, 0.2, 0.8], "rotation": 180, "texture": "#8"},
				"up": {"uv": [0, 0, 0.2, 0.8], "rotation": 180, "texture": "#8"},
				"down": {"uv": [0, 0, 16, 16], "rotation": 180, "texture": "#8"}
			}
		},
		{
			"from": [-0.3865, 6.1425, -5.206],
			"to": [-0.2575, 7.0455, -4.69],
			"rotation": {"angle": -22.5, "axis": "y", "origin": [-3.16, 2.7885, -1.465]},
			"faces": {
				"north": {"uv": [0, 0, 0.2, 0.8], "rotation": 180, "texture": "#8"},
				"east": {"uv": [0, 0, 0.2, 0.8], "rotation": 180, "texture": "#8"},
				"south": {"uv": [0, 0, 0.2, 0.8], "rotation": 180, "texture": "#8"},
				"west": {"uv": [0, 0, 0.2, 0.8], "rotation": 180, "texture": "#8"},
				"up": {"uv": [0, 0, 0.2, 0.8], "rotation": 180, "texture": "#8"},
				"down": {"uv": [0, 0, 16, 16], "rotation": 180, "texture": "#8"}
			}
		},
		{
			"from": [13.739, 6.1425, -6.3025],
			"to": [14.771, 7.0455, -3.787],
			"rotation": {"angle": 0, "axis": "y", "origin": [9.74, 2.7885, -1.465]},
			"faces": {
				"north": {"uv": [0, 0, 16, 16], "rotation": 180, "texture": "#8"},
				"east": {"uv": [0, 0, 16, 16], "rotation": 180, "texture": "#8"},
				"south": {"uv": [0, 0, 16, 16], "texture": "#7"},
				"west": {"uv": [0, 0, 16, 16], "rotation": 180, "texture": "#8"},
				"up": {"uv": [0, 0, 16, 16], "rotation": 180, "texture": "#8"},
				"down": {"uv": [0, 0, 16, 16], "rotation": 180, "texture": "#8"}
			}
		},
		{
			"from": [13.8035, 6.078, -6.3025],
			"to": [14.7065, 6.1425, -3.787],
			"rotation": {"angle": 0, "axis": "y", "origin": [9.74, 2.7885, -1.465]},
			"faces": {
				"north": {"uv": [0, 0, 1.4, 3.9], "rotation": 180, "texture": "#8"},
				"east": {"uv": [0, 0, 1.4, 3.9], "rotation": 180, "texture": "#8"},
				"south": {"uv": [0, 0, 1.4, 3.9], "rotation": 180, "texture": "#8"},
				"west": {"uv": [0, 0, 1.4, 3.9], "rotation": 180, "texture": "#8"},
				"up": {"uv": [0, 0, 1.4, 3.9], "rotation": 180, "texture": "#8"},
				"down": {"uv": [0, 0, 16, 16], "rotation": 180, "texture": "#8"}
			}
		},
		{
			"from": [13.8035, 6.1425, -7.0765],
			"to": [14.7065, 7.0455, -6.3025],
			"rotation": {"angle": 0, "axis": "y", "origin": [9.74, 2.7885, -1.465]},
			"faces": {
				"north": {"uv": [0, 0, 1.4, 1.2], "rotation": 90, "texture": "#3"},
				"east": {"uv": [0, 0, 16, 16], "rotation": 90, "texture": "#3"},
				"south": {"uv": [0, 0, 1.4, 1.2], "rotation": 90, "texture": "#3"},
				"west": {"uv": [0, 0, 1.4, 1.2], "rotation": 90, "texture": "#3"},
				"up": {"uv": [0, 0, 1.4, 1.2], "rotation": 90, "texture": "#3"},
				"down": {"uv": [0, 0, 1.4, 1.2], "rotation": 90, "texture": "#3"}
			}
		},
		{
			"from": [13.868, 6.207, -7.3345],
			"to": [14.642, 6.981, -7.0765],
			"rotation": {"angle": 0, "axis": "y", "origin": [9.74, 2.7885, -1.465]},
			"faces": {
				"north": {"uv": [0, 0, 1.2, 0.4], "rotation": 180, "texture": "#8"},
				"east": {"uv": [0, 0, 1.2, 0.4], "rotation": 180, "texture": "#8"},
				"south": {"uv": [0, 0, 1.2, 0.4], "rotation": 180, "texture": "#8"},
				"west": {"uv": [0, 0, 1.2, 0.4], "rotation": 180, "texture": "#8"},
				"up": {"uv": [0, 0, 1.2, 0.4], "rotation": 180, "texture": "#8"},
				"down": {"uv": [0, 0, 16, 16], "rotation": 180, "texture": "#8"}
			}
		},
		{
			"from": [13.8035, 7.0455, -6.3025],
			"to": [14.7065, 7.11, -3.787],
			"rotation": {"angle": 0, "axis": "y", "origin": [9.74, 2.7885, -1.465]},
			"color": 4,
			"faces": {
				"north": {"uv": [0, 0, 1.4, 0.1], "rotation": 180, "texture": "#missing"},
				"east": {"uv": [0, 0, 0.1, 3.9], "rotation": 90, "texture": "#missing"},
				"south": {"uv": [0, 0, 1.4, 0.1], "texture": "#missing"},
				"west": {"uv": [0, 0, 0.1, 3.9], "rotation": 270, "texture": "#missing"},
				"up": {"uv": [0, 0, 1.4, 3.9], "texture": "#missing"},
				"down": {"uv": [0, 0, 1.4, 3.9], "rotation": 180, "texture": "#missing"}
			}
		},
		{
			"from": [13.9325, 6.2715, -7.4635],
			"to": [14.5775, 6.9165, -7.3345],
			"rotation": {"angle": 0, "axis": "y", "origin": [9.74, 2.7885, -1.465]},
			"faces": {
				"north": {"uv": [0, 0, 1, 0.2], "rotation": 180, "texture": "#8"},
				"east": {"uv": [0, 0, 1, 0.2], "rotation": 180, "texture": "#8"},
				"south": {"uv": [0, 0, 1, 0.2], "rotation": 180, "texture": "#8"},
				"west": {"uv": [0, 0, 1, 0.2], "rotation": 180, "texture": "#8"},
				"up": {"uv": [0, 0, 1, 0.2], "rotation": 180, "texture": "#8"},
				"down": {"uv": [0, 0, 16, 16], "rotation": 180, "texture": "#8"}
			}
		},
		{
			"from": [9.6755, 6.465, -6.9475],
			"to": [10.4495, 6.723, -6.1735],
			"rotation": {"angle": -45, "axis": "y", "origin": [9.74, 2.7885, -1.465]},
			"faces": {
				"north": {"uv": [0, 0, 1.2, 1.2], "rotation": 180, "texture": "#8"},
				"east": {"uv": [0, 0, 1.2, 1.2], "rotation": 180, "texture": "#8"},
				"south": {"uv": [0, 0, 1.2, 1.2], "rotation": 180, "texture": "#8"},
				"west": {"uv": [0, 0, 1.2, 1.2], "rotation": 180, "texture": "#8"},
				"up": {"uv": [0, 0, 1.2, 1.2], "rotation": 180, "texture": "#8"},
				"down": {"uv": [0, 0, 16, 16], "rotation": 180, "texture": "#8"}
			}
		},
		{
			"from": [12.7715, 6.465, -4.6255],
			"to": [15.7385, 6.723, -4.303],
			"rotation": {"angle": 0, "axis": "y", "origin": [9.74, 2.7885, -1.465]},
			"faces": {
				"north": {"uv": [0, 0, 4.6, 0.5], "rotation": 180, "texture": "#8"},
				"east": {"uv": [0, 0, 4.6, 0.5], "rotation": 180, "texture": "#8"},
				"south": {"uv": [0, 0, 4.6, 0.5], "rotation": 180, "texture": "#8"},
				"west": {"uv": [0, 0, 4.6, 0.5], "rotation": 180, "texture": "#8"},
				"up": {"uv": [0, 0, 4.6, 0.5], "rotation": 180, "texture": "#8"},
				"down": {"uv": [0, 0, 16, 16], "rotation": 180, "texture": "#8"}
			}
		},
		{
			"from": [10.643, 6.465, -7.915],
			"to": [11.417, 6.723, -7.141],
			"rotation": {"angle": -45, "axis": "y", "origin": [9.74, 2.7885, -1.465]},
			"faces": {
				"north": {"uv": [0, 0, 1.2, 1.2], "rotation": 180, "texture": "#8"},
				"east": {"uv": [0, 0, 1.2, 1.2], "rotation": 180, "texture": "#8"},
				"south": {"uv": [0, 0, 1.2, 1.2], "rotation": 180, "texture": "#8"},
				"west": {"uv": [0, 0, 1.2, 1.2], "rotation": 180, "texture": "#8"},
				"up": {"uv": [0, 0, 1.2, 1.2], "rotation": 180, "texture": "#8"},
				"down": {"uv": [0, 0, 16, 16], "rotation": 180, "texture": "#8"}
			}
		},
		{
			"from": [9.6755, 6.465, -6.1735],
			"to": [9.9335, 6.723, -5.7865],
			"rotation": {"angle": -45, "axis": "y", "origin": [9.74, 2.7885, -1.465]},
			"faces": {
				"north": {"uv": [0, 0, 0.4, 0.6], "rotation": 180, "texture": "#8"},
				"east": {"uv": [0, 0, 0.4, 0.6], "rotation": 180, "texture": "#8"},
				"south": {"uv": [0, 0, 0.4, 0.6], "rotation": 180, "texture": "#8"},
				"west": {"uv": [0, 0, 0.4, 0.6], "rotation": 180, "texture": "#8"},
				"up": {"uv": [0, 0, 0.4, 0.6], "rotation": 180, "texture": "#8"},
				"down": {"uv": [0, 0, 16, 16], "rotation": 180, "texture": "#8"}
			}
		},
		{
			"from": [11.417, 6.465, -7.915],
			"to": [11.804, 6.723, -7.657],
			"rotation": {"angle": -45, "axis": "y", "origin": [9.74, 2.7885, -1.465]},
			"faces": {
				"north": {"uv": [0, 0, 0.6, 0.4], "rotation": 180, "texture": "#8"},
				"east": {"uv": [0, 0, 0.6, 0.4], "rotation": 180, "texture": "#8"},
				"south": {"uv": [0, 0, 0.6, 0.4], "rotation": 180, "texture": "#8"},
				"west": {"uv": [0, 0, 0.6, 0.4], "rotation": 180, "texture": "#8"},
				"up": {"uv": [0, 0, 0.6, 0.4], "rotation": 180, "texture": "#8"},
				"down": {"uv": [0, 0, 16, 16], "rotation": 180, "texture": "#8"}
			}
		},
		{
			"from": [12.5135, 6.1425, -5.206],
			"to": [12.6425, 7.0455, -4.69],
			"rotation": {"angle": -22.5, "axis": "y", "origin": [9.74, 2.7885, -1.465]},
			"faces": {
				"north": {"uv": [0, 0, 0.2, 0.8], "rotation": 180, "texture": "#8"},
				"east": {"uv": [0, 0, 0.2, 0.8], "rotation": 180, "texture": "#8"},
				"south": {"uv": [0, 0, 0.2, 0.8], "rotation": 180, "texture": "#8"},
				"west": {"uv": [0, 0, 0.2, 0.8], "rotation": 180, "texture": "#8"},
				"up": {"uv": [0, 0, 0.2, 0.8], "rotation": 180, "texture": "#8"},
				"down": {"uv": [0, 0, 16, 16], "rotation": 180, "texture": "#8"}
			}
		},
		{
			"from": [15.158, 6.1425, -1.723],
			"to": [15.287, 7.0455, -1.207],
			"rotation": {"angle": 22.5, "axis": "y", "origin": [9.74, 2.7885, -1.465]},
			"faces": {
				"north": {"uv": [0, 0, 0.2, 0.8], "rotation": 180, "texture": "#8"},
				"east": {"uv": [0, 0, 0.2, 0.8], "rotation": 180, "texture": "#8"},
				"south": {"uv": [0, 0, 0.2, 0.8], "rotation": 180, "texture": "#8"},
				"west": {"uv": [0, 0, 0.2, 0.8], "rotation": 180, "texture": "#8"},
				"up": {"uv": [0, 0, 0.2, 0.8], "rotation": 180, "texture": "#8"},
				"down": {"uv": [0, 0, 16, 16], "rotation": 180, "texture": "#8"}
			}
		}
	],
	"display": {
		"thirdperson_righthand": {
			"rotation": [66, 0, 0],
			"translation": [-5.25, -70.5, 29.25],
			"scale": [4, 4, 4]
		},
		"thirdperson_lefthand": {
			"rotation": [66, 0, 0],
			"translation": [-6, -70.5, 29.25],
			"scale": [4, 4, 4]
		},
		"head": {
			"translation": [0, -8, 33.25],
			"scale": [4, 4, 4]
		}
	}
}