{
	"credit": "Made with Blockbench",
	"parent": "83",
	"textures": {
		"0": "minecraft:block/cyan_shulker_box",
		"1": "minecraft:block/verdant_froglight_side",
		"2": "minecraft:block/soul_campfire_log_lit",
		"particle": "minecraft:block/cyan_shulker_box"
	},
	"elements": [
		{
			"from": [-0.25, 7.51, 6.74],
			"to": [2.685, 10.55, 9.16],
			"rotation": {"angle": 0, "axis": "y", "origin": [-3.4, 6.51, -1.4]},
			"faces": {
				"north": {"uv": [5, 7, 10.9, 14.8], "texture": "#2"},
				"east": {"uv": [5, 7, 10.9, 14.8], "texture": "#2"},
				"south": {"uv": [5, 7, 10.9, 14.8], "texture": "#2"},
				"west": {"uv": [5, 7, 10.9, 14.8], "texture": "#2"},
				"up": {"uv": [5, 7, 10.9, 14.8], "texture": "#2"},
				"down": {"uv": [5, 7, 10.9, 14.8], "texture": "#2"}
			}
		},
		{
			"from": [7.45, 12.71, 6.14],
			"to": [10.55, 17.98, 9.66],
			"rotation": {"angle": -22.5, "axis": "z", "origin": [-3.4, 6.51, -1.4]},
			"faces": {
				"north": {"uv": [5, 3.1, 9.7, 15.8], "texture": "#1"},
				"east": {"uv": [5, 3.1, 9.7, 15.8], "texture": "#1"},
				"south": {"uv": [5, 3.1, 9.7, 15.8], "texture": "#1"},
				"west": {"uv": [5, 3.1, 9.7, 15.8], "texture": "#1"},
				"up": {"uv": [5, 3.1, 9.7, 15.8], "texture": "#1"},
				"down": {"uv": [5, 3.1, 9.7, 15.8], "texture": "#1"}
			}
		},
		{
			"from": [11.325, 11.16, 6.35],
			"to": [13.65, 16.74, 9.45],
			"rotation": {"angle": 0, "axis": "y", "origin": [-3.4, 6.51, -1.4]},
			"faces": {
				"north": {"uv": [5, 3.1, 9.7, 15.8], "texture": "#1"},
				"east": {"uv": [5, 3.1, 9.7, 15.8], "texture": "#1"},
				"south": {"uv": [5, 3.1, 9.7, 15.8], "texture": "#1"},
				"west": {"uv": [5, 3.1, 9.7, 15.8], "texture": "#1"},
				"up": {"uv": [5, 3.1, 9.7, 15.8], "texture": "#1"},
				"down": {"uv": [5, 3.1, 9.7, 15.8], "texture": "#1"}
			}
		},
		{
			"from": [0.32, 6.51, 5.11],
			"to": [17.68, 7.905, 10.69],
			"rotation": {"angle": 0, "axis": "y", "origin": [-3.4, 6.51, -1.4]},
			"faces": {
				"north": {"uv": [0, 0, 11.2, 0.9], "texture": "#0"},
				"east": {"uv": [0, 0, 11.2, 0.9], "texture": "#0"},
				"south": {"uv": [0, 0, 11.2, 0.9], "texture": "#0"},
				"west": {"uv": [0, 0, 11.2, 0.9], "texture": "#0"},
				"up": {"uv": [0, 0, 11.2, 0.9], "texture": "#0"},
				"down": {"uv": [0, 0, 11.2, 0.9], "texture": "#0"}
			}
		},
		{
			"from": [-1.54, 6.51, 6.35],
			"to": [1.25, 9.145, 9.45],
			"rotation": {"angle": 0, "axis": "y", "origin": [-3.4, 6.51, -1.4]},
			"faces": {
				"north": {"uv": [0, 0, 1.8, 1.7], "texture": "#0"},
				"east": {"uv": [0, 0, 1.8, 1.7], "texture": "#0"},
				"south": {"uv": [0, 0, 1.8, 1.7], "texture": "#0"},
				"west": {"uv": [0, 0, 1.8, 1.7], "texture": "#0"},
				"up": {"uv": [0, 0, 1.8, 1.7], "texture": "#0"},
				"down": {"uv": [0, 0, 1.8, 1.7], "texture": "#0"}
			}
		},
		{
			"from": [13.65, 7.44, 6.35],
			"to": [15.975, 13.33, 9.45],
			"rotation": {"angle": 22.5, "axis": "z", "origin": [-3.4, 6.51, -1.4]},
			"faces": {
				"north": {"uv": [5, 3.1, 9.7, 15.8], "texture": "#1"},
				"east": {"uv": [5, 3.1, 9.7, 15.8], "texture": "#1"},
				"south": {"uv": [5, 3.1, 9.7, 15.8], "texture": "#1"},
				"west": {"uv": [5, 3.1, 9.7, 15.8], "texture": "#1"},
				"up": {"uv": [5, 3.1, 9.7, 15.8], "texture": "#1"},
				"down": {"uv": [5, 3.1, 9.7, 15.8], "texture": "#1"}
			}
		},
		{
			"from": [15.045, 4.185, 6.35],
			"to": [17.37, 10.075, 9.45],
			"rotation": {"angle": 45, "axis": "z", "origin": [-3.4, 6.51, -1.4]},
			"faces": {
				"north": {"uv": [5, 3.1, 9.7, 15.8], "texture": "#1"},
				"east": {"uv": [5, 3.1, 9.7, 15.8], "texture": "#1"},
				"south": {"uv": [5, 3.1, 9.7, 15.8], "texture": "#1"},
				"west": {"uv": [5, 3.1, 9.7, 15.8], "texture": "#1"},
				"up": {"uv": [5, 3.1, 9.7, 15.8], "texture": "#1"},
				"down": {"uv": [5, 3.1, 9.7, 15.8], "texture": "#1"}
			}
		},
		{
			"from": [-3.555, 24.955, 6.35],
			"to": [2.335, 27.28, 9.45],
			"rotation": {"angle": -22.5, "axis": "z", "origin": [-3.4, 6.51, -1.4]},
			"faces": {
				"north": {"uv": [5, 3.1, 9.7, 15.8], "texture": "#1"},
				"east": {"uv": [5, 3.1, 9.7, 15.8], "texture": "#1"},
				"south": {"uv": [5, 3.1, 9.7, 15.8], "texture": "#1"},
				"west": {"uv": [5, 3.1, 9.7, 15.8], "texture": "#1"},
				"up": {"uv": [5, 3.1, 9.7, 15.8], "texture": "#1"},
				"down": {"uv": [5, 3.1, 9.7, 15.8], "texture": "#1"}
			}
		},
		{
			"from": [6.365, 17.98, 6.66],
			"to": [12.255, 20.46, 9.14],
			"rotation": {"angle": 22.5, "axis": "z", "origin": [-3.4, 6.51, -1.4]},
			"faces": {
				"north": {"uv": [5, 3.1, 9.7, 15.8], "texture": "#1"},
				"east": {"uv": [5, 3.1, 9.7, 15.8], "texture": "#1"},
				"south": {"uv": [5, 3.1, 9.7, 15.8], "texture": "#1"},
				"west": {"uv": [5, 3.1, 9.7, 15.8], "texture": "#1"},
				"up": {"uv": [5, 3.1, 9.7, 15.8], "texture": "#1"},
				"down": {"uv": [5, 3.1, 9.7, 15.8], "texture": "#1"}
			}
		},
		{
			"from": [6.21, 17.98, 6.66],
			"to": [12.255, 19.375, 9.14],
			"rotation": {"angle": 22.5, "axis": "z", "origin": [-3.4, 6.51, -1.4]},
			"faces": {
				"north": {"uv": [5, 3.1, 9.7, 15.8], "texture": "#1"},
				"east": {"uv": [5, 3.1, 9.7, 15.8], "texture": "#1"},
				"south": {"uv": [5, 3.1, 9.7, 15.8], "texture": "#1"},
				"west": {"uv": [5, 3.1, 9.7, 15.8], "texture": "#1"},
				"up": {"uv": [5, 3.1, 9.7, 15.8], "texture": "#1"},
				"down": {"uv": [5, 3.1, 9.7, 15.8], "texture": "#1"}
			}
		},
		{
			"from": [13.65, 10.54, 6.815],
			"to": [15.2, 16.74, 8.985],
			"rotation": {"angle": 0, "axis": "y", "origin": [-1.85, 6.51, -1.4]},
			"faces": {
				"north": {"uv": [4, 2, 9.9, 9.6], "texture": "#0"},
				"east": {"uv": [4, 2, 9.9, 9.6], "texture": "#0"},
				"south": {"uv": [4, 2, 9.9, 9.6], "texture": "#0"},
				"west": {"uv": [4, 2, 9.9, 9.6], "texture": "#0"},
				"up": {"uv": [4, 2, 9.9, 9.6], "texture": "#0"},
				"down": {"uv": [4, 2, 9.9, 9.6], "texture": "#0"}
			}
		},
		{
			"from": [9.775, 12.09, 6.505],
			"to": [12.1, 17.98, 9.295],
			"rotation": {"angle": -22.5, "axis": "z", "origin": [-1.85, 6.51, -1.4]},
			"faces": {
				"north": {"uv": [4, 2, 10.4, 9.4], "texture": "#0"},
				"east": {"uv": [4, 2, 10.4, 9.4], "texture": "#0"},
				"south": {"uv": [4, 2, 10.4, 9.4], "texture": "#0"},
				"west": {"uv": [4, 2, 10.4, 9.4], "texture": "#0"},
				"up": {"uv": [4, 2, 10.4, 9.4], "texture": "#0"},
				"down": {"uv": [4, 2, 10.4, 9.4], "texture": "#0"}
			}
		},
		{
			"from": [15.975, 6.82, 6.815],
			"to": [17.525, 13.33, 8.985],
			"rotation": {"angle": 22.5, "axis": "z", "origin": [-1.85, 6.51, -1.4]},
			"faces": {
				"north": {"uv": [4, 2, 9.9, 9.8], "texture": "#0"},
				"east": {"uv": [4, 2, 9.9, 9.8], "texture": "#0"},
				"south": {"uv": [4, 2, 9.9, 9.8], "texture": "#0"},
				"west": {"uv": [4, 2, 9.9, 9.8], "texture": "#0"},
				"up": {"uv": [4, 2, 9.9, 9.8], "texture": "#0"},
				"down": {"uv": [4, 2, 9.9, 9.8], "texture": "#0"}
			}
		},
		{
			"from": [17.37, 3.565, 6.815],
			"to": [18.92, 10.075, 8.985],
			"rotation": {"angle": 45, "axis": "z", "origin": [-1.85, 6.51, -1.4]},
			"faces": {
				"north": {"uv": [4, 2, 9.9, 9.8], "texture": "#0"},
				"east": {"uv": [4, 2, 9.9, 9.8], "texture": "#0"},
				"south": {"uv": [4, 2, 9.9, 9.8], "texture": "#0"},
				"west": {"uv": [4, 2, 9.9, 9.8], "texture": "#0"},
				"up": {"uv": [4, 2, 9.9, 9.8], "texture": "#0"},
				"down": {"uv": [4, 2, 9.9, 9.8], "texture": "#0"}
			}
		},
		{
			"from": [-1.23, 24.335, 6.815],
			"to": [3.885, 27.28, 8.985],
			"rotation": {"angle": -22.5, "axis": "z", "origin": [-1.85, 6.51, -1.4]},
			"faces": {
				"north": {"uv": [4, 2, 10.8, 8.9], "rotation": 90, "texture": "#0"},
				"east": {"uv": [4, 2, 10.8, 8.9], "rotation": 90, "texture": "#0"},
				"south": {"uv": [4, 2, 10.8, 8.9], "rotation": 90, "texture": "#0"},
				"west": {"uv": [4, 2, 10.8, 8.9], "rotation": 90, "texture": "#0"},
				"up": {"uv": [4, 2, 10.8, 8.9], "rotation": 90, "texture": "#0"},
				"down": {"uv": [4, 2, 10.8, 8.9], "rotation": 90, "texture": "#0"}
			}
		},
		{
			"from": [7.45, 13.95, 6.04],
			"to": [15.665, 15.81, 9.76],
			"rotation": {"angle": -22.5, "axis": "z", "origin": [-3.4, 6.51, -1.4]},
			"faces": {
				"north": {"uv": [0, 0, 5.3, 1.2], "texture": "#0"},
				"east": {"uv": [0, 0, 5.3, 1.2], "texture": "#0"},
				"south": {"uv": [0, 0, 5.3, 1.2], "texture": "#0"},
				"west": {"uv": [0, 0, 5.3, 1.2], "texture": "#0"},
				"up": {"uv": [0, 0, 5.3, 1.2], "texture": "#0"},
				"down": {"uv": [0, 0, 5.3, 1.2], "texture": "#0"}
			}
		},
		{
			"from": [11.79, 15.035, 6.505],
			"to": [14.115, 16.74, 9.295],
			"rotation": {"angle": -22.5, "axis": "z", "origin": [-1.85, 6.51, -1.4]},
			"faces": {
				"north": {"uv": [4, 2, 10.4, 6.7], "texture": "#0"},
				"east": {"uv": [4, 2, 10.4, 6.7], "texture": "#0"},
				"south": {"uv": [4, 2, 10.4, 6.7], "texture": "#0"},
				"west": {"uv": [4, 2, 10.4, 6.7], "texture": "#0"},
				"up": {"uv": [4, 2, 10.4, 6.7], "texture": "#0"},
				"down": {"uv": [4, 2, 10.4, 6.7], "texture": "#0"}
			}
		},
		{
			"from": [3.42, 19.375, 6.97],
			"to": [10.86, 19.995, 8.83],
			"rotation": {"angle": 22.5, "axis": "z", "origin": [-3.4, 6.51, -1.4]},
			"faces": {
				"north": {"uv": [4, 2, 9.3, 10.4], "rotation": 90, "texture": "#0"},
				"east": {"uv": [4, 2, 9.3, 10.4], "rotation": 90, "texture": "#0"},
				"south": {"uv": [4, 2, 9.3, 10.4], "rotation": 90, "texture": "#0"},
				"west": {"uv": [4, 2, 9.3, 10.4], "rotation": 90, "texture": "#0"},
				"up": {"uv": [4, 2, 9.3, 10.4], "rotation": 90, "texture": "#0"},
				"down": {"uv": [4, 2, 9.3, 10.4], "rotation": 90, "texture": "#0"}
			}
		},
		{
			"from": [4.97, 19.375, 6.97],
			"to": [10.86, 21.08, 8.83],
			"rotation": {"angle": 22.5, "axis": "z", "origin": [-3.4, 6.51, -1.4]},
			"faces": {
				"north": {"uv": [4, 2, 10, 9.4], "rotation": 90, "texture": "#0"},
				"east": {"uv": [4, 2, 10, 9.4], "rotation": 90, "texture": "#0"},
				"south": {"uv": [4, 2, 10, 9.4], "rotation": 90, "texture": "#0"},
				"west": {"uv": [4, 2, 10, 9.4], "rotation": 90, "texture": "#0"},
				"up": {"uv": [4, 2, 10, 9.4], "rotation": 90, "texture": "#0"},
				"down": {"uv": [4, 2, 10, 9.4], "rotation": 90, "texture": "#0"}
			}
		},
		{
			"from": [3.11, 17.515, 6.97],
			"to": [4.93, 19.375, 8.83],
			"rotation": {"angle": 22.5, "axis": "z", "origin": [-3.4, 6.51, -1.4]},
			"faces": {
				"north": {"uv": [4, 2, 10.1, 8], "rotation": 90, "texture": "#0"},
				"east": {"uv": [4, 2, 10.1, 8], "rotation": 90, "texture": "#0"},
				"south": {"uv": [4, 2, 10.1, 8], "rotation": 90, "texture": "#0"},
				"west": {"uv": [4, 2, 10.1, 8], "rotation": 90, "texture": "#0"},
				"up": {"uv": [4, 2, 10.1, 8], "rotation": 90, "texture": "#0"},
				"down": {"uv": [4, 2, 10.1, 8], "rotation": 90, "texture": "#0"}
			}
		},
		{
			"from": [3.42, 16.585, 6.97],
			"to": [5.435, 19.375, 8.83],
			"rotation": {"angle": 22.5, "axis": "z", "origin": [-3.4, 6.51, -1.4]},
			"faces": {
				"north": {"uv": [4, 2, 10.7, 6.9], "rotation": 90, "texture": "#1"},
				"east": {"uv": [4, 2, 10.7, 6.9], "rotation": 90, "texture": "#1"},
				"south": {"uv": [4, 2, 10.7, 6.9], "rotation": 90, "texture": "#1"},
				"west": {"uv": [4, 2, 10.7, 6.9], "rotation": 90, "texture": "#1"},
				"up": {"uv": [4, 2, 10.7, 6.9], "rotation": 90, "texture": "#1"},
				"down": {"uv": [4, 2, 10.7, 6.9], "rotation": 90, "texture": "#1"}
			}
		},
		{
			"from": [3.42, 15.81, 6.97],
			"to": [4.505, 19.375, 8.83],
			"rotation": {"angle": 22.5, "axis": "z", "origin": [-3.4, 6.51, -1.4]},
			"faces": {
				"north": {"uv": [4, 2, 11.2, 6.3], "rotation": 90, "texture": "#1"},
				"east": {"uv": [4, 2, 11.2, 6.3], "rotation": 90, "texture": "#1"},
				"south": {"uv": [4, 2, 11.2, 6.3], "rotation": 90, "texture": "#1"},
				"west": {"uv": [4, 2, 11.2, 6.3], "rotation": 90, "texture": "#1"},
				"up": {"uv": [4, 2, 11.2, 6.3], "rotation": 90, "texture": "#1"},
				"down": {"uv": [4, 2, 11.2, 6.3], "rotation": 90, "texture": "#1"}
			}
		},
		{
			"from": [-2.625, 7.905, 6.04],
			"to": [0.475, 9.61, 9.76],
			"rotation": {"angle": -22.5, "axis": "z", "origin": [-3.4, 6.51, -1.4]},
			"faces": {
				"north": {"uv": [0, 0, 2, 1.1], "texture": "#0"},
				"east": {"uv": [0, 0, 2, 1.1], "texture": "#0"},
				"south": {"uv": [0, 0, 2, 1.1], "texture": "#0"},
				"west": {"uv": [0, 0, 2, 1.1], "texture": "#0"},
				"up": {"uv": [0, 0, 2, 1.1], "texture": "#0"},
				"down": {"uv": [0, 0, 2, 1.1], "texture": "#0"}
			}
		},
		{
			"from": [-2.16, 6.51, 6.35],
			"to": [0.165, 7.44, 9.45],
			"rotation": {"angle": 0, "axis": "y", "origin": [-3.4, 6.51, -1.4]},
			"faces": {
				"north": {"uv": [0, 0, 1.5, 0.6], "texture": "#0"},
				"east": {"uv": [0, 0, 1.5, 0.6], "texture": "#0"},
				"south": {"uv": [0, 0, 1.5, 0.6], "texture": "#0"},
				"west": {"uv": [0, 0, 1.5, 0.6], "texture": "#0"},
				"up": {"uv": [0, 0, 1.5, 0.6], "texture": "#0"},
				"down": {"uv": [0, 0, 1.5, 0.6], "texture": "#0"}
			}
		},
		{
			"from": [4.91, 17.515, 6.97],
			"to": [6.83, 19.375, 8.83],
			"rotation": {"angle": 22.5, "axis": "z", "origin": [-3.4, 6.51, -1.4]},
			"faces": {
				"north": {"uv": [5, 3.1, 9.7, 15.8], "texture": "#1"},
				"east": {"uv": [5, 3.1, 9.7, 15.8], "texture": "#1"},
				"south": {"uv": [5, 3.1, 9.7, 15.8], "texture": "#1"},
				"west": {"uv": [5, 3.1, 9.7, 15.8], "texture": "#1"},
				"up": {"uv": [5, 3.1, 9.7, 15.8], "texture": "#1"},
				"down": {"uv": [5, 3.1, 9.7, 15.8], "texture": "#1"}
			}
		},
		{
			"from": [8.06, 6.51, 5.85],
			"to": [12.35, 9.145, 9.95],
			"rotation": {"angle": 0, "axis": "y", "origin": [-3.4, 6.51, -1.4]},
			"faces": {
				"north": {"uv": [0, 0, 1.8, 1.7], "texture": "#0"},
				"east": {"uv": [0, 0, 1.8, 1.7], "texture": "#0"},
				"south": {"uv": [0, 0, 1.8, 1.7], "texture": "#0"},
				"west": {"uv": [0, 0, 1.8, 1.7], "texture": "#0"},
				"up": {"uv": [0, 0, 1.8, 1.7], "texture": "#0"},
				"down": {"uv": [0, 0, 1.8, 1.7], "texture": "#0"}
			}
		}
	],
	"display": {
		"head": {
			"translation": [2.5, -38.5, 0.25],
			"scale": [2.91, 3.67, 3.72]
		}
	}
}