{
	"credit": "Made with Blockbench",
	"parent": "85",
	"textures": {
		"0": "minecraft:block/redstone_block",
		"1": "minecraft:block/green_glazed_terracotta",
		"2": "minecraft:block/basalt_side",
		"particle": "minecraft:block/redstone_block"
	},
	"elements": [
		{
			"from": [10.1, 8, 4.4],
			"to": [14.4, 19, 6.4],
			"rotation": {"angle": -22.5, "axis": "y", "origin": [16, 0, 0]},
			"faces": {
				"north": {"uv": [1, 2.9, 1.8, 5], "texture": "#2"},
				"east": {"uv": [1, 2.9, 1.8, 5], "texture": "#2"},
				"south": {"uv": [1, 2.9, 1.8, 5], "texture": "#2"},
				"west": {"uv": [1, 2.9, 1.8, 5], "texture": "#2"},
				"up": {"uv": [1, 2.9, 1.8, 5], "texture": "#2"},
				"down": {"uv": [1, 2.9, 1.8, 5], "texture": "#2"}
			}
		},
		{
			"from": [3, 16.6, 4.3],
			"to": [4.6, 16.9, 6.4],
			"rotation": {"angle": 22.5, "axis": "y", "origin": [0, 0, 0]},
			"faces": {
				"north": {"uv": [4.6, 6, 3, 6.3], "texture": "#0"},
				"east": {"uv": [4.6, 6, 3, 6.3], "texture": "#0"},
				"south": {"uv": [4.6, 6, 3, 6.3], "texture": "#0"},
				"west": {"uv": [4.6, 6, 3, 6.3], "texture": "#0"},
				"up": {"uv": [4.6, 6, 3, 6.3], "texture": "#0"},
				"down": {"uv": [4.6, 6, 3, 6.3], "texture": "#0"}
			}
		},
		{
			"from": [10.9, 17.5, 4.3],
			"to": [14.4, 18.5, 6.4],
			"rotation": {"angle": -22.5, "axis": "y", "origin": [16, 0, 0]},
			"faces": {
				"north": {"uv": [3, 6, 6.5, 7], "texture": "#0"},
				"east": {"uv": [3, 6, 6.5, 7], "texture": "#0"},
				"south": {"uv": [3, 6, 6.5, 7], "texture": "#0"},
				"west": {"uv": [3, 6, 6.5, 7], "texture": "#0"},
				"up": {"uv": [3, 6, 6.5, 7], "texture": "#0"},
				"down": {"uv": [3, 6, 6.5, 7], "texture": "#0"}
			}
		},
		{
			"from": [1.6, 8, 4.4],
			"to": [5.9, 19, 6.4],
			"rotation": {"angle": 22.5, "axis": "y", "origin": [0, 0, 0]},
			"faces": {
				"north": {"uv": [1.8, 2.9, 1, 5], "texture": "#2"},
				"east": {"uv": [1.8, 2.9, 1, 5], "texture": "#2"},
				"south": {"uv": [1.8, 2.9, 1, 5], "texture": "#2"},
				"west": {"uv": [1.8, 2.9, 1, 5], "texture": "#2"},
				"up": {"uv": [1.8, 2.9, 1, 5], "texture": "#2"},
				"down": {"uv": [1.8, 2.9, 1, 5], "texture": "#2"}
			}
		},
		{
			"from": [11.1, 16.9, 4.3],
			"to": [13.9, 17.5, 6.4],
			"rotation": {"angle": -22.5, "axis": "y", "origin": [16, 0, 0]},
			"faces": {
				"north": {"uv": [3, 6, 5.8, 6.6], "texture": "#0"},
				"east": {"uv": [3, 6, 5.8, 6.6], "texture": "#0"},
				"south": {"uv": [3, 6, 5.8, 6.6], "texture": "#0"},
				"west": {"uv": [3, 6, 5.8, 6.6], "texture": "#0"},
				"up": {"uv": [3, 6, 5.8, 6.6], "texture": "#0"},
				"down": {"uv": [3, 6, 5.8, 6.6], "texture": "#0"}
			}
		},
		{
			"from": [2.7, 18.3, 4.1],
			"to": [7, 18.5, 6.2],
			"rotation": {"angle": 22.5, "axis": "y", "origin": [0, 0, 0]},
			"faces": {
				"north": {"uv": [8.5, 8, 5, 9], "texture": "#1"},
				"east": {"uv": [8.5, 8, 5, 9], "texture": "#1"},
				"south": {"uv": [8.5, 8, 5, 9], "texture": "#1"},
				"west": {"uv": [8.5, 8, 5, 9], "texture": "#1"},
				"up": {"uv": [8.5, 8, 5, 9], "texture": "#1"},
				"down": {"uv": [8.5, 8, 5, 9], "texture": "#1"}
			}
		},
		{
			"from": [11.4, 16.6, 4.3],
			"to": [13, 16.9, 6.4],
			"rotation": {"angle": -22.5, "axis": "y", "origin": [16, 0, 0]},
			"faces": {
				"north": {"uv": [3, 6, 4.6, 6.3], "texture": "#0"},
				"east": {"uv": [3, 6, 4.6, 6.3], "texture": "#0"},
				"south": {"uv": [3, 6, 4.6, 6.3], "texture": "#0"},
				"west": {"uv": [3, 6, 4.6, 6.3], "texture": "#0"},
				"up": {"uv": [3, 6, 4.6, 6.3], "texture": "#0"},
				"down": {"uv": [3, 6, 4.6, 6.3], "texture": "#0"}
			}
		},
		{
			"from": [2.1, 16.9, 4.3],
			"to": [4.9, 17.5, 6.4],
			"rotation": {"angle": 22.5, "axis": "y", "origin": [0, 0, 0]},
			"faces": {
				"north": {"uv": [5.8, 6, 3, 6.6], "texture": "#0"},
				"east": {"uv": [5.8, 6, 3, 6.6], "texture": "#0"},
				"south": {"uv": [5.8, 6, 3, 6.6], "texture": "#0"},
				"west": {"uv": [5.8, 6, 3, 6.6], "texture": "#0"},
				"up": {"uv": [5.8, 6, 3, 6.6], "texture": "#0"},
				"down": {"uv": [5.8, 6, 3, 6.6], "texture": "#0"}
			}
		},
		{
			"from": [8.9, 18.5, 4.1],
			"to": [14.4, 19.5, 6.2],
			"rotation": {"angle": -22.5, "axis": "y", "origin": [16, 0, 0]},
			"faces": {
				"north": {"uv": [5, 8, 8.5, 9], "texture": "#1"},
				"east": {"uv": [5, 8, 8.5, 9], "texture": "#1"},
				"south": {"uv": [5, 8, 8.5, 9], "texture": "#1"},
				"west": {"uv": [5, 8, 8.5, 9], "texture": "#1"},
				"up": {"uv": [5, 8, 8.5, 9], "texture": "#1"},
				"down": {"uv": [5, 8, 8.5, 9], "texture": "#1"}
			}
		},
		{
			"from": [1.6, 17.5, 4.3],
			"to": [5.1, 18.5, 6.4],
			"rotation": {"angle": 22.5, "axis": "y", "origin": [0, 0, 0]},
			"faces": {
				"north": {"uv": [6.5, 6, 3, 7], "texture": "#0"},
				"east": {"uv": [6.5, 6, 3, 7], "texture": "#0"},
				"south": {"uv": [6.5, 6, 3, 7], "texture": "#0"},
				"west": {"uv": [6.5, 6, 3, 7], "texture": "#0"},
				"up": {"uv": [6.5, 6, 3, 7], "texture": "#0"},
				"down": {"uv": [6.5, 6, 3, 7], "texture": "#0"}
			}
		},
		{
			"from": [9, 18.3, 4.1],
			"to": [13.3, 18.5, 6.2],
			"rotation": {"angle": -22.5, "axis": "y", "origin": [16, 0, 0]},
			"faces": {
				"north": {"uv": [5, 8, 8.5, 9], "texture": "#1"},
				"east": {"uv": [5, 8, 8.5, 9], "texture": "#1"},
				"south": {"uv": [5, 8, 8.5, 9], "texture": "#1"},
				"west": {"uv": [5, 8, 8.5, 9], "texture": "#1"},
				"up": {"uv": [5, 8, 8.5, 9], "texture": "#1"},
				"down": {"uv": [5, 8, 8.5, 9], "texture": "#1"}
			}
		},
		{
			"from": [6.2, 7.3, 4.1],
			"to": [7, 10.4, 6.2],
			"rotation": {"angle": 22.5, "axis": "y", "origin": [0, 0, 0]},
			"faces": {
				"north": {"uv": [8.5, 8, 5, 9], "texture": "#1"},
				"east": {"uv": [8.5, 8, 5, 9], "texture": "#1"},
				"south": {"uv": [8.5, 8, 5, 9], "texture": "#1"},
				"west": {"uv": [8.5, 8, 5, 9], "texture": "#1"},
				"up": {"uv": [8.5, 8, 5, 9], "texture": "#1"},
				"down": {"uv": [8.5, 8, 5, 9], "texture": "#1"}
			}
		},
		{
			"from": [10.9, 16.8, 6.2],
			"to": [12.9, 19.8, 8.2],
			"rotation": {"angle": -45, "axis": "y", "origin": [16, 0, 0]},
			"faces": {
				"north": {"uv": [5, 8, 8.5, 9], "texture": "#1"},
				"east": {"uv": [5, 8, 8.5, 9], "texture": "#1"},
				"south": {"uv": [5, 8, 8.5, 9], "texture": "#1"},
				"west": {"uv": [5, 8, 8.5, 9], "texture": "#1"},
				"up": {"uv": [5, 8, 8.5, 9], "texture": "#1"},
				"down": {"uv": [5, 8, 8.5, 9], "texture": "#1"}
			}
		},
		{
			"from": [3.1, 11.3, 6.2],
			"to": [5.1, 16.8, 8.2],
			"rotation": {"angle": 45, "axis": "y", "origin": [0, 0, 0]},
			"faces": {
				"north": {"uv": [1, 3.4, 1.7, 5], "texture": "#2"},
				"east": {"uv": [1, 3.4, 1.7, 5], "texture": "#2"},
				"south": {"uv": [1, 3.4, 1.7, 5], "texture": "#2"},
				"west": {"uv": [1, 3.4, 1.7, 5], "texture": "#2"},
				"up": {"uv": [1, 3.4, 1.7, 5], "texture": "#2"},
				"down": {"uv": [1, 3.4, 1.7, 5], "texture": "#2"}
			}
		},
		{
			"from": [14.4, 7.9, 4.1],
			"to": [15.3, 19.5, 6.2],
			"rotation": {"angle": -22.5, "axis": "y", "origin": [16, 0, 0]},
			"faces": {
				"north": {"uv": [5, 8, 8.5, 9], "texture": "#1"},
				"east": {"uv": [5, 8, 8.5, 9], "texture": "#1"},
				"south": {"uv": [5, 8, 8.5, 9], "texture": "#1"},
				"west": {"uv": [5, 8, 8.5, 9], "texture": "#1"},
				"up": {"uv": [5, 8, 8.5, 9], "texture": "#1"},
				"down": {"uv": [5, 8, 8.5, 9], "texture": "#1"}
			}
		},
		{
			"from": [1.6, 18.5, 4.1],
			"to": [7.1, 19.5, 6.2],
			"rotation": {"angle": 22.5, "axis": "y", "origin": [0, 0, 0]},
			"faces": {
				"north": {"uv": [8.5, 8, 5, 9], "texture": "#1"},
				"east": {"uv": [8.5, 8, 5, 9], "texture": "#1"},
				"south": {"uv": [8.5, 8, 5, 9], "texture": "#1"},
				"west": {"uv": [8.5, 8, 5, 9], "texture": "#1"},
				"up": {"uv": [8.5, 8, 5, 9], "texture": "#1"},
				"down": {"uv": [8.5, 8, 5, 9], "texture": "#1"}
			}
		},
		{
			"from": [13.5, 7.4, 4.1],
			"to": [14.4, 15.5, 6.2],
			"rotation": {"angle": -22.5, "axis": "y", "origin": [16, 0, 0]},
			"faces": {
				"north": {"uv": [5, 8, 8.5, 9], "texture": "#1"},
				"east": {"uv": [5, 8, 8.5, 9], "texture": "#1"},
				"south": {"uv": [5, 8, 8.5, 9], "texture": "#1"},
				"west": {"uv": [5, 8, 8.5, 9], "texture": "#1"},
				"up": {"uv": [5, 8, 8.5, 9], "texture": "#1"},
				"down": {"uv": [5, 8, 8.5, 9], "texture": "#1"}
			}
		},
		{
			"from": [0.7, 7.9, 4.1],
			"to": [1.6, 19.5, 6.2],
			"rotation": {"angle": 22.5, "axis": "y", "origin": [0, 0, 0]},
			"faces": {
				"north": {"uv": [8.5, 8, 5, 9], "texture": "#1"},
				"east": {"uv": [8.5, 8, 5, 9], "texture": "#1"},
				"south": {"uv": [8.5, 8, 5, 9], "texture": "#1"},
				"west": {"uv": [8.5, 8, 5, 9], "texture": "#1"},
				"up": {"uv": [8.5, 8, 5, 9], "texture": "#1"},
				"down": {"uv": [8.5, 8, 5, 9], "texture": "#1"}
			}
		},
		{
			"from": [9.8, 6.7, 4.1],
			"to": [13.4, 9.4, 6.2],
			"rotation": {"angle": -22.5, "axis": "y", "origin": [16, 0, 0]},
			"faces": {
				"north": {"uv": [5, 8, 8.5, 9], "texture": "#1"},
				"east": {"uv": [5, 8, 8.5, 9], "texture": "#1"},
				"south": {"uv": [5, 8, 8.5, 9], "texture": "#1"},
				"west": {"uv": [5, 8, 8.5, 9], "texture": "#1"},
				"up": {"uv": [5, 8, 8.5, 9], "texture": "#1"},
				"down": {"uv": [5, 8, 8.5, 9], "texture": "#1"}
			}
		},
		{
			"from": [1.6, 7.4, 4.1],
			"to": [2.5, 15.5, 6.2],
			"rotation": {"angle": 22.5, "axis": "y", "origin": [0, 0, 0]},
			"faces": {
				"north": {"uv": [8.5, 8, 5, 9], "texture": "#1"},
				"east": {"uv": [8.5, 8, 5, 9], "texture": "#1"},
				"south": {"uv": [8.5, 8, 5, 9], "texture": "#1"},
				"west": {"uv": [8.5, 8, 5, 9], "texture": "#1"},
				"up": {"uv": [8.5, 8, 5, 9], "texture": "#1"},
				"down": {"uv": [8.5, 8, 5, 9], "texture": "#1"}
			}
		},
		{
			"from": [9, 7.3, 4.1],
			"to": [9.8, 10.4, 6.2],
			"rotation": {"angle": -22.5, "axis": "y", "origin": [16, 0, 0]},
			"faces": {
				"north": {"uv": [5, 8, 8.5, 9], "texture": "#1"},
				"east": {"uv": [5, 8, 8.5, 9], "texture": "#1"},
				"south": {"uv": [5, 8, 8.5, 9], "texture": "#1"},
				"west": {"uv": [5, 8, 8.5, 9], "texture": "#1"},
				"up": {"uv": [5, 8, 8.5, 9], "texture": "#1"},
				"down": {"uv": [5, 8, 8.5, 9], "texture": "#1"}
			}
		},
		{
			"from": [2.6, 6.7, 4.1],
			"to": [6.2, 9.4, 6.2],
			"rotation": {"angle": 22.5, "axis": "y", "origin": [0, 0, 0]},
			"faces": {
				"north": {"uv": [8.5, 8, 5, 9], "texture": "#1"},
				"east": {"uv": [8.5, 8, 5, 9], "texture": "#1"},
				"south": {"uv": [8.5, 8, 5, 9], "texture": "#1"},
				"west": {"uv": [8.5, 8, 5, 9], "texture": "#1"},
				"up": {"uv": [8.5, 8, 5, 9], "texture": "#1"},
				"down": {"uv": [8.5, 8, 5, 9], "texture": "#1"}
			}
		},
		{
			"from": [3.1, 6.4, 6.2],
			"to": [5.1, 10.4, 8.2],
			"rotation": {"angle": 45, "axis": "y", "origin": [0, 0, 0]},
			"faces": {
				"north": {"uv": [5, 8, 8.5, 9], "texture": "#1"},
				"east": {"uv": [5, 8, 8.5, 9], "texture": "#1"},
				"south": {"uv": [5, 8, 8.5, 9], "texture": "#1"},
				"west": {"uv": [5, 8, 8.5, 9], "texture": "#1"},
				"up": {"uv": [5, 8, 8.5, 9], "texture": "#1"},
				"down": {"uv": [5, 8, 8.5, 9], "texture": "#1"}
			}
		},
		{
			"from": [9, 18.1, 4.1],
			"to": [12.6, 18.3, 6.2],
			"rotation": {"angle": -22.5, "axis": "y", "origin": [16, 0, 0]},
			"faces": {
				"north": {"uv": [5, 8, 8.5, 9], "texture": "#1"},
				"east": {"uv": [5, 8, 8.5, 9], "texture": "#1"},
				"south": {"uv": [5, 8, 8.5, 9], "texture": "#1"},
				"west": {"uv": [5, 8, 8.5, 9], "texture": "#1"},
				"up": {"uv": [5, 8, 8.5, 9], "texture": "#1"},
				"down": {"uv": [5, 8, 8.5, 9], "texture": "#1"}
			}
		},
		{
			"from": [4.9, 17.5, 4.1],
			"to": [7, 17.7, 6.2],
			"rotation": {"angle": 22.5, "axis": "y", "origin": [0, 0, 0]},
			"faces": {
				"north": {"uv": [8.5, 8, 5, 9], "texture": "#1"},
				"east": {"uv": [8.5, 8, 5, 9], "texture": "#1"},
				"south": {"uv": [8.5, 8, 5, 9], "texture": "#1"},
				"west": {"uv": [8.5, 8, 5, 9], "texture": "#1"},
				"up": {"uv": [8.5, 8, 5, 9], "texture": "#1"},
				"down": {"uv": [8.5, 8, 5, 9], "texture": "#1"}
			}
		},
		{
			"from": [9, 17.9, 4.1],
			"to": [12.1, 18.1, 6.2],
			"rotation": {"angle": -22.5, "axis": "y", "origin": [16, 0, 0]},
			"faces": {
				"north": {"uv": [5, 8, 8.5, 9], "texture": "#1"},
				"east": {"uv": [5, 8, 8.5, 9], "texture": "#1"},
				"south": {"uv": [5, 8, 8.5, 9], "texture": "#1"},
				"west": {"uv": [5, 8, 8.5, 9], "texture": "#1"},
				"up": {"uv": [5, 8, 8.5, 9], "texture": "#1"},
				"down": {"uv": [5, 8, 8.5, 9], "texture": "#1"}
			}
		},
		{
			"from": [3.4, 18.1, 4.1],
			"to": [7, 18.3, 6.2],
			"rotation": {"angle": 22.5, "axis": "y", "origin": [0, 0, 0]},
			"faces": {
				"north": {"uv": [8.5, 8, 5, 9], "texture": "#1"},
				"east": {"uv": [8.5, 8, 5, 9], "texture": "#1"},
				"south": {"uv": [8.5, 8, 5, 9], "texture": "#1"},
				"west": {"uv": [8.5, 8, 5, 9], "texture": "#1"},
				"up": {"uv": [8.5, 8, 5, 9], "texture": "#1"},
				"down": {"uv": [8.5, 8, 5, 9], "texture": "#1"}
			}
		},
		{
			"from": [9, 17.7, 4.1],
			"to": [11.6, 17.9, 6.2],
			"rotation": {"angle": -22.5, "axis": "y", "origin": [16, 0, 0]},
			"faces": {
				"north": {"uv": [5, 8, 8.5, 9], "texture": "#1"},
				"east": {"uv": [5, 8, 8.5, 9], "texture": "#1"},
				"south": {"uv": [5, 8, 8.5, 9], "texture": "#1"},
				"west": {"uv": [5, 8, 8.5, 9], "texture": "#1"},
				"up": {"uv": [5, 8, 8.5, 9], "texture": "#1"},
				"down": {"uv": [5, 8, 8.5, 9], "texture": "#1"}
			}
		},
		{
			"from": [3.9, 17.9, 4.1],
			"to": [7, 18.1, 6.2],
			"rotation": {"angle": 22.5, "axis": "y", "origin": [0, 0, 0]},
			"faces": {
				"north": {"uv": [8.5, 8, 5, 9], "texture": "#1"},
				"east": {"uv": [8.5, 8, 5, 9], "texture": "#1"},
				"south": {"uv": [8.5, 8, 5, 9], "texture": "#1"},
				"west": {"uv": [8.5, 8, 5, 9], "texture": "#1"},
				"up": {"uv": [8.5, 8, 5, 9], "texture": "#1"},
				"down": {"uv": [8.5, 8, 5, 9], "texture": "#1"}
			}
		},
		{
			"from": [11.2, 12.9, 4.1],
			"to": [13.3, 13.3, 6.2],
			"rotation": {"angle": -22.5, "axis": "y", "origin": [16, 0, 0]},
			"faces": {
				"north": {"uv": [14, 3, 16, 4], "texture": "#2"},
				"east": {"uv": [14, 3, 16, 4], "texture": "#2"},
				"south": {"uv": [14, 3, 16, 4], "texture": "#2"},
				"west": {"uv": [14, 3, 16, 4], "texture": "#2"},
				"up": {"uv": [14, 3, 16, 4], "texture": "#2"},
				"down": {"uv": [14, 3, 16, 4], "texture": "#2"}
			}
		},
		{
			"from": [2.7, 11, 4.1],
			"to": [4.4, 11.4, 6.2],
			"rotation": {"angle": 22.5, "axis": "y", "origin": [0, 0, 0]},
			"faces": {
				"north": {"uv": [16, 3, 14, 4], "texture": "#2"},
				"east": {"uv": [16, 3, 14, 4], "texture": "#2"},
				"south": {"uv": [16, 3, 14, 4], "texture": "#2"},
				"west": {"uv": [16, 3, 14, 4], "texture": "#2"},
				"up": {"uv": [16, 3, 14, 4], "texture": "#2"},
				"down": {"uv": [16, 3, 14, 4], "texture": "#2"}
			}
		},
		{
			"from": [11.2, 12.3, 4.1],
			"to": [13.3, 12.7, 6.2],
			"rotation": {"angle": -22.5, "axis": "y", "origin": [16, 0, 0]},
			"faces": {
				"north": {"uv": [14, 3, 16, 4], "texture": "#2"},
				"east": {"uv": [14, 3, 16, 4], "texture": "#2"},
				"south": {"uv": [14, 3, 16, 4], "texture": "#2"},
				"west": {"uv": [14, 3, 16, 4], "texture": "#2"},
				"up": {"uv": [14, 3, 16, 4], "texture": "#2"},
				"down": {"uv": [14, 3, 16, 4], "texture": "#2"}
			}
		},
		{
			"from": [2.7, 11.6, 4.1],
			"to": [4.4, 12, 6.2],
			"rotation": {"angle": 22.5, "axis": "y", "origin": [0, 0, 0]},
			"faces": {
				"north": {"uv": [16, 3, 14, 4], "texture": "#2"},
				"east": {"uv": [16, 3, 14, 4], "texture": "#2"},
				"south": {"uv": [16, 3, 14, 4], "texture": "#2"},
				"west": {"uv": [16, 3, 14, 4], "texture": "#2"},
				"up": {"uv": [16, 3, 14, 4], "texture": "#2"},
				"down": {"uv": [16, 3, 14, 4], "texture": "#2"}
			}
		},
		{
			"from": [11.6, 11, 4.1],
			"to": [13.3, 11.4, 6.2],
			"rotation": {"angle": -22.5, "axis": "y", "origin": [16, 0, 0]},
			"faces": {
				"north": {"uv": [14, 3, 16, 4], "texture": "#2"},
				"east": {"uv": [14, 3, 16, 4], "texture": "#2"},
				"south": {"uv": [14, 3, 16, 4], "texture": "#2"},
				"west": {"uv": [14, 3, 16, 4], "texture": "#2"},
				"up": {"uv": [14, 3, 16, 4], "texture": "#2"},
				"down": {"uv": [14, 3, 16, 4], "texture": "#2"}
			}
		},
		{
			"from": [11.6, 11.6, 4.1],
			"to": [13.3, 12, 6.2],
			"rotation": {"angle": -22.5, "axis": "y", "origin": [16, 0, 0]},
			"faces": {
				"north": {"uv": [14, 3, 16, 4], "texture": "#2"},
				"east": {"uv": [14, 3, 16, 4], "texture": "#2"},
				"south": {"uv": [14, 3, 16, 4], "texture": "#2"},
				"west": {"uv": [14, 3, 16, 4], "texture": "#2"},
				"up": {"uv": [14, 3, 16, 4], "texture": "#2"},
				"down": {"uv": [14, 3, 16, 4], "texture": "#2"}
			}
		},
		{
			"from": [2.7, 12.3, 4.1],
			"to": [4.8, 12.7, 6.2],
			"rotation": {"angle": 22.5, "axis": "y", "origin": [0, 0, 0]},
			"faces": {
				"north": {"uv": [16, 3, 14, 4], "texture": "#2"},
				"east": {"uv": [16, 3, 14, 4], "texture": "#2"},
				"south": {"uv": [16, 3, 14, 4], "texture": "#2"},
				"west": {"uv": [16, 3, 14, 4], "texture": "#2"},
				"up": {"uv": [16, 3, 14, 4], "texture": "#2"},
				"down": {"uv": [16, 3, 14, 4], "texture": "#2"}
			}
		},
		{
			"from": [2.7, 12.9, 4.1],
			"to": [4.8, 13.3, 6.2],
			"rotation": {"angle": 22.5, "axis": "y", "origin": [0, 0, 0]},
			"faces": {
				"north": {"uv": [16, 3, 14, 4], "texture": "#2"},
				"east": {"uv": [16, 3, 14, 4], "texture": "#2"},
				"south": {"uv": [16, 3, 14, 4], "texture": "#2"},
				"west": {"uv": [16, 3, 14, 4], "texture": "#2"},
				"up": {"uv": [16, 3, 14, 4], "texture": "#2"},
				"down": {"uv": [16, 3, 14, 4], "texture": "#2"}
			}
		},
		{
			"from": [9, 17.5, 4.1],
			"to": [11.1, 17.7, 6.2],
			"rotation": {"angle": -22.5, "axis": "y", "origin": [16, 0, 0]},
			"faces": {
				"north": {"uv": [5, 8, 8.5, 9], "texture": "#1"},
				"east": {"uv": [5, 8, 8.5, 9], "texture": "#1"},
				"south": {"uv": [5, 8, 8.5, 9], "texture": "#1"},
				"west": {"uv": [5, 8, 8.5, 9], "texture": "#1"},
				"up": {"uv": [5, 8, 8.5, 9], "texture": "#1"},
				"down": {"uv": [5, 8, 8.5, 9], "texture": "#1"}
			}
		},
		{
			"from": [4.4, 17.7, 4.1],
			"to": [7, 17.9, 6.2],
			"rotation": {"angle": 22.5, "axis": "y", "origin": [0, 0, 0]},
			"faces": {
				"north": {"uv": [8.5, 8, 5, 9], "texture": "#1"},
				"east": {"uv": [8.5, 8, 5, 9], "texture": "#1"},
				"south": {"uv": [8.5, 8, 5, 9], "texture": "#1"},
				"west": {"uv": [8.5, 8, 5, 9], "texture": "#1"},
				"up": {"uv": [8.5, 8, 5, 9], "texture": "#1"},
				"down": {"uv": [8.5, 8, 5, 9], "texture": "#1"}
			}
		},
		{
			"from": [3.1, 10.4, 6.9],
			"to": [5.1, 11.3, 8.2],
			"rotation": {"angle": 45, "axis": "y", "origin": [0, 0, 0]},
			"faces": {
				"north": {"uv": [1, 3.4, 1.7, 5], "texture": "#2"},
				"east": {"uv": [1, 3.4, 1.7, 5], "texture": "#2"},
				"south": {"uv": [1, 3.4, 1.7, 5], "texture": "#2"},
				"west": {"uv": [1, 3.4, 1.7, 5], "texture": "#2"},
				"up": {"uv": [1, 3.4, 1.7, 5], "texture": "#2"},
				"down": {"uv": [1, 3.4, 1.7, 5], "texture": "#2"}
			}
		},
		{
			"from": [3.1, 10.4, 6.2],
			"to": [4.4, 11.3, 8.2],
			"rotation": {"angle": 45, "axis": "y", "origin": [0, 0, 0]},
			"faces": {
				"north": {"uv": [1, 3.4, 1.7, 5], "texture": "#2"},
				"east": {"uv": [1, 3.4, 1.7, 5], "texture": "#2"},
				"south": {"uv": [1, 3.4, 1.7, 5], "texture": "#2"},
				"west": {"uv": [1, 3.4, 1.7, 5], "texture": "#2"},
				"up": {"uv": [1, 3.4, 1.7, 5], "texture": "#2"},
				"down": {"uv": [1, 3.4, 1.7, 5], "texture": "#2"}
			}
		},
		{
			"from": [4.4, 6, 6.2],
			"to": [5.1, 11.3, 6.9],
			"rotation": {"angle": 45, "axis": "y", "origin": [0, 0, 0]},
			"faces": {
				"north": {"uv": [5, 8, 8.5, 9], "texture": "#1"},
				"east": {"uv": [5, 8, 8.5, 9], "texture": "#1"},
				"south": {"uv": [5, 8, 8.5, 9], "texture": "#1"},
				"west": {"uv": [5, 8, 8.5, 9], "texture": "#1"},
				"up": {"uv": [5, 8, 8.5, 9], "texture": "#1"},
				"down": {"uv": [5, 8, 8.5, 9], "texture": "#1"}
			}
		},
		{
			"from": [1.6, 19.5, 4.2],
			"to": [7.1, 20.9, 6.2],
			"rotation": {"angle": 22.5, "axis": "y", "origin": [0, 0, 0]},
			"faces": {
				"north": {"uv": [8.5, 8, 5, 9], "texture": "#1"},
				"east": {"uv": [8.5, 8, 5, 9], "texture": "#1"},
				"south": {"uv": [8.5, 8, 5, 9], "texture": "#1"},
				"west": {"uv": [8.5, 8, 5, 9], "texture": "#1"},
				"up": {"uv": [8.5, 8, 5, 9], "texture": "#1"},
				"down": {"uv": [8.5, 8, 5, 9], "texture": "#1"}
			}
		},
		{
			"from": [8, 23.9, 8.4],
			"to": [11.5, 27.1, 15.2],
			"rotation": {"angle": 0, "axis": "y", "origin": [16, 0, 0]},
			"faces": {
				"north": {"uv": [5, 8, 8.5, 9], "texture": "#1"},
				"east": {"uv": [5, 8, 8.5, 9], "texture": "#1"},
				"south": {"uv": [5, 8, 8.5, 9], "texture": "#1"},
				"west": {"uv": [5, 8, 8.5, 9], "texture": "#1"},
				"up": {"uv": [5, 8, 8.5, 9], "texture": "#1"},
				"down": {"uv": [5, 8, 8.5, 9], "texture": "#1"}
			}
		},
		{
			"from": [1.6, 20.6, 4.6],
			"to": [7.1, 22, 6.6],
			"rotation": {"angle": 22.5, "axis": "y", "origin": [0, 0, 0]},
			"faces": {
				"north": {"uv": [8.5, 8, 5, 9], "texture": "#1"},
				"east": {"uv": [8.5, 8, 5, 9], "texture": "#1"},
				"south": {"uv": [8.5, 8, 5, 9], "texture": "#1"},
				"west": {"uv": [8.5, 8, 5, 9], "texture": "#1"},
				"up": {"uv": [8.5, 8, 5, 9], "texture": "#1"},
				"down": {"uv": [8.5, 8, 5, 9], "texture": "#1"}
			}
		},
		{
			"from": [8.9, 19.5, 4.2],
			"to": [14.4, 20.9, 6.2],
			"rotation": {"angle": -22.5, "axis": "y", "origin": [16, 0, 0]},
			"faces": {
				"north": {"uv": [5, 8, 8.5, 9], "texture": "#1"},
				"east": {"uv": [5, 8, 8.5, 9], "texture": "#1"},
				"south": {"uv": [5, 8, 8.5, 9], "texture": "#1"},
				"west": {"uv": [5, 8, 8.5, 9], "texture": "#1"},
				"up": {"uv": [5, 8, 8.5, 9], "texture": "#1"},
				"down": {"uv": [5, 8, 8.5, 9], "texture": "#1"}
			}
		},
		{
			"from": [1.6, 21.6, 5.6],
			"to": [7.1, 23.8, 7.6],
			"rotation": {"angle": 22.5, "axis": "y", "origin": [0, 0, 0]},
			"faces": {
				"north": {"uv": [8.5, 8, 5, 9], "texture": "#1"},
				"east": {"uv": [8.5, 8, 5, 9], "texture": "#1"},
				"south": {"uv": [8.5, 8, 5, 9], "texture": "#1"},
				"west": {"uv": [8.5, 8, 5, 9], "texture": "#1"},
				"up": {"uv": [8.5, 8, 5, 9], "texture": "#1"},
				"down": {"uv": [8.5, 8, 5, 9], "texture": "#1"}
			}
		},
		{
			"from": [8.9, 20.6, 4.6],
			"to": [14.4, 22, 6.6],
			"rotation": {"angle": -22.5, "axis": "y", "origin": [16, 0, 0]},
			"faces": {
				"north": {"uv": [5, 8, 8.5, 9], "texture": "#1"},
				"east": {"uv": [5, 8, 8.5, 9], "texture": "#1"},
				"south": {"uv": [5, 8, 8.5, 9], "texture": "#1"},
				"west": {"uv": [5, 8, 8.5, 9], "texture": "#1"},
				"up": {"uv": [5, 8, 8.5, 9], "texture": "#1"},
				"down": {"uv": [5, 8, 8.5, 9], "texture": "#1"}
			}
		},
		{
			"from": [2.1, 9.2, 3.8],
			"to": [7.6, 20.9, 5.9],
			"faces": {
				"north": {"uv": [8.5, 8, 5, 9], "texture": "#1"},
				"east": {"uv": [8.5, 8, 5, 9], "texture": "#1"},
				"south": {"uv": [8.5, 8, 5, 9], "texture": "#1"},
				"west": {"uv": [8.5, 8, 5, 9], "texture": "#1"},
				"up": {"uv": [8.5, 8, 5, 9], "texture": "#1"},
				"down": {"uv": [8.5, 8, 5, 9], "texture": "#1"}
			}
		},
		{
			"from": [8.9, 21.6, 5.6],
			"to": [14.4, 23.8, 7.6],
			"rotation": {"angle": -22.5, "axis": "y", "origin": [16, 0, 0]},
			"faces": {
				"north": {"uv": [5, 8, 8.5, 9], "texture": "#1"},
				"east": {"uv": [5, 8, 8.5, 9], "texture": "#1"},
				"south": {"uv": [5, 8, 8.5, 9], "texture": "#1"},
				"west": {"uv": [5, 8, 8.5, 9], "texture": "#1"},
				"up": {"uv": [5, 8, 8.5, 9], "texture": "#1"},
				"down": {"uv": [5, 8, 8.5, 9], "texture": "#1"}
			}
		},
		{
			"from": [2.1, 9.8, 5.9],
			"to": [8, 20.9, 11.3],
			"faces": {
				"north": {"uv": [8.5, 8, 5, 9], "texture": "#1"},
				"east": {"uv": [8.5, 8, 5, 9], "texture": "#1"},
				"south": {"uv": [8.5, 8, 5, 9], "texture": "#1"},
				"west": {"uv": [8.5, 8, 5, 9], "texture": "#1"},
				"up": {"uv": [8.5, 8, 5, 9], "texture": "#1"},
				"down": {"uv": [8.5, 8, 5, 9], "texture": "#1"}
			}
		},
		{
			"from": [8.4, 9.2, 3.8],
			"to": [13.9, 20.9, 5.9],
			"rotation": {"angle": 0, "axis": "y", "origin": [16, 0, 0]},
			"faces": {
				"north": {"uv": [5, 8, 8.5, 9], "texture": "#1"},
				"east": {"uv": [5, 8, 8.5, 9], "texture": "#1"},
				"south": {"uv": [5, 8, 8.5, 9], "texture": "#1"},
				"west": {"uv": [5, 8, 8.5, 9], "texture": "#1"},
				"up": {"uv": [5, 8, 8.5, 9], "texture": "#1"},
				"down": {"uv": [5, 8, 8.5, 9], "texture": "#1"}
			}
		},
		{
			"from": [4.3, 11.9, 12.5],
			"to": [8, 28.8, 15.2],
			"faces": {
				"north": {"uv": [8.5, 8, 5, 9], "texture": "#1"},
				"east": {"uv": [8.5, 8, 5, 9], "texture": "#1"},
				"south": {"uv": [8.5, 8, 5, 9], "texture": "#1"},
				"west": {"uv": [8.5, 8, 5, 9], "texture": "#1"},
				"up": {"uv": [8.5, 8, 5, 9], "texture": "#1"},
				"down": {"uv": [8.5, 8, 5, 9], "texture": "#1"}
			}
		},
		{
			"from": [8, 22.2, 5.1],
			"to": [12.1, 25.5, 13.3],
			"rotation": {"angle": 0, "axis": "y", "origin": [16, 0, 0]},
			"faces": {
				"north": {"uv": [5, 8, 8.5, 9], "texture": "#1"},
				"east": {"uv": [5, 8, 8.5, 9], "texture": "#1"},
				"south": {"uv": [5, 8, 8.5, 9], "texture": "#1"},
				"west": {"uv": [5, 8, 8.5, 9], "texture": "#1"},
				"up": {"uv": [5, 8, 8.5, 9], "texture": "#1"},
				"down": {"uv": [5, 8, 8.5, 9], "texture": "#1"}
			}
		},
		{
			"from": [4.5, 22.8, 4.2],
			"to": [8, 25.9, 15.2],
			"faces": {
				"north": {"uv": [8.5, 8, 5, 9], "texture": "#1"},
				"east": {"uv": [8.5, 8, 5, 9], "texture": "#1"},
				"south": {"uv": [8.5, 8, 5, 9], "texture": "#1"},
				"west": {"uv": [8.5, 8, 5, 9], "texture": "#1"},
				"up": {"uv": [8.5, 8, 5, 9], "texture": "#1"},
				"down": {"uv": [8.5, 8, 5, 9], "texture": "#1"}
			}
		},
		{
			"from": [8, 11.9, 12.5],
			"to": [11.7, 28.8, 15.2],
			"rotation": {"angle": 0, "axis": "y", "origin": [16, 0, 0]},
			"faces": {
				"north": {"uv": [5, 8, 8.5, 9], "texture": "#1"},
				"east": {"uv": [5, 8, 8.5, 9], "texture": "#1"},
				"south": {"uv": [5, 8, 8.5, 9], "texture": "#1"},
				"west": {"uv": [5, 8, 8.5, 9], "texture": "#1"},
				"up": {"uv": [5, 8, 8.5, 9], "texture": "#1"},
				"down": {"uv": [5, 8, 8.5, 9], "texture": "#1"}
			}
		},
		{
			"from": [4.5, 23.9, 8.4],
			"to": [8, 27.1, 15.2],
			"faces": {
				"north": {"uv": [8.5, 8, 5, 9], "texture": "#1"},
				"east": {"uv": [8.5, 8, 5, 9], "texture": "#1"},
				"south": {"uv": [8.5, 8, 5, 9], "texture": "#1"},
				"west": {"uv": [8.5, 8, 5, 9], "texture": "#1"},
				"up": {"uv": [8.5, 8, 5, 9], "texture": "#1"},
				"down": {"uv": [8.5, 8, 5, 9], "texture": "#1"}
			}
		},
		{
			"from": [8, 22.8, 4.2],
			"to": [11.5, 25.9, 15.2],
			"rotation": {"angle": 0, "axis": "y", "origin": [16, 0, 0]},
			"faces": {
				"north": {"uv": [5, 8, 8.5, 9], "texture": "#1"},
				"east": {"uv": [5, 8, 8.5, 9], "texture": "#1"},
				"south": {"uv": [5, 8, 8.5, 9], "texture": "#1"},
				"west": {"uv": [5, 8, 8.5, 9], "texture": "#1"},
				"up": {"uv": [5, 8, 8.5, 9], "texture": "#1"},
				"down": {"uv": [5, 8, 8.5, 9], "texture": "#1"}
			}
		},
		{
			"from": [2.8, 20.9, 4.4],
			"to": [8, 23.9, 13.3],
			"faces": {
				"north": {"uv": [8.5, 8, 5, 9], "texture": "#1"},
				"east": {"uv": [8.5, 8, 5, 9], "texture": "#1"},
				"south": {"uv": [8.5, 8, 5, 9], "texture": "#1"},
				"west": {"uv": [8.5, 8, 5, 9], "texture": "#1"},
				"up": {"uv": [8.5, 8, 5, 9], "texture": "#1"},
				"down": {"uv": [8.5, 8, 5, 9], "texture": "#1"}
			}
		},
		{
			"from": [8, 10.5, 11.3],
			"to": [13.5, 20.9, 13.6],
			"rotation": {"angle": 0, "axis": "y", "origin": [16, 0, 0]},
			"faces": {
				"north": {"uv": [5, 8, 8.5, 9], "texture": "#1"},
				"east": {"uv": [5, 8, 8.5, 9], "texture": "#1"},
				"south": {"uv": [5, 8, 8.5, 9], "texture": "#1"},
				"west": {"uv": [5, 8, 8.5, 9], "texture": "#1"},
				"up": {"uv": [5, 8, 8.5, 9], "texture": "#1"},
				"down": {"uv": [5, 8, 8.5, 9], "texture": "#1"}
			}
		},
		{
			"from": [3.9, 22.2, 5.1],
			"to": [8, 25.5, 13.3],
			"faces": {
				"north": {"uv": [8.5, 8, 5, 9], "texture": "#1"},
				"east": {"uv": [8.5, 8, 5, 9], "texture": "#1"},
				"south": {"uv": [8.5, 8, 5, 9], "texture": "#1"},
				"west": {"uv": [8.5, 8, 5, 9], "texture": "#1"},
				"up": {"uv": [8.5, 8, 5, 9], "texture": "#1"},
				"down": {"uv": [8.5, 8, 5, 9], "texture": "#1"}
			}
		},
		{
			"from": [8, 20.9, 4.4],
			"to": [13.2, 23.9, 13.3],
			"rotation": {"angle": 0, "axis": "y", "origin": [16, 0, 0]},
			"faces": {
				"north": {"uv": [5, 8, 8.5, 9], "texture": "#1"},
				"east": {"uv": [5, 8, 8.5, 9], "texture": "#1"},
				"south": {"uv": [5, 8, 8.5, 9], "texture": "#1"},
				"west": {"uv": [5, 8, 8.5, 9], "texture": "#1"},
				"up": {"uv": [5, 8, 8.5, 9], "texture": "#1"},
				"down": {"uv": [5, 8, 8.5, 9], "texture": "#1"}
			}
		},
		{
			"from": [2.5, 10.5, 11.3],
			"to": [8, 20.9, 13.6],
			"faces": {
				"north": {"uv": [8.5, 8, 5, 9], "texture": "#1"},
				"east": {"uv": [8.5, 8, 5, 9], "texture": "#1"},
				"south": {"uv": [8.5, 8, 5, 9], "texture": "#1"},
				"west": {"uv": [8.5, 8, 5, 9], "texture": "#1"},
				"up": {"uv": [8.5, 8, 5, 9], "texture": "#1"},
				"down": {"uv": [8.5, 8, 5, 9], "texture": "#1"}
			}
		},
		{
			"from": [8, 9.8, 5.9],
			"to": [13.9, 20.9, 11.3],
			"rotation": {"angle": 0, "axis": "y", "origin": [16, 0, 0]},
			"faces": {
				"north": {"uv": [5, 8, 8.5, 9], "texture": "#1"},
				"east": {"uv": [5, 8, 8.5, 9], "texture": "#1"},
				"south": {"uv": [5, 8, 8.5, 9], "texture": "#1"},
				"west": {"uv": [5, 8, 8.5, 9], "texture": "#1"},
				"up": {"uv": [5, 8, 8.5, 9], "texture": "#1"},
				"down": {"uv": [5, 8, 8.5, 9], "texture": "#1"}
			}
		}
	],
	"display": {
		"gui": {
			"rotation": [0, 180, 0],
			"translation": [0, -9.25, 0]
		},
		"head": {
			"translation": [0, -7.75, -1],
			"scale": [1.15, 1.15, 1.2]
		}
	}
}