{
	"credit": "Made with Blockbench",
	"parent": "86",
	"textures": {
		"0": "minecraft:block/deepslate_coal_ore",
		"1": "minecraft:block/green_glazed_terracotta",
		"particle": "minecraft:block/deepslate_coal_ore"
	},
	"elements": [
		{
			"from": [11.6, 2, 6.2],
			"to": [16.9, 4, 8.2],
			"faces": {
				"north": {"uv": [12.3, 12, 12.8, 12.7], "texture": "#0"},
				"east": {"uv": [12.3, 12, 12.8, 12.7], "texture": "#0"},
				"south": {"uv": [12.3, 12, 12.8, 12.7], "texture": "#0"},
				"west": {"uv": [12.3, 12, 12.8, 12.7], "texture": "#0"},
				"up": {"uv": [12.3, 12, 12.8, 12.7], "texture": "#0"},
				"down": {"uv": [12.3, 12, 12.8, 12.7], "texture": "#0"}
			}
		},
		{
			"from": [-0.6, 2, 14.4],
			"to": [1.4, 4, 19.6],
			"rotation": {"angle": 45, "axis": "y", "origin": [0, 0, 0]},
			"faces": {
				"north": {"uv": [12.3, 12, 12.8, 12.7], "texture": "#0"},
				"east": {"uv": [12.3, 12, 12.8, 12.7], "texture": "#0"},
				"south": {"uv": [12.3, 12, 12.8, 12.7], "texture": "#0"},
				"west": {"uv": [12.3, 12, 12.8, 12.7], "texture": "#0"},
				"up": {"uv": [12.3, 12, 12.8, 12.7], "texture": "#0"},
				"down": {"uv": [12.3, 12, 12.8, 12.7], "texture": "#0"}
			}
		},
		{
			"from": [-0.2, 2, 2.6],
			"to": [1.8, 4, 6.8],
			"rotation": {"angle": 45, "axis": "y", "origin": [0, 0, 0]},
			"faces": {
				"north": {"uv": [12.3, 12, 12.8, 12.7], "texture": "#0"},
				"east": {"uv": [12.3, 12, 12.8, 12.7], "texture": "#0"},
				"south": {"uv": [12.3, 12, 12.8, 12.7], "texture": "#0"},
				"west": {"uv": [12.3, 12, 12.8, 12.7], "texture": "#0"},
				"up": {"uv": [12.3, 12, 12.8, 12.7], "texture": "#0"},
				"down": {"uv": [12.3, 12, 12.8, 12.7], "texture": "#0"}
			}
		},
		{
			"from": [-0.1, 2, 6.2],
			"to": [4.5, 4, 8.2],
			"rotation": {"angle": 0, "axis": "y", "origin": [16, 0, 0]},
			"faces": {
				"north": {"uv": [12.3, 12, 12.8, 12.7], "texture": "#0"},
				"east": {"uv": [12.3, 12, 12.8, 12.7], "texture": "#0"},
				"south": {"uv": [12.3, 12, 12.8, 12.7], "texture": "#0"},
				"west": {"uv": [12.3, 12, 12.8, 12.7], "texture": "#0"},
				"up": {"uv": [12.3, 12, 12.8, 12.7], "texture": "#0"},
				"down": {"uv": [12.3, 12, 12.8, 12.7], "texture": "#0"}
			}
		},
		{
			"from": [14.2, 2, 1.7],
			"to": [16.2, 4, 5.6],
			"rotation": {"angle": -45, "axis": "y", "origin": [16, 0, 0]},
			"faces": {
				"north": {"uv": [12.3, 12, 12.8, 12.7], "texture": "#0"},
				"east": {"uv": [12.3, 12, 12.8, 12.7], "texture": "#0"},
				"south": {"uv": [12.3, 12, 12.8, 12.7], "texture": "#0"},
				"west": {"uv": [12.3, 12, 12.8, 12.7], "texture": "#0"},
				"up": {"uv": [12.3, 12, 12.8, 12.7], "texture": "#0"},
				"down": {"uv": [12.3, 12, 12.8, 12.7], "texture": "#0"}
			}
		},
		{
			"from": [6.9, 2, -1.7],
			"to": [8.9, 4, 3.1],
			"faces": {
				"north": {"uv": [12.3, 12, 12.8, 12.7], "texture": "#0"},
				"east": {"uv": [12.3, 12, 12.8, 12.7], "texture": "#0"},
				"south": {"uv": [12.3, 12, 12.8, 12.7], "texture": "#0"},
				"west": {"uv": [12.3, 12, 12.8, 12.7], "texture": "#0"},
				"up": {"uv": [12.3, 12, 12.8, 12.7], "texture": "#0"},
				"down": {"uv": [12.3, 12, 12.8, 12.7], "texture": "#0"}
			}
		},
		{
			"from": [6.9, 2, 10.8],
			"to": [8.9, 4, 15.8],
			"faces": {
				"north": {"uv": [12.3, 12, 12.8, 12.7], "texture": "#0"},
				"east": {"uv": [12.3, 12, 12.8, 12.7], "texture": "#0"},
				"south": {"uv": [12.3, 12, 12.8, 12.7], "texture": "#0"},
				"west": {"uv": [12.3, 12, 12.8, 12.7], "texture": "#0"},
				"up": {"uv": [12.3, 12, 12.8, 12.7], "texture": "#0"},
				"down": {"uv": [12.3, 12, 12.8, 12.7], "texture": "#0"}
			}
		},
		{
			"from": [14.2, 2, 2.6],
			"to": [16.2, 4, 6.8],
			"rotation": {"angle": -45, "axis": "y", "origin": [16, 0, 0]},
			"faces": {
				"north": {"uv": [12.3, 12, 12.8, 12.7], "texture": "#0"},
				"east": {"uv": [12.3, 12, 12.8, 12.7], "texture": "#0"},
				"south": {"uv": [12.3, 12, 12.8, 12.7], "texture": "#0"},
				"west": {"uv": [12.3, 12, 12.8, 12.7], "texture": "#0"},
				"up": {"uv": [12.3, 12, 12.8, 12.7], "texture": "#0"},
				"down": {"uv": [12.3, 12, 12.8, 12.7], "texture": "#0"}
			}
		},
		{
			"from": [10.8, 4.6, 6.2],
			"to": [15.1, 13.2, 8.2],
			"rotation": {"angle": 0, "axis": "y", "origin": [-0.8, 0, 0]},
			"faces": {
				"north": {"uv": [12.3, 12, 12.8, 12.7], "texture": "#0"},
				"east": {"uv": [12.3, 12, 12.8, 12.7], "texture": "#0"},
				"south": {"uv": [12.3, 12, 12.8, 12.7], "texture": "#0"},
				"west": {"uv": [12.3, 12, 12.8, 12.7], "texture": "#0"},
				"up": {"uv": [12.3, 12, 12.8, 12.7], "texture": "#0"},
				"down": {"uv": [12.3, 12, 12.8, 12.7], "texture": "#0"}
			}
		},
		{
			"from": [14.9, 17.6, 6.2],
			"to": [18, 20.7, 8.2],
			"rotation": {"angle": 45, "axis": "z", "origin": [16.8, 0, 0]},
			"faces": {
				"north": {"uv": [12.8, 12, 12.3, 12.7], "texture": "#0"},
				"east": {"uv": [12.8, 12, 12.3, 12.7], "texture": "#0"},
				"south": {"uv": [12.8, 12, 12.3, 12.7], "texture": "#0"},
				"west": {"uv": [12.8, 12, 12.3, 12.7], "texture": "#0"},
				"up": {"uv": [12.8, 12, 12.3, 12.7], "texture": "#0"},
				"down": {"uv": [12.8, 12, 12.3, 12.7], "texture": "#0"}
			}
		},
		{
			"from": [-2, 17.6, 6.2],
			"to": [1.1, 20.7, 8.2],
			"rotation": {"angle": -45, "axis": "z", "origin": [-0.8, 0, 0]},
			"faces": {
				"north": {"uv": [12.3, 12, 12.8, 12.7], "texture": "#0"},
				"east": {"uv": [12.3, 12, 12.8, 12.7], "texture": "#0"},
				"south": {"uv": [12.3, 12, 12.8, 12.7], "texture": "#0"},
				"west": {"uv": [12.3, 12, 12.8, 12.7], "texture": "#0"},
				"up": {"uv": [12.3, 12, 12.8, 12.7], "texture": "#0"},
				"down": {"uv": [12.3, 12, 12.8, 12.7], "texture": "#0"}
			}
		},
		{
			"from": [0.8, 4, 6.2],
			"to": [3, 15.5, 8.2],
			"rotation": {"angle": 0, "axis": "y", "origin": [16.8, 0, 0]},
			"faces": {
				"north": {"uv": [12.8, 12, 12.3, 12.7], "texture": "#0"},
				"east": {"uv": [12.8, 12, 12.3, 12.7], "texture": "#0"},
				"south": {"uv": [12.8, 12, 12.3, 12.7], "texture": "#0"},
				"west": {"uv": [12.8, 12, 12.3, 12.7], "texture": "#0"},
				"up": {"uv": [12.8, 12, 12.3, 12.7], "texture": "#0"},
				"down": {"uv": [12.8, 12, 12.3, 12.7], "texture": "#0"}
			}
		},
		{
			"from": [13, 4, 6.2],
			"to": [15.2, 15.5, 8.2],
			"rotation": {"angle": 0, "axis": "y", "origin": [-0.8, 0, 0]},
			"faces": {
				"north": {"uv": [12.3, 12, 12.8, 12.7], "texture": "#0"},
				"east": {"uv": [12.3, 12, 12.8, 12.7], "texture": "#0"},
				"south": {"uv": [12.3, 12, 12.8, 12.7], "texture": "#0"},
				"west": {"uv": [12.3, 12, 12.8, 12.7], "texture": "#0"},
				"up": {"uv": [12.3, 12, 12.8, 12.7], "texture": "#0"},
				"down": {"uv": [12.3, 12, 12.8, 12.7], "texture": "#0"}
			}
		},
		{
			"from": [0.9, 4.6, 6.2],
			"to": [5.2, 13.2, 8.2],
			"rotation": {"angle": 0, "axis": "y", "origin": [16.8, 0, 0]},
			"faces": {
				"north": {"uv": [12.8, 12, 12.3, 12.7], "texture": "#0"},
				"east": {"uv": [12.8, 12, 12.3, 12.7], "texture": "#0"},
				"south": {"uv": [12.8, 12, 12.3, 12.7], "texture": "#0"},
				"west": {"uv": [12.8, 12, 12.3, 12.7], "texture": "#0"},
				"up": {"uv": [12.8, 12, 12.3, 12.7], "texture": "#0"},
				"down": {"uv": [12.8, 12, 12.3, 12.7], "texture": "#0"}
			}
		},
		{
			"from": [-0.9, 2, 6.2],
			"to": [4.4, 4, 8.2],
			"rotation": {"angle": 0, "axis": "y", "origin": [16, 0, 0]},
			"faces": {
				"north": {"uv": [12.3, 12, 12.8, 12.7], "texture": "#0"},
				"east": {"uv": [12.3, 12, 12.8, 12.7], "texture": "#0"},
				"south": {"uv": [12.3, 12, 12.8, 12.7], "texture": "#0"},
				"west": {"uv": [12.3, 12, 12.8, 12.7], "texture": "#0"},
				"up": {"uv": [12.3, 12, 12.8, 12.7], "texture": "#0"},
				"down": {"uv": [12.3, 12, 12.8, 12.7], "texture": "#0"}
			}
		},
		{
			"from": [-0.2, 2, 1.7],
			"to": [1.8, 4, 5.6],
			"rotation": {"angle": 45, "axis": "y", "origin": [0, 0, 0]},
			"faces": {
				"north": {"uv": [12.3, 12, 12.8, 12.7], "texture": "#0"},
				"east": {"uv": [12.3, 12, 12.8, 12.7], "texture": "#0"},
				"south": {"uv": [12.3, 12, 12.8, 12.7], "texture": "#0"},
				"west": {"uv": [12.3, 12, 12.8, 12.7], "texture": "#0"},
				"up": {"uv": [12.3, 12, 12.8, 12.7], "texture": "#0"},
				"down": {"uv": [12.3, 12, 12.8, 12.7], "texture": "#0"}
			}
		},
		{
			"from": [14.4, 2, 14.4],
			"to": [16.4, 4, 19.6],
			"rotation": {"angle": -45, "axis": "y", "origin": [16, 0, 0]},
			"faces": {
				"north": {"uv": [12.3, 12, 12.8, 12.7], "texture": "#0"},
				"east": {"uv": [12.3, 12, 12.8, 12.7], "texture": "#0"},
				"south": {"uv": [12.3, 12, 12.8, 12.7], "texture": "#0"},
				"west": {"uv": [12.3, 12, 12.8, 12.7], "texture": "#0"},
				"up": {"uv": [12.3, 12, 12.8, 12.7], "texture": "#0"},
				"down": {"uv": [12.3, 12, 12.8, 12.7], "texture": "#0"}
			}
		},
		{
			"from": [-0.7, 9.5, 6],
			"to": [1.6, 11.8, 8.5],
			"rotation": {"angle": -45, "axis": "z", "origin": [0, 0, 0]},
			"faces": {
				"north": {"uv": [8.3, 1, 9, 1.7], "texture": "#1"},
				"east": {"uv": [8.3, 1, 9, 1.7], "texture": "#1"},
				"south": {"uv": [8.3, 1, 9, 1.7], "texture": "#1"},
				"west": {"uv": [8.3, 1, 9, 1.7], "texture": "#1"},
				"up": {"uv": [8.3, 1, 9, 1.7], "texture": "#1"},
				"down": {"uv": [8.3, 1, 9, 1.7], "texture": "#1"}
			}
		},
		{
			"from": [6.6, 6.1, 6.1],
			"to": [9.1, 8.4, 8.4],
			"faces": {
				"north": {"uv": [12.3, 13, 12.8, 13.7], "texture": "#1"},
				"east": {"uv": [12.3, 13, 12.8, 13.7], "texture": "#1"},
				"south": {"uv": [12.3, 13, 12.8, 13.7], "texture": "#1"},
				"west": {"uv": [12.3, 13, 12.8, 13.7], "texture": "#1"},
				"up": {"uv": [12.3, 13, 12.8, 13.7], "texture": "#1"},
				"down": {"uv": [12.3, 13, 12.8, 13.7], "texture": "#1"}
			}
		}
	],
	"display": {
		"head": {
			"translation": [0, -21.25, 2.25],
			"scale": [4, 4, 4]
		}
	}
}