{
	"credit": "Made with Blockbench",
	"parent": "87",
	"textures": {
		"0": "minecraft:block/iron_trapdoor",
		"1": "minecraft:block/red_glazed_terracotta",
		"particle": "minecraft:block/iron_trapdoor"
	},
	"elements": [
		{
			"from": [17.3, 10, -5.3],
			"to": [18.9, 12, -1.3],
			"rotation": {"angle": 0, "axis": "y", "origin": [3.1, 0, 0]},
			"faces": {
				"north": {"uv": [0, 0, 1.6, 2], "texture": "#0"},
				"east": {"uv": [0, 0, 1.6, 2], "texture": "#0"},
				"south": {"uv": [0, 0, 1.6, 2], "texture": "#0"},
				"west": {"uv": [0, 0, 1.6, 2], "texture": "#0"},
				"up": {"uv": [0, 0, 1.6, 2], "texture": "#0"},
				"down": {"uv": [0, 0, 1.6, 2], "texture": "#0"}
			}
		},
		{
			"from": [-6.4, -2.8, -3.7],
			"to": [-4.8, 2.1, -2.5],
			"rotation": {"angle": 0, "axis": "y", "origin": [9.4, 0, 2]},
			"faces": {
				"north": {"uv": [1.6, 0, 0, 4.9], "texture": "#0"},
				"east": {"uv": [1.6, 0, 0, 4.9], "texture": "#0"},
				"south": {"uv": [1.6, 0, 0, 4.9], "texture": "#0"},
				"west": {"uv": [1.6, 0, 0, 4.9], "texture": "#0"},
				"up": {"uv": [1.6, 0, 0, 4.9], "texture": "#0"},
				"down": {"uv": [1.6, 0, 0, 4.9], "texture": "#0"}
			}
		},
		{
			"from": [17.3, 9, -6],
			"to": [18.9, 11, -2],
			"rotation": {"angle": 0, "axis": "y", "origin": [3.1, 0, 0]},
			"faces": {
				"north": {"uv": [0, 0, 1.6, 2], "texture": "#0"},
				"east": {"uv": [0, 0, 1.6, 2], "texture": "#0"},
				"south": {"uv": [0, 0, 1.6, 2], "texture": "#0"},
				"west": {"uv": [0, 0, 1.6, 2], "texture": "#0"},
				"up": {"uv": [0, 0, 1.6, 2], "texture": "#0"},
				"down": {"uv": [0, 0, 1.6, 2], "texture": "#0"}
			}
		},
		{
			"from": [-2.5, 10, 7],
			"to": [2.7, 12.7, 10.9],
			"rotation": {"angle": -22.5, "axis": "y", "origin": [12.9, 0, 0]},
			"faces": {
				"north": {"uv": [5.2, 0, 0, 2.7], "texture": "#0"},
				"east": {"uv": [5.2, 0, 0, 2.7], "texture": "#0"},
				"south": {"uv": [5.2, 0, 0, 2.7], "texture": "#0"},
				"west": {"uv": [5.2, 0, 0, 2.7], "texture": "#0"},
				"up": {"uv": [5.2, 0, 0, 2.7], "texture": "#0"},
				"down": {"uv": [5.2, 0, 0, 2.7], "texture": "#0"}
			}
		},
		{
			"from": [17.3, 7, -6.1],
			"to": [18.9, 9, -3.5],
			"rotation": {"angle": 0, "axis": "y", "origin": [3.1, 0, 0]},
			"faces": {
				"north": {"uv": [0, 0, 1.6, 2], "texture": "#0"},
				"east": {"uv": [0, 0, 1.6, 2], "texture": "#0"},
				"south": {"uv": [0, 0, 1.6, 2], "texture": "#0"},
				"west": {"uv": [0, 0, 1.6, 2], "texture": "#0"},
				"up": {"uv": [0, 0, 1.6, 2], "texture": "#0"},
				"down": {"uv": [0, 0, 1.6, 2], "texture": "#0"}
			}
		},
		{
			"from": [-6.4, 9, -4],
			"to": [-4.8, 11, 0],
			"rotation": {"angle": 0, "axis": "y", "origin": [9.4, 0, 2]},
			"faces": {
				"north": {"uv": [1.6, 0, 0, 2], "texture": "#0"},
				"east": {"uv": [1.6, 0, 0, 2], "texture": "#0"},
				"south": {"uv": [1.6, 0, 0, 2], "texture": "#0"},
				"west": {"uv": [1.6, 0, 0, 2], "texture": "#0"},
				"up": {"uv": [1.6, 0, 0, 2], "texture": "#0"},
				"down": {"uv": [1.6, 0, 0, 2], "texture": "#0"}
			}
		},
		{
			"from": [17.3, 2.1, -6.8],
			"to": [18.9, 7, -5.6],
			"rotation": {"angle": 0, "axis": "y", "origin": [3.1, 0, 0]},
			"faces": {
				"north": {"uv": [0, 0, 1.6, 4.9], "texture": "#0"},
				"east": {"uv": [0, 0, 1.6, 4.9], "texture": "#0"},
				"south": {"uv": [0, 0, 1.6, 4.9], "texture": "#0"},
				"west": {"uv": [0, 0, 1.6, 4.9], "texture": "#0"},
				"up": {"uv": [0, 0, 1.6, 4.9], "texture": "#0"},
				"down": {"uv": [0, 0, 1.6, 4.9], "texture": "#0"}
			}
		},
		{
			"from": [-6.4, 7, -4.1],
			"to": [-4.8, 9, -1.5],
			"rotation": {"angle": 0, "axis": "y", "origin": [9.4, 0, 2]},
			"faces": {
				"north": {"uv": [1.6, 0, 0, 2], "texture": "#0"},
				"east": {"uv": [1.6, 0, 0, 2], "texture": "#0"},
				"south": {"uv": [1.6, 0, 0, 2], "texture": "#0"},
				"west": {"uv": [1.6, 0, 0, 2], "texture": "#0"},
				"up": {"uv": [1.6, 0, 0, 2], "texture": "#0"},
				"down": {"uv": [1.6, 0, 0, 2], "texture": "#0"}
			}
		},
		{
			"from": [17.3, -2.8, -5.7],
			"to": [18.9, 2.1, -4.5],
			"rotation": {"angle": 0, "axis": "y", "origin": [3.1, 0, 0]},
			"faces": {
				"north": {"uv": [0, 0, 1.6, 4.9], "texture": "#0"},
				"east": {"uv": [0, 0, 1.6, 4.9], "texture": "#0"},
				"south": {"uv": [0, 0, 1.6, 4.9], "texture": "#0"},
				"west": {"uv": [0, 0, 1.6, 4.9], "texture": "#0"},
				"up": {"uv": [0, 0, 1.6, 4.9], "texture": "#0"},
				"down": {"uv": [0, 0, 1.6, 4.9], "texture": "#0"}
			}
		},
		{
			"from": [-6, -5.1, -4.6],
			"to": [-5.4, -0.5, -2.5],
			"rotation": {"angle": -22.5, "axis": "x", "origin": [9.4, 0, 2]},
			"faces": {
				"north": {"uv": [0.6, 0, 0, 4.6], "texture": "#0"},
				"east": {"uv": [0.6, 0, 0, 4.6], "texture": "#0"},
				"south": {"uv": [0.6, 0, 0, 4.6], "texture": "#0"},
				"west": {"uv": [0.6, 0, 0, 4.6], "texture": "#0"},
				"up": {"uv": [0.6, 0, 0, 4.6], "texture": "#0"},
				"down": {"uv": [0.6, 0, 0, 4.6], "texture": "#0"}
			}
		},
		{
			"from": [17.9, -0.9, -6.4],
			"to": [18.5, 8.4, -4.1],
			"rotation": {"angle": 0, "axis": "y", "origin": [3.1, 0, 0]},
			"faces": {
				"north": {"uv": [0, 0, 0.6, 9.3], "texture": "#0"},
				"east": {"uv": [0, 0, 0.6, 9.3], "texture": "#0"},
				"south": {"uv": [0, 0, 0.6, 9.3], "texture": "#0"},
				"west": {"uv": [0, 0, 0.6, 9.3], "texture": "#0"},
				"up": {"uv": [0, 0, 0.6, 9.3], "texture": "#0"},
				"down": {"uv": [0, 0, 0.6, 9.3], "texture": "#0"}
			}
		},
		{
			"from": [-6.4, 2.1, -4.8],
			"to": [-4.8, 7, -3.6],
			"rotation": {"angle": 0, "axis": "y", "origin": [9.4, 0, 2]},
			"faces": {
				"north": {"uv": [1.6, 6.7, 0, 11.6], "texture": "#1"},
				"east": {"uv": [1.6, 6.7, 0, 11.6], "texture": "#1"},
				"south": {"uv": [1.6, 6.7, 0, 11.6], "texture": "#1"},
				"west": {"uv": [1.6, 6.7, 0, 11.6], "texture": "#1"},
				"up": {"uv": [1.6, 6.7, 0, 11.6], "texture": "#1"},
				"down": {"uv": [1.6, 6.7, 0, 11.6], "texture": "#1"}
			}
		},
		{
			"from": [17.9, -5.5, -6],
			"to": [18.5, -0.9, -3.9],
			"rotation": {"angle": 0, "axis": "y", "origin": [3.1, 0, 0]},
			"faces": {
				"north": {"uv": [0, 6.7, 0.6, 11.3], "texture": "#1"},
				"east": {"uv": [0, 6.7, 0.6, 11.3], "texture": "#1"},
				"south": {"uv": [0, 6.7, 0.6, 11.3], "texture": "#1"},
				"west": {"uv": [0, 6.7, 0.6, 11.3], "texture": "#1"},
				"up": {"uv": [0, 6.7, 0.6, 11.3], "texture": "#1"},
				"down": {"uv": [0, 6.7, 0.6, 11.3], "texture": "#1"}
			}
		},
		{
			"from": [-6, -0.9, -4.4],
			"to": [-5.4, 8.4, -2.1],
			"rotation": {"angle": 0, "axis": "y", "origin": [9.4, 0, 2]},
			"faces": {
				"north": {"uv": [0.6, 0, 0, 9.3], "texture": "#0"},
				"east": {"uv": [0.6, 0, 0, 9.3], "texture": "#0"},
				"south": {"uv": [0.6, 0, 0, 9.3], "texture": "#0"},
				"west": {"uv": [0.6, 0, 0, 9.3], "texture": "#0"},
				"up": {"uv": [0.6, 0, 0, 9.3], "texture": "#0"},
				"down": {"uv": [0.6, 0, 0, 9.3], "texture": "#0"}
			}
		},
		{
			"from": [17.9, -5.1, -6.6],
			"to": [18.5, -0.5, -4.5],
			"rotation": {"angle": -22.5, "axis": "x", "origin": [3.1, 0, 0]},
			"faces": {
				"north": {"uv": [0, 0, 0.6, 4.6], "texture": "#0"},
				"east": {"uv": [0, 0, 0.6, 4.6], "texture": "#0"},
				"south": {"uv": [0, 0, 0.6, 4.6], "texture": "#0"},
				"west": {"uv": [0, 0, 0.6, 4.6], "texture": "#0"},
				"up": {"uv": [0, 0, 0.6, 4.6], "texture": "#0"},
				"down": {"uv": [0, 0, 0.6, 4.6], "texture": "#0"}
			}
		},
		{
			"from": [-6, -5.5, -4],
			"to": [-5.4, -0.9, -1.9],
			"rotation": {"angle": 0, "axis": "y", "origin": [9.4, 0, 2]},
			"faces": {
				"north": {"uv": [0.6, 0, 0, 4.6], "texture": "#0"},
				"east": {"uv": [0.6, 0, 0, 4.6], "texture": "#0"},
				"south": {"uv": [0.6, 0, 0, 4.6], "texture": "#0"},
				"west": {"uv": [0.6, 0, 0, 4.6], "texture": "#0"},
				"up": {"uv": [0.6, 0, 0, 4.6], "texture": "#0"},
				"down": {"uv": [0.6, 0, 0, 4.6], "texture": "#0"}
			}
		},
		{
			"from": [15.1, 10, -1.3],
			"to": [21, 12.7, 2.7],
			"rotation": {"angle": 0, "axis": "y", "origin": [3.1, 0, 0]},
			"faces": {
				"north": {"uv": [0, 0, 5.9, 2.7], "texture": "#0"},
				"east": {"uv": [0, 0, 5.9, 2.7], "texture": "#0"},
				"south": {"uv": [0, 0, 5.9, 2.7], "texture": "#0"},
				"west": {"uv": [0, 0, 5.9, 2.7], "texture": "#0"},
				"up": {"uv": [0, 0, 5.9, 2.7], "texture": "#0"},
				"down": {"uv": [0, 0, 5.9, 2.7], "texture": "#0"}
			}
		},
		{
			"from": [-6.4, 10, -3.3],
			"to": [-4.8, 12, 0.7],
			"rotation": {"angle": 0, "axis": "y", "origin": [9.4, 0, 2]},
			"faces": {
				"north": {"uv": [1.6, 0, 0, 2], "texture": "#0"},
				"east": {"uv": [1.6, 0, 0, 2], "texture": "#0"},
				"south": {"uv": [1.6, 0, 0, 2], "texture": "#0"},
				"west": {"uv": [1.6, 0, 0, 2], "texture": "#0"},
				"up": {"uv": [1.6, 0, 0, 2], "texture": "#0"},
				"down": {"uv": [1.6, 0, 0, 2], "texture": "#0"}
			}
		},
		{
			"from": [13.3, 10, 7],
			"to": [18.5, 12.7, 10.9],
			"rotation": {"angle": 22.5, "axis": "y", "origin": [3.1, 0, 0]},
			"faces": {
				"north": {"uv": [0, 0, 5.2, 2.7], "texture": "#0"},
				"east": {"uv": [0, 0, 5.2, 2.7], "texture": "#0"},
				"south": {"uv": [0, 0, 5.2, 2.7], "texture": "#0"},
				"west": {"uv": [0, 0, 5.2, 2.7], "texture": "#0"},
				"up": {"uv": [0, 0, 5.2, 2.7], "texture": "#0"},
				"down": {"uv": [0, 0, 5.2, 2.7], "texture": "#0"}
			}
		},
		{
			"from": [-3, 1.9, 1.6],
			"to": [-1.4, 4.6, 3.1],
			"rotation": {"angle": 22.5, "axis": "x", "origin": [12.9, 0, 0]},
			"faces": {
				"north": {"uv": [1.6, 0, 0, 2.7], "texture": "#0"},
				"east": {"uv": [1.6, 0, 0, 2.7], "texture": "#0"},
				"south": {"uv": [1.6, 0, 0, 2.7], "texture": "#0"},
				"west": {"uv": [1.6, 0, 0, 2.7], "texture": "#0"},
				"up": {"uv": [1.6, 0, 0, 2.7], "texture": "#0"},
				"down": {"uv": [1.6, 0, 0, 2.7], "texture": "#0"}
			}
		},
		{
			"from": [20.8, 10, -3.3],
			"to": [22.4, 12, 0.7],
			"rotation": {"angle": 0, "axis": "y", "origin": [6.6, 0, 2]},
			"faces": {
				"north": {"uv": [0, 0, 1.6, 2], "texture": "#0"},
				"east": {"uv": [0, 0, 1.6, 2], "texture": "#0"},
				"south": {"uv": [0, 0, 1.6, 2], "texture": "#0"},
				"west": {"uv": [0, 0, 1.6, 2], "texture": "#0"},
				"up": {"uv": [0, 0, 1.6, 2], "texture": "#0"},
				"down": {"uv": [0, 0, 1.6, 2], "texture": "#0"}
			}
		},
		{
			"from": [20.8, 9, -4],
			"to": [22.4, 11, 0],
			"rotation": {"angle": 0, "axis": "y", "origin": [6.6, 0, 2]},
			"faces": {
				"north": {"uv": [0, 0, 1.6, 2], "texture": "#0"},
				"east": {"uv": [0, 0, 1.6, 2], "texture": "#0"},
				"south": {"uv": [0, 0, 1.6, 2], "texture": "#0"},
				"west": {"uv": [0, 0, 1.6, 2], "texture": "#0"},
				"up": {"uv": [0, 0, 1.6, 2], "texture": "#0"},
				"down": {"uv": [0, 0, 1.6, 2], "texture": "#0"}
			}
		},
		{
			"from": [20.8, 7, -4.1],
			"to": [22.4, 9, -1.5],
			"rotation": {"angle": 0, "axis": "y", "origin": [6.6, 0, 2]},
			"faces": {
				"north": {"uv": [0, 0, 1.6, 2], "texture": "#0"},
				"east": {"uv": [0, 0, 1.6, 2], "texture": "#0"},
				"south": {"uv": [0, 0, 1.6, 2], "texture": "#0"},
				"west": {"uv": [0, 0, 1.6, 2], "texture": "#0"},
				"up": {"uv": [0, 0, 1.6, 2], "texture": "#0"},
				"down": {"uv": [0, 0, 1.6, 2], "texture": "#0"}
			}
		},
		{
			"from": [20.8, 2.1, -4.8],
			"to": [22.4, 7, -3.6],
			"rotation": {"angle": 0, "axis": "y", "origin": [6.6, 0, 2]},
			"faces": {
				"north": {"uv": [0, 6.7, 1.6, 11.6], "texture": "#1"},
				"east": {"uv": [0, 6.7, 1.6, 11.6], "texture": "#1"},
				"south": {"uv": [0, 6.7, 1.6, 11.6], "texture": "#1"},
				"west": {"uv": [0, 6.7, 1.6, 11.6], "texture": "#1"},
				"up": {"uv": [0, 6.7, 1.6, 11.6], "texture": "#1"},
				"down": {"uv": [0, 6.7, 1.6, 11.6], "texture": "#1"}
			}
		},
		{
			"from": [21.4, -0.9, -4.4],
			"to": [22, 8.4, -2.1],
			"rotation": {"angle": 0, "axis": "y", "origin": [6.6, 0, 2]},
			"faces": {
				"north": {"uv": [0, 0, 0.6, 9.3], "texture": "#0"},
				"east": {"uv": [0, 0, 0.6, 9.3], "texture": "#0"},
				"south": {"uv": [0, 0, 0.6, 9.3], "texture": "#0"},
				"west": {"uv": [0, 0, 0.6, 9.3], "texture": "#0"},
				"up": {"uv": [0, 0, 0.6, 9.3], "texture": "#0"},
				"down": {"uv": [0, 0, 0.6, 9.3], "texture": "#0"}
			}
		},
		{
			"from": [20.8, -2.8, -3.7],
			"to": [22.4, 2.1, -2.5],
			"rotation": {"angle": 0, "axis": "y", "origin": [6.6, 0, 2]},
			"faces": {
				"north": {"uv": [0, 0, 1.6, 4.9], "texture": "#0"},
				"east": {"uv": [0, 0, 1.6, 4.9], "texture": "#0"},
				"south": {"uv": [0, 0, 1.6, 4.9], "texture": "#0"},
				"west": {"uv": [0, 0, 1.6, 4.9], "texture": "#0"},
				"up": {"uv": [0, 0, 1.6, 4.9], "texture": "#0"},
				"down": {"uv": [0, 0, 1.6, 4.9], "texture": "#0"}
			}
		},
		{
			"from": [21.4, -5.5, -4],
			"to": [22, -0.9, -1.9],
			"rotation": {"angle": 0, "axis": "y", "origin": [6.6, 0, 2]},
			"faces": {
				"north": {"uv": [0, 0, 0.6, 4.6], "texture": "#0"},
				"east": {"uv": [0, 0, 0.6, 4.6], "texture": "#0"},
				"south": {"uv": [0, 0, 0.6, 4.6], "texture": "#0"},
				"west": {"uv": [0, 0, 0.6, 4.6], "texture": "#0"},
				"up": {"uv": [0, 0, 0.6, 4.6], "texture": "#0"},
				"down": {"uv": [0, 0, 0.6, 4.6], "texture": "#0"}
			}
		},
		{
			"from": [21.4, -5.1, -4.6],
			"to": [22, -0.5, -2.5],
			"rotation": {"angle": -22.5, "axis": "x", "origin": [6.6, 0, 2]},
			"faces": {
				"north": {"uv": [0, 0, 0.6, 4.6], "texture": "#0"},
				"east": {"uv": [0, 0, 0.6, 4.6], "texture": "#0"},
				"south": {"uv": [0, 0, 0.6, 4.6], "texture": "#0"},
				"west": {"uv": [0, 0, 0.6, 4.6], "texture": "#0"},
				"up": {"uv": [0, 0, 0.6, 4.6], "texture": "#0"},
				"down": {"uv": [0, 0, 0.6, 4.6], "texture": "#0"}
			}
		},
		{
			"from": [-0.4, 10, -1.2],
			"to": [1.6, 12, 2.8],
			"rotation": {"angle": 0, "axis": "y", "origin": [16.1, 0, 0.3]},
			"faces": {
				"north": {"uv": [2, 0, 0, 2], "texture": "#0"},
				"east": {"uv": [2, 0, 0, 2], "texture": "#0"},
				"south": {"uv": [2, 0, 0, 2], "texture": "#0"},
				"west": {"uv": [2, 0, 0, 2], "texture": "#0"},
				"up": {"uv": [2, 0, 0, 2], "texture": "#0"},
				"down": {"uv": [2, 0, 0, 2], "texture": "#0"}
			}
		},
		{
			"from": [0.3, 9, -5.7],
			"to": [1.9, 11, -1.7],
			"rotation": {"angle": 0, "axis": "y", "origin": [16.1, 0, 0.3]},
			"faces": {
				"north": {"uv": [1.6, 0, 0, 2], "texture": "#0"},
				"east": {"uv": [1.6, 0, 0, 2], "texture": "#0"},
				"south": {"uv": [1.6, 0, 0, 2], "texture": "#0"},
				"west": {"uv": [1.6, 0, 0, 2], "texture": "#0"},
				"up": {"uv": [1.6, 0, 0, 2], "texture": "#0"},
				"down": {"uv": [1.6, 0, 0, 2], "texture": "#0"}
			}
		},
		{
			"from": [0.3, 7, -5.8],
			"to": [1.9, 9, -3.2],
			"rotation": {"angle": 0, "axis": "y", "origin": [16.1, 0, 0.3]},
			"faces": {
				"north": {"uv": [1.6, 6.7, 0, 8.7], "texture": "#1"},
				"east": {"uv": [1.6, 6.7, 0, 8.7], "texture": "#1"},
				"south": {"uv": [1.6, 6.7, 0, 8.7], "texture": "#1"},
				"west": {"uv": [1.6, 6.7, 0, 8.7], "texture": "#1"},
				"up": {"uv": [1.6, 6.7, 0, 8.7], "texture": "#1"},
				"down": {"uv": [1.6, 6.7, 0, 8.7], "texture": "#1"}
			}
		},
		{
			"from": [0.3, 2.1, -6.5],
			"to": [1.9, 7, -5.3],
			"rotation": {"angle": 0, "axis": "y", "origin": [16.1, 0, 0.3]},
			"faces": {
				"north": {"uv": [1.6, 0, 0, 4.9], "texture": "#0"},
				"east": {"uv": [1.6, 0, 0, 4.9], "texture": "#0"},
				"south": {"uv": [1.6, 0, 0, 4.9], "texture": "#0"},
				"west": {"uv": [1.6, 0, 0, 4.9], "texture": "#0"},
				"up": {"uv": [1.6, 0, 0, 4.9], "texture": "#0"},
				"down": {"uv": [1.6, 0, 0, 4.9], "texture": "#0"}
			}
		},
		{
			"from": [0.7, -0.9, -6.1],
			"to": [1.3, 8.4, -3.8],
			"rotation": {"angle": 0, "axis": "y", "origin": [16.1, 0, 0.3]},
			"faces": {
				"north": {"uv": [0.6, 6.7, 0, 16], "texture": "#1"},
				"east": {"uv": [0.6, 6.7, 0, 16], "texture": "#1"},
				"south": {"uv": [0.6, 6.7, 0, 16], "texture": "#1"},
				"west": {"uv": [0.6, 6.7, 0, 16], "texture": "#1"},
				"up": {"uv": [0.6, 6.7, 0, 16], "texture": "#1"},
				"down": {"uv": [0.6, 6.7, 0, 16], "texture": "#1"}
			}
		},
		{
			"from": [0.3, -2.8, -5.4],
			"to": [1.9, 2.1, -4.2],
			"rotation": {"angle": 0, "axis": "y", "origin": [16.1, 0, 0.3]},
			"faces": {
				"north": {"uv": [1.6, 6.7, 0, 11.6], "texture": "#1"},
				"east": {"uv": [1.6, 6.7, 0, 11.6], "texture": "#1"},
				"south": {"uv": [1.6, 6.7, 0, 11.6], "texture": "#1"},
				"west": {"uv": [1.6, 6.7, 0, 11.6], "texture": "#1"},
				"up": {"uv": [1.6, 6.7, 0, 11.6], "texture": "#1"},
				"down": {"uv": [1.6, 6.7, 0, 11.6], "texture": "#1"}
			}
		},
		{
			"from": [0.7, -5.5, -5.7],
			"to": [1.3, -0.9, -3.6],
			"rotation": {"angle": 0, "axis": "y", "origin": [16.1, 0, 0.3]},
			"faces": {
				"north": {"uv": [0.6, 0, 0, 4.6], "texture": "#0"},
				"east": {"uv": [0.6, 0, 0, 4.6], "texture": "#0"},
				"south": {"uv": [0.6, 0, 0, 4.6], "texture": "#0"},
				"west": {"uv": [0.6, 0, 0, 4.6], "texture": "#0"},
				"up": {"uv": [0.6, 0, 0, 4.6], "texture": "#0"},
				"down": {"uv": [0.6, 0, 0, 4.6], "texture": "#0"}
			}
		},
		{
			"from": [0.7, -5.1, -6.3],
			"to": [1.3, -0.5, -4.2],
			"rotation": {"angle": -22.5, "axis": "x", "origin": [16.1, 0, 0.3]},
			"faces": {
				"north": {"uv": [0.6, 0, 0, 4.6], "texture": "#0"},
				"east": {"uv": [0.6, 0, 0, 4.6], "texture": "#0"},
				"south": {"uv": [0.6, 0, 0, 4.6], "texture": "#0"},
				"west": {"uv": [0.6, 0, 0, 4.6], "texture": "#0"},
				"up": {"uv": [0.6, 0, 0, 4.6], "texture": "#0"},
				"down": {"uv": [0.6, 0, 0, 4.6], "texture": "#0"}
			}
		},
		{
			"from": [14.1, 10, -5],
			"to": [15.7, 12, -1],
			"rotation": {"angle": 0, "axis": "y", "origin": [-0.1, 0, 0.3]},
			"faces": {
				"north": {"uv": [0, 0, 1.6, 2], "texture": "#0"},
				"east": {"uv": [0, 0, 1.6, 2], "texture": "#0"},
				"south": {"uv": [0, 0, 1.6, 2], "texture": "#0"},
				"west": {"uv": [0, 0, 1.6, 2], "texture": "#0"},
				"up": {"uv": [0, 0, 1.6, 2], "texture": "#0"},
				"down": {"uv": [0, 0, 1.6, 2], "texture": "#0"}
			}
		},
		{
			"from": [14.1, 9, -5.7],
			"to": [15.7, 11, -1.7],
			"rotation": {"angle": 0, "axis": "y", "origin": [-0.1, 0, 0.3]},
			"faces": {
				"north": {"uv": [0, 0, 1.6, 2], "texture": "#0"},
				"east": {"uv": [0, 0, 1.6, 2], "texture": "#0"},
				"south": {"uv": [0, 0, 1.6, 2], "texture": "#0"},
				"west": {"uv": [0, 0, 1.6, 2], "texture": "#0"},
				"up": {"uv": [0, 0, 1.6, 2], "texture": "#0"},
				"down": {"uv": [0, 0, 1.6, 2], "texture": "#0"}
			}
		},
		{
			"from": [14.1, 7, -5.8],
			"to": [15.7, 9, -3.2],
			"rotation": {"angle": 0, "axis": "y", "origin": [-0.1, 0, 0.3]},
			"faces": {
				"north": {"uv": [0, 6.7, 1.6, 8.7], "texture": "#1"},
				"east": {"uv": [0, 6.7, 1.6, 8.7], "texture": "#1"},
				"south": {"uv": [0, 6.7, 1.6, 8.7], "texture": "#1"},
				"west": {"uv": [0, 6.7, 1.6, 8.7], "texture": "#1"},
				"up": {"uv": [0, 6.7, 1.6, 8.7], "texture": "#1"},
				"down": {"uv": [0, 6.7, 1.6, 8.7], "texture": "#1"}
			}
		},
		{
			"from": [14.1, 2.1, -6.5],
			"to": [15.7, 7, -5.3],
			"rotation": {"angle": 0, "axis": "y", "origin": [-0.1, 0, 0.3]},
			"faces": {
				"north": {"uv": [0, 0, 1.6, 4.9], "texture": "#0"},
				"east": {"uv": [0, 0, 1.6, 4.9], "texture": "#0"},
				"south": {"uv": [0, 0, 1.6, 4.9], "texture": "#0"},
				"west": {"uv": [0, 0, 1.6, 4.9], "texture": "#0"},
				"up": {"uv": [0, 0, 1.6, 4.9], "texture": "#0"},
				"down": {"uv": [0, 0, 1.6, 4.9], "texture": "#0"}
			}
		},
		{
			"from": [14.7, -0.9, -6.1],
			"to": [15.3, 8.4, -3.8],
			"rotation": {"angle": 0, "axis": "y", "origin": [-0.1, 0, 0.3]},
			"faces": {
				"north": {"uv": [0, 6.7, 0.6, 16], "texture": "#1"},
				"east": {"uv": [0, 6.7, 0.6, 16], "texture": "#1"},
				"south": {"uv": [0, 6.7, 0.6, 16], "texture": "#1"},
				"west": {"uv": [0, 6.7, 0.6, 16], "texture": "#1"},
				"up": {"uv": [0, 6.7, 0.6, 16], "texture": "#1"},
				"down": {"uv": [0, 6.7, 0.6, 16], "texture": "#1"}
			}
		},
		{
			"from": [14.1, -2.8, -5.4],
			"to": [15.7, 2.1, -4.2],
			"rotation": {"angle": 0, "axis": "y", "origin": [-0.1, 0, 0.3]},
			"faces": {
				"north": {"uv": [0, 6.7, 1.6, 11.6], "texture": "#1"},
				"east": {"uv": [0, 6.7, 1.6, 11.6], "texture": "#1"},
				"south": {"uv": [0, 6.7, 1.6, 11.6], "texture": "#1"},
				"west": {"uv": [0, 6.7, 1.6, 11.6], "texture": "#1"},
				"up": {"uv": [0, 6.7, 1.6, 11.6], "texture": "#1"},
				"down": {"uv": [0, 6.7, 1.6, 11.6], "texture": "#1"}
			}
		},
		{
			"from": [14.7, -5.5, -5.7],
			"to": [15.3, -0.9, -3.6],
			"rotation": {"angle": 0, "axis": "y", "origin": [-0.1, 0, 0.3]},
			"faces": {
				"north": {"uv": [0, 0, 0.6, 4.6], "texture": "#0"},
				"east": {"uv": [0, 0, 0.6, 4.6], "texture": "#0"},
				"south": {"uv": [0, 0, 0.6, 4.6], "texture": "#0"},
				"west": {"uv": [0, 0, 0.6, 4.6], "texture": "#0"},
				"up": {"uv": [0, 0, 0.6, 4.6], "texture": "#0"},
				"down": {"uv": [0, 0, 0.6, 4.6], "texture": "#0"}
			}
		},
		{
			"from": [14.7, -5.1, -6.3],
			"to": [15.3, -0.5, -4.2],
			"rotation": {"angle": -22.5, "axis": "x", "origin": [-0.1, 0, 0.3]},
			"faces": {
				"north": {"uv": [0, 0, 0.6, 4.6], "texture": "#0"},
				"east": {"uv": [0, 0, 0.6, 4.6], "texture": "#0"},
				"south": {"uv": [0, 0, 0.6, 4.6], "texture": "#0"},
				"west": {"uv": [0, 0, 0.6, 4.6], "texture": "#0"},
				"up": {"uv": [0, 0, 0.6, 4.6], "texture": "#0"},
				"down": {"uv": [0, 0, 0.6, 4.6], "texture": "#0"}
			}
		},
		{
			"from": [-2.9, 10, -5.3],
			"to": [-1.3, 12, -1.3],
			"rotation": {"angle": 0, "axis": "y", "origin": [12.9, 0, 0]},
			"faces": {
				"north": {"uv": [1.6, 0, 0, 2], "texture": "#0"},
				"east": {"uv": [1.6, 0, 0, 2], "texture": "#0"},
				"south": {"uv": [1.6, 0, 0, 2], "texture": "#0"},
				"west": {"uv": [1.6, 0, 0, 2], "texture": "#0"},
				"up": {"uv": [1.6, 0, 0, 2], "texture": "#0"},
				"down": {"uv": [1.6, 0, 0, 2], "texture": "#0"}
			}
		},
		{
			"from": [-2.9, 9, -6],
			"to": [-1.3, 11, -2],
			"rotation": {"angle": 0, "axis": "y", "origin": [12.9, 0, 0]},
			"faces": {
				"north": {"uv": [1.6, 0, 0, 2], "texture": "#0"},
				"east": {"uv": [1.6, 0, 0, 2], "texture": "#0"},
				"south": {"uv": [1.6, 0, 0, 2], "texture": "#0"},
				"west": {"uv": [1.6, 0, 0, 2], "texture": "#0"},
				"up": {"uv": [1.6, 0, 0, 2], "texture": "#0"},
				"down": {"uv": [1.6, 0, 0, 2], "texture": "#0"}
			}
		},
		{
			"from": [-2.9, 7, -6.1],
			"to": [-1.3, 9, -3.5],
			"rotation": {"angle": 0, "axis": "y", "origin": [12.9, 0, 0]},
			"faces": {
				"north": {"uv": [1.6, 0, 0, 2], "texture": "#0"},
				"east": {"uv": [1.6, 0, 0, 2], "texture": "#0"},
				"south": {"uv": [1.6, 0, 0, 2], "texture": "#0"},
				"west": {"uv": [1.6, 0, 0, 2], "texture": "#0"},
				"up": {"uv": [1.6, 0, 0, 2], "texture": "#0"},
				"down": {"uv": [1.6, 0, 0, 2], "texture": "#0"}
			}
		},
		{
			"from": [-2.9, 2.1, -6.8],
			"to": [-1.3, 7, -5.6],
			"rotation": {"angle": 0, "axis": "y", "origin": [12.9, 0, 0]},
			"faces": {
				"north": {"uv": [1.6, 0, 0, 4.9], "texture": "#0"},
				"east": {"uv": [1.6, 0, 0, 4.9], "texture": "#0"},
				"south": {"uv": [1.6, 0, 0, 4.9], "texture": "#0"},
				"west": {"uv": [1.6, 0, 0, 4.9], "texture": "#0"},
				"up": {"uv": [1.6, 0, 0, 4.9], "texture": "#0"},
				"down": {"uv": [1.6, 0, 0, 4.9], "texture": "#0"}
			}
		},
		{
			"from": [-2.5, -0.9, -6.4],
			"to": [-1.9, 8.4, -4.1],
			"rotation": {"angle": 0, "axis": "y", "origin": [12.9, 0, 0]},
			"faces": {
				"north": {"uv": [0.6, 0, 0, 9.3], "texture": "#0"},
				"east": {"uv": [0.6, 0, 0, 9.3], "texture": "#0"},
				"south": {"uv": [0.6, 0, 0, 9.3], "texture": "#0"},
				"west": {"uv": [0.6, 0, 0, 9.3], "texture": "#0"},
				"up": {"uv": [0.6, 0, 0, 9.3], "texture": "#0"},
				"down": {"uv": [0.6, 0, 0, 9.3], "texture": "#0"}
			}
		},
		{
			"from": [-2.9, -2.8, -5.7],
			"to": [-1.3, 2.1, -4.5],
			"rotation": {"angle": 0, "axis": "y", "origin": [12.9, 0, 0]},
			"faces": {
				"north": {"uv": [1.6, 0, 0, 4.9], "texture": "#0"},
				"east": {"uv": [1.6, 0, 0, 4.9], "texture": "#0"},
				"south": {"uv": [1.6, 0, 0, 4.9], "texture": "#0"},
				"west": {"uv": [1.6, 0, 0, 4.9], "texture": "#0"},
				"up": {"uv": [1.6, 0, 0, 4.9], "texture": "#0"},
				"down": {"uv": [1.6, 0, 0, 4.9], "texture": "#0"}
			}
		},
		{
			"from": [-2.5, -5.5, -6],
			"to": [-1.9, -0.9, -3.9],
			"rotation": {"angle": 0, "axis": "y", "origin": [12.9, 0, 0]},
			"faces": {
				"north": {"uv": [0.6, 6.7, 0, 11.3], "texture": "#1"},
				"east": {"uv": [0.6, 6.7, 0, 11.3], "texture": "#1"},
				"south": {"uv": [0.6, 6.7, 0, 11.3], "texture": "#1"},
				"west": {"uv": [0.6, 6.7, 0, 11.3], "texture": "#1"},
				"up": {"uv": [0.6, 6.7, 0, 11.3], "texture": "#1"},
				"down": {"uv": [0.6, 6.7, 0, 11.3], "texture": "#1"}
			}
		},
		{
			"from": [-2.5, -5.1, -6.6],
			"to": [-1.9, -0.5, -4.5],
			"rotation": {"angle": -22.5, "axis": "x", "origin": [12.9, 0, 0]},
			"faces": {
				"north": {"uv": [0.6, 0, 0, 4.6], "texture": "#0"},
				"east": {"uv": [0.6, 0, 0, 4.6], "texture": "#0"},
				"south": {"uv": [0.6, 0, 0, 4.6], "texture": "#0"},
				"west": {"uv": [0.6, 0, 0, 4.6], "texture": "#0"},
				"up": {"uv": [0.6, 0, 0, 4.6], "texture": "#0"},
				"down": {"uv": [0.6, 0, 0, 4.6], "texture": "#0"}
			}
		},
		{
			"from": [14.4, 10, -1.2],
			"to": [16.4, 12, 2.8],
			"rotation": {"angle": 0, "axis": "y", "origin": [-0.1, 0, 0.3]},
			"faces": {
				"north": {"uv": [0, 0, 2, 2], "texture": "#0"},
				"east": {"uv": [0, 0, 2, 2], "texture": "#0"},
				"south": {"uv": [0, 0, 2, 2], "texture": "#0"},
				"west": {"uv": [0, 0, 2, 2], "texture": "#0"},
				"up": {"uv": [0, 0, 2, 2], "texture": "#0"},
				"down": {"uv": [0, 0, 2, 2], "texture": "#0"}
			}
		},
		{
			"from": [0.3, 10, -5],
			"to": [1.9, 12, -1],
			"rotation": {"angle": 0, "axis": "y", "origin": [16.1, 0, 0.3]},
			"faces": {
				"north": {"uv": [1.6, 0, 0, 2], "texture": "#0"},
				"east": {"uv": [1.6, 0, 0, 2], "texture": "#0"},
				"south": {"uv": [1.6, 0, 0, 2], "texture": "#0"},
				"west": {"uv": [1.6, 0, 0, 2], "texture": "#0"},
				"up": {"uv": [1.6, 0, 0, 2], "texture": "#0"},
				"down": {"uv": [1.6, 0, 0, 2], "texture": "#0"}
			}
		},
		{
			"from": [17.4, 7.3, 3.3],
			"to": [19, 10, 5.4],
			"rotation": {"angle": 0, "axis": "y", "origin": [3.1, 0, 0]},
			"faces": {
				"north": {"uv": [0, 0, 1.6, 2.7], "texture": "#0"},
				"east": {"uv": [0, 0, 1.6, 2.7], "texture": "#0"},
				"south": {"uv": [0, 0, 1.6, 2.7], "texture": "#0"},
				"west": {"uv": [0, 0, 1.6, 2.7], "texture": "#0"},
				"up": {"uv": [0, 0, 1.6, 2.7], "texture": "#0"},
				"down": {"uv": [0, 0, 1.6, 2.7], "texture": "#0"}
			}
		},
		{
			"from": [-5, 10, -1.3],
			"to": [0.9, 12.7, 2.7],
			"rotation": {"angle": 0, "axis": "y", "origin": [12.9, 0, 0]},
			"faces": {
				"north": {"uv": [5.9, 0, 0, 2.7], "texture": "#0"},
				"east": {"uv": [5.9, 0, 0, 2.7], "texture": "#0"},
				"south": {"uv": [5.9, 0, 0, 2.7], "texture": "#0"},
				"west": {"uv": [5.9, 0, 0, 2.7], "texture": "#0"},
				"up": {"uv": [5.9, 0, 0, 2.7], "texture": "#0"},
				"down": {"uv": [5.9, 0, 0, 2.7], "texture": "#0"}
			}
		},
		{
			"from": [17.4, 4.6, 3],
			"to": [19, 7.3, 5.1],
			"rotation": {"angle": 0, "axis": "y", "origin": [3.1, 0, 0]},
			"faces": {
				"north": {"uv": [0, 0, 1.6, 2.7], "texture": "#0"},
				"east": {"uv": [0, 0, 1.6, 2.7], "texture": "#0"},
				"south": {"uv": [0, 0, 1.6, 2.7], "texture": "#0"},
				"west": {"uv": [0, 0, 1.6, 2.7], "texture": "#0"},
				"up": {"uv": [0, 0, 1.6, 2.7], "texture": "#0"},
				"down": {"uv": [0, 0, 1.6, 2.7], "texture": "#0"}
			}
		},
		{
			"from": [-3, 7.3, 3.3],
			"to": [-1.4, 10, 5.4],
			"rotation": {"angle": 0, "axis": "y", "origin": [12.9, 0, 0]},
			"faces": {
				"north": {"uv": [1.6, 0, 0, 2.7], "texture": "#0"},
				"east": {"uv": [1.6, 0, 0, 2.7], "texture": "#0"},
				"south": {"uv": [1.6, 0, 0, 2.7], "texture": "#0"},
				"west": {"uv": [1.6, 0, 0, 2.7], "texture": "#0"},
				"up": {"uv": [1.6, 0, 0, 2.7], "texture": "#0"},
				"down": {"uv": [1.6, 0, 0, 2.7], "texture": "#0"}
			}
		},
		{
			"from": [17.4, 1.9, 3.1],
			"to": [19, 4.6, 4.6],
			"rotation": {"angle": 0, "axis": "y", "origin": [3.1, 0, 0]},
			"faces": {
				"north": {"uv": [1, 12, 2.6, 14.7], "texture": "#1"},
				"east": {"uv": [1, 12, 2.6, 14.7], "texture": "#1"},
				"south": {"uv": [1, 12, 2.6, 14.7], "texture": "#1"},
				"west": {"uv": [1, 12, 2.6, 14.7], "texture": "#1"},
				"up": {"uv": [1, 12, 2.6, 14.7], "texture": "#1"},
				"down": {"uv": [1, 12, 2.6, 14.7], "texture": "#1"}
			}
		},
		{
			"from": [-3, 4.6, 3],
			"to": [-1.4, 7.3, 5.1],
			"rotation": {"angle": 0, "axis": "y", "origin": [12.9, 0, 0]},
			"faces": {
				"north": {"uv": [1.6, 0, 0, 2.7], "texture": "#0"},
				"east": {"uv": [1.6, 0, 0, 2.7], "texture": "#0"},
				"south": {"uv": [1.6, 0, 0, 2.7], "texture": "#0"},
				"west": {"uv": [1.6, 0, 0, 2.7], "texture": "#0"},
				"up": {"uv": [1.6, 0, 0, 2.7], "texture": "#0"},
				"down": {"uv": [1.6, 0, 0, 2.7], "texture": "#0"}
			}
		},
		{
			"from": [17.4, 1.9, 1.6],
			"to": [19, 4.6, 3.1],
			"rotation": {"angle": 22.5, "axis": "x", "origin": [3.1, 0, 0]},
			"faces": {
				"north": {"uv": [0, 0, 1.6, 2.7], "texture": "#0"},
				"east": {"uv": [0, 0, 1.6, 2.7], "texture": "#0"},
				"south": {"uv": [0, 0, 1.6, 2.7], "texture": "#0"},
				"west": {"uv": [0, 0, 1.6, 2.7], "texture": "#0"},
				"up": {"uv": [0, 0, 1.6, 2.7], "texture": "#0"},
				"down": {"uv": [0, 0, 1.6, 2.7], "texture": "#0"}
			}
		},
		{
			"from": [-3, 1.9, 3.1],
			"to": [-1.4, 4.6, 4.6],
			"rotation": {"angle": 0, "axis": "y", "origin": [12.9, 0, 0]},
			"faces": {
				"north": {"uv": [2.6, 12, 1, 14.7], "texture": "#1"},
				"east": {"uv": [2.6, 12, 1, 14.7], "texture": "#1"},
				"south": {"uv": [2.6, 12, 1, 14.7], "texture": "#1"},
				"west": {"uv": [2.6, 12, 1, 14.7], "texture": "#1"},
				"up": {"uv": [2.6, 12, 1, 14.7], "texture": "#1"},
				"down": {"uv": [2.6, 12, 1, 14.7], "texture": "#1"}
			}
		}
	],
	"display": {
		"thirdperson_righthand": {
			"rotation": [76, 0, 0],
			"translation": [-6, -6, 1.75],
			"scale": [0.6, 0.68, 0.5]
		},
		"thirdperson_lefthand": {
			"rotation": [76, 0, 0],
			"translation": [-6, -6, 1.75],
			"scale": [0.6, 0.68, 0.5]
		},
		"firstperson_righthand": {
			"translation": [-9, 0, 9.5]
		},
		"firstperson_lefthand": {
			"translation": [-9, 0, 9.5]
		},
		"ground": {
			"translation": [0, 6.25, 4]
		},
		"gui": {
			"rotation": [0, -32, 0],
			"translation": [-2.75, 2.75, 0],
			"scale": [0.6, 0.6, 0.6]
		}
	}
}