{
	"credit": "Made with Blockbench",
	"parent": "9",
	"textures": {
		"0": "block/black_shulker_box",
		"1": "block/blast_furnace_front",
		"2": "block/blast_furnace_side",
		"3": "block/blast_furnace_front_on",
		"4": "block/blast_furnace_top",
		"particle": "block/black_shulker_box"
	},
	"elements": [
		{
			"from": [6.885, 10.481, 3.54],
			"to": [9.115, 12.711, 11.568],
			"rotation": {"angle": 22.5, "axis": "x", "origin": [-9.84, 0, -9.84]},
			"faces": {
				"north": {"uv": [0, 9, 16, 16], "texture": "#2"},
				"east": {"uv": [0, 9, 16, 16], "texture": "#2"},
				"south": {"uv": [0, 9, 16, 16], "texture": "#2"},
				"west": {"uv": [0, 9, 16, 16], "texture": "#2"},
				"up": {"uv": [0, 9, 16, 16], "texture": "#2"},
				"down": {"uv": [0, 9, 16, 16], "texture": "#2"}
			}
		},
		{
			"from": [1.31, 9.589, -2.704],
			"to": [3.54, 10.704, 1.31],
			"rotation": {"angle": 45, "axis": "x", "origin": [-9.84, 0, -9.84]},
			"faces": {
				"north": {"uv": [0, 0, 16, 16], "texture": "#0"},
				"east": {"uv": [0, 0, 16, 16], "texture": "#0"},
				"south": {"uv": [0, 0, 16, 16], "texture": "#0"},
				"west": {"uv": [0, 0, 16, 16], "texture": "#0"},
				"up": {"uv": [0, 0, 16, 16], "texture": "#0"},
				"down": {"uv": [0, 0, 16, 16], "texture": "#0"}
			}
		},
		{
			"from": [1.31, 18.286, -2.704],
			"to": [3.54, 19.401, 1.31],
			"rotation": {"angle": 45, "axis": "x", "origin": [-9.84, 0, -9.84]},
			"faces": {
				"north": {"uv": [0, 0, 16, 16], "texture": "#0"},
				"east": {"uv": [0, 0, 16, 16], "texture": "#0"},
				"south": {"uv": [0, 0, 16, 16], "texture": "#0"},
				"west": {"uv": [0, 0, 16, 16], "texture": "#0"},
				"up": {"uv": [0, 0, 16, 16], "texture": "#0"},
				"down": {"uv": [0, 0, 16, 16], "texture": "#0"}
			}
		},
		{
			"from": [1.31, 1.784, 1.979],
			"to": [3.54, 5.798, 3.094],
			"rotation": {"angle": 0, "axis": "y", "origin": [-9.84, 0, -9.84]},
			"faces": {
				"north": {"uv": [0, 0, 16, 16], "rotation": 90, "texture": "#0"},
				"east": {"uv": [0, 0, 16, 16], "rotation": 90, "texture": "#0"},
				"south": {"uv": [0, 0, 16, 16], "rotation": 90, "texture": "#0"},
				"west": {"uv": [0, 0, 16, 16], "rotation": 90, "texture": "#0"},
				"up": {"uv": [0, 0, 16, 16], "rotation": 90, "texture": "#0"},
				"down": {"uv": [0, 0, 16, 16], "rotation": 90, "texture": "#0"}
			}
		},
		{
			"from": [1.31, -5.352, 2.648],
			"to": [3.54, -4.237, 6.662],
			"rotation": {"angle": -45, "axis": "x", "origin": [-9.84, 0, -9.84]},
			"faces": {
				"north": {"uv": [0, 0, 16, 16], "texture": "#0"},
				"east": {"uv": [0, 0, 16, 16], "texture": "#0"},
				"south": {"uv": [0, 0, 16, 16], "texture": "#0"},
				"west": {"uv": [0, 0, 16, 16], "texture": "#0"},
				"up": {"uv": [0, 0, 16, 16], "texture": "#0"},
				"down": {"uv": [0, 0, 16, 16], "texture": "#0"}
			}
		},
		{
			"from": [1.31, 7.582, 4.878],
			"to": [3.54, 8.697, 8.892],
			"rotation": {"angle": 0, "axis": "y", "origin": [-9.84, 0, -9.84]},
			"faces": {
				"north": {"uv": [0, 0, 16, 16], "texture": "#0"},
				"east": {"uv": [0, 0, 16, 16], "texture": "#0"},
				"south": {"uv": [0, 0, 16, 16], "texture": "#0"},
				"west": {"uv": [0, 0, 16, 16], "texture": "#0"},
				"up": {"uv": [0, 0, 16, 16], "texture": "#0"},
				"down": {"uv": [0, 0, 16, 16], "texture": "#0"}
			}
		},
		{
			"from": [1.31, 1.784, 10.676],
			"to": [3.54, 5.798, 11.791],
			"rotation": {"angle": 0, "axis": "y", "origin": [-9.84, 0, -9.84]},
			"faces": {
				"north": {"uv": [0, 0, 16, 16], "rotation": 90, "texture": "#0"},
				"east": {"uv": [0, 0, 16, 16], "rotation": 90, "texture": "#0"},
				"south": {"uv": [0, 0, 16, 16], "rotation": 90, "texture": "#0"},
				"west": {"uv": [0, 0, 16, 16], "rotation": 90, "texture": "#0"},
				"up": {"uv": [0, 0, 16, 16], "rotation": 90, "texture": "#0"},
				"down": {"uv": [0, 0, 16, 16], "rotation": 90, "texture": "#0"}
			}
		},
		{
			"from": [1.31, -1.115, 4.878],
			"to": [3.54, 0, 8.892],
			"rotation": {"angle": 0, "axis": "y", "origin": [-9.84, 0, -9.84]},
			"faces": {
				"north": {"uv": [0, 0, 16, 16], "texture": "#0"},
				"east": {"uv": [0, 0, 16, 16], "texture": "#0"},
				"south": {"uv": [0, 0, 16, 16], "texture": "#0"},
				"west": {"uv": [0, 0, 16, 16], "texture": "#0"},
				"up": {"uv": [0, 0, 16, 16], "texture": "#0"},
				"down": {"uv": [0, 0, 16, 16], "texture": "#0"}
			}
		},
		{
			"from": [1.31, -14.049, 2.648],
			"to": [3.54, -12.934, 6.662],
			"rotation": {"angle": -45, "axis": "x", "origin": [-9.84, 0, -9.84]},
			"faces": {
				"north": {"uv": [0, 0, 16, 16], "texture": "#0"},
				"east": {"uv": [0, 0, 16, 16], "texture": "#0"},
				"south": {"uv": [0, 0, 16, 16], "texture": "#0"},
				"west": {"uv": [0, 0, 16, 16], "texture": "#0"},
				"up": {"uv": [0, 0, 16, 16], "texture": "#0"},
				"down": {"uv": [0, 0, 16, 16], "texture": "#0"}
			}
		},
		{
			"from": [12.237, -5.352, 2.648],
			"to": [14.467, -4.237, 6.662],
			"rotation": {"angle": -45, "axis": "x", "origin": [1.087, 0, -9.84]},
			"faces": {
				"north": {"uv": [0, 0, 16, 16], "texture": "#0"},
				"east": {"uv": [0, 0, 16, 16], "texture": "#0"},
				"south": {"uv": [0, 0, 16, 16], "texture": "#0"},
				"west": {"uv": [0, 0, 16, 16], "texture": "#0"},
				"up": {"uv": [0, 0, 16, 16], "texture": "#0"},
				"down": {"uv": [0, 0, 16, 16], "texture": "#0"}
			}
		},
		{
			"from": [12.237, 7.582, 4.878],
			"to": [14.467, 8.697, 8.892],
			"rotation": {"angle": 0, "axis": "y", "origin": [1.087, 0, -9.84]},
			"faces": {
				"north": {"uv": [0, 0, 16, 16], "texture": "#0"},
				"east": {"uv": [0, 0, 16, 16], "texture": "#0"},
				"south": {"uv": [0, 0, 16, 16], "texture": "#0"},
				"west": {"uv": [0, 0, 16, 16], "texture": "#0"},
				"up": {"uv": [0, 0, 16, 16], "texture": "#0"},
				"down": {"uv": [0, 0, 16, 16], "texture": "#0"}
			}
		},
		{
			"from": [12.237, 18.286, -2.704],
			"to": [14.467, 19.401, 1.31],
			"rotation": {"angle": 45, "axis": "x", "origin": [1.087, 0, -9.84]},
			"faces": {
				"north": {"uv": [0, 0, 16, 16], "texture": "#0"},
				"east": {"uv": [0, 0, 16, 16], "texture": "#0"},
				"south": {"uv": [0, 0, 16, 16], "texture": "#0"},
				"west": {"uv": [0, 0, 16, 16], "texture": "#0"},
				"up": {"uv": [0, 0, 16, 16], "texture": "#0"},
				"down": {"uv": [0, 0, 16, 16], "texture": "#0"}
			}
		},
		{
			"from": [12.237, 1.784, 10.676],
			"to": [14.467, 5.798, 11.791],
			"rotation": {"angle": 0, "axis": "y", "origin": [1.087, 0, -9.84]},
			"faces": {
				"north": {"uv": [0, 0, 16, 16], "rotation": 90, "texture": "#0"},
				"east": {"uv": [0, 0, 16, 16], "rotation": 90, "texture": "#0"},
				"south": {"uv": [0, 0, 16, 16], "rotation": 90, "texture": "#0"},
				"west": {"uv": [0, 0, 16, 16], "rotation": 90, "texture": "#0"},
				"up": {"uv": [0, 0, 16, 16], "rotation": 90, "texture": "#0"},
				"down": {"uv": [0, 0, 16, 16], "rotation": 90, "texture": "#0"}
			}
		},
		{
			"from": [12.237, -14.049, 2.648],
			"to": [14.467, -12.934, 6.662],
			"rotation": {"angle": -45, "axis": "x", "origin": [1.087, 0, -9.84]},
			"faces": {
				"north": {"uv": [0, 0, 16, 16], "texture": "#0"},
				"east": {"uv": [0, 0, 16, 16], "texture": "#0"},
				"south": {"uv": [0, 0, 16, 16], "texture": "#0"},
				"west": {"uv": [0, 0, 16, 16], "texture": "#0"},
				"up": {"uv": [0, 0, 16, 16], "texture": "#0"},
				"down": {"uv": [0, 0, 16, 16], "texture": "#0"}
			}
		},
		{
			"from": [12.237, -1.115, 4.878],
			"to": [14.467, 0, 8.892],
			"rotation": {"angle": 0, "axis": "y", "origin": [1.087, 0, -9.84]},
			"faces": {
				"north": {"uv": [0, 0, 16, 16], "texture": "#0"},
				"east": {"uv": [0, 0, 16, 16], "texture": "#0"},
				"south": {"uv": [0, 0, 16, 16], "texture": "#0"},
				"west": {"uv": [0, 0, 16, 16], "texture": "#0"},
				"up": {"uv": [0, 0, 16, 16], "texture": "#0"},
				"down": {"uv": [0, 0, 16, 16], "texture": "#0"}
			}
		},
		{
			"from": [12.237, 9.589, -2.704],
			"to": [14.467, 10.704, 1.31],
			"rotation": {"angle": 45, "axis": "x", "origin": [1.087, 0, -9.84]},
			"faces": {
				"north": {"uv": [0, 0, 16, 16], "texture": "#0"},
				"east": {"uv": [0, 0, 16, 16], "texture": "#0"},
				"south": {"uv": [0, 0, 16, 16], "texture": "#0"},
				"west": {"uv": [0, 0, 16, 16], "texture": "#0"},
				"up": {"uv": [0, 0, 16, 16], "texture": "#0"},
				"down": {"uv": [0, 0, 16, 16], "texture": "#0"}
			}
		},
		{
			"from": [12.237, 1.784, 1.979],
			"to": [14.467, 5.798, 3.094],
			"rotation": {"angle": 0, "axis": "y", "origin": [1.087, 0, -9.84]},
			"faces": {
				"north": {"uv": [0, 0, 16, 16], "rotation": 90, "texture": "#0"},
				"east": {"uv": [0, 0, 16, 16], "rotation": 90, "texture": "#0"},
				"south": {"uv": [0, 0, 16, 16], "rotation": 90, "texture": "#0"},
				"west": {"uv": [0, 0, 16, 16], "rotation": 90, "texture": "#0"},
				"up": {"uv": [0, 0, 16, 16], "rotation": 90, "texture": "#0"},
				"down": {"uv": [0, 0, 16, 16], "rotation": 90, "texture": "#0"}
			}
		},
		{
			"from": [4.878, 9.589, -0.92],
			"to": [11.122, 10.481, 16.251],
			"rotation": {"angle": 22.5, "axis": "x", "origin": [-9.84, 0, -9.84]},
			"faces": {
				"north": {"uv": [3, 0, 12.8, 15.7], "texture": "#3"},
				"east": {"uv": [3, 0, 12.8, 15.7], "texture": "#3"},
				"south": {"uv": [3, 0, 12.8, 15.7], "texture": "#3"},
				"west": {"uv": [3, 0, 12.8, 15.7], "texture": "#3"},
				"up": {"uv": [3, 0, 12.8, 15.7], "texture": "#3"},
				"down": {"uv": [3, 0, 12.8, 15.7], "texture": "#3"}
			}
		},
		{
			"from": [1.087, 2.676, 5.993],
			"to": [14.69, 4.906, 8.223],
			"rotation": {"angle": 0, "axis": "y", "origin": [-9.84, 0, -9.84]},
			"faces": {
				"north": {"uv": [0, 0, 16, 16], "texture": "#4"},
				"east": {"uv": [0, 0, 16, 16], "texture": "#1"},
				"south": {"uv": [0, 0, 16, 16], "texture": "#4"},
				"west": {"uv": [0, 0, 16, 16], "texture": "#1"},
				"up": {"uv": [0, 0, 16, 16], "texture": "#4"},
				"down": {"uv": [0, 0, 16, 16], "texture": "#4"}
			}
		},
		{
			"from": [7.108, 10.704, -14.746],
			"to": [8.892, 12.488, 3.986],
			"rotation": {"angle": 22.5, "axis": "x", "origin": [-9.84, 0, -9.84]},
			"faces": {
				"north": {"uv": [0, 9, 16, 16], "texture": "#2"},
				"east": {"uv": [0, 9, 16, 16], "texture": "#2"},
				"south": {"uv": [0, 9, 16, 16], "texture": "#2"},
				"west": {"uv": [0, 9, 16, 16], "texture": "#2"},
				"up": {"uv": [0, 9, 16, 16], "texture": "#2"},
				"down": {"uv": [0, 9, 16, 16], "texture": "#2"}
			}
		},
		{
			"from": [12.237, -9.812, 0.864],
			"to": [14.467, -8.697, 8.446],
			"rotation": {"angle": -45, "axis": "x", "origin": [1.087, 0, -9.84]},
			"faces": {
				"north": {"uv": [0, 0, 16, 16], "texture": "#0"},
				"east": {"uv": [0, 0, 16, 16], "texture": "#0"},
				"south": {"uv": [0, 0, 16, 16], "texture": "#0"},
				"west": {"uv": [0, 0, 16, 16], "texture": "#0"},
				"up": {"uv": [0, 0, 16, 16], "texture": "#0"},
				"down": {"uv": [0, 0, 16, 16], "texture": "#0"}
			}
		},
		{
			"from": [1.31, -9.812, 0.864],
			"to": [3.54, -8.697, 8.446],
			"rotation": {"angle": -45, "axis": "x", "origin": [-9.84, 0, -9.84]},
			"faces": {
				"north": {"uv": [0, 0, 16, 16], "texture": "#0"},
				"east": {"uv": [0, 0, 16, 16], "texture": "#0"},
				"south": {"uv": [0, 0, 16, 16], "texture": "#0"},
				"west": {"uv": [0, 0, 16, 16], "texture": "#0"},
				"up": {"uv": [0, 0, 16, 16], "texture": "#0"},
				"down": {"uv": [0, 0, 16, 16], "texture": "#0"}
			}
		},
		{
			"from": [1.31, 14.049, -4.488],
			"to": [3.54, 15.164, 3.094],
			"rotation": {"angle": 45, "axis": "x", "origin": [-9.84, 0, -9.84]},
			"faces": {
				"north": {"uv": [0, 0, 16, 16], "texture": "#0"},
				"east": {"uv": [0, 0, 16, 16], "texture": "#0"},
				"south": {"uv": [0, 0, 16, 16], "texture": "#0"},
				"west": {"uv": [0, 0, 16, 16], "texture": "#0"},
				"up": {"uv": [0, 0, 16, 16], "texture": "#0"},
				"down": {"uv": [0, 0, 16, 16], "texture": "#0"}
			}
		},
		{
			"from": [12.237, 14.049, -4.488],
			"to": [14.467, 15.164, 3.094],
			"rotation": {"angle": 45, "axis": "x", "origin": [1.087, 0, -9.84]},
			"faces": {
				"north": {"uv": [0, 0, 16, 16], "texture": "#0"},
				"east": {"uv": [0, 0, 16, 16], "texture": "#0"},
				"south": {"uv": [0, 0, 16, 16], "texture": "#0"},
				"west": {"uv": [0, 0, 16, 16], "texture": "#0"},
				"up": {"uv": [0, 0, 16, 16], "texture": "#0"},
				"down": {"uv": [0, 0, 16, 16], "texture": "#0"}
			}
		},
		{
			"from": [10.899, 0, 13.798],
			"to": [12.237, 1.338, 18.258],
			"rotation": {"angle": 0, "axis": "y", "origin": [-9.84, 0, -9.84]},
			"faces": {
				"north": {"uv": [1, 9, 3, 10.6], "texture": "#2"},
				"east": {"uv": [1, 9, 3, 10.6], "texture": "#2"},
				"south": {"uv": [1, 9, 3, 10.6], "texture": "#2"},
				"west": {"uv": [1, 9, 3, 10.6], "texture": "#2"},
				"up": {"uv": [1, 9, 3, 10.6], "texture": "#2"},
				"down": {"uv": [1, 9, 3, 10.6], "texture": "#2"}
			}
		},
		{
			"from": [11.122, 0.223, 12.014],
			"to": [12.014, 1.115, 13.798],
			"rotation": {"angle": 0, "axis": "y", "origin": [-9.84, 0, -9.84]},
			"faces": {
				"north": {"uv": [1, 9, 3, 10.6], "texture": "#2"},
				"east": {"uv": [1, 9, 3, 10.6], "texture": "#2"},
				"south": {"uv": [1, 9, 3, 10.6], "texture": "#2"},
				"west": {"uv": [1, 9, 3, 10.6], "texture": "#2"},
				"up": {"uv": [1, 9, 3, 10.6], "texture": "#2"},
				"down": {"uv": [1, 9, 3, 10.6], "texture": "#2"}
			}
		},
		{
			"from": [11.345, 0.446, 11.345],
			"to": [11.791, 0.892, 12.014],
			"rotation": {"angle": 0, "axis": "y", "origin": [-9.84, 0, -9.84]},
			"faces": {
				"north": {"uv": [1, 9, 3, 10.6], "texture": "#2"},
				"east": {"uv": [1, 9, 3, 10.6], "texture": "#2"},
				"south": {"uv": [1, 9, 3, 10.6], "texture": "#2"},
				"west": {"uv": [1, 9, 3, 10.6], "texture": "#2"},
				"up": {"uv": [1, 9, 3, 10.6], "texture": "#2"},
				"down": {"uv": [1, 9, 3, 10.6], "texture": "#2"}
			}
		},
		{
			"from": [7.331, 11.15, 7.777],
			"to": [8.669, 12.488, 12.237],
			"rotation": {"angle": 22.5, "axis": "x", "origin": [-9.84, 0, -9.84]},
			"faces": {
				"north": {"uv": [1, 9, 3, 10.6], "texture": "#2"},
				"east": {"uv": [1, 9, 3, 10.6], "texture": "#2"},
				"south": {"uv": [1, 9, 3, 10.6], "texture": "#2"},
				"west": {"uv": [1, 9, 3, 10.6], "texture": "#2"},
				"up": {"uv": [1, 9, 3, 10.6], "texture": "#2"},
				"down": {"uv": [1, 9, 3, 10.6], "texture": "#2"}
			}
		},
		{
			"from": [6.885, 10.481, 3.54],
			"to": [9.115, 12.711, 11.568],
			"rotation": {"angle": 22.5, "axis": "x", "origin": [-9.84, 0, -9.84]},
			"color": 9,
			"faces": {
				"north": {"uv": [0, 0, 1, 1], "texture": "#missing"},
				"east": {"uv": [0, 0, 3.6, 1], "texture": "#missing"},
				"south": {"uv": [0, 0, 1, 1], "texture": "#missing"},
				"west": {"uv": [0, 0, 3.6, 1], "texture": "#missing"},
				"up": {"uv": [0, 0, 1, 3.6], "texture": "#missing"},
				"down": {"uv": [0, 0, 1, 3.6], "texture": "#missing"}
			}
		},
		{
			"from": [6.662, 10.258, 9.561],
			"to": [9.338, 12.934, 10.23],
			"rotation": {"angle": 22.5, "axis": "x", "origin": [-9.84, 0, -9.84]},
			"faces": {
				"north": {"uv": [0, 0, 16, 16], "texture": "#4"},
				"east": {"uv": [0, 0, 16, 16], "texture": "#4"},
				"south": {"uv": [0, 0, 16, 16], "texture": "#4"},
				"west": {"uv": [0, 0, 16, 16], "texture": "#4"},
				"up": {"uv": [0, 0, 16, 16], "texture": "#4"},
				"down": {"uv": [0, 0, 16, 16], "texture": "#4"}
			}
		},
		{
			"from": [9.338, 11.596, 9.561],
			"to": [11.122, 12.265, 10.23],
			"rotation": {"angle": 22.5, "axis": "x", "origin": [-9.84, 0, -9.84]},
			"faces": {
				"north": {"uv": [0, 0, 16, 16], "texture": "#4"},
				"east": {"uv": [0, 0, 16, 16], "texture": "#4"},
				"south": {"uv": [0, 0, 16, 16], "texture": "#4"},
				"west": {"uv": [0, 0, 16, 16], "texture": "#4"},
				"up": {"uv": [0, 0, 16, 16], "texture": "#4"},
				"down": {"uv": [0, 0, 16, 16], "texture": "#4"}
			}
		},
		{
			"from": [3.54, 8.697, -0.251],
			"to": [12.46, 15.387, 0.418],
			"rotation": {"angle": 22.5, "axis": "x", "origin": [-9.84, 0, -9.84]},
			"faces": {
				"north": {"uv": [0, 0, 16, 16], "texture": "#1"},
				"east": {"uv": [0, 0, 16, 16], "texture": "#1"},
				"south": {"uv": [0, 0, 16, 16], "texture": "#1"},
				"west": {"uv": [0, 0, 16, 16], "texture": "#1"},
				"up": {"uv": [0, 0, 16, 16], "texture": "#1"},
				"down": {"uv": [0, 0, 16, 16], "texture": "#1"}
			}
		},
		{
			"from": [8.446, 11.15, -15.638],
			"to": [8.669, 12.042, -14.746],
			"rotation": {"angle": 22.5, "axis": "x", "origin": [-9.84, 0, -9.84]},
			"faces": {
				"north": {"uv": [0, 9, 16, 16], "texture": "#2"},
				"east": {"uv": [0, 9, 16, 16], "texture": "#2"},
				"south": {"uv": [0, 9, 16, 16], "texture": "#2"},
				"west": {"uv": [0, 9, 16, 16], "texture": "#2"},
				"up": {"uv": [0, 9, 16, 16], "texture": "#2"},
				"down": {"uv": [0, 9, 16, 16], "texture": "#2"}
			}
		},
		{
			"from": [7.331, 11.15, -15.638],
			"to": [7.554, 12.042, -14.746],
			"rotation": {"angle": 22.5, "axis": "x", "origin": [-9.84, 0, -9.84]},
			"faces": {
				"north": {"uv": [0, 9, 16, 16], "texture": "#2"},
				"east": {"uv": [0, 9, 16, 16], "texture": "#2"},
				"south": {"uv": [0, 9, 16, 16], "texture": "#2"},
				"west": {"uv": [0, 9, 16, 16], "texture": "#2"},
				"up": {"uv": [0, 9, 16, 16], "texture": "#2"},
				"down": {"uv": [0, 9, 16, 16], "texture": "#2"}
			}
		},
		{
			"from": [7.554, 12.042, -15.415],
			"to": [8.446, 12.265, -14.746],
			"rotation": {"angle": 22.5, "axis": "x", "origin": [-9.84, 0, -9.84]},
			"faces": {
				"north": {"uv": [0, 9, 16, 16], "texture": "#2"},
				"east": {"uv": [0, 9, 16, 16], "texture": "#2"},
				"south": {"uv": [0, 9, 16, 16], "texture": "#2"},
				"west": {"uv": [0, 9, 16, 16], "texture": "#2"},
				"up": {"uv": [0, 9, 16, 16], "texture": "#2"},
				"down": {"uv": [0, 9, 16, 16], "texture": "#2"}
			}
		},
		{
			"from": [7.554, 10.927, -15.415],
			"to": [8.446, 11.15, -14.746],
			"rotation": {"angle": 22.5, "axis": "x", "origin": [-9.84, 0, -9.84]},
			"faces": {
				"north": {"uv": [0, 9, 16, 16], "texture": "#2"},
				"east": {"uv": [0, 9, 16, 16], "texture": "#2"},
				"south": {"uv": [0, 9, 16, 16], "texture": "#2"},
				"west": {"uv": [0, 9, 16, 16], "texture": "#2"},
				"up": {"uv": [0, 9, 16, 16], "texture": "#2"},
				"down": {"uv": [0, 9, 16, 16], "texture": "#2"}
			}
		}
	],
	"display": {
		"thirdperson_righthand": {
			"rotation": [90, 0, 0],
			"translation": [-6, 0, 21.5],
			"scale": [4, 4, 4]
		},
		"head": {
			"translation": [0, -5.25, 0],
			"scale": [4, 4, 4]
		}
	}
}