{
	"credit": "Made with Blockbench",
	"parent": "90",
	"textures": {
		"1": "minecraft:block/end_portal_frame_top"
	},
	"elements": [
		{
			"from": [7, 2, 7],
			"to": [9, 4, 9],
			"faces": {
				"north": {"uv": [6, 4, 11, 9], "texture": "#1"},
				"east": {"uv": [6, 4, 11, 9], "texture": "#1"},
				"south": {"uv": [6, 4, 11, 9], "texture": "#1"},
				"west": {"uv": [6, 4, 11, 9], "texture": "#1"},
				"up": {"uv": [6, 4, 11, 9], "texture": "#1"},
				"down": {"uv": [6, 4, 11, 9], "texture": "#1"}
			}
		},
		{
			"from": [6.8, 2.3, 7.3],
			"to": [9.2, 3.7, 8.7],
			"faces": {
				"north": {"uv": [6, 4, 11, 9], "texture": "#1"},
				"east": {"uv": [6, 4, 11, 9], "texture": "#1"},
				"south": {"uv": [6, 4, 11, 9], "texture": "#1"},
				"west": {"uv": [6, 4, 11, 9], "texture": "#1"},
				"up": {"uv": [6, 4, 11, 9], "texture": "#1"},
				"down": {"uv": [6, 4, 11, 9], "texture": "#1"}
			}
		},
		{
			"from": [7.3, 2.3, 6.8],
			"to": [8.7, 3.7, 9.2],
			"faces": {
				"north": {"uv": [6, 4, 11, 9], "texture": "#1"},
				"east": {"uv": [6, 4, 11, 9], "texture": "#1"},
				"south": {"uv": [6, 4, 11, 9], "texture": "#1"},
				"west": {"uv": [6, 4, 11, 9], "texture": "#1"},
				"up": {"uv": [6, 4, 11, 9], "texture": "#1"},
				"down": {"uv": [6, 4, 11, 9], "texture": "#1"}
			}
		},
		{
			"from": [7.3, 1.8, 7.3],
			"to": [8.7, 4.2, 8.7],
			"faces": {
				"north": {"uv": [6, 4, 11, 9], "rotation": 90, "texture": "#1"},
				"east": {"uv": [6, 4, 11, 9], "rotation": 90, "texture": "#1"},
				"south": {"uv": [6, 4, 11, 9], "rotation": 90, "texture": "#1"},
				"west": {"uv": [6, 4, 11, 9], "rotation": 90, "texture": "#1"},
				"up": {"uv": [6, 4, 11, 9], "rotation": 90, "texture": "#1"},
				"down": {"uv": [6, 4, 11, 9], "rotation": 90, "texture": "#1"}
			}
		}
	],
	"display": {
		"thirdperson_righthand": {
			"translation": [-0.25, 7.75, 0.75],
			"scale": [1.4, 1.4, 1.4]
		},
		"thirdperson_lefthand": {
			"translation": [0, 7.75, 0.75],
			"scale": [1.4, 1.4, 1.4]
		},
		"firstperson_righthand": {
			"translation": [0, 7.75, 0.5],
			"scale": [1.4, 1.4, 1.4]
		},
		"firstperson_lefthand": {
			"translation": [0, 7.75, 0.5],
			"scale": [1.4, 1.4, 1.4]
		}
	}
}