{
	"credit": "Made with Blockbench",
	"parent": "91",
	"textures": {
		"0": "minecraft:block/deepslate_coal_ore",
		"1": "minecraft:block/green_glazed_terracotta",
		"particle": "minecraft:block/deepslate_coal_ore"
	},
	"elements": [
		{
			"from": [11.5, 0, 9],
			"to": [13.5, 8.2, 12],
			"rotation": {"angle": 0, "axis": "y", "origin": [16.5, 0, 0]},
			"faces": {
				"north": {"uv": [12.3, 12, 12.8, 12.7], "texture": "#0"},
				"east": {"uv": [12.3, 12, 12.8, 12.7], "texture": "#0"},
				"south": {"uv": [12.3, 12, 12.8, 12.7], "texture": "#0"},
				"west": {"uv": [12.3, 12, 12.8, 12.7], "texture": "#0"},
				"up": {"uv": [12.3, 12, 12.8, 12.7], "texture": "#0"},
				"down": {"uv": [12.3, 12, 12.8, 12.7], "texture": "#0"}
			}
		},
		{
			"from": [8.4, 0, 12.1],
			"to": [11.4, 8.2, 14.1],
			"rotation": {"angle": 0, "axis": "y", "origin": [16.5, 0, 0]},
			"faces": {
				"north": {"uv": [12.3, 12, 12.8, 12.7], "texture": "#0"},
				"east": {"uv": [12.3, 12, 12.8, 12.7], "texture": "#0"},
				"south": {"uv": [12.3, 12, 12.8, 12.7], "texture": "#0"},
				"west": {"uv": [12.3, 12, 12.8, 12.7], "texture": "#0"},
				"up": {"uv": [12.3, 12, 12.8, 12.7], "texture": "#0"},
				"down": {"uv": [12.3, 12, 12.8, 12.7], "texture": "#0"}
			}
		},
		{
			"from": [4.6, 0, 3],
			"to": [7.6, 8.2, 5],
			"rotation": {"angle": 0, "axis": "y", "origin": [16.6, 0, 0]},
			"faces": {
				"north": {"uv": [12.8, 12, 12.3, 12.7], "texture": "#0"},
				"east": {"uv": [12.8, 12, 12.3, 12.7], "texture": "#0"},
				"south": {"uv": [12.8, 12, 12.3, 12.7], "texture": "#0"},
				"west": {"uv": [12.8, 12, 12.3, 12.7], "texture": "#0"},
				"up": {"uv": [12.8, 12, 12.3, 12.7], "texture": "#0"},
				"down": {"uv": [12.8, 12, 12.3, 12.7], "texture": "#0"}
			}
		},
		{
			"from": [8.9, 0, 10.9],
			"to": [12.6, 1.5, 13.9],
			"rotation": {"angle": -45, "axis": "y", "origin": [17, 0, 0]},
			"faces": {
				"north": {"uv": [12.8, 12, 12.3, 12.7], "texture": "#0"},
				"east": {"uv": [12.8, 12, 12.3, 12.7], "texture": "#0"},
				"south": {"uv": [12.8, 12, 12.3, 12.7], "texture": "#0"},
				"west": {"uv": [12.8, 12, 12.3, 12.7], "texture": "#0"},
				"up": {"uv": [12.8, 12, 12.3, 12.7], "texture": "#0"},
				"down": {"uv": [12.8, 12, 12.3, 12.7], "texture": "#0"}
			}
		},
		{
			"from": [2.5, 0, 5.1],
			"to": [4.5, 8.2, 8.1],
			"rotation": {"angle": 0, "axis": "y", "origin": [0.6, 0, 0]},
			"faces": {
				"north": {"uv": [12.8, 12, 12.3, 12.7], "texture": "#0"},
				"east": {"uv": [12.8, 12, 12.3, 12.7], "texture": "#0"},
				"south": {"uv": [12.8, 12, 12.3, 12.7], "texture": "#0"},
				"west": {"uv": [12.8, 12, 12.3, 12.7], "texture": "#0"},
				"up": {"uv": [12.8, 12, 12.3, 12.7], "texture": "#0"},
				"down": {"uv": [12.8, 12, 12.3, 12.7], "texture": "#0"}
			}
		},
		{
			"from": [3, 0, -6.4],
			"to": [6, 8.2, -3.7],
			"rotation": {"angle": 45, "axis": "y", "origin": [16.6, 0, 0]},
			"faces": {
				"north": {"uv": [12.8, 12, 12.3, 12.7], "texture": "#0"},
				"east": {"uv": [12.8, 12, 12.3, 12.7], "texture": "#0"},
				"south": {"uv": [12.8, 12, 12.3, 12.7], "texture": "#0"},
				"west": {"uv": [12.8, 12, 12.3, 12.7], "texture": "#0"},
				"up": {"uv": [12.8, 12, 12.3, 12.7], "texture": "#0"},
				"down": {"uv": [12.8, 12, 12.3, 12.7], "texture": "#0"}
			}
		},
		{
			"from": [4.6, 0, 12.1],
			"to": [7.6, 8.2, 14.1],
			"rotation": {"angle": 0, "axis": "y", "origin": [-0.5, 0, 0]},
			"faces": {
				"north": {"uv": [12.8, 12, 12.3, 12.7], "texture": "#0"},
				"east": {"uv": [12.8, 12, 12.3, 12.7], "texture": "#0"},
				"south": {"uv": [12.8, 12, 12.3, 12.7], "texture": "#0"},
				"west": {"uv": [12.8, 12, 12.3, 12.7], "texture": "#0"},
				"up": {"uv": [12.8, 12, 12.3, 12.7], "texture": "#0"},
				"down": {"uv": [12.8, 12, 12.3, 12.7], "texture": "#0"}
			}
		},
		{
			"from": [10, 0, -6.4],
			"to": [13, 8.2, -3.7],
			"rotation": {"angle": -45, "axis": "y", "origin": [-0.6, 0, 0]},
			"faces": {
				"north": {"uv": [12.3, 12, 12.8, 12.7], "texture": "#0"},
				"east": {"uv": [12.3, 12, 12.8, 12.7], "texture": "#0"},
				"south": {"uv": [12.3, 12, 12.8, 12.7], "texture": "#0"},
				"west": {"uv": [12.3, 12, 12.8, 12.7], "texture": "#0"},
				"up": {"uv": [12.3, 12, 12.8, 12.7], "texture": "#0"},
				"down": {"uv": [12.3, 12, 12.8, 12.7], "texture": "#0"}
			}
		},
		{
			"from": [8.4, 0, 3],
			"to": [11.4, 8.2, 5],
			"rotation": {"angle": 0, "axis": "y", "origin": [-0.6, 0, 0]},
			"faces": {
				"north": {"uv": [12.3, 12, 12.8, 12.7], "texture": "#0"},
				"east": {"uv": [12.3, 12, 12.8, 12.7], "texture": "#0"},
				"south": {"uv": [12.3, 12, 12.8, 12.7], "texture": "#0"},
				"west": {"uv": [12.3, 12, 12.8, 12.7], "texture": "#0"},
				"up": {"uv": [12.3, 12, 12.8, 12.7], "texture": "#0"},
				"down": {"uv": [12.3, 12, 12.8, 12.7], "texture": "#0"}
			}
		},
		{
			"from": [11.5, 0, 5.1],
			"to": [13.5, 8.2, 8.1],
			"rotation": {"angle": 0, "axis": "y", "origin": [15.4, 0, 0]},
			"faces": {
				"north": {"uv": [12.3, 12, 12.8, 12.7], "texture": "#0"},
				"east": {"uv": [12.3, 12, 12.8, 12.7], "texture": "#0"},
				"south": {"uv": [12.3, 12, 12.8, 12.7], "texture": "#0"},
				"west": {"uv": [12.3, 12, 12.8, 12.7], "texture": "#0"},
				"up": {"uv": [12.3, 12, 12.8, 12.7], "texture": "#0"},
				"down": {"uv": [12.3, 12, 12.8, 12.7], "texture": "#0"}
			}
		},
		{
			"from": [-8.4, 0, 11],
			"to": [-4.7, 1.5, 14],
			"rotation": {"angle": 45, "axis": "y", "origin": [-1, 0, 0]},
			"faces": {
				"north": {"uv": [12.8, 12, 12.3, 12.7], "texture": "#0"},
				"east": {"uv": [12.8, 12, 12.3, 12.7], "texture": "#0"},
				"south": {"uv": [12.8, 12, 12.3, 12.7], "texture": "#0"},
				"west": {"uv": [12.8, 12, 12.3, 12.7], "texture": "#0"},
				"up": {"uv": [12.8, 12, 12.3, 12.7], "texture": "#0"},
				"down": {"uv": [12.8, 12, 12.3, 12.7], "texture": "#0"}
			}
		},
		{
			"from": [20.2, 0, 10.6],
			"to": [22.9, 8.2, 13.6],
			"rotation": {"angle": -45, "axis": "y", "origin": [16.5, 0, 0]},
			"faces": {
				"north": {"uv": [12.3, 12, 12.8, 12.7], "texture": "#0"},
				"east": {"uv": [12.3, 12, 12.8, 12.7], "texture": "#0"},
				"south": {"uv": [12.3, 12, 12.8, 12.7], "texture": "#0"},
				"west": {"uv": [12.3, 12, 12.8, 12.7], "texture": "#0"},
				"up": {"uv": [12.3, 12, 12.8, 12.7], "texture": "#0"},
				"down": {"uv": [12.3, 12, 12.8, 12.7], "texture": "#0"}
			}
		},
		{
			"from": [-6.9, 0, 10.6],
			"to": [-4.2, 8.2, 13.6],
			"rotation": {"angle": 45, "axis": "y", "origin": [-0.5, 0, 0]},
			"faces": {
				"north": {"uv": [12.8, 12, 12.3, 12.7], "texture": "#0"},
				"east": {"uv": [12.8, 12, 12.3, 12.7], "texture": "#0"},
				"south": {"uv": [12.8, 12, 12.3, 12.7], "texture": "#0"},
				"west": {"uv": [12.8, 12, 12.3, 12.7], "texture": "#0"},
				"up": {"uv": [12.8, 12, 12.3, 12.7], "texture": "#0"},
				"down": {"uv": [12.8, 12, 12.3, 12.7], "texture": "#0"}
			}
		},
		{
			"from": [3.4, 0, 10.9],
			"to": [7.1, 1.5, 13.9],
			"rotation": {"angle": 45, "axis": "y", "origin": [-1, 0, 0]},
			"faces": {
				"north": {"uv": [12.3, 12, 12.8, 12.7], "texture": "#0"},
				"east": {"uv": [12.3, 12, 12.8, 12.7], "texture": "#0"},
				"south": {"uv": [12.3, 12, 12.8, 12.7], "texture": "#0"},
				"west": {"uv": [12.3, 12, 12.8, 12.7], "texture": "#0"},
				"up": {"uv": [12.3, 12, 12.8, 12.7], "texture": "#0"},
				"down": {"uv": [12.3, 12, 12.8, 12.7], "texture": "#0"}
			}
		},
		{
			"from": [20.7, 0, 11],
			"to": [24.4, 1.5, 14],
			"rotation": {"angle": -45, "axis": "y", "origin": [17, 0, 0]},
			"faces": {
				"north": {"uv": [12.3, 12, 12.8, 12.7], "texture": "#0"},
				"east": {"uv": [12.3, 12, 12.8, 12.7], "texture": "#0"},
				"south": {"uv": [12.3, 12, 12.8, 12.7], "texture": "#0"},
				"west": {"uv": [12.3, 12, 12.8, 12.7], "texture": "#0"},
				"up": {"uv": [12.3, 12, 12.8, 12.7], "texture": "#0"},
				"down": {"uv": [12.3, 12, 12.8, 12.7], "texture": "#0"}
			}
		},
		{
			"from": [14.4, 5.6, 7.3],
			"to": [16.7, 7.9, 9.8],
			"rotation": {"angle": 45, "axis": "z", "origin": [16, -3.9, 1.3]},
			"faces": {
				"north": {"uv": [9, 1, 8.3, 1.7], "texture": "#1"},
				"east": {"uv": [9, 1, 8.3, 1.7], "texture": "#1"},
				"south": {"uv": [9, 1, 8.3, 1.7], "texture": "#1"},
				"west": {"uv": [9, 1, 8.3, 1.7], "texture": "#1"},
				"up": {"uv": [9, 1, 8.3, 1.7], "texture": "#1"},
				"down": {"uv": [9, 1, 8.3, 1.7], "texture": "#1"}
			}
		},
		{
			"from": [6.9, 2.2, 7.4],
			"to": [9.4, 4.5, 9.7],
			"rotation": {"angle": 0, "axis": "y", "origin": [16, -3.9, 1.3]},
			"faces": {
				"north": {"uv": [12.8, 13, 12.3, 13.7], "texture": "#1"},
				"east": {"uv": [12.8, 13, 12.3, 13.7], "texture": "#1"},
				"south": {"uv": [12.8, 13, 12.3, 13.7], "texture": "#1"},
				"west": {"uv": [12.8, 13, 12.3, 13.7], "texture": "#1"},
				"up": {"uv": [12.8, 13, 12.3, 13.7], "texture": "#1"},
				"down": {"uv": [12.8, 13, 12.3, 13.7], "texture": "#1"}
			}
		},
		{
			"from": [13.5, 0, 9.9],
			"to": [13.6, 7.1, 11.1],
			"rotation": {"angle": 0, "axis": "y", "origin": [16.5, 0, 0]},
			"faces": {
				"north": {"uv": [7.3, 12, 8.8, 14.7], "texture": "#0"},
				"east": {"uv": [7.3, 12, 8.8, 14.7], "texture": "#0"},
				"south": {"uv": [7.3, 12, 8.8, 14.7], "texture": "#0"},
				"west": {"uv": [7.3, 12, 8.8, 14.7], "texture": "#0"},
				"up": {"uv": [7.3, 12, 8.8, 14.7], "texture": "#0"},
				"down": {"uv": [7.3, 12, 8.8, 14.7], "texture": "#0"}
			}
		},
		{
			"from": [2.5, 0, 9],
			"to": [4.5, 8.2, 12],
			"rotation": {"angle": 0, "axis": "y", "origin": [-0.5, 0, 0]},
			"faces": {
				"north": {"uv": [12.8, 12, 12.3, 12.7], "texture": "#0"},
				"east": {"uv": [12.8, 12, 12.3, 12.7], "texture": "#0"},
				"south": {"uv": [12.8, 12, 12.3, 12.7], "texture": "#0"},
				"west": {"uv": [12.8, 12, 12.3, 12.7], "texture": "#0"},
				"up": {"uv": [12.8, 12, 12.3, 12.7], "texture": "#0"},
				"down": {"uv": [12.8, 12, 12.3, 12.7], "texture": "#0"}
			}
		},
		{
			"from": [13.5, 0, 6.1],
			"to": [13.6, 7.1, 7.3],
			"rotation": {"angle": 0, "axis": "y", "origin": [16.5, 0, 0]},
			"faces": {
				"north": {"uv": [7.3, 12, 8.8, 14.7], "texture": "#0"},
				"east": {"uv": [7.3, 12, 8.8, 14.7], "texture": "#0"},
				"south": {"uv": [7.3, 12, 8.8, 14.7], "texture": "#0"},
				"west": {"uv": [7.3, 12, 8.8, 14.7], "texture": "#0"},
				"up": {"uv": [7.3, 12, 8.8, 14.7], "texture": "#0"},
				"down": {"uv": [7.3, 12, 8.8, 14.7], "texture": "#0"}
			}
		},
		{
			"from": [9.3, 0, 14.1],
			"to": [10.5, 7.1, 14.2],
			"rotation": {"angle": 0, "axis": "y", "origin": [16.5, 0, 0]},
			"faces": {
				"north": {"uv": [7.3, 12, 8.8, 14.7], "texture": "#0"},
				"east": {"uv": [7.3, 12, 8.8, 14.7], "texture": "#0"},
				"south": {"uv": [7.3, 12, 8.8, 14.7], "texture": "#0"},
				"west": {"uv": [7.3, 12, 8.8, 14.7], "texture": "#0"},
				"up": {"uv": [7.3, 12, 8.8, 14.7], "rotation": 90, "texture": "#0"},
				"down": {"uv": [7.3, 12, 8.8, 14.7], "rotation": 270, "texture": "#0"}
			}
		},
		{
			"from": [5.5, 0, 14.1],
			"to": [6.7, 7.1, 14.2],
			"rotation": {"angle": 0, "axis": "y", "origin": [16.5, 0, 0]},
			"faces": {
				"north": {"uv": [7.3, 12, 8.8, 14.7], "texture": "#0"},
				"east": {"uv": [7.3, 12, 8.8, 14.7], "texture": "#0"},
				"south": {"uv": [7.3, 12, 8.8, 14.7], "texture": "#0"},
				"west": {"uv": [7.3, 12, 8.8, 14.7], "texture": "#0"},
				"up": {"uv": [7.3, 12, 8.8, 14.7], "rotation": 90, "texture": "#0"},
				"down": {"uv": [7.3, 12, 8.8, 14.7], "rotation": 270, "texture": "#0"}
			}
		},
		{
			"from": [2.4, 0, 6.1],
			"to": [2.5, 7.1, 7.3],
			"rotation": {"angle": 0, "axis": "y", "origin": [-0.5, 0, 0]},
			"faces": {
				"north": {"uv": [8.8, 12, 7.3, 14.7], "texture": "#0"},
				"east": {"uv": [8.8, 12, 7.3, 14.7], "texture": "#0"},
				"south": {"uv": [8.8, 12, 7.3, 14.7], "texture": "#0"},
				"west": {"uv": [8.8, 12, 7.3, 14.7], "texture": "#0"},
				"up": {"uv": [8.8, 12, 7.3, 14.7], "texture": "#0"},
				"down": {"uv": [8.8, 12, 7.3, 14.7], "texture": "#0"}
			}
		},
		{
			"from": [2.4, 0, 9.9],
			"to": [2.5, 7.1, 11.1],
			"rotation": {"angle": 0, "axis": "y", "origin": [-0.5, 0, 0]},
			"faces": {
				"north": {"uv": [8.8, 12, 7.3, 14.7], "texture": "#0"},
				"east": {"uv": [8.8, 12, 7.3, 14.7], "texture": "#0"},
				"south": {"uv": [8.8, 12, 7.3, 14.7], "texture": "#0"},
				"west": {"uv": [8.8, 12, 7.3, 14.7], "texture": "#0"},
				"up": {"uv": [8.8, 12, 7.3, 14.7], "texture": "#0"},
				"down": {"uv": [8.8, 12, 7.3, 14.7], "texture": "#0"}
			}
		},
		{
			"from": [9.3, 0, 2.9],
			"to": [10.5, 7.1, 3],
			"rotation": {"angle": 0, "axis": "y", "origin": [16.5, 0, 0]},
			"faces": {
				"north": {"uv": [7.3, 12, 8.8, 14.7], "texture": "#0"},
				"east": {"uv": [7.3, 12, 8.8, 14.7], "texture": "#0"},
				"south": {"uv": [7.3, 12, 8.8, 14.7], "texture": "#0"},
				"west": {"uv": [7.3, 12, 8.8, 14.7], "texture": "#0"},
				"up": {"uv": [7.3, 12, 8.8, 14.7], "rotation": 90, "texture": "#0"},
				"down": {"uv": [7.3, 12, 8.8, 14.7], "rotation": 270, "texture": "#0"}
			}
		},
		{
			"from": [5.5, 0, 2.9],
			"to": [6.7, 7.1, 3],
			"rotation": {"angle": 0, "axis": "y", "origin": [16.5, 0, 0]},
			"faces": {
				"north": {"uv": [7.3, 12, 8.8, 14.7], "texture": "#0"},
				"east": {"uv": [7.3, 12, 8.8, 14.7], "texture": "#0"},
				"south": {"uv": [7.3, 12, 8.8, 14.7], "texture": "#0"},
				"west": {"uv": [7.3, 12, 8.8, 14.7], "texture": "#0"},
				"up": {"uv": [7.3, 12, 8.8, 14.7], "rotation": 90, "texture": "#0"},
				"down": {"uv": [7.3, 12, 8.8, 14.7], "rotation": 270, "texture": "#0"}
			}
		}
	],
	"display": {
		"head": {
			"translation": [-0.25, -11.75, -3.5],
			"scale": [4, 4, 4]
		}
	}
}