{
	"credit": "Made with Blockbench",
	"parent": "92",
	"textures": {
		"0": "minecraft:block/blast_furnace_front_on",
		"4": "minecraft:block/dispenser_front_vertical",
		"5": "minecraft:block/cyan_shulker_box",
		"6": "minecraft:block/white_shulker_box",
		"particle": "minecraft:block/blast_furnace_front_on"
	},
	"elements": [
		{
			"from": [6.54, 6.716, -6.162],
			"to": [9.46, 8.906, 18.22],
			"rotation": {"angle": 0, "axis": "y", "origin": [-3.68, 0, -3.68]},
			"faces": {
				"north": {"uv": [0, 0, 16, 16], "texture": "#6"},
				"east": {"uv": [0, 0, 16, 16], "texture": "#6"},
				"south": {"uv": [0, 0, 16, 16], "texture": "#6"},
				"west": {"uv": [0, 0, 16, 16], "texture": "#6"},
				"up": {"uv": [0, 0, 16, 16], "texture": "#6"},
				"down": {"uv": [0, 0, 16, 16], "texture": "#6"}
			}
		},
		{
			"from": [6.54, 8.176, -1.198],
			"to": [9.46, 9.636, 9.752],
			"rotation": {"angle": -22.5, "axis": "x", "origin": [-3.68, 0, -3.68]},
			"faces": {
				"north": {"uv": [0, 0, 16, 16], "texture": "#5"},
				"east": {"uv": [0, 0, 16, 16], "texture": "#5"},
				"south": {"uv": [0, 0, 16, 16], "texture": "#5"},
				"west": {"uv": [0, 0, 16, 16], "texture": "#5"},
				"up": {"uv": [0, 0, 16, 16], "texture": "#5"},
				"down": {"uv": [0, 0, 16, 16], "texture": "#5"}
			}
		},
		{
			"from": [5.81, 7.446, -1.782],
			"to": [6.54, 8.468, 13.256],
			"rotation": {"angle": -22.5, "axis": "x", "origin": [-3.68, 0, -3.68]},
			"faces": {
				"north": {"uv": [0, 0, 16, 16], "texture": "#5"},
				"east": {"uv": [0, 0, 16, 16], "texture": "#5"},
				"south": {"uv": [0, 0, 16, 16], "texture": "#5"},
				"west": {"uv": [0, 0, 16, 16], "texture": "#5"},
				"up": {"uv": [0, 0, 16, 16], "texture": "#5"},
				"down": {"uv": [0, 0, 16, 16], "texture": "#5"}
			}
		},
		{
			"from": [4.934, 5.84, 1.284],
			"to": [5.81, 7.738, 14.862],
			"rotation": {"angle": -22.5, "axis": "x", "origin": [-3.68, 0, -3.68]},
			"faces": {
				"north": {"uv": [0, 0, 16, 16], "texture": "#5"},
				"east": {"uv": [0, 0, 16, 16], "texture": "#5"},
				"south": {"uv": [0, 0, 16, 16], "texture": "#5"},
				"west": {"uv": [0, 0, 16, 16], "texture": "#5"},
				"up": {"uv": [0, 0, 16, 16], "texture": "#5"},
				"down": {"uv": [0, 0, 16, 16], "texture": "#5"}
			}
		},
		{
			"from": [9.46, 7.446, 13.256],
			"to": [10.482, 8.76, 16.176],
			"rotation": {"angle": -22.5, "axis": "x", "origin": [19.68, 0, -3.68]},
			"faces": {
				"north": {"uv": [16, 0, 0, 16], "texture": "#6"},
				"east": {"uv": [16, 0, 0, 16], "texture": "#6"},
				"south": {"uv": [16, 0, 0, 16], "texture": "#6"},
				"west": {"uv": [16, 0, 0, 16], "texture": "#6"},
				"up": {"uv": [16, 0, 0, 16], "texture": "#6"},
				"down": {"uv": [16, 0, 0, 16], "texture": "#6"}
			}
		},
		{
			"from": [6.394, 15.768, 10.482],
			"to": [9.606, 16.644, 19.972],
			"rotation": {"angle": 0, "axis": "y", "origin": [-3.68, 0, -3.68]},
			"faces": {
				"north": {"uv": [0, 0, 16, 16], "texture": "#6"},
				"east": {"uv": [0, 0, 16, 16], "texture": "#6"},
				"south": {"uv": [0, 0, 16, 16], "texture": "#6"},
				"west": {"uv": [0, 0, 16, 16], "texture": "#6"},
				"up": {"uv": [0, 0, 16, 16], "texture": "#6"},
				"down": {"uv": [0, 0, 16, 16], "texture": "#6"}
			}
		},
		{
			"from": [4.35, 7.154, -4.264],
			"to": [8, 9.782, 18.22],
			"rotation": {"angle": 0, "axis": "y", "origin": [-3.68, 0, -3.68]},
			"faces": {
				"north": {"uv": [0, 0, 16, 16], "texture": "#6"},
				"east": {"uv": [0, 0, 16, 16], "texture": "#6"},
				"south": {"uv": [0, 0, 16, 16], "texture": "#6"},
				"west": {"uv": [0, 0, 16, 16], "texture": "#6"},
				"up": {"uv": [0, 0, 16, 16], "texture": "#6"},
				"down": {"uv": [0, 0, 16, 16], "texture": "#6"}
			}
		},
		{
			"from": [16.906, 3.212, 11.066],
			"to": [17.928, 4.818, 13.84],
			"rotation": {"angle": -22.5, "axis": "z", "origin": [19.68, 0, -3.68]},
			"faces": {
				"north": {"uv": [16, 0, 0, 16], "texture": "#5"},
				"east": {"uv": [16, 0, 0, 16], "texture": "#5"},
				"south": {"uv": [16, 0, 0, 16], "texture": "#5"},
				"west": {"uv": [16, 0, 0, 16], "texture": "#5"},
				"up": {"uv": [16, 0, 0, 16], "texture": "#5"},
				"down": {"uv": [16, 0, 0, 16], "texture": "#5"}
			}
		},
		{
			"from": [2.014, 3.212, 16.03],
			"to": [5.956, 4.818, 18.074],
			"rotation": {"angle": 22.5, "axis": "z", "origin": [-3.68, 0, -3.68]},
			"faces": {
				"north": {"uv": [0, 0, 16, 16], "texture": "#5"},
				"east": {"uv": [0, 0, 16, 16], "texture": "#5"},
				"south": {"uv": [0, 0, 16, 16], "texture": "#5"},
				"west": {"uv": [0, 0, 16, 16], "texture": "#5"},
				"up": {"uv": [0, 0, 16, 16], "texture": "#5"},
				"down": {"uv": [0, 0, 16, 16], "texture": "#5"}
			}
		},
		{
			"from": [10.336, 5.548, -9.812],
			"to": [11.212, 7.154, -6.892],
			"rotation": {"angle": 22.5, "axis": "x", "origin": [19.68, 0, -3.68]},
			"faces": {
				"north": {"uv": [16, 0, 0, 16], "texture": "#6"},
				"east": {"uv": [16, 0, 0, 16], "texture": "#6"},
				"south": {"uv": [16, 0, 0, 16], "texture": "#6"},
				"west": {"uv": [16, 0, 0, 16], "texture": "#6"},
				"up": {"uv": [16, 0, 0, 16], "texture": "#6"},
				"down": {"uv": [16, 0, 0, 16], "texture": "#6"}
			}
		},
		{
			"from": [0.408, 3.212, 15.3],
			"to": [2.014, 4.818, 18.658],
			"rotation": {"angle": 22.5, "axis": "z", "origin": [-3.68, 0, -3.68]},
			"faces": {
				"north": {"uv": [0, 0, 16, 16], "texture": "#5"},
				"east": {"uv": [0, 0, 16, 16], "texture": "#5"},
				"south": {"uv": [0, 0, 16, 16], "texture": "#5"},
				"west": {"uv": [0, 0, 16, 16], "texture": "#5"},
				"up": {"uv": [0, 0, 16, 16], "texture": "#5"},
				"down": {"uv": [0, 0, 16, 16], "texture": "#5"}
			}
		},
		{
			"from": [8, 3.212, 9.168],
			"to": [10.19, 5.11, 18.22],
			"rotation": {"angle": -22.5, "axis": "z", "origin": [19.68, 0, -3.68]},
			"faces": {
				"north": {"uv": [16, 0, 0, 16], "texture": "#5"},
				"east": {"uv": [16, 0, 0, 16], "texture": "#5"},
				"south": {"uv": [16, 0, 0, 16], "texture": "#5"},
				"west": {"uv": [16, 0, 0, 16], "texture": "#5"},
				"up": {"uv": [16, 0, 0, 16], "texture": "#5"},
				"down": {"uv": [16, 0, 0, 16], "texture": "#5"}
			}
		},
		{
			"from": [-1.928, 3.212, 13.84],
			"to": [0.408, 4.818, 19.388],
			"rotation": {"angle": 22.5, "axis": "z", "origin": [-3.68, 0, -3.68]},
			"faces": {
				"north": {"uv": [0, 0, 16, 16], "texture": "#5"},
				"east": {"uv": [0, 0, 16, 16], "texture": "#5"},
				"south": {"uv": [0, 0, 16, 16], "texture": "#5"},
				"west": {"uv": [0, 0, 16, 16], "texture": "#5"},
				"up": {"uv": [0, 0, 16, 16], "texture": "#5"},
				"down": {"uv": [0, 0, 16, 16], "texture": "#5"}
			}
		},
		{
			"from": [13.986, 3.212, 15.3],
			"to": [15.592, 4.818, 18.658],
			"rotation": {"angle": -22.5, "axis": "z", "origin": [19.68, 0, -3.68]},
			"faces": {
				"north": {"uv": [16, 0, 0, 16], "texture": "#5"},
				"east": {"uv": [16, 0, 0, 16], "texture": "#5"},
				"south": {"uv": [16, 0, 0, 16], "texture": "#5"},
				"west": {"uv": [16, 0, 0, 16], "texture": "#5"},
				"up": {"uv": [16, 0, 0, 16], "texture": "#5"},
				"down": {"uv": [16, 0, 0, 16], "texture": "#5"}
			}
		},
		{
			"from": [-1.928, 3.212, 11.066],
			"to": [-0.906, 4.818, 13.84],
			"rotation": {"angle": 22.5, "axis": "z", "origin": [-3.68, 0, -3.68]},
			"faces": {
				"north": {"uv": [0, 0, 16, 16], "texture": "#5"},
				"east": {"uv": [0, 0, 16, 16], "texture": "#5"},
				"south": {"uv": [0, 0, 16, 16], "texture": "#5"},
				"west": {"uv": [0, 0, 16, 16], "texture": "#5"},
				"up": {"uv": [0, 0, 16, 16], "texture": "#5"},
				"down": {"uv": [0, 0, 16, 16], "texture": "#5"}
			}
		},
		{
			"from": [17.782, 3.796, 8.584],
			"to": [18.366, 4.234, 17.928],
			"rotation": {"angle": -22.5, "axis": "z", "origin": [19.68, 0, -3.68]},
			"faces": {
				"north": {"uv": [16, 0, 0, 16], "texture": "#5"},
				"east": {"uv": [16, 0, 0, 16], "texture": "#5"},
				"south": {"uv": [16, 0, 0, 16], "texture": "#5"},
				"west": {"uv": [16, 0, 0, 16], "texture": "#5"},
				"up": {"uv": [16, 0, 0, 16], "texture": "#5"},
				"down": {"uv": [16, 0, 0, 16], "texture": "#5"}
			}
		},
		{
			"from": [4.788, 7.3, -7.184],
			"to": [5.664, 8.906, -4.264],
			"rotation": {"angle": 0, "axis": "y", "origin": [-3.68, 0, -3.68]},
			"faces": {
				"north": {"uv": [0, 0, 16, 16], "texture": "#6"},
				"east": {"uv": [0, 0, 16, 16], "texture": "#6"},
				"south": {"uv": [0, 0, 16, 16], "texture": "#6"},
				"west": {"uv": [0, 0, 16, 16], "texture": "#6"},
				"up": {"uv": [0, 0, 16, 16], "texture": "#6"},
				"down": {"uv": [0, 0, 16, 16], "texture": "#6"}
			}
		},
		{
			"from": [8, 6.278, -4.264],
			"to": [10.774, 7.446, 18.22],
			"rotation": {"angle": 0, "axis": "y", "origin": [19.68, 0, -3.68]},
			"faces": {
				"north": {"uv": [0, 0, 16, 16], "texture": "#6"},
				"east": {"uv": [0, 0, 16, 16], "texture": "#6"},
				"south": {"uv": [0, 0, 16, 16], "texture": "#6"},
				"west": {"uv": [0, 0, 16, 16], "texture": "#6"},
				"up": {"uv": [0, 0, 16, 16], "texture": "#6"},
				"down": {"uv": [0, 0, 16, 16], "texture": "#6"}
			}
		},
		{
			"from": [4.788, 7.884, -3.534],
			"to": [5.664, 9.49, -0.614],
			"rotation": {"angle": -22.5, "axis": "x", "origin": [-3.68, 0, -3.68]},
			"faces": {
				"north": {"uv": [0, 0, 16, 16], "texture": "#6"},
				"east": {"uv": [0, 0, 16, 16], "texture": "#6"},
				"south": {"uv": [0, 0, 16, 16], "texture": "#6"},
				"west": {"uv": [0, 0, 16, 16], "texture": "#6"},
				"up": {"uv": [0, 0, 16, 16], "texture": "#6"},
				"down": {"uv": [0, 0, 16, 16], "texture": "#6"}
			}
		},
		{
			"from": [10.336, 7.3, -7.184],
			"to": [11.212, 8.906, -4.264],
			"rotation": {"angle": 0, "axis": "y", "origin": [19.68, 0, -3.68]},
			"faces": {
				"north": {"uv": [16, 0, 0, 16], "texture": "#6"},
				"east": {"uv": [16, 0, 0, 16], "texture": "#6"},
				"south": {"uv": [16, 0, 0, 16], "texture": "#6"},
				"west": {"uv": [16, 0, 0, 16], "texture": "#6"},
				"up": {"uv": [16, 0, 0, 16], "texture": "#6"},
				"down": {"uv": [16, 0, 0, 16], "texture": "#6"}
			}
		},
		{
			"from": [4.788, 5.548, -9.812],
			"to": [5.664, 7.154, -6.892],
			"rotation": {"angle": 22.5, "axis": "x", "origin": [-3.68, 0, -3.68]},
			"faces": {
				"north": {"uv": [0, 0, 16, 16], "texture": "#6"},
				"east": {"uv": [0, 0, 16, 16], "texture": "#6"},
				"south": {"uv": [0, 0, 16, 16], "texture": "#6"},
				"west": {"uv": [0, 0, 16, 16], "texture": "#6"},
				"up": {"uv": [0, 0, 16, 16], "texture": "#6"},
				"down": {"uv": [0, 0, 16, 16], "texture": "#6"}
			}
		},
		{
			"from": [10.336, 7.884, -3.534],
			"to": [11.212, 9.49, -0.614],
			"rotation": {"angle": -22.5, "axis": "x", "origin": [19.68, 0, -3.68]},
			"faces": {
				"north": {"uv": [16, 0, 0, 16], "texture": "#6"},
				"east": {"uv": [16, 0, 0, 16], "texture": "#6"},
				"south": {"uv": [16, 0, 0, 16], "texture": "#6"},
				"west": {"uv": [16, 0, 0, 16], "texture": "#6"},
				"up": {"uv": [16, 0, 0, 16], "texture": "#6"},
				"down": {"uv": [16, 0, 0, 16], "texture": "#6"}
			}
		},
		{
			"from": [5.226, 6.278, -4.264],
			"to": [8, 7.446, 18.22],
			"rotation": {"angle": 0, "axis": "y", "origin": [-3.68, 0, -3.68]},
			"faces": {
				"north": {"uv": [0, 0, 16, 16], "texture": "#6"},
				"east": {"uv": [0, 0, 16, 16], "texture": "#6"},
				"south": {"uv": [0, 0, 16, 16], "texture": "#6"},
				"west": {"uv": [0, 0, 16, 16], "texture": "#6"},
				"up": {"uv": [0, 0, 16, 16], "texture": "#6"},
				"down": {"uv": [0, 0, 16, 16], "texture": "#6"}
			}
		},
		{
			"from": [8, 11.68, 10.482],
			"to": [10.19, 16.206, 19.826],
			"rotation": {"angle": 0, "axis": "y", "origin": [19.68, 0, -3.68]},
			"faces": {
				"north": {"uv": [16, 0, 0, 16], "texture": "#6"},
				"east": {"uv": [16, 0, 0, 16], "texture": "#6"},
				"south": {"uv": [16, 0, 0, 16], "texture": "#6"},
				"west": {"uv": [16, 0, 0, 16], "texture": "#6"},
				"up": {"uv": [16, 0, 0, 16], "texture": "#6"},
				"down": {"uv": [16, 0, 0, 16], "texture": "#6"}
			}
		},
		{
			"from": [8, 7.884, 5.664],
			"to": [12.088, 10.074, 19.242],
			"rotation": {"angle": 0, "axis": "y", "origin": [19.68, 0, -3.68]},
			"faces": {
				"north": {"uv": [16, 0, 0, 16], "texture": "#6"},
				"east": {"uv": [16, 0, 0, 16], "texture": "#6"},
				"south": {"uv": [16, 0, 0, 16], "texture": "#6"},
				"west": {"uv": [16, 0, 0, 16], "texture": "#6"},
				"up": {"uv": [16, 0, 0, 16], "texture": "#6"},
				"down": {"uv": [16, 0, 0, 16], "texture": "#6"}
			}
		},
		{
			"from": [4.934, 11.68, 10.482],
			"to": [8, 14.892, 19.826],
			"rotation": {"angle": 0, "axis": "y", "origin": [-3.68, 0, -3.68]},
			"faces": {
				"north": {"uv": [0, 0, 16, 16], "texture": "#6"},
				"east": {"uv": [0, 0, 16, 16], "texture": "#6"},
				"south": {"uv": [0, 0, 16, 16], "texture": "#6"},
				"west": {"uv": [0, 0, 16, 16], "texture": "#6"},
				"up": {"uv": [0, 0, 16, 16], "texture": "#6"},
				"down": {"uv": [0, 0, 16, 16], "texture": "#6"}
			}
		},
		{
			"from": [10.92, 7.884, 9.168],
			"to": [11.942, 11.826, 18.95],
			"rotation": {"angle": 0, "axis": "y", "origin": [19.68, 0, -3.68]},
			"faces": {
				"north": {"uv": [2, 11.2, 0, 13], "texture": "#5"},
				"east": {"uv": [2, 11.2, 0, 13], "texture": "#5"},
				"south": {"uv": [2, 11.2, 0, 13], "texture": "#5"},
				"west": {"uv": [2, 11.2, 0, 13], "texture": "#5"},
				"up": {"uv": [2, 11.2, 0, 13], "texture": "#5"},
				"down": {"uv": [2, 11.2, 0, 13], "texture": "#5"}
			}
		},
		{
			"from": [6.394, 4.526, 20.702],
			"to": [9.606, 6.278, 24.644],
			"rotation": {"angle": -22.5, "axis": "x", "origin": [-3.68, 0, -3.68]},
			"faces": {
				"north": {"uv": [0, 0, 16, 16], "texture": "#6"},
				"east": {"uv": [0, 0, 16, 16], "texture": "#6"},
				"south": {"uv": [0, 0, 16, 16], "texture": "#6"},
				"west": {"uv": [0, 0, 16, 16], "texture": "#6"},
				"up": {"uv": [0, 0, 16, 16], "texture": "#6"},
				"down": {"uv": [0, 0, 16, 16], "texture": "#6"}
			}
		},
		{
			"from": [17.344, 14.162, 18.95],
			"to": [20.41, 17.228, 23.622],
			"rotation": {"angle": 45, "axis": "z", "origin": [19.68, 0, -3.68]},
			"faces": {
				"north": {"uv": [0, 0, 4, 6], "texture": "#0"},
				"east": {"uv": [0, 0, 4, 6], "texture": "#0"},
				"south": {"uv": [5, 5, 10.9, 10.9], "texture": "#4"},
				"west": {"uv": [0, 0, 4, 6], "texture": "#0"},
				"up": {"uv": [0, 0, 4, 6], "texture": "#0"},
				"down": {"uv": [0, 0, 4, 6], "texture": "#0"}
			}
		},
		{
			"from": [16.322, 3.212, 19.388],
			"to": [17.344, 4.818, 20.848],
			"rotation": {"angle": -22.5, "axis": "z", "origin": [19.68, 0, -3.68]},
			"faces": {
				"north": {"uv": [16, 0, 0, 16], "texture": "#5"},
				"east": {"uv": [16, 0, 0, 16], "texture": "#5"},
				"south": {"uv": [16, 0, 0, 16], "texture": "#5"},
				"west": {"uv": [16, 0, 0, 16], "texture": "#5"},
				"up": {"uv": [16, 0, 0, 16], "texture": "#5"},
				"down": {"uv": [16, 0, 0, 16], "texture": "#5"}
			}
		},
		{
			"from": [-1.344, 3.212, 19.388],
			"to": [-0.322, 4.818, 20.848],
			"rotation": {"angle": 22.5, "axis": "z", "origin": [-3.68, 0, -3.68]},
			"faces": {
				"north": {"uv": [0, 0, 16, 16], "texture": "#5"},
				"east": {"uv": [0, 0, 16, 16], "texture": "#5"},
				"south": {"uv": [0, 0, 16, 16], "texture": "#5"},
				"west": {"uv": [0, 0, 16, 16], "texture": "#5"},
				"up": {"uv": [0, 0, 16, 16], "texture": "#5"},
				"down": {"uv": [0, 0, 16, 16], "texture": "#5"}
			}
		},
		{
			"from": [5.956, 15.914, 16.614],
			"to": [7.124, 21.024, 18.074],
			"rotation": {"angle": 0, "axis": "y", "origin": [-3.68, 0, -3.68]},
			"faces": {
				"north": {"uv": [4, 0, 4.8, 3.5], "texture": "#0"},
				"east": {"uv": [4, 0, 4.8, 3.5], "texture": "#0"},
				"south": {"uv": [4, 0, 4.8, 3.5], "texture": "#0"},
				"west": {"uv": [4, 0, 4.8, 3.5], "texture": "#0"},
				"up": {"uv": [4, 0, 4.8, 3.5], "texture": "#0"},
				"down": {"uv": [4, 0, 4.8, 3.5], "texture": "#0"}
			}
		},
		{
			"from": [5.92096, 20.3816, 13.24432],
			"to": [7.1824, 21.71312, 14.61088],
			"rotation": {"angle": 0, "axis": "y", "origin": [-4.0304, 11.972, 15.83728]},
			"faces": {
				"north": {"uv": [8, 7, 7, 8], "texture": "#4"},
				"east": {"uv": [8, 7, 7, 8], "texture": "#4"},
				"south": {"uv": [8, 7, 7, 8], "texture": "#4"},
				"west": {"uv": [8, 7, 7, 8], "texture": "#4"},
				"up": {"uv": [8, 7, 7, 8], "texture": "#4"},
				"down": {"uv": [8, 7, 7, 8], "texture": "#4"}
			}
		},
		{
			"from": [4.09888, 20.3816, 7.21744],
			"to": [5.36032, 21.71312, 9.53008],
			"rotation": {"angle": -22.5, "axis": "y", "origin": [-4.0304, 11.972, 15.83728]},
			"faces": {
				"north": {"uv": [7, 7, 10, 8], "texture": "#4"},
				"east": {"uv": [7, 7, 10, 8], "texture": "#4"},
				"south": {"uv": [7, 7, 10, 8], "texture": "#4"},
				"west": {"uv": [7, 7, 10, 8], "texture": "#4"},
				"up": {"uv": [7, 7, 10, 8], "texture": "#4"},
				"down": {"uv": [7, 7, 10, 8], "texture": "#4"}
			}
		},
		{
			"from": [5.92096, 18.6296, 7.77808],
			"to": [7.1824, 19.96112, 10.09072],
			"rotation": {"angle": 22.5, "axis": "x", "origin": [-4.0304, 11.972, 15.83728]},
			"faces": {
				"north": {"uv": [7, 7, 10, 8], "texture": "#4"},
				"east": {"uv": [7, 7, 10, 8], "texture": "#4"},
				"south": {"uv": [7, 7, 10, 8], "texture": "#4"},
				"west": {"uv": [7, 7, 10, 8], "texture": "#4"},
				"up": {"uv": [7, 7, 10, 8], "texture": "#4"},
				"down": {"uv": [7, 7, 10, 8], "texture": "#4"}
			}
		},
		{
			"from": [5.92096, 18.6296, 12.75376],
			"to": [7.1824, 19.96112, 15.0664],
			"rotation": {"angle": -22.5, "axis": "x", "origin": [-4.0304, 11.972, 6.93712]},
			"faces": {
				"north": {"uv": [10, 7, 7, 8], "texture": "#4"},
				"east": {"uv": [10, 7, 7, 8], "texture": "#4"},
				"south": {"uv": [10, 7, 7, 8], "texture": "#4"},
				"west": {"uv": [10, 7, 7, 8], "texture": "#4"},
				"up": {"uv": [10, 7, 7, 8], "texture": "#4"},
				"down": {"uv": [10, 7, 7, 8], "texture": "#4"}
			}
		},
		{
			"from": [4.09888, 20.3816, 13.24432],
			"to": [5.36032, 21.71312, 15.55696],
			"rotation": {"angle": 22.5, "axis": "y", "origin": [-4.0304, 11.972, 6.93712]},
			"faces": {
				"north": {"uv": [10, 7, 7, 8], "texture": "#4"},
				"east": {"uv": [10, 7, 7, 8], "texture": "#4"},
				"south": {"uv": [10, 7, 7, 8], "texture": "#4"},
				"west": {"uv": [10, 7, 7, 8], "texture": "#4"},
				"up": {"uv": [10, 7, 7, 8], "texture": "#4"},
				"down": {"uv": [10, 7, 7, 8], "texture": "#4"}
			}
		},
		{
			"from": [9.21472, 10.36016, 8.68912],
			"to": [10.47616, 11.55152, 11.00176],
			"rotation": {"angle": 45, "axis": "z", "origin": [-4.0304, 11.972, 15.83728]},
			"faces": {
				"north": {"uv": [7, 7, 10, 8], "texture": "#4"},
				"east": {"uv": [7, 7, 10, 8], "texture": "#4"},
				"south": {"uv": [7, 7, 10, 8], "texture": "#4"},
				"west": {"uv": [7, 7, 10, 8], "texture": "#4"},
				"up": {"uv": [7, 7, 10, 8], "texture": "#4"},
				"down": {"uv": [7, 7, 10, 8], "texture": "#4"}
			}
		},
		{
			"from": [5.92096, 21.0824, 7.56784],
			"to": [7.1824, 22.41392, 9.88048],
			"rotation": {"angle": 22.5, "axis": "x", "origin": [-4.0304, 16.59728, 6.93712]},
			"faces": {
				"north": {"uv": [10, 8, 7, 7], "texture": "#4"},
				"east": {"uv": [10, 8, 7, 7], "texture": "#4"},
				"south": {"uv": [10, 8, 7, 7], "texture": "#4"},
				"west": {"uv": [10, 8, 7, 7], "texture": "#4"},
				"up": {"uv": [10, 8, 7, 7], "texture": "#4"},
				"down": {"uv": [10, 8, 7, 7], "texture": "#4"}
			}
		},
		{
			"from": [5.92096, 21.0824, 12.89392],
			"to": [7.1824, 22.41392, 15.20656],
			"rotation": {"angle": -22.5, "axis": "x", "origin": [-4.0304, 16.59728, 15.83728]},
			"faces": {
				"north": {"uv": [7, 8, 10, 7], "texture": "#4"},
				"east": {"uv": [7, 8, 10, 7], "texture": "#4"},
				"south": {"uv": [7, 8, 10, 7], "texture": "#4"},
				"west": {"uv": [7, 8, 10, 7], "texture": "#4"},
				"up": {"uv": [7, 8, 10, 7], "texture": "#4"},
				"down": {"uv": [7, 8, 10, 7], "texture": "#4"}
			}
		},
		{
			"from": [6.97216, 20.3816, 9.38992],
			"to": [8.2336, 21.71312, 11.70256],
			"rotation": {"angle": -22.5, "axis": "y", "origin": [7.1824, 11.972, 6.93712]},
			"faces": {
				"north": {"uv": [7, 7, 10, 8], "texture": "#4"},
				"east": {"uv": [7, 7, 10, 8], "texture": "#4"},
				"south": {"uv": [7, 7, 10, 8], "texture": "#4"},
				"west": {"uv": [7, 7, 10, 8], "texture": "#4"},
				"up": {"uv": [7, 7, 10, 8], "texture": "#4"},
				"down": {"uv": [7, 7, 10, 8], "texture": "#4"}
			}
		},
		{
			"from": [6.97216, 20.3816, 11.07184],
			"to": [8.2336, 21.71312, 13.38448],
			"rotation": {"angle": 22.5, "axis": "y", "origin": [7.1824, 11.972, 15.83728]},
			"faces": {
				"north": {"uv": [10, 7, 7, 8], "texture": "#4"},
				"east": {"uv": [10, 7, 7, 8], "texture": "#4"},
				"south": {"uv": [10, 7, 7, 8], "texture": "#4"},
				"west": {"uv": [10, 7, 7, 8], "texture": "#4"},
				"up": {"uv": [10, 7, 7, 8], "texture": "#4"},
				"down": {"uv": [10, 7, 7, 8], "texture": "#4"}
			}
		},
		{
			"from": [5.48296, 20.0896, 16.59648],
			"to": [7.4744, 22.00512, 20.15304],
			"rotation": {"angle": 0, "axis": "y", "origin": [-4.4684, 12.264, 13.79328]},
			"faces": {
				"north": {"uv": [9, 0, 0, 5], "texture": "#5"},
				"east": {"uv": [9, 0, 0, 5], "texture": "#5"},
				"south": {"uv": [9, 0, 0, 5], "texture": "#5"},
				"west": {"uv": [9, 0, 0, 5], "texture": "#5"},
				"up": {"uv": [9, 0, 0, 5], "texture": "#5"},
				"down": {"uv": [9, 0, 0, 5], "texture": "#5"}
			}
		},
		{
			"from": [5.99104, 20.52176, 14.61672],
			"to": [6.90208, 21.50288, 16.81256],
			"rotation": {"angle": 0, "axis": "y", "origin": [-1.5776, 16.38704, 21.83496]},
			"faces": {
				"north": {"uv": [3, 9, 1, 15], "texture": "#0"},
				"east": {"uv": [3, 9, 1, 15], "texture": "#0"},
				"south": {"uv": [3, 9, 1, 15], "texture": "#0"},
				"west": {"uv": [3, 9, 1, 15], "texture": "#0"},
				"up": {"uv": [3, 9, 1, 15], "texture": "#0"},
				"down": {"uv": [3, 9, 1, 15], "texture": "#0"}
			}
		},
		{
			"from": [0.38464, 24.86672, 14.61672],
			"to": [1.29568, 25.84784, 16.81256],
			"rotation": {"angle": -45, "axis": "z", "origin": [-1.5776, 16.38704, 21.83496]},
			"faces": {
				"north": {"uv": [3, 9, 1, 15], "texture": "#0"},
				"east": {"uv": [3, 9, 1, 15], "texture": "#0"},
				"south": {"uv": [3, 9, 1, 15], "texture": "#0"},
				"west": {"uv": [3, 9, 1, 15], "texture": "#0"},
				"up": {"uv": [3, 9, 1, 15], "texture": "#0"},
				"down": {"uv": [3, 9, 1, 15], "texture": "#0"}
			}
		},
		{
			"from": [9.50672, 10.65216, 7.66712],
			"to": [10.18416, 11.25952, 8.25112],
			"rotation": {"angle": 45, "axis": "z", "origin": [-4.0304, 11.972, 15.83728]},
			"faces": {
				"north": {"uv": [7, 7, 10, 8], "texture": "#4"},
				"east": {"uv": [7, 7, 10, 8], "texture": "#4"},
				"south": {"uv": [7, 7, 10, 8], "texture": "#4"},
				"west": {"uv": [7, 7, 10, 8], "texture": "#4"},
				"up": {"uv": [7, 7, 10, 8], "texture": "#4"},
				"down": {"uv": [7, 7, 10, 8], "texture": "#4"}
			}
		},
		{
			"from": [9.36072, 10.50616, 8.25112],
			"to": [10.33016, 11.40552, 8.68912],
			"rotation": {"angle": 45, "axis": "z", "origin": [-4.0304, 11.972, 15.83728]},
			"faces": {
				"north": {"uv": [7, 7, 10, 8], "texture": "#4"},
				"east": {"uv": [7, 7, 10, 8], "texture": "#4"},
				"south": {"uv": [7, 7, 10, 8], "texture": "#4"},
				"west": {"uv": [7, 7, 10, 8], "texture": "#4"},
				"up": {"uv": [7, 7, 10, 8], "texture": "#4"},
				"down": {"uv": [7, 7, 10, 8], "texture": "#4"}
			}
		},
		{
			"from": [6.54, 9.052, 18.95],
			"to": [9.606, 12.118, 22.162],
			"rotation": {"angle": 0, "axis": "z", "origin": [19.68, 0, -3.68]},
			"faces": {
				"north": {"uv": [0, 0, 4, 6], "rotation": 270, "texture": "#0"},
				"east": {"uv": [0, 0, 4, 6], "rotation": 270, "texture": "#0"},
				"south": {"uv": [0, 0, 4, 6], "rotation": 270, "texture": "#0"},
				"west": {"uv": [0, 0, 4, 6], "rotation": 270, "texture": "#0"},
				"up": {"uv": [0, 0, 4, 6], "rotation": 270, "texture": "#0"},
				"down": {"uv": [0, 0, 4, 6], "rotation": 270, "texture": "#0"}
			}
		},
		{
			"from": [5.08, 7.884, 3.766],
			"to": [8, 13.14, 18.95],
			"rotation": {"angle": 0, "axis": "y", "origin": [-3.68, 0, -3.68]},
			"faces": {
				"north": {"uv": [0, 0, 16, 16], "texture": "#5"},
				"east": {"uv": [0, 0, 16, 16], "texture": "#5"},
				"south": {"uv": [0, 0, 16, 16], "texture": "#5"},
				"west": {"uv": [0, 0, 16, 16], "texture": "#5"},
				"up": {"uv": [0, 0, 16, 16], "texture": "#5"},
				"down": {"uv": [0, 0, 16, 16], "texture": "#5"}
			}
		},
		{
			"from": [-1.782, 3.796, 7.562],
			"to": [-1.344, 4.234, 17.49],
			"rotation": {"angle": 22.5, "axis": "z", "origin": [-3.68, 0, -3.68]},
			"faces": {
				"north": {"uv": [0, 0, 16, 16], "texture": "#5"},
				"east": {"uv": [0, 0, 16, 16], "texture": "#5"},
				"south": {"uv": [0, 0, 16, 16], "texture": "#5"},
				"west": {"uv": [0, 0, 16, 16], "texture": "#5"},
				"up": {"uv": [0, 0, 16, 16], "texture": "#5"},
				"down": {"uv": [0, 0, 16, 16], "texture": "#5"}
			}
		},
		{
			"from": [15.592, 3.212, 13.84],
			"to": [17.928, 4.818, 19.388],
			"rotation": {"angle": -22.5, "axis": "z", "origin": [19.68, 0, -3.68]},
			"faces": {
				"north": {"uv": [16, 0, 0, 16], "texture": "#5"},
				"east": {"uv": [16, 0, 0, 16], "texture": "#5"},
				"south": {"uv": [16, 0, 0, 16], "texture": "#5"},
				"west": {"uv": [16, 0, 0, 16], "texture": "#5"},
				"up": {"uv": [16, 0, 0, 16], "texture": "#5"},
				"down": {"uv": [16, 0, 0, 16], "texture": "#5"}
			}
		},
		{
			"from": [6.54, 12.994, 5.08],
			"to": [9.46, 14.454, 11.212],
			"rotation": {"angle": 0, "axis": "y", "origin": [-3.68, 0, -3.68]},
			"faces": {
				"north": {"uv": [0, 0, 16, 16], "texture": "#6"},
				"east": {"uv": [0, 0, 16, 16], "texture": "#6"},
				"south": {"uv": [0, 0, 16, 16], "texture": "#6"},
				"west": {"uv": [0, 0, 16, 16], "texture": "#6"},
				"up": {"uv": [0, 0, 16, 16], "texture": "#6"},
				"down": {"uv": [0, 0, 16, 16], "texture": "#6"}
			}
		},
		{
			"from": [5.518, 7.446, 13.256],
			"to": [6.54, 8.76, 16.176],
			"rotation": {"angle": -22.5, "axis": "x", "origin": [-3.68, 0, -3.68]},
			"faces": {
				"north": {"uv": [0, 0, 16, 16], "texture": "#6"},
				"east": {"uv": [0, 0, 16, 16], "texture": "#6"},
				"south": {"uv": [0, 0, 16, 16], "texture": "#6"},
				"west": {"uv": [0, 0, 16, 16], "texture": "#6"},
				"up": {"uv": [0, 0, 16, 16], "texture": "#6"},
				"down": {"uv": [0, 0, 16, 16], "texture": "#6"}
			}
		},
		{
			"from": [9.46, 7.446, -1.782],
			"to": [10.19, 8.468, 13.256],
			"rotation": {"angle": -22.5, "axis": "x", "origin": [19.68, 0, -3.68]},
			"faces": {
				"north": {"uv": [16, 0, 0, 16], "texture": "#5"},
				"east": {"uv": [16, 0, 0, 16], "texture": "#5"},
				"south": {"uv": [16, 0, 0, 16], "texture": "#5"},
				"west": {"uv": [16, 0, 0, 16], "texture": "#5"},
				"up": {"uv": [16, 0, 0, 16], "texture": "#5"},
				"down": {"uv": [16, 0, 0, 16], "texture": "#5"}
			}
		},
		{
			"from": [6.394, 6.132, 18.366],
			"to": [9.606, 10.512, 19.68],
			"rotation": {"angle": -22.5, "axis": "x", "origin": [-3.68, 0, -3.68]},
			"faces": {
				"north": {"uv": [0, 0, 2.2, 3], "texture": "#0"},
				"east": {"uv": [0, 0, 2.2, 3], "texture": "#0"},
				"south": {"uv": [0, 0, 2.2, 3], "texture": "#0"},
				"west": {"uv": [0, 0, 2.2, 3], "texture": "#0"},
				"up": {"uv": [0, 0, 2.2, 3], "texture": "#0"},
				"down": {"uv": [0, 0, 2.2, 3], "texture": "#0"}
			}
		},
		{
			"from": [4.204, 4.672, 6.686],
			"to": [4.934, 6.132, 17.636],
			"rotation": {"angle": -22.5, "axis": "x", "origin": [-3.68, 0, -3.68]},
			"faces": {
				"north": {"uv": [0, 0, 16, 16], "texture": "#5"},
				"east": {"uv": [0, 0, 16, 16], "texture": "#5"},
				"south": {"uv": [0, 0, 16, 16], "texture": "#5"},
				"west": {"uv": [0, 0, 16, 16], "texture": "#5"},
				"up": {"uv": [0, 0, 16, 16], "texture": "#5"},
				"down": {"uv": [0, 0, 16, 16], "texture": "#5"}
			}
		},
		{
			"from": [10.19, 5.84, 1.284],
			"to": [11.066, 7.738, 14.862],
			"rotation": {"angle": -22.5, "axis": "x", "origin": [19.68, 0, -3.68]},
			"faces": {
				"north": {"uv": [16, 0, 0, 16], "texture": "#5"},
				"east": {"uv": [16, 0, 0, 16], "texture": "#5"},
				"south": {"uv": [16, 0, 0, 16], "texture": "#5"},
				"west": {"uv": [16, 0, 0, 16], "texture": "#5"},
				"up": {"uv": [16, 0, 0, 16], "texture": "#5"},
				"down": {"uv": [16, 0, 0, 16], "texture": "#5"}
			}
		},
		{
			"from": [4.058, 7.884, 8.292],
			"to": [5.08, 11.534, 18.95],
			"rotation": {"angle": 0, "axis": "y", "origin": [-3.68, 0, -3.68]},
			"faces": {
				"north": {"uv": [0, 0, 16, 16], "texture": "#5"},
				"east": {"uv": [0, 0, 16, 16], "texture": "#5"},
				"south": {"uv": [0, 0, 16, 16], "texture": "#5"},
				"west": {"uv": [0, 0, 16, 16], "texture": "#5"},
				"up": {"uv": [0, 0, 16, 16], "texture": "#5"},
				"down": {"uv": [0, 0, 16, 16], "texture": "#5"}
			}
		},
		{
			"from": [8, 7.884, 3.766],
			"to": [10.92, 13.14, 18.95],
			"rotation": {"angle": 0, "axis": "y", "origin": [19.68, 0, -3.68]},
			"faces": {
				"north": {"uv": [16, 0, 0, 16], "texture": "#5"},
				"east": {"uv": [16, 0, 0, 16], "texture": "#5"},
				"south": {"uv": [16, 0, 0, 16], "texture": "#5"},
				"west": {"uv": [16, 0, 0, 16], "texture": "#5"},
				"up": {"uv": [16, 0, 0, 16], "texture": "#5"},
				"down": {"uv": [16, 0, 0, 16], "texture": "#5"}
			}
		},
		{
			"from": [5.81, 3.212, 9.168],
			"to": [8, 5.11, 18.22],
			"rotation": {"angle": 22.5, "axis": "z", "origin": [-3.68, 0, -3.68]},
			"faces": {
				"north": {"uv": [0, 0, 16, 16], "texture": "#5"},
				"east": {"uv": [0, 0, 16, 16], "texture": "#5"},
				"south": {"uv": [0, 0, 16, 16], "texture": "#5"},
				"west": {"uv": [0, 0, 16, 16], "texture": "#5"},
				"up": {"uv": [0, 0, 16, 16], "texture": "#5"},
				"down": {"uv": [0, 0, 16, 16], "texture": "#5"}
			}
		},
		{
			"from": [10.044, 3.212, 16.03],
			"to": [13.986, 4.818, 18.074],
			"rotation": {"angle": -22.5, "axis": "z", "origin": [19.68, 0, -3.68]},
			"faces": {
				"north": {"uv": [16, 0, 0, 16], "texture": "#5"},
				"east": {"uv": [16, 0, 0, 16], "texture": "#5"},
				"south": {"uv": [16, 0, 0, 16], "texture": "#5"},
				"west": {"uv": [16, 0, 0, 16], "texture": "#5"},
				"up": {"uv": [16, 0, 0, 16], "texture": "#5"},
				"down": {"uv": [16, 0, 0, 16], "texture": "#5"}
			}
		},
		{
			"from": [3.912, 7.884, 5.664],
			"to": [8, 10.074, 19.242],
			"rotation": {"angle": 0, "axis": "y", "origin": [-3.68, 0, -3.68]},
			"faces": {
				"north": {"uv": [0, 0, 16, 16], "texture": "#6"},
				"east": {"uv": [0, 0, 16, 16], "texture": "#6"},
				"south": {"uv": [0, 0, 16, 16], "texture": "#6"},
				"west": {"uv": [0, 0, 16, 16], "texture": "#6"},
				"up": {"uv": [0, 0, 16, 16], "texture": "#6"},
				"down": {"uv": [0, 0, 16, 16], "texture": "#6"}
			}
		},
		{
			"from": [8, 7.154, -4.264],
			"to": [11.65, 9.782, 18.22],
			"rotation": {"angle": 0, "axis": "y", "origin": [19.68, 0, -3.68]},
			"faces": {
				"north": {"uv": [16, 0, 0, 16], "texture": "#6"},
				"east": {"uv": [16, 0, 0, 16], "texture": "#6"},
				"south": {"uv": [16, 0, 0, 16], "texture": "#6"},
				"west": {"uv": [16, 0, 0, 16], "texture": "#6"},
				"up": {"uv": [16, 0, 0, 16], "texture": "#6"},
				"down": {"uv": [16, 0, 0, 16], "texture": "#6"}
			}
		},
		{
			"from": [6.54, 8.176, -2.512],
			"to": [9.46, 9.198, -1.198],
			"rotation": {"angle": -22.5, "axis": "x", "origin": [-3.68, 0, -3.68]},
			"faces": {
				"north": {"uv": [0, 0, 16, 16], "texture": "#5"},
				"east": {"uv": [0, 0, 16, 16], "texture": "#5"},
				"south": {"uv": [0, 0, 16, 16], "texture": "#5"},
				"west": {"uv": [0, 0, 16, 16], "texture": "#5"},
				"up": {"uv": [0, 0, 16, 16], "texture": "#5"},
				"down": {"uv": [0, 0, 16, 16], "texture": "#5"}
			}
		},
		{
			"from": [6.686, 14.454, 6.102],
			"to": [9.314, 15.33, 12.234],
			"rotation": {"angle": 0, "axis": "y", "origin": [-3.68, 0, -3.68]},
			"faces": {
				"north": {"uv": [0, 0, 16, 16], "texture": "#6"},
				"east": {"uv": [0, 0, 16, 16], "texture": "#6"},
				"south": {"uv": [0, 0, 16, 16], "texture": "#6"},
				"west": {"uv": [0, 0, 16, 16], "texture": "#6"},
				"up": {"uv": [0, 0, 16, 16], "texture": "#6"},
				"down": {"uv": [0, 0, 16, 16], "texture": "#6"}
			}
		},
		{
			"from": [6.978, 14.454, 7.27],
			"to": [9.022, 16.06, 12.234],
			"rotation": {"angle": 0, "axis": "y", "origin": [-3.68, 0, -3.68]},
			"faces": {
				"north": {"uv": [0, 0, 16, 16], "texture": "#6"},
				"east": {"uv": [0, 0, 16, 16], "texture": "#6"},
				"south": {"uv": [0, 0, 16, 16], "texture": "#6"},
				"west": {"uv": [0, 0, 16, 16], "texture": "#6"},
				"up": {"uv": [0, 0, 16, 16], "texture": "#6"},
				"down": {"uv": [0, 0, 16, 16], "texture": "#6"}
			}
		},
		{
			"from": [4.204, 11.242, 11.796],
			"to": [5.08, 12.994, 19.096],
			"rotation": {"angle": 0, "axis": "y", "origin": [-3.68, 0, -3.68]},
			"faces": {
				"north": {"uv": [0, 0, 16, 16], "texture": "#5"},
				"east": {"uv": [0, 0, 16, 16], "texture": "#5"},
				"south": {"uv": [0, 0, 16, 16], "texture": "#5"},
				"west": {"uv": [0, 0, 16, 16], "texture": "#5"},
				"up": {"uv": [0, 0, 16, 16], "texture": "#5"},
				"down": {"uv": [0, 0, 16, 16], "texture": "#5"}
			}
		},
		{
			"from": [10.92, 11.242, 11.796],
			"to": [11.796, 12.994, 19.096],
			"rotation": {"angle": 0, "axis": "y", "origin": [19.68, 0, -3.68]},
			"faces": {
				"north": {"uv": [16, 0, 0, 16], "texture": "#5"},
				"east": {"uv": [16, 0, 0, 16], "texture": "#5"},
				"south": {"uv": [16, 0, 0, 16], "texture": "#5"},
				"west": {"uv": [16, 0, 0, 16], "texture": "#5"},
				"up": {"uv": [16, 0, 0, 16], "texture": "#5"},
				"down": {"uv": [16, 0, 0, 16], "texture": "#5"}
			}
		},
		{
			"from": [-2.366, 3.796, 8.584],
			"to": [-1.782, 4.234, 17.928],
			"rotation": {"angle": 22.5, "axis": "z", "origin": [-3.68, 0, -3.68]},
			"faces": {
				"north": {"uv": [0, 0, 16, 16], "texture": "#5"},
				"east": {"uv": [0, 0, 16, 16], "texture": "#5"},
				"south": {"uv": [0, 0, 16, 16], "texture": "#5"},
				"west": {"uv": [0, 0, 16, 16], "texture": "#5"},
				"up": {"uv": [0, 0, 16, 16], "texture": "#5"},
				"down": {"uv": [0, 0, 16, 16], "texture": "#5"}
			}
		},
		{
			"from": [17.344, 3.796, 7.562],
			"to": [17.782, 4.234, 17.49],
			"rotation": {"angle": -22.5, "axis": "z", "origin": [19.68, 0, -3.68]},
			"faces": {
				"north": {"uv": [16, 0, 0, 16], "texture": "#5"},
				"east": {"uv": [16, 0, 0, 16], "texture": "#5"},
				"south": {"uv": [16, 0, 0, 16], "texture": "#5"},
				"west": {"uv": [16, 0, 0, 16], "texture": "#5"},
				"up": {"uv": [16, 0, 0, 16], "texture": "#5"},
				"down": {"uv": [16, 0, 0, 16], "texture": "#5"}
			}
		},
		{
			"from": [5.81, 11.68, 10.482],
			"to": [8, 16.206, 19.826],
			"rotation": {"angle": 0, "axis": "y", "origin": [-3.68, 0, -3.68]},
			"faces": {
				"north": {"uv": [0, 0, 16, 16], "texture": "#6"},
				"east": {"uv": [0, 0, 16, 16], "texture": "#6"},
				"south": {"uv": [0, 0, 16, 16], "texture": "#6"},
				"west": {"uv": [0, 0, 16, 16], "texture": "#6"},
				"up": {"uv": [0, 0, 16, 16], "texture": "#6"},
				"down": {"uv": [0, 0, 16, 16], "texture": "#6"}
			}
		},
		{
			"from": [8, 11.68, 10.482],
			"to": [11.066, 14.892, 19.826],
			"rotation": {"angle": 0, "axis": "y", "origin": [19.68, 0, -3.68]},
			"faces": {
				"north": {"uv": [16, 0, 0, 16], "texture": "#6"},
				"east": {"uv": [16, 0, 0, 16], "texture": "#6"},
				"south": {"uv": [16, 0, 0, 16], "texture": "#6"},
				"west": {"uv": [16, 0, 0, 16], "texture": "#6"},
				"up": {"uv": [16, 0, 0, 16], "texture": "#6"},
				"down": {"uv": [16, 0, 0, 16], "texture": "#6"}
			}
		},
		{
			"from": [8.54896, 9.8696, 17.03448],
			"to": [10.5404, 11.78512, 19.56904],
			"rotation": {"angle": 45, "axis": "z", "origin": [-4.4684, 12.264, 13.79328]},
			"faces": {
				"north": {"uv": [9, 0, 0, 5], "texture": "#5"},
				"east": {"uv": [9, 0, 0, 5], "texture": "#5"},
				"south": {"uv": [9, 0, 0, 5], "texture": "#5"},
				"west": {"uv": [9, 0, 0, 5], "texture": "#5"},
				"up": {"uv": [9, 0, 0, 5], "texture": "#5"},
				"down": {"uv": [9, 0, 0, 5], "texture": "#5"}
			}
		},
		{
			"from": [5.956, 22.484, 8.584],
			"to": [7.124, 27.594, 10.044],
			"rotation": {"angle": 22.5, "axis": "x", "origin": [-3.68, 0, -3.68]},
			"faces": {
				"north": {"uv": [4, 0, 4.8, 3.5], "texture": "#0"},
				"east": {"uv": [4, 0, 4.8, 3.5], "texture": "#0"},
				"south": {"uv": [4, 0, 4.8, 3.5], "texture": "#0"},
				"west": {"uv": [4, 0, 4.8, 3.5], "texture": "#0"},
				"up": {"uv": [4, 0, 4.8, 3.5], "texture": "#0"},
				"down": {"uv": [4, 0, 4.8, 3.5], "texture": "#0"}
			}
		},
		{
			"from": [10.92, 7.884, 8.292],
			"to": [11.942, 11.534, 18.95],
			"rotation": {"angle": 0, "axis": "y", "origin": [19.68, 0, -3.68]},
			"faces": {
				"north": {"uv": [16, 0, 0, 16], "texture": "#5"},
				"east": {"uv": [16, 0, 0, 16], "texture": "#5"},
				"south": {"uv": [16, 0, 0, 16], "texture": "#5"},
				"west": {"uv": [16, 0, 0, 16], "texture": "#5"},
				"up": {"uv": [16, 0, 0, 16], "texture": "#5"},
				"down": {"uv": [16, 0, 0, 16], "texture": "#5"}
			}
		},
		{
			"from": [11.066, 4.672, 6.686],
			"to": [11.796, 6.132, 17.636],
			"rotation": {"angle": -22.5, "axis": "x", "origin": [19.68, 0, -3.68]},
			"faces": {
				"north": {"uv": [16, 0, 0, 16], "texture": "#5"},
				"east": {"uv": [16, 0, 0, 16], "texture": "#5"},
				"south": {"uv": [16, 0, 0, 16], "texture": "#5"},
				"west": {"uv": [16, 0, 0, 16], "texture": "#5"},
				"up": {"uv": [16, 0, 0, 16], "texture": "#5"},
				"down": {"uv": [16, 0, 0, 16], "texture": "#5"}
			}
		},
		{
			"from": [6.686, 8.176, 13.986],
			"to": [9.314, 10.074, 18.366],
			"rotation": {"angle": -22.5, "axis": "x", "origin": [-3.68, 0, -3.68]},
			"faces": {
				"north": {"uv": [6, 6, 10, 10], "texture": "#4"},
				"east": {"uv": [6, 6, 10, 10], "texture": "#4"},
				"south": {"uv": [6, 6, 10, 10], "texture": "#4"},
				"west": {"uv": [6, 6, 10, 10], "texture": "#4"},
				"up": {"uv": [6, 6, 10, 10], "texture": "#4"},
				"down": {"uv": [6, 6, 10, 10], "texture": "#4"}
			}
		},
		{
			"from": [4.058, 7.884, 9.168],
			"to": [5.08, 11.826, 18.95],
			"rotation": {"angle": 0, "axis": "y", "origin": [-3.68, 0, -3.68]},
			"faces": {
				"north": {"uv": [0, 11.2, 2, 13], "texture": "#5"},
				"east": {"uv": [0, 11.2, 2, 13], "texture": "#5"},
				"south": {"uv": [0, 11.2, 2, 13], "texture": "#5"},
				"west": {"uv": [0, 11.2, 2, 13], "texture": "#5"},
				"up": {"uv": [0, 11.2, 2, 13], "texture": "#5"},
				"down": {"uv": [0, 11.2, 2, 13], "texture": "#5"}
			}
		}
	],
	"display": {
		"head": {
			"translation": [0, -14.5, -5.75],
			"scale": [4, 4, 4]
		}
	}
}