{
	"credit": "Made with Blockbench",
	"parent": "lanza_necron_lord",
	"textures": {
		"1": "minecraft:block/anvil",
		"2": "minecraft:block/lime_wool",
		"3": "minecraft:block/glass",
		"particle": "minecraft:block/anvil_top"
	},
	"elements": [
		{
			"from": [7.825, 4.075, 7.975],
			"to": [8.15, 7.35, 8.175],
			"rotation": {"angle": 0, "axis": "y", "origin": [8.0125, 5.44375, 8.06875]},
			"faces": {
				"north": {"uv": [0, 0, 16, 16], "texture": "#1"},
				"east": {"uv": [0, 0, 16, 16], "texture": "#1"},
				"south": {"uv": [0, 0, 16, 16], "texture": "#1"},
				"west": {"uv": [0, 0, 16, 16], "texture": "#1"},
				"up": {"uv": [0, 0, 16, 16], "texture": "#1"},
				"down": {"uv": [0, 0, 16, 16], "texture": "#1"}
			}
		},
		{
			"from": [7.825, 3.2, 7.975],
			"to": [8.175, 3.65, 8.175],
			"rotation": {"angle": 0, "axis": "y", "origin": [8.0125, 4.44375, 8.06875]},
			"faces": {
				"north": {"uv": [0, 0, 12.725, 16], "texture": "#1"},
				"east": {"uv": [0, 0, 12.725, 16], "texture": "#1"},
				"south": {"uv": [0, 0, 12.725, 16], "texture": "#1"},
				"west": {"uv": [0, 0, 12.725, 16], "texture": "#1"},
				"up": {"uv": [0, 0, 12.725, 16], "texture": "#1"},
				"down": {"uv": [0, 0, 12.725, 16], "texture": "#1"}
			}
		},
		{
			"from": [8.25, 1.95, 8.025],
			"to": [8.55, 3.4, 8.1],
			"rotation": {"angle": 0, "axis": "y", "origin": [8.0125, 4.44375, 8.06875]},
			"faces": {
				"north": {"uv": [0, 0, 16, 16], "texture": "#1"},
				"east": {"uv": [0, 0, 16, 16], "texture": "#1"},
				"south": {"uv": [0, 0, 16, 16], "texture": "#1"},
				"west": {"uv": [0, 0, 16, 16], "texture": "#1"},
				"up": {"uv": [0, 0, 16, 16], "texture": "#1"},
				"down": {"uv": [0, 0, 16, 16], "texture": "#1"}
			}
		},
		{
			"from": [7.85, 4.05, 8.025],
			"to": [7.9, 4.1, 8.1],
			"rotation": {"angle": 0, "axis": "y", "origin": [8.3875, 3.96875, 8.06875]},
			"faces": {
				"north": {"uv": [0, 0, 15.7, 16], "texture": "#1"},
				"east": {"uv": [0, 0, 14.7, 16], "texture": "#1"},
				"south": {"uv": [0, 0, 15.7, 16], "texture": "#1"},
				"west": {"uv": [0, 0, 14.7, 16], "texture": "#1"},
				"up": {"uv": [0, 0, 15.7, 15.875], "texture": "#1"},
				"down": {"uv": [0, 0, 15.7, 15.875], "texture": "#1"}
			}
		},
		{
			"from": [8.275, 3.35, 8.05],
			"to": [8.525, 3.5, 8.075],
			"rotation": {"angle": 22.5, "axis": "z", "origin": [8.475, 3.4625, 8.0625]},
			"faces": {
				"north": {"uv": [0, 16, 16, 0], "texture": "#1"},
				"east": {"uv": [0, 16, 16, 0], "texture": "#1"},
				"south": {"uv": [0, 16, 16, 0], "texture": "#1"},
				"west": {"uv": [0, 16, 16, 0], "texture": "#1"},
				"up": {"uv": [0, 16, 16, 0], "texture": "#1"},
				"down": {"uv": [0, 16, 16, 0], "texture": "#1"}
			}
		},
		{
			"from": [7.5, 3.35, 8.05],
			"to": [7.75, 3.5, 8.075],
			"rotation": {"angle": -22.5, "axis": "z", "origin": [7.55, 3.4625, 8.0625]},
			"faces": {
				"north": {"uv": [16, 16, 0, 0], "texture": "#1"},
				"east": {"uv": [16, 16, 0, 0], "texture": "#1"},
				"south": {"uv": [16, 16, 0, 0], "texture": "#1"},
				"west": {"uv": [16, 16, 0, 0], "texture": "#1"},
				"up": {"uv": [16, 16, 0, 0], "texture": "#1"},
				"down": {"uv": [16, 16, 0, 0], "texture": "#1"}
			}
		},
		{
			"from": [7.775, 3.1, 7.975],
			"to": [7.85, 3.225, 8.175],
			"rotation": {"angle": 0, "axis": "y", "origin": [8.0125, 4.44375, 8.06875]},
			"faces": {
				"north": {"uv": [0, 0, 16, 16], "texture": "#1"},
				"east": {"uv": [0, 0, 16, 16], "texture": "#1"},
				"south": {"uv": [0, 0, 16, 16], "texture": "#1"},
				"west": {"uv": [0, 0, 16, 16], "texture": "#1"},
				"up": {"uv": [0, 0, 16, 16], "texture": "#1"},
				"down": {"uv": [0, 0, 16, 16], "texture": "#1"}
			}
		},
		{
			"from": [8.175, 3.1, 7.975],
			"to": [8.25, 3.225, 8.175],
			"rotation": {"angle": 0, "axis": "y", "origin": [8.0125, 4.44375, 8.06875]},
			"faces": {
				"north": {"uv": [0, 0, 16, 16], "texture": "#1"},
				"east": {"uv": [0, 0, 16, 16], "texture": "#1"},
				"south": {"uv": [0, 0, 16, 16], "texture": "#1"},
				"west": {"uv": [0, 0, 16, 16], "texture": "#1"},
				"up": {"uv": [0, 0, 16, 16], "texture": "#1"},
				"down": {"uv": [0, 0, 16, 16], "texture": "#1"}
			}
		},
		{
			"from": [8.275, 1.75, 8.025],
			"to": [8.5, 1.95, 8.1],
			"rotation": {"angle": 0, "axis": "y", "origin": [8.0375, 3.76875, 8.06875]},
			"faces": {
				"north": {"uv": [0, 0, 16, 16], "texture": "#1"},
				"east": {"uv": [0, 0, 16, 16], "texture": "#1"},
				"south": {"uv": [0, 0, 16, 16], "texture": "#1"},
				"west": {"uv": [0, 0, 16, 16], "texture": "#1"},
				"up": {"uv": [0, 0, 16, 16], "texture": "#1"},
				"down": {"uv": [0, 0, 16, 16], "texture": "#1"}
			}
		},
		{
			"from": [8.1, 2.05, 8.025],
			"to": [8.175, 2.275, 8.1],
			"rotation": {"angle": 0, "axis": "y", "origin": [7.7125, 4.06875, 8.06875]},
			"faces": {
				"north": {"uv": [0, 0, 16, 16], "texture": "#1"},
				"east": {"uv": [0, 0, 16, 16], "texture": "#1"},
				"south": {"uv": [0, 0, 16, 16], "texture": "#1"},
				"west": {"uv": [0, 0, 16, 16], "texture": "#1"},
				"up": {"uv": [0, 0, 16, 16], "texture": "#1"},
				"down": {"uv": [0, 0, 16, 16], "texture": "#1"}
			}
		},
		{
			"from": [8.1, 1.925, 8.025],
			"to": [8.15, 2.05, 8.1],
			"rotation": {"angle": 0, "axis": "y", "origin": [7.7125, 3.94375, 8.06875]},
			"faces": {
				"north": {"uv": [0, 0, 16, 16], "texture": "#1"},
				"east": {"uv": [0, 0, 16, 16], "texture": "#1"},
				"south": {"uv": [0, 0, 16, 16], "texture": "#1"},
				"west": {"uv": [0, 0, 16, 16], "texture": "#1"},
				"up": {"uv": [0, 0, 16, 16], "texture": "#1"},
				"down": {"uv": [0, 0, 16, 16], "texture": "#1"}
			}
		},
		{
			"from": [7.85, 1.925, 8.025],
			"to": [7.9, 2.05, 8.1],
			"rotation": {"angle": 0, "axis": "y", "origin": [7.4625, 3.94375, 8.06875]},
			"faces": {
				"north": {"uv": [0, 0, 16, 16], "texture": "#1"},
				"east": {"uv": [0, 0, 16, 16], "texture": "#1"},
				"south": {"uv": [0, 0, 16, 16], "texture": "#1"},
				"west": {"uv": [0, 0, 16, 16], "texture": "#1"},
				"up": {"uv": [0, 0, 16, 16], "texture": "#1"},
				"down": {"uv": [0, 0, 16, 16], "texture": "#1"}
			}
		},
		{
			"from": [7.825, 2.05, 8.025],
			"to": [7.9, 2.275, 8.1],
			"rotation": {"angle": 0, "axis": "y", "origin": [7.5875, 4.06875, 8.06875]},
			"faces": {
				"north": {"uv": [0, 0, 16, 16], "texture": "#1"},
				"east": {"uv": [0, 0, 16, 16], "texture": "#1"},
				"south": {"uv": [0, 0, 16, 16], "texture": "#1"},
				"west": {"uv": [0, 0, 16, 16], "texture": "#1"},
				"up": {"uv": [0, 0, 16, 16], "texture": "#1"},
				"down": {"uv": [0, 0, 16, 16], "texture": "#1"}
			}
		},
		{
			"from": [8.33018, 1.69786, 8.05],
			"to": [8.48018, 1.82286, 8.075],
			"rotation": {"angle": -45, "axis": "z", "origin": [8.40518, 1.76036, 8.0625]},
			"faces": {
				"north": {"uv": [0, 0, 16, 16], "texture": "#1"},
				"east": {"uv": [0, 0, 16, 16], "texture": "#1"},
				"south": {"uv": [0, 0, 16, 16], "texture": "#1"},
				"west": {"uv": [0, 0, 16, 16], "texture": "#1"},
				"up": {"uv": [0, 0, 16, 16], "texture": "#1"},
				"down": {"uv": [0, 0, 16, 16], "texture": "#1"}
			}
		},
		{
			"from": [7.475, 1.95, 8.025],
			"to": [7.775, 3.4, 8.1],
			"rotation": {"angle": 0, "axis": "y", "origin": [8.0125, 4.44375, 8.06875]},
			"faces": {
				"north": {"uv": [16, 0, 0, 16], "texture": "#1"},
				"east": {"uv": [16, 0, 0, 16], "texture": "#1"},
				"south": {"uv": [16, 0, 0, 16], "texture": "#1"},
				"west": {"uv": [16, 0, 0, 16], "texture": "#1"},
				"up": {"uv": [16, 0, 0, 16], "texture": "#1"},
				"down": {"uv": [16, 0, 0, 16], "texture": "#1"}
			}
		},
		{
			"from": [7.55214, 1.69053, 8.05],
			"to": [7.70214, 1.81553, 8.075],
			"rotation": {"angle": 45, "axis": "z", "origin": [7.62714, 1.75303, 8.0625]},
			"faces": {
				"north": {"uv": [16, 0, 0, 16], "texture": "#1"},
				"east": {"uv": [16, 0, 0, 16], "texture": "#1"},
				"south": {"uv": [16, 0, 0, 16], "texture": "#1"},
				"west": {"uv": [16, 0, 0, 16], "texture": "#1"},
				"up": {"uv": [16, 0, 0, 16], "texture": "#1"},
				"down": {"uv": [16, 0, 0, 16], "texture": "#1"}
			}
		},
		{
			"from": [7.525, 1.75, 8.025],
			"to": [7.75, 1.95, 8.1],
			"rotation": {"angle": 0, "axis": "y", "origin": [7.9875, 3.76875, 8.06875]},
			"faces": {
				"north": {"uv": [16, 0, 0, 16], "texture": "#1"},
				"east": {"uv": [16, 0, 0, 16], "texture": "#1"},
				"south": {"uv": [16, 0, 0, 16], "texture": "#1"},
				"west": {"uv": [16, 0, 0, 16], "texture": "#1"},
				"up": {"uv": [16, 0, 0, 16], "texture": "#1"},
				"down": {"uv": [16, 0, 0, 16], "texture": "#1"}
			}
		},
		{
			"from": [8.125, 2.275, 7.975],
			"to": [8.175, 3.2, 8.175],
			"rotation": {"angle": 0, "axis": "y", "origin": [8.0125, 4.44375, 8.06875]},
			"faces": {
				"north": {"uv": [0, 0, 12.525, 16], "texture": "#1"},
				"east": {"uv": [0, 0, 12.525, 16], "texture": "#1"},
				"south": {"uv": [0, 0, 12.525, 16], "texture": "#1"},
				"west": {"uv": [0, 0, 12.525, 16], "texture": "#1"},
				"up": {"uv": [0, 0, 12.525, 16], "texture": "#1"},
				"down": {"uv": [0, 0, 12.525, 16], "texture": "#1"}
			}
		},
		{
			"from": [7.825, 2.275, 7.975],
			"to": [7.875, 3.225, 8.175],
			"rotation": {"angle": 0, "axis": "y", "origin": [8.0125, 4.44375, 8.06875]},
			"faces": {
				"north": {"uv": [0, 0, 12.525, 16], "texture": "#1"},
				"east": {"uv": [0, 0, 12.525, 16], "texture": "#1"},
				"south": {"uv": [0, 0, 12.525, 16], "texture": "#1"},
				"west": {"uv": [0, 0, 12.525, 16], "texture": "#1"},
				"up": {"uv": [0, 0, 12.525, 16], "texture": "#1"},
				"down": {"uv": [0, 0, 12.525, 16], "texture": "#1"}
			}
		},
		{
			"from": [7.925, 2.25, 8.025],
			"to": [8.075, 3.225, 8.125],
			"rotation": {"angle": 0, "axis": "y", "origin": [8.0125, 4.44375, 8.06875]},
			"faces": {
				"north": {"uv": [0, 0, 16, 12.925], "texture": "#2"},
				"east": {"uv": [0, 0, 16, 12.925], "texture": "#2"},
				"south": {"uv": [0, 0, 16, 12.925], "texture": "#2"},
				"west": {"uv": [0, 0, 16, 12.925], "texture": "#2"},
				"up": {"uv": [0, 0, 16, 12.925], "texture": "#2"},
				"down": {"uv": [0, 0, 16, 12.925], "texture": "#2"}
			}
		},
		{
			"from": [7.9, 2.225, 8],
			"to": [8.1, 3.225, 8.15],
			"rotation": {"angle": 0, "axis": "y", "origin": [8.0125, 4.44375, 8.06875]},
			"faces": {
				"north": {"uv": [0, 0, 16, 13.55], "texture": "#3"},
				"east": {"uv": [0, 1.225, 16, 14.775], "texture": "#3"},
				"south": {"uv": [0, 1.225, 16, 14.775], "texture": "#3"},
				"west": {"uv": [0, 1.225, 16, 14.775], "texture": "#3"},
				"up": {"uv": [0, 1.225, 16, 14.775], "texture": "#3"},
				"down": {"uv": [0, 1.225, 16, 14.775], "texture": "#3"}
			}
		},
		{
			"from": [7.925, 3.625, 8.025],
			"to": [8.075, 4.125, 8.125],
			"rotation": {"angle": 0, "axis": "y", "origin": [8.0125, 4.44375, 8.06875]},
			"faces": {
				"north": {"uv": [0, 0, 16, 8.55], "texture": "#2"},
				"east": {"uv": [0, 0, 16, 8.55], "texture": "#2"},
				"south": {"uv": [0, 0, 16, 8.55], "texture": "#2"},
				"west": {"uv": [0, 0, 16, 8.55], "texture": "#2"},
				"up": {"uv": [0, 0, 16, 8.55], "texture": "#2"},
				"down": {"uv": [0, 0, 16, 8.55], "texture": "#2"}
			}
		},
		{
			"from": [7.9, 3.625, 8],
			"to": [8.1, 4.125, 8.15],
			"rotation": {"angle": 0, "axis": "y", "origin": [8.0125, 4.44375, 8.06875]},
			"faces": {
				"north": {"uv": [0, 0, 16, 13.35], "texture": "#3"},
				"east": {"uv": [0, 1.35, 16, 14.7], "texture": "#3"},
				"south": {"uv": [0, 1.35, 16, 14.7], "texture": "#3"},
				"west": {"uv": [0, 1.35, 16, 14.7], "texture": "#3"},
				"up": {"uv": [0, 1.35, 16, 14.7], "texture": "#3"},
				"down": {"uv": [0, 1.35, 16, 14.7], "texture": "#3"}
			}
		},
		{
			"from": [7.9, 7.4, 8.025],
			"to": [8.075, 7.525, 8.125],
			"rotation": {"angle": 0, "axis": "y", "origin": [8.0125, 5.44375, 8.06875]},
			"faces": {
				"north": {"uv": [0, 0, 16, 8.55], "texture": "#2"},
				"east": {"uv": [0, 0, 16, 8.55], "texture": "#2"},
				"south": {"uv": [0, 0, 16, 8.55], "texture": "#2"},
				"west": {"uv": [0, 0, 16, 8.55], "texture": "#2"},
				"up": {"uv": [0, 0, 16, 8.55], "texture": "#2"},
				"down": {"uv": [0, 0, 16, 8.55], "texture": "#2"}
			}
		},
		{
			"from": [7.875, 7.4, 8],
			"to": [8.1, 7.525, 8.15],
			"rotation": {"angle": 0, "axis": "y", "origin": [8.0125, 5.44375, 8.06875]},
			"faces": {
				"north": {"uv": [0, 0, 16, 13.35], "texture": "#3"},
				"east": {"uv": [0, 1.35, 16, 14.7], "texture": "#3"},
				"south": {"uv": [0, 1.35, 16, 14.7], "texture": "#3"},
				"west": {"uv": [0, 1.35, 16, 14.7], "texture": "#3"},
				"up": {"uv": [0, 1.35, 16, 14.7], "texture": "#3"},
				"down": {"uv": [0, 1.35, 16, 14.7], "texture": "#3"}
			}
		},
		{
			"from": [7.85, 7.525, 8],
			"to": [8.125, 7.55, 8.15],
			"rotation": {"angle": 0, "axis": "y", "origin": [8.0125, 5.44375, 8.06875]},
			"faces": {
				"north": {"uv": [0, 0, 16, 13.35], "texture": "#3"},
				"east": {"uv": [0, 1.35, 16, 14.7], "texture": "#3"},
				"south": {"uv": [0, 1.35, 16, 14.7], "texture": "#3"},
				"west": {"uv": [0, 1.35, 16, 14.7], "texture": "#3"},
				"up": {"uv": [0, 1.35, 16, 14.7], "texture": "#3"},
				"down": {"uv": [0, 1.35, 16, 14.7], "texture": "#3"}
			}
		},
		{
			"from": [7.875, 7.525, 8.025],
			"to": [8.1, 7.55, 8.125],
			"rotation": {"angle": 0, "axis": "y", "origin": [8.0125, 5.44375, 8.06875]},
			"faces": {
				"north": {"uv": [0, 0, 16, 8.55], "texture": "#2"},
				"east": {"uv": [0, 0, 16, 8.55], "texture": "#2"},
				"south": {"uv": [0, 0, 16, 8.55], "texture": "#2"},
				"west": {"uv": [0, 0, 16, 8.55], "texture": "#2"},
				"up": {"uv": [0, 0, 16, 8.55], "texture": "#2"},
				"down": {"uv": [0, 0, 16, 8.55], "texture": "#2"}
			}
		},
		{
			"from": [7.85, 7.525, 8],
			"to": [8.125, 7.55, 8.15],
			"rotation": {"angle": 0, "axis": "y", "origin": [8.0125, 5.44375, 8.06875]},
			"faces": {
				"north": {"uv": [0, 0, 16, 13.35], "texture": "#3"},
				"east": {"uv": [0, 1.35, 16, 14.7], "texture": "#3"},
				"south": {"uv": [0, 1.35, 16, 14.7], "texture": "#3"},
				"west": {"uv": [0, 1.35, 16, 14.7], "texture": "#3"},
				"up": {"uv": [0, 1.35, 16, 14.7], "texture": "#3"},
				"down": {"uv": [0, 1.35, 16, 14.7], "texture": "#3"}
			}
		},
		{
			"from": [7.875, 7.525, 8.025],
			"to": [8.1, 7.55, 8.125],
			"rotation": {"angle": 0, "axis": "y", "origin": [8.0125, 5.44375, 8.06875]},
			"faces": {
				"north": {"uv": [0, 0, 16, 8.55], "texture": "#2"},
				"east": {"uv": [0, 0, 16, 8.55], "texture": "#2"},
				"south": {"uv": [0, 0, 16, 8.55], "texture": "#2"},
				"west": {"uv": [0, 0, 16, 8.55], "texture": "#2"},
				"up": {"uv": [0, 0, 16, 8.55], "texture": "#2"},
				"down": {"uv": [0, 0, 16, 8.55], "texture": "#2"}
			}
		},
		{
			"from": [7.85, 7.55, 8.025],
			"to": [8.125, 7.575, 8.125],
			"rotation": {"angle": 0, "axis": "y", "origin": [8.0125, 5.44375, 8.06875]},
			"faces": {
				"north": {"uv": [0, 0, 16, 8.55], "texture": "#2"},
				"east": {"uv": [0, 0, 16, 8.55], "texture": "#2"},
				"south": {"uv": [0, 0, 16, 8.55], "texture": "#2"},
				"west": {"uv": [0, 0, 16, 8.55], "texture": "#2"},
				"up": {"uv": [0, 0, 16, 8.55], "texture": "#2"},
				"down": {"uv": [0, 0, 16, 8.55], "texture": "#2"}
			}
		},
		{
			"from": [7.825, 7.55, 8],
			"to": [8.15, 7.575, 8.15],
			"rotation": {"angle": 0, "axis": "y", "origin": [8.0125, 5.44375, 8.06875]},
			"faces": {
				"north": {"uv": [0, 0, 16, 13.35], "texture": "#3"},
				"east": {"uv": [0, 1.35, 16, 14.7], "texture": "#3"},
				"south": {"uv": [0, 1.35, 16, 14.7], "texture": "#3"},
				"west": {"uv": [0, 1.35, 16, 14.7], "texture": "#3"},
				"up": {"uv": [0, 1.35, 16, 14.7], "texture": "#3"},
				"down": {"uv": [0, 1.35, 16, 14.7], "texture": "#3"}
			}
		},
		{
			"from": [7.85, 7.55, 8.025],
			"to": [8.125, 7.575, 8.125],
			"rotation": {"angle": 0, "axis": "y", "origin": [8.0125, 5.44375, 8.06875]},
			"faces": {
				"north": {"uv": [0, 0, 16, 8.55], "texture": "#2"},
				"east": {"uv": [0, 0, 16, 8.55], "texture": "#2"},
				"south": {"uv": [0, 0, 16, 8.55], "texture": "#2"},
				"west": {"uv": [0, 0, 16, 8.55], "texture": "#2"},
				"up": {"uv": [0, 0, 16, 8.55], "texture": "#2"},
				"down": {"uv": [0, 0, 16, 8.55], "texture": "#2"}
			}
		},
		{
			"from": [7.825, 7.55, 8],
			"to": [8.15, 7.575, 8.15],
			"rotation": {"angle": 0, "axis": "y", "origin": [8.0125, 5.44375, 8.06875]},
			"faces": {
				"north": {"uv": [0, 0, 16, 13.35], "texture": "#3"},
				"east": {"uv": [0, 1.35, 16, 14.7], "texture": "#3"},
				"south": {"uv": [0, 1.35, 16, 14.7], "texture": "#3"},
				"west": {"uv": [0, 1.35, 16, 14.7], "texture": "#3"},
				"up": {"uv": [0, 1.35, 16, 14.7], "texture": "#3"},
				"down": {"uv": [0, 1.35, 16, 14.7], "texture": "#3"}
			}
		},
		{
			"from": [7.875, 7.575, 8.025],
			"to": [8.1, 7.6, 8.125],
			"rotation": {"angle": 0, "axis": "y", "origin": [8.0125, 5.44375, 8.06875]},
			"faces": {
				"north": {"uv": [0, 0, 16, 8.55], "texture": "#2"},
				"east": {"uv": [0, 0, 16, 8.55], "texture": "#2"},
				"south": {"uv": [0, 0, 16, 8.55], "texture": "#2"},
				"west": {"uv": [0, 0, 16, 8.55], "texture": "#2"},
				"up": {"uv": [0, 0, 16, 8.55], "texture": "#2"},
				"down": {"uv": [0, 0, 16, 8.55], "texture": "#2"}
			}
		},
		{
			"from": [7.85, 7.575, 8],
			"to": [8.125, 7.6, 8.15],
			"rotation": {"angle": 0, "axis": "y", "origin": [8.0125, 5.44375, 8.06875]},
			"faces": {
				"north": {"uv": [0, 0, 16, 13.35], "texture": "#3"},
				"east": {"uv": [0, 1.35, 16, 14.7], "texture": "#3"},
				"south": {"uv": [0, 1.35, 16, 14.7], "texture": "#3"},
				"west": {"uv": [0, 1.35, 16, 14.7], "texture": "#3"},
				"up": {"uv": [0, 1.35, 16, 14.7], "texture": "#3"},
				"down": {"uv": [0, 1.35, 16, 14.7], "texture": "#3"}
			}
		},
		{
			"from": [7.875, 7.575, 8.025],
			"to": [8.1, 7.6, 8.125],
			"rotation": {"angle": 0, "axis": "y", "origin": [8.0125, 5.44375, 8.06875]},
			"faces": {
				"north": {"uv": [0, 0, 16, 8.55], "texture": "#2"},
				"east": {"uv": [0, 0, 16, 8.55], "texture": "#2"},
				"south": {"uv": [0, 0, 16, 8.55], "texture": "#2"},
				"west": {"uv": [0, 0, 16, 8.55], "texture": "#2"},
				"up": {"uv": [0, 0, 16, 8.55], "texture": "#2"},
				"down": {"uv": [0, 0, 16, 8.55], "texture": "#2"}
			}
		},
		{
			"from": [7.85, 7.575, 8],
			"to": [8.125, 7.6, 8.15],
			"rotation": {"angle": 0, "axis": "y", "origin": [8.0125, 5.44375, 8.06875]},
			"faces": {
				"north": {"uv": [0, 0, 16, 13.35], "texture": "#3"},
				"east": {"uv": [0, 1.35, 16, 14.7], "texture": "#3"},
				"south": {"uv": [0, 1.35, 16, 14.7], "texture": "#3"},
				"west": {"uv": [0, 1.35, 16, 14.7], "texture": "#3"},
				"up": {"uv": [0, 1.35, 16, 14.7], "texture": "#3"},
				"down": {"uv": [0, 1.35, 16, 14.7], "texture": "#3"}
			}
		},
		{
			"from": [7.9, 7.6, 8.025],
			"to": [8.075, 7.625, 8.125],
			"rotation": {"angle": 0, "axis": "y", "origin": [8.0125, 5.44375, 8.06875]},
			"faces": {
				"north": {"uv": [0, 0, 16, 8.55], "texture": "#2"},
				"east": {"uv": [0, 0, 16, 8.55], "texture": "#2"},
				"south": {"uv": [0, 0, 16, 8.55], "texture": "#2"},
				"west": {"uv": [0, 0, 16, 8.55], "texture": "#2"},
				"up": {"uv": [0, 0, 16, 8.55], "texture": "#2"},
				"down": {"uv": [0, 0, 16, 8.55], "texture": "#2"}
			}
		},
		{
			"from": [7.875, 7.6, 8],
			"to": [8.1, 7.625, 8.15],
			"rotation": {"angle": 0, "axis": "y", "origin": [8.0125, 5.44375, 8.06875]},
			"faces": {
				"north": {"uv": [0, 0, 16, 13.35], "texture": "#3"},
				"east": {"uv": [0, 1.35, 16, 14.7], "texture": "#3"},
				"south": {"uv": [0, 1.35, 16, 14.7], "texture": "#3"},
				"west": {"uv": [0, 1.35, 16, 14.7], "texture": "#3"},
				"up": {"uv": [0, 1.35, 16, 14.7], "texture": "#3"},
				"down": {"uv": [0, 1.35, 16, 14.7], "texture": "#3"}
			}
		},
		{
			"from": [7.9, 7.6, 8.025],
			"to": [8.075, 7.625, 8.125],
			"rotation": {"angle": 0, "axis": "y", "origin": [8.0125, 5.44375, 8.06875]},
			"faces": {
				"north": {"uv": [0, 0, 16, 8.55], "texture": "#2"},
				"east": {"uv": [0, 0, 16, 8.55], "texture": "#2"},
				"south": {"uv": [0, 0, 16, 8.55], "texture": "#2"},
				"west": {"uv": [0, 0, 16, 8.55], "texture": "#2"},
				"up": {"uv": [0, 0, 16, 8.55], "texture": "#2"},
				"down": {"uv": [0, 0, 16, 8.55], "texture": "#2"}
			}
		},
		{
			"from": [7.875, 7.6, 8],
			"to": [8.1, 7.625, 8.15],
			"rotation": {"angle": 0, "axis": "y", "origin": [8.0125, 5.44375, 8.06875]},
			"faces": {
				"north": {"uv": [0, 0, 16, 13.35], "texture": "#3"},
				"east": {"uv": [0, 1.35, 16, 14.7], "texture": "#3"},
				"south": {"uv": [0, 1.35, 16, 14.7], "texture": "#3"},
				"west": {"uv": [0, 1.35, 16, 14.7], "texture": "#3"},
				"up": {"uv": [0, 1.35, 16, 14.7], "texture": "#3"},
				"down": {"uv": [0, 1.35, 16, 14.7], "texture": "#3"}
			}
		},
		{
			"from": [7.925, 7.625, 8.025],
			"to": [8.05, 7.65, 8.125],
			"rotation": {"angle": 0, "axis": "y", "origin": [8.0125, 5.44375, 8.06875]},
			"faces": {
				"north": {"uv": [0, 0, 16, 8.55], "texture": "#2"},
				"east": {"uv": [0, 0, 16, 8.55], "texture": "#2"},
				"south": {"uv": [0, 0, 16, 8.55], "texture": "#2"},
				"west": {"uv": [0, 0, 16, 8.55], "texture": "#2"},
				"up": {"uv": [0, 0, 16, 8.55], "texture": "#2"},
				"down": {"uv": [0, 0, 16, 8.55], "texture": "#2"}
			}
		},
		{
			"from": [7.9, 7.625, 8],
			"to": [8.075, 7.65, 8.15],
			"rotation": {"angle": 0, "axis": "y", "origin": [8.0125, 5.44375, 8.06875]},
			"faces": {
				"north": {"uv": [0, 0, 16, 13.35], "texture": "#3"},
				"east": {"uv": [0, 1.35, 16, 14.7], "texture": "#3"},
				"south": {"uv": [0, 1.35, 16, 14.7], "texture": "#3"},
				"west": {"uv": [0, 1.35, 16, 14.7], "texture": "#3"},
				"up": {"uv": [0, 1.35, 16, 14.7], "texture": "#3"},
				"down": {"uv": [0, 1.35, 16, 14.7], "texture": "#3"}
			}
		},
		{
			"from": [7.925, 7.625, 8.025],
			"to": [8.05, 7.65, 8.125],
			"rotation": {"angle": 0, "axis": "y", "origin": [8.0125, 5.44375, 8.06875]},
			"faces": {
				"north": {"uv": [0, 0, 16, 8.55], "texture": "#2"},
				"east": {"uv": [0, 0, 16, 8.55], "texture": "#2"},
				"south": {"uv": [0, 0, 16, 8.55], "texture": "#2"},
				"west": {"uv": [0, 0, 16, 8.55], "texture": "#2"},
				"up": {"uv": [0, 0, 16, 8.55], "texture": "#2"},
				"down": {"uv": [0, 0, 16, 8.55], "texture": "#2"}
			}
		},
		{
			"from": [7.9, 7.625, 8],
			"to": [8.075, 7.65, 8.15],
			"rotation": {"angle": 0, "axis": "y", "origin": [8.0125, 5.44375, 8.06875]},
			"faces": {
				"north": {"uv": [0, 0, 16, 13.35], "texture": "#3"},
				"east": {"uv": [0, 1.35, 16, 14.7], "texture": "#3"},
				"south": {"uv": [0, 1.35, 16, 14.7], "texture": "#3"},
				"west": {"uv": [0, 1.35, 16, 14.7], "texture": "#3"},
				"up": {"uv": [0, 1.35, 16, 14.7], "texture": "#3"},
				"down": {"uv": [0, 1.35, 16, 14.7], "texture": "#3"}
			}
		},
		{
			"from": [7.95, 7.65, 8.025],
			"to": [8.025, 7.675, 8.125],
			"rotation": {"angle": 0, "axis": "y", "origin": [8.0125, 5.44375, 8.06875]},
			"faces": {
				"north": {"uv": [0, 0, 16, 8.55], "texture": "#2"},
				"east": {"uv": [0, 0, 16, 8.55], "texture": "#2"},
				"south": {"uv": [0, 0, 16, 8.55], "texture": "#2"},
				"west": {"uv": [0, 0, 16, 8.55], "texture": "#2"},
				"up": {"uv": [0, 0, 16, 8.55], "texture": "#2"},
				"down": {"uv": [0, 0, 16, 8.55], "texture": "#2"}
			}
		},
		{
			"from": [7.925, 7.65, 8],
			"to": [8.05, 7.675, 8.15],
			"rotation": {"angle": 0, "axis": "y", "origin": [8.0125, 5.44375, 8.06875]},
			"faces": {
				"north": {"uv": [0, 0, 16, 13.35], "texture": "#3"},
				"east": {"uv": [0, 1.35, 16, 14.7], "texture": "#3"},
				"south": {"uv": [0, 1.35, 16, 14.7], "texture": "#3"},
				"west": {"uv": [0, 1.35, 16, 14.7], "texture": "#3"},
				"up": {"uv": [0, 1.35, 16, 14.7], "texture": "#3"},
				"down": {"uv": [0, 1.35, 16, 14.7], "texture": "#3"}
			}
		},
		{
			"from": [7.95, 7.65, 8.025],
			"to": [8.025, 7.675, 8.125],
			"rotation": {"angle": 0, "axis": "y", "origin": [8.0125, 5.44375, 8.06875]},
			"faces": {
				"north": {"uv": [0, 0, 16, 8.55], "texture": "#2"},
				"east": {"uv": [0, 0, 16, 8.55], "texture": "#2"},
				"south": {"uv": [0, 0, 16, 8.55], "texture": "#2"},
				"west": {"uv": [0, 0, 16, 8.55], "texture": "#2"},
				"up": {"uv": [0, 0, 16, 8.55], "texture": "#2"},
				"down": {"uv": [0, 0, 16, 8.55], "texture": "#2"}
			}
		},
		{
			"from": [7.925, 7.65, 8],
			"to": [8.05, 7.675, 8.15],
			"rotation": {"angle": 0, "axis": "y", "origin": [8.0125, 5.44375, 8.06875]},
			"faces": {
				"north": {"uv": [0, 0, 16, 13.35], "texture": "#3"},
				"east": {"uv": [0, 1.35, 16, 14.7], "texture": "#3"},
				"south": {"uv": [0, 1.35, 16, 14.7], "texture": "#3"},
				"west": {"uv": [0, 1.35, 16, 14.7], "texture": "#3"},
				"up": {"uv": [0, 1.35, 16, 14.7], "texture": "#3"},
				"down": {"uv": [0, 1.35, 16, 14.7], "texture": "#3"}
			}
		},
		{
			"from": [7.95, 7.675, 8.025],
			"to": [8.025, 7.7, 8.125],
			"rotation": {"angle": 0, "axis": "y", "origin": [8.0125, 5.44375, 8.06875]},
			"faces": {
				"north": {"uv": [0, 0, 16, 8.55], "texture": "#2"},
				"east": {"uv": [0, 0, 16, 8.55], "texture": "#2"},
				"south": {"uv": [0, 0, 16, 8.55], "texture": "#2"},
				"west": {"uv": [0, 0, 16, 8.55], "texture": "#2"},
				"up": {"uv": [0, 0, 16, 8.55], "texture": "#2"},
				"down": {"uv": [0, 0, 16, 8.55], "texture": "#2"}
			}
		},
		{
			"from": [7.95, 7.675, 8],
			"to": [8.025, 7.7, 8.15],
			"rotation": {"angle": 0, "axis": "y", "origin": [8.0125, 5.44375, 8.06875]},
			"faces": {
				"north": {"uv": [0, 0, 16, 13.35], "texture": "#3"},
				"east": {"uv": [0, 1.35, 16, 14.7], "texture": "#3"},
				"south": {"uv": [0, 1.35, 16, 14.7], "texture": "#3"},
				"west": {"uv": [0, 1.35, 16, 14.7], "texture": "#3"},
				"up": {"uv": [0, 1.35, 16, 14.7], "texture": "#3"},
				"down": {"uv": [0, 1.35, 16, 14.7], "texture": "#3"}
			}
		},
		{
			"from": [7.95, 7.675, 8.025],
			"to": [8.025, 7.7, 8.125],
			"rotation": {"angle": 0, "axis": "y", "origin": [8.0125, 5.44375, 8.06875]},
			"faces": {
				"north": {"uv": [0, 0, 16, 8.55], "texture": "#2"},
				"east": {"uv": [0, 0, 16, 8.55], "texture": "#2"},
				"south": {"uv": [0, 0, 16, 8.55], "texture": "#2"},
				"west": {"uv": [0, 0, 16, 8.55], "texture": "#2"},
				"up": {"uv": [0, 0, 16, 8.55], "texture": "#2"},
				"down": {"uv": [0, 0, 16, 8.55], "texture": "#2"}
			}
		},
		{
			"from": [7.95, 7.675, 8],
			"to": [8.025, 7.7, 8.15],
			"rotation": {"angle": 0, "axis": "y", "origin": [8.0125, 5.44375, 8.06875]},
			"faces": {
				"north": {"uv": [0, 0, 16, 13.35], "texture": "#3"},
				"east": {"uv": [0, 1.35, 16, 14.7], "texture": "#3"},
				"south": {"uv": [0, 1.35, 16, 14.7], "texture": "#3"},
				"west": {"uv": [0, 1.35, 16, 14.7], "texture": "#3"},
				"up": {"uv": [0, 1.35, 16, 14.7], "texture": "#3"},
				"down": {"uv": [0, 1.35, 16, 14.7], "texture": "#3"}
			}
		},
		{
			"from": [7.7, 7.075, 7.95],
			"to": [8.275, 7.275, 8.2],
			"rotation": {"angle": 0, "axis": "y", "origin": [8.0125, 5.44375, 8.06875]},
			"faces": {
				"north": {"uv": [0, 0, 16, 1.45], "texture": "#1"},
				"east": {"uv": [0, 0, 16, 1.45], "texture": "#1"},
				"south": {"uv": [0, 0, 16, 1.45], "texture": "#1"},
				"west": {"uv": [0, 0, 16, 1.45], "texture": "#1"},
				"up": {"uv": [0, 0, 16, 1.45], "texture": "#1"},
				"down": {"uv": [0, 0, 16, 1.45], "texture": "#1"}
			}
		},
		{
			"from": [7.75, 7.6, 8.075],
			"to": [7.875, 7.75, 8.075],
			"rotation": {"angle": 22.5, "axis": "z", "origin": [7.8, 7.75, 8.075]},
			"faces": {
				"north": {"uv": [0, 0, 16, 16], "texture": "#1"},
				"east": {"uv": [0, 0, 16, 16], "texture": "#1"},
				"south": {"uv": [0, 0, 16, 16], "texture": "#1"},
				"west": {"uv": [0, 0, 16, 16], "texture": "#1"},
				"up": {"uv": [0, 0, 16, 16], "texture": "#1"},
				"down": {"uv": [0, 0, 16, 16], "texture": "#1"}
			}
		},
		{
			"from": [7.68974, 7.77793, 8.075],
			"to": [7.81474, 7.97793, 8.075],
			"rotation": {"angle": -22.5, "axis": "z", "origin": [7.81474, 7.71543, 8.075]},
			"faces": {
				"north": {"uv": [16, 16, 0, 0], "texture": "#1"},
				"east": {"uv": [16, 16, 0, 0], "texture": "#1"},
				"south": {"uv": [16, 16, 0, 0], "texture": "#1"},
				"west": {"uv": [16, 16, 0, 0], "texture": "#1"},
				"up": {"uv": [16, 16, 0, 0], "texture": "#1"},
				"down": {"uv": [16, 16, 0, 0], "texture": "#1"}
			}
		},
		{
			"from": [7.68974, 6.77793, 8.075],
			"to": [7.78974, 7.70293, 8.075],
			"rotation": {"angle": -45, "axis": "z", "origin": [7.73974, 7.46543, 8.075]},
			"faces": {
				"north": {"uv": [16, 16, 0, 0], "texture": "#1"},
				"east": {"uv": [16, 16, 0, 0], "texture": "#1"},
				"south": {"uv": [16, 16, 0, 0], "texture": "#1"},
				"west": {"uv": [16, 16, 0, 0], "texture": "#1"},
				"up": {"uv": [16, 16, 0, 0], "texture": "#1"},
				"down": {"uv": [16, 16, 0, 0], "texture": "#1"}
			}
		},
		{
			"from": [7.17913, 6.93441, 8.075],
			"to": [7.22913, 6.98441, 8.075],
			"rotation": {"angle": -45, "axis": "z", "origin": [7.25413, 6.93441, 8.075]},
			"faces": {
				"north": {"uv": [7, 0, 0, 16], "texture": "#1"},
				"east": {"uv": [7, 0, 0, 16], "texture": "#1"},
				"south": {"uv": [7, 0, 0, 16], "texture": "#1"},
				"west": {"uv": [7, 0, 0, 16], "texture": "#1"},
				"up": {"uv": [7, 0, 0, 16], "texture": "#1"},
				"down": {"uv": [7, 0, 0, 16], "texture": "#1"}
			}
		},
		{
			"from": [8.06474, 7.70293, 8.075],
			"to": [8.18974, 8.60293, 8.075],
			"rotation": {"angle": -45, "axis": "z", "origin": [8.16474, 7.71543, 8.075]},
			"faces": {
				"north": {"uv": [0, 0, 16, 16], "texture": "#1"},
				"east": {"uv": [0, 0, 16, 16], "texture": "#1"},
				"south": {"uv": [0, 0, 16, 16], "texture": "#1"},
				"west": {"uv": [0, 0, 16, 16], "texture": "#1"},
				"up": {"uv": [0, 0, 16, 16], "texture": "#1"},
				"down": {"uv": [0, 0, 16, 16], "texture": "#1"}
			}
		},
		{
			"from": [8.1, 7.6, 8.075],
			"to": [8.225, 7.75, 8.075],
			"rotation": {"angle": -22.5, "axis": "z", "origin": [8.2, 7.75, 8.075]},
			"faces": {
				"north": {"uv": [0, 0, 16, 16], "texture": "#1"},
				"east": {"uv": [0, 0, 16, 16], "texture": "#1"},
				"south": {"uv": [0, 0, 16, 16], "texture": "#1"},
				"west": {"uv": [0, 0, 16, 16], "texture": "#1"},
				"up": {"uv": [0, 0, 16, 16], "texture": "#1"},
				"down": {"uv": [0, 0, 16, 16], "texture": "#1"}
			}
		},
		{
			"from": [8.16026, 7.77793, 8.075],
			"to": [8.28526, 7.97793, 8.075],
			"rotation": {"angle": 22.5, "axis": "z", "origin": [8.16026, 7.71543, 8.075]},
			"faces": {
				"north": {"uv": [0, 0, 16, 16], "texture": "#1"},
				"east": {"uv": [0, 0, 16, 16], "texture": "#1"},
				"south": {"uv": [0, 0, 16, 16], "texture": "#1"},
				"west": {"uv": [0, 0, 16, 16], "texture": "#1"},
				"up": {"uv": [0, 0, 16, 16], "texture": "#1"},
				"down": {"uv": [0, 0, 16, 16], "texture": "#1"}
			}
		},
		{
			"from": [8.18526, 6.77793, 8.075],
			"to": [8.28526, 7.70293, 8.075],
			"rotation": {"angle": 45, "axis": "z", "origin": [8.23526, 7.46543, 8.075]},
			"faces": {
				"north": {"uv": [0, 0, 16, 16], "texture": "#1"},
				"east": {"uv": [0, 0, 16, 16], "texture": "#1"},
				"south": {"uv": [0, 0, 16, 16], "texture": "#1"},
				"west": {"uv": [0, 0, 16, 16], "texture": "#1"},
				"up": {"uv": [0, 0, 16, 16], "texture": "#1"},
				"down": {"uv": [0, 0, 16, 16], "texture": "#1"}
			}
		},
		{
			"from": [9.23526, 6.57793, 8.075],
			"to": [9.28526, 6.62793, 8.075],
			"rotation": {"angle": 45, "axis": "z", "origin": [8.53526, 6.16543, 8.075]},
			"faces": {
				"north": {"uv": [0, 0, 7, 16], "texture": "#1"},
				"east": {"uv": [0, 0, 7, 16], "texture": "#1"},
				"south": {"uv": [0, 0, 7, 16], "texture": "#1"},
				"west": {"uv": [0, 0, 7, 16], "texture": "#1"},
				"up": {"uv": [0, 0, 7, 16], "texture": "#1"},
				"down": {"uv": [0, 0, 7, 16], "texture": "#1"}
			}
		},
		{
			"from": [7.78526, 7.70293, 8.075],
			"to": [7.91026, 8.60293, 8.075],
			"rotation": {"angle": 45, "axis": "z", "origin": [7.81026, 7.71543, 8.075]},
			"faces": {
				"north": {"uv": [16, 16, 0, 0], "texture": "#1"},
				"east": {"uv": [16, 16, 0, 0], "texture": "#1"},
				"south": {"uv": [16, 16, 0, 0], "texture": "#1"},
				"west": {"uv": [16, 16, 0, 0], "texture": "#1"},
				"up": {"uv": [16, 16, 0, 0], "texture": "#1"},
				"down": {"uv": [16, 16, 0, 0], "texture": "#1"}
			}
		},
		{
			"from": [8.06026, 7.95293, 8.075],
			"to": [8.18526, 8.47793, 8.075],
			"rotation": {"angle": 0, "axis": "y", "origin": [8.08526, 7.89043, 8.075]},
			"faces": {
				"north": {"uv": [0, 0, 16, 16], "texture": "#1"},
				"east": {"uv": [0, 0, 16, 16], "texture": "#1"},
				"south": {"uv": [0, 0, 16, 16], "texture": "#1"},
				"west": {"uv": [0, 0, 16, 16], "texture": "#1"},
				"up": {"uv": [0, 0, 16, 16], "texture": "#1"},
				"down": {"uv": [0, 0, 16, 16], "texture": "#1"}
			}
		},
		{
			"from": [8.71026, 8.32793, 8.075],
			"to": [8.81026, 8.57793, 8.075],
			"rotation": {"angle": 0, "axis": "y", "origin": [8.58526, 8.11543, 8.075]},
			"faces": {
				"north": {"uv": [0, 0, 16, 16], "texture": "#1"},
				"east": {"uv": [0, 0, 16, 16], "texture": "#1"},
				"south": {"uv": [0, 0, 16, 16], "texture": "#1"},
				"west": {"uv": [0, 0, 16, 16], "texture": "#1"},
				"up": {"uv": [0, 0, 16, 16], "texture": "#1"},
				"down": {"uv": [0, 0, 16, 16], "texture": "#1"}
			}
		},
		{
			"from": [7.16026, 8.32793, 8.075],
			"to": [7.26026, 8.57793, 8.075],
			"rotation": {"angle": 0, "axis": "y", "origin": [7.41026, 8.11543, 8.075]},
			"faces": {
				"north": {"uv": [16, 16, 0, 0], "texture": "#1"},
				"east": {"uv": [16, 16, 0, 0], "texture": "#1"},
				"south": {"uv": [16, 16, 0, 0], "texture": "#1"},
				"west": {"uv": [16, 16, 0, 0], "texture": "#1"},
				"up": {"uv": [16, 16, 0, 0], "texture": "#1"},
				"down": {"uv": [16, 16, 0, 0], "texture": "#1"}
			}
		},
		{
			"from": [8.06026, 8.47793, 8.075],
			"to": [8.16026, 9.27793, 8.075],
			"rotation": {"angle": 0, "axis": "y", "origin": [8.08526, 8.49043, 8.075]},
			"faces": {
				"north": {"uv": [0, 0, 16, 16], "texture": "#1"},
				"east": {"uv": [0, 0, 16, 16], "texture": "#1"},
				"south": {"uv": [0, 0, 16, 16], "texture": "#1"},
				"west": {"uv": [0, 0, 16, 16], "texture": "#1"},
				"up": {"uv": [0, 0, 16, 16], "texture": "#1"},
				"down": {"uv": [0, 0, 16, 16], "texture": "#1"}
			}
		},
		{
			"from": [8.06026, 9.27793, 8.075],
			"to": [8.13526, 9.30293, 8.075],
			"rotation": {"angle": 0, "axis": "y", "origin": [8.08526, 8.79043, 8.075]},
			"faces": {
				"north": {"uv": [0, 0, 16, 16], "texture": "#1"},
				"east": {"uv": [0, 0, 16, 16], "texture": "#1"},
				"south": {"uv": [0, 0, 16, 16], "texture": "#1"},
				"west": {"uv": [0, 0, 16, 16], "texture": "#1"},
				"up": {"uv": [0, 0, 16, 16], "texture": "#1"},
				"down": {"uv": [0, 0, 16, 16], "texture": "#1"}
			}
		},
		{
			"from": [7.83526, 9.27793, 8.075],
			"to": [7.91026, 9.30293, 8.075],
			"rotation": {"angle": 0, "axis": "y", "origin": [7.93526, 8.79043, 8.075]},
			"faces": {
				"north": {"uv": [16, 16, 0, 0], "texture": "#1"},
				"east": {"uv": [16, 16, 0, 0], "texture": "#1"},
				"south": {"uv": [16, 16, 0, 0], "texture": "#1"},
				"west": {"uv": [16, 16, 0, 0], "texture": "#1"},
				"up": {"uv": [16, 16, 0, 0], "texture": "#1"},
				"down": {"uv": [16, 16, 0, 0], "texture": "#1"}
			}
		},
		{
			"from": [7.18526, 8.57793, 8.075],
			"to": [7.26026, 8.60293, 8.075],
			"rotation": {"angle": 0, "axis": "y", "origin": [7.43526, 8.39043, 8.075]},
			"faces": {
				"north": {"uv": [16, 16, 0, 0], "texture": "#1"},
				"east": {"uv": [16, 16, 0, 0], "texture": "#1"},
				"south": {"uv": [16, 16, 0, 0], "texture": "#1"},
				"west": {"uv": [16, 16, 0, 0], "texture": "#1"},
				"up": {"uv": [16, 16, 0, 0], "texture": "#1"},
				"down": {"uv": [16, 16, 0, 0], "texture": "#1"}
			}
		},
		{
			"from": [8.71026, 8.57793, 8.075],
			"to": [8.78526, 8.60293, 8.075],
			"rotation": {"angle": 0, "axis": "y", "origin": [8.58526, 8.39043, 8.075]},
			"faces": {
				"north": {"uv": [0, 0, 16, 16], "texture": "#1"},
				"east": {"uv": [0, 0, 16, 16], "texture": "#1"},
				"south": {"uv": [0, 0, 16, 16], "texture": "#1"},
				"west": {"uv": [0, 0, 16, 16], "texture": "#1"},
				"up": {"uv": [0, 0, 16, 16], "texture": "#1"},
				"down": {"uv": [0, 0, 16, 16], "texture": "#1"}
			}
		},
		{
			"from": [7.86026, 9.30293, 8.075],
			"to": [7.91026, 9.32793, 8.075],
			"rotation": {"angle": 0, "axis": "y", "origin": [7.93526, 8.81543, 8.075]},
			"faces": {
				"north": {"uv": [16, 16, 0, 0], "texture": "#1"},
				"east": {"uv": [16, 16, 0, 0], "texture": "#1"},
				"south": {"uv": [16, 16, 0, 0], "texture": "#1"},
				"west": {"uv": [16, 16, 0, 0], "texture": "#1"},
				"up": {"uv": [16, 16, 0, 0], "texture": "#1"},
				"down": {"uv": [16, 16, 0, 0], "texture": "#1"}
			}
		},
		{
			"from": [7.21026, 8.60293, 8.075],
			"to": [7.26026, 8.62793, 8.075],
			"rotation": {"angle": 0, "axis": "y", "origin": [7.43526, 8.41543, 8.075]},
			"faces": {
				"north": {"uv": [16, 16, 0, 0], "texture": "#1"},
				"east": {"uv": [16, 16, 0, 0], "texture": "#1"},
				"south": {"uv": [16, 16, 0, 0], "texture": "#1"},
				"west": {"uv": [16, 16, 0, 0], "texture": "#1"},
				"up": {"uv": [16, 16, 0, 0], "texture": "#1"},
				"down": {"uv": [16, 16, 0, 0], "texture": "#1"}
			}
		},
		{
			"from": [8.06026, 9.30293, 8.075],
			"to": [8.11026, 9.32793, 8.075],
			"rotation": {"angle": 0, "axis": "y", "origin": [8.06026, 8.81543, 8.075]},
			"faces": {
				"north": {"uv": [0, 0, 16, 16], "texture": "#1"},
				"east": {"uv": [0, 0, 16, 16], "texture": "#1"},
				"south": {"uv": [0, 0, 16, 16], "texture": "#1"},
				"west": {"uv": [0, 0, 16, 16], "texture": "#1"},
				"up": {"uv": [0, 0, 16, 16], "texture": "#1"},
				"down": {"uv": [0, 0, 16, 16], "texture": "#1"}
			}
		},
		{
			"from": [8.71026, 8.60293, 8.075],
			"to": [8.76026, 8.62793, 8.075],
			"rotation": {"angle": 0, "axis": "y", "origin": [8.56026, 8.41543, 8.075]},
			"faces": {
				"north": {"uv": [0, 0, 16, 16], "texture": "#1"},
				"east": {"uv": [0, 0, 16, 16], "texture": "#1"},
				"south": {"uv": [0, 0, 16, 16], "texture": "#1"},
				"west": {"uv": [0, 0, 16, 16], "texture": "#1"},
				"up": {"uv": [0, 0, 16, 16], "texture": "#1"},
				"down": {"uv": [0, 0, 16, 16], "texture": "#1"}
			}
		},
		{
			"from": [7.78526, 7.95293, 8.075],
			"to": [7.91026, 8.47793, 8.075],
			"rotation": {"angle": 0, "axis": "y", "origin": [7.88526, 7.89043, 8.075]},
			"faces": {
				"north": {"uv": [16, 16, 0, 0], "texture": "#1"},
				"east": {"uv": [16, 16, 0, 0], "texture": "#1"},
				"south": {"uv": [16, 16, 0, 0], "texture": "#1"},
				"west": {"uv": [16, 16, 0, 0], "texture": "#1"},
				"up": {"uv": [16, 16, 0, 0], "texture": "#1"},
				"down": {"uv": [16, 16, 0, 0], "texture": "#1"}
			}
		},
		{
			"from": [7.81026, 8.47793, 8.075],
			"to": [7.91026, 9.27793, 8.075],
			"rotation": {"angle": 0, "axis": "y", "origin": [7.88526, 8.49043, 8.075]},
			"faces": {
				"north": {"uv": [16, 16, 0, 0], "texture": "#1"},
				"east": {"uv": [16, 16, 0, 0], "texture": "#1"},
				"south": {"uv": [16, 16, 0, 0], "texture": "#1"},
				"west": {"uv": [16, 16, 0, 0], "texture": "#1"},
				"up": {"uv": [16, 16, 0, 0], "texture": "#1"},
				"down": {"uv": [16, 16, 0, 0], "texture": "#1"}
			}
		},
		{
			"from": [7.85, 7.35, 7.975],
			"to": [8.125, 7.45, 8.175],
			"rotation": {"angle": 0, "axis": "y", "origin": [8.0125, 5.44375, 8.06875]},
			"faces": {
				"north": {"uv": [0, 0, 16, 16], "texture": "#1"},
				"east": {"uv": [0, 0, 16, 16], "texture": "#1"},
				"south": {"uv": [0, 0, 16, 16], "texture": "#1"},
				"west": {"uv": [0, 0, 16, 16], "texture": "#1"},
				"up": {"uv": [0, 0, 16, 16], "texture": "#1"},
				"down": {"uv": [0, 0, 16, 16], "texture": "#1"}
			}
		},
		{
			"from": [7.875, 7.675, 7.975],
			"to": [8.1, 7.725, 8.175],
			"rotation": {"angle": 0, "axis": "y", "origin": [8.0125, 5.44375, 8.06875]},
			"faces": {
				"north": {"uv": [0, 0, 16, 16], "texture": "#1"},
				"east": {"uv": [0, 0, 16, 16], "texture": "#1"},
				"south": {"uv": [0, 0, 16, 16], "texture": "#1"},
				"west": {"uv": [0, 0, 16, 16], "texture": "#1"},
				"up": {"uv": [0, 0, 16, 16], "texture": "#1"},
				"down": {"uv": [0, 0, 16, 16], "texture": "#1"}
			}
		},
		{
			"from": [7.9, 7.625, 7.975],
			"to": [7.975, 7.675, 8.175],
			"rotation": {"angle": 0, "axis": "y", "origin": [8.0125, 5.44375, 8.06875]},
			"faces": {
				"north": {"uv": [0, 0, 15.75, 16], "texture": "#1"},
				"east": {"uv": [0, 0, 15.75, 16], "texture": "#1"},
				"south": {"uv": [0, 0, 15.75, 16], "texture": "#1"},
				"west": {"uv": [0, 0, 15.75, 16], "texture": "#1"},
				"up": {"uv": [0, 0, 15.75, 16], "texture": "#1"},
				"down": {"uv": [0, 0, 15.75, 16], "texture": "#1"}
			}
		},
		{
			"from": [8, 7.625, 7.975],
			"to": [8.075, 7.675, 8.175],
			"rotation": {"angle": 0, "axis": "y", "origin": [8.0125, 5.44375, 8.06875]},
			"faces": {
				"north": {"uv": [0, 0, 15.8, 16], "texture": "#1"},
				"east": {"uv": [0, 0, 15.8, 16], "texture": "#1"},
				"south": {"uv": [0, 0, 15.8, 16], "texture": "#1"},
				"west": {"uv": [0, 0, 15.8, 16], "texture": "#1"},
				"up": {"uv": [0, 0, 15.8, 16], "texture": "#1"},
				"down": {"uv": [0, 0, 15.8, 16], "texture": "#1"}
			}
		},
		{
			"from": [8.05, 7.45, 7.975],
			"to": [8.15, 7.55, 8.175],
			"rotation": {"angle": 0, "axis": "y", "origin": [8.0125, 5.44375, 8.06875]},
			"faces": {
				"north": {"uv": [0, 0, 16, 16], "texture": "#1"},
				"east": {"uv": [0, 0, 16, 16], "texture": "#1"},
				"south": {"uv": [0, 0, 16, 16], "texture": "#1"},
				"west": {"uv": [0, 0, 16, 16], "texture": "#1"},
				"up": {"uv": [0, 0, 16, 16], "texture": "#1"},
				"down": {"uv": [0, 0, 16, 16], "texture": "#1"}
			}
		},
		{
			"from": [8.1, 7.55, 7.975],
			"to": [8.175, 7.625, 8.175],
			"rotation": {"angle": 0, "axis": "y", "origin": [8.0125, 5.44375, 8.06875]},
			"faces": {
				"north": {"uv": [0, 0, 16, 16], "texture": "#1"},
				"east": {"uv": [0, 0, 16, 16], "texture": "#1"},
				"south": {"uv": [0, 0, 16, 16], "texture": "#1"},
				"west": {"uv": [0, 0, 16, 16], "texture": "#1"},
				"up": {"uv": [0, 0, 16, 16], "texture": "#1"},
				"down": {"uv": [0, 0, 16, 16], "texture": "#1"}
			}
		},
		{
			"from": [7.8, 7.55, 7.975],
			"to": [7.875, 7.625, 8.175],
			"rotation": {"angle": 0, "axis": "y", "origin": [8.0125, 5.44375, 8.06875]},
			"faces": {
				"north": {"uv": [0, 0, 16, 15.875], "texture": "#1"},
				"east": {"uv": [0, 0, 16, 15.875], "texture": "#1"},
				"south": {"uv": [0, 0, 16, 15.875], "texture": "#1"},
				"west": {"uv": [0, 0, 16, 15.875], "texture": "#1"},
				"up": {"uv": [0, 0, 16, 15.875], "texture": "#1"},
				"down": {"uv": [0, 0, 16, 15.875], "texture": "#1"}
			}
		},
		{
			"from": [7.85, 7.575, 7.975],
			"to": [7.925, 7.675, 8.175],
			"rotation": {"angle": 0, "axis": "y", "origin": [8.0125, 5.44375, 8.06875]},
			"faces": {
				"north": {"uv": [0, 0, 16, 16], "texture": "#1"},
				"east": {"uv": [0, 0, 16, 16], "texture": "#1"},
				"south": {"uv": [0, 0, 16, 16], "texture": "#1"},
				"west": {"uv": [0, 0, 16, 16], "texture": "#1"},
				"up": {"uv": [0, 0, 16, 16], "texture": "#1"},
				"down": {"uv": [0, 0, 16, 16], "texture": "#1"}
			}
		},
		{
			"from": [8.05, 7.575, 7.975],
			"to": [8.125, 7.675, 8.175],
			"rotation": {"angle": 0, "axis": "y", "origin": [8.0125, 5.44375, 8.06875]},
			"faces": {
				"north": {"uv": [0, 0, 16, 16], "texture": "#1"},
				"east": {"uv": [0, 0, 16, 16], "texture": "#1"},
				"south": {"uv": [0, 0, 16, 16], "texture": "#1"},
				"west": {"uv": [0, 0, 16, 16], "texture": "#1"},
				"up": {"uv": [0, 0, 16, 16], "texture": "#1"},
				"down": {"uv": [0, 0, 16, 16], "texture": "#1"}
			}
		},
		{
			"from": [7.825, 7.45, 7.975],
			"to": [7.925, 7.55, 8.175],
			"rotation": {"angle": 0, "axis": "y", "origin": [8.0125, 5.44375, 8.06875]},
			"faces": {
				"north": {"uv": [0, 0, 16, 16], "texture": "#1"},
				"east": {"uv": [0, 0, 16, 16], "texture": "#1"},
				"south": {"uv": [0, 0, 16, 16], "texture": "#1"},
				"west": {"uv": [0, 0, 16, 16], "texture": "#1"},
				"up": {"uv": [0, 0, 16, 16], "texture": "#1"},
				"down": {"uv": [0, 0, 16, 16], "texture": "#1"}
			}
		}
	],
	"display": {
		"thirdperson_righthand": {
			"rotation": [3.52, -29.13, 13.32],
			"translation": [-1.25, 10.75, 0],
			"scale": [4, 4, 4]
		},
		"thirdperson_lefthand": {
			"rotation": [-3.88, -42.34, 21.23],
			"translation": [-2.25, 9.5, -2.5],
			"scale": [4, 4, 4]
		},
		"firstperson_righthand": {
			"rotation": [-28.66, -56.58, 47.05],
			"translation": [-4.5, 6.5, -1.25],
			"scale": [4, 4, 4]
		},
		"firstperson_lefthand": {
			"rotation": [-37.76, -46.38, 42.8],
			"translation": [-5, 6.25, -0.25],
			"scale": [4, 4, 4]
		},
		"ground": {
			"translation": [0, 3, 0],
			"scale": [1.07, 1.07, 1.07]
		},
		"gui": {
			"rotation": [0, 0, -43.75],
			"translation": [4.5, 4.75, 0],
			"scale": [2.5, 2.5, 2.5]
		},
		"fixed": {
			"rotation": [0, 0, 44],
			"translation": [-5.5, 5.75, 0],
			"scale": [3.11, 3.11, 3.13]
		}
	},
	"groups": [
		{
			"name": "group",
			"origin": [8, 8, 8],
			"color": 0,
			"children": [
				0,
				1,
				2,
				3,
				4,
				5,
				6,
				7,
				8,
				9,
				10,
				11,
				12,
				13,
				14,
				15,
				16,
				17,
				18,
				19,
				20,
				21,
				22,
				23,
				24,
				25,
				26,
				27,
				28,
				29,
				30,
				31,
				32,
				33,
				34,
				35,
				36,
				37,
				38,
				39,
				40,
				41,
				42,
				43,
				44,
				45,
				46,
				47,
				48,
				49,
				50,
				51,
				52,
				53,
				54,
				55,
				56,
				57,
				58,
				59,
				60,
				61,
				62,
				63,
				64,
				65,
				66,
				67,
				68,
				69,
				70,
				71,
				72,
				73,
				74,
				75,
				76,
				77,
				78,
				79,
				80,
				81,
				82,
				83,
				84,
				85,
				86,
				87
			]
		}
	]
}