{
	"credit": "Made with Blockbench",
	"parent": "95",
	"textures": {
		"0": "minecraft:block/amethyst_cluster",
		"1": "minecraft:block/white_shulker_box",
		"2": "minecraft:block/cyan_shulker_box",
		"3": "minecraft:block/redstone_block",
		"particle": "minecraft:block/amethyst_cluster"
	},
	"elements": [
		{
			"from": [7, 7.6, 2.5],
			"to": [9, 23.7, 4.2],
			"rotation": {"angle": 0, "axis": "y", "origin": [0, 4.7, -2.4]},
			"faces": {
				"north": {"uv": [0, 0, 16, 16], "texture": "#1"},
				"east": {"uv": [0, 0, 16, 16], "texture": "#1"},
				"south": {"uv": [0, 0, 16, 16], "texture": "#1"},
				"west": {"uv": [0, 0, 16, 16], "texture": "#1"},
				"up": {"uv": [0, 0, 16, 16], "texture": "#1"},
				"down": {"uv": [0, 0, 16, 16], "texture": "#1"}
			}
		},
		{
			"from": [7, 8.8, 4.2],
			"to": [9, 19.4, 6],
			"rotation": {"angle": 0, "axis": "y", "origin": [0, 4.7, -2.4]},
			"faces": {
				"north": {"uv": [0, 0, 16, 16], "texture": "#2"},
				"east": {"uv": [0, 0, 16, 16], "texture": "#2"},
				"south": {"uv": [0, 0, 16, 16], "texture": "#2"},
				"west": {"uv": [0, 0, 16, 16], "texture": "#2"},
				"up": {"uv": [0, 0, 16, 16], "texture": "#2"},
				"down": {"uv": [0, 0, 16, 16], "texture": "#2"}
			}
		},
		{
			"from": [15.9, 8.8, 4.5],
			"to": [17.7, 19.4, 6.5],
			"rotation": {"angle": -22.5, "axis": "y", "origin": [0, 4.7, -2.4]},
			"faces": {
				"north": {"uv": [0, 0, 16, 16], "texture": "#2"},
				"east": {"uv": [0, 0, 16, 16], "texture": "#2"},
				"south": {"uv": [0, 0, 16, 16], "texture": "#2"},
				"west": {"uv": [0, 0, 16, 16], "texture": "#2"},
				"up": {"uv": [0, 0, 16, 16], "texture": "#2"},
				"down": {"uv": [0, 0, 16, 16], "texture": "#2"}
			}
		},
		{
			"from": [17.7, 7.6, 4.5],
			"to": [19.4, 23.7, 6.5],
			"rotation": {"angle": -22.5, "axis": "y", "origin": [0, 4.7, -2.4]},
			"faces": {
				"north": {"uv": [0, 0, 16, 16], "texture": "#1"},
				"east": {"uv": [0, 0, 16, 16], "texture": "#1"},
				"south": {"uv": [0, 0, 16, 16], "texture": "#1"},
				"west": {"uv": [0, 0, 16, 16], "texture": "#1"},
				"up": {"uv": [0, 0, 16, 16], "texture": "#1"},
				"down": {"uv": [0, 0, 16, 16], "texture": "#1"}
			}
		},
		{
			"from": [-1.7, 8.8, 4.5],
			"to": [0.1, 19.4, 6.5],
			"rotation": {"angle": 22.5, "axis": "y", "origin": [16, 4.7, -2.4]},
			"faces": {
				"north": {"uv": [0, 0, 16, 16], "texture": "#2"},
				"east": {"uv": [0, 0, 16, 16], "texture": "#2"},
				"south": {"uv": [0, 0, 16, 16], "texture": "#2"},
				"west": {"uv": [0, 0, 16, 16], "texture": "#2"},
				"up": {"uv": [0, 0, 16, 16], "texture": "#2"},
				"down": {"uv": [0, 0, 16, 16], "texture": "#2"}
			}
		},
		{
			"from": [-3.4, 7.6, 4.5],
			"to": [-1.7, 23.7, 6.5],
			"rotation": {"angle": 22.5, "axis": "y", "origin": [16, 4.7, -2.4]},
			"faces": {
				"north": {"uv": [0, 0, 16, 16], "texture": "#1"},
				"east": {"uv": [0, 0, 16, 16], "texture": "#1"},
				"south": {"uv": [0, 0, 16, 16], "texture": "#1"},
				"west": {"uv": [0, 0, 16, 16], "texture": "#1"},
				"up": {"uv": [0, 0, 16, 16], "texture": "#1"},
				"down": {"uv": [0, 0, 16, 16], "texture": "#1"}
			}
		},
		{
			"from": [6.9, 6.7, 3.5],
			"to": [9.1, 10.7, 5.2],
			"rotation": {"angle": 0, "axis": "y", "origin": [0, -8.3, -2.4]},
			"faces": {
				"north": {"uv": [0, 0, 16, 16], "texture": "#1"},
				"east": {"uv": [0, 0, 16, 16], "texture": "#1"},
				"south": {"uv": [0, 0, 16, 16], "texture": "#1"},
				"west": {"uv": [0, 0, 16, 16], "texture": "#1"},
				"up": {"uv": [0, 0, 16, 16], "texture": "#1"},
				"down": {"uv": [0, 0, 16, 16], "texture": "#1"}
			}
		},
		{
			"from": [-2.4, 6.7, 4.4],
			"to": [-0.7, 10.7, 6.6],
			"rotation": {"angle": 22.5, "axis": "y", "origin": [16, -8.3, -2.4]},
			"faces": {
				"north": {"uv": [0, 0, 16, 16], "texture": "#1"},
				"east": {"uv": [0, 0, 16, 16], "texture": "#1"},
				"south": {"uv": [0, 0, 16, 16], "texture": "#1"},
				"west": {"uv": [0, 0, 16, 16], "texture": "#1"},
				"up": {"uv": [0, 0, 16, 16], "texture": "#1"},
				"down": {"uv": [0, 0, 16, 16], "texture": "#1"}
			}
		},
		{
			"from": [16.7, 6.7, 4.4],
			"to": [18.4, 10.7, 6.6],
			"rotation": {"angle": -22.5, "axis": "y", "origin": [0, -8.3, -2.4]},
			"faces": {
				"north": {"uv": [0, 0, 16, 16], "texture": "#1"},
				"east": {"uv": [0, 0, 16, 16], "texture": "#1"},
				"south": {"uv": [0, 0, 16, 16], "texture": "#1"},
				"west": {"uv": [0, 0, 16, 16], "texture": "#1"},
				"up": {"uv": [0, 0, 16, 16], "texture": "#1"},
				"down": {"uv": [0, 0, 16, 16], "texture": "#1"}
			}
		},
		{
			"from": [7, 5, 4.5],
			"to": [9, 9, 8.2],
			"rotation": {"angle": 0, "axis": "y", "origin": [0, -10, -2.4]},
			"faces": {
				"north": {"uv": [0, 0, 16, 16], "texture": "#2"},
				"east": {"uv": [0, 0, 16, 16], "texture": "#2"},
				"south": {"uv": [0, 0, 16, 16], "texture": "#2"},
				"west": {"uv": [0, 0, 16, 16], "texture": "#2"},
				"up": {"uv": [0, 0, 16, 16], "texture": "#2"},
				"down": {"uv": [0, 0, 16, 16], "texture": "#2"}
			}
		},
		{
			"from": [13.7, 5, 4.5],
			"to": [17.4, 9, 6.5],
			"rotation": {"angle": -22.5, "axis": "y", "origin": [0, -10, -2.4]},
			"faces": {
				"north": {"uv": [0, 0, 16, 16], "texture": "#2"},
				"east": {"uv": [0, 0, 16, 16], "texture": "#2"},
				"south": {"uv": [0, 0, 16, 16], "texture": "#2"},
				"west": {"uv": [0, 0, 16, 16], "texture": "#2"},
				"up": {"uv": [0, 0, 16, 16], "texture": "#2"},
				"down": {"uv": [0, 0, 16, 16], "texture": "#2"}
			}
		},
		{
			"from": [-1.4, 5, 4.5],
			"to": [2.3, 9, 6.5],
			"rotation": {"angle": 22.5, "axis": "y", "origin": [16, -10, -2.4]},
			"faces": {
				"north": {"uv": [0, 0, 16, 16], "texture": "#2"},
				"east": {"uv": [0, 0, 16, 16], "texture": "#2"},
				"south": {"uv": [0, 0, 16, 16], "texture": "#2"},
				"west": {"uv": [0, 0, 16, 16], "texture": "#2"},
				"up": {"uv": [0, 0, 16, 16], "texture": "#2"},
				"down": {"uv": [0, 0, 16, 16], "texture": "#2"}
			}
		},
		{
			"from": [5.3, 4, 6.3],
			"to": [10.6, 6.4, 11.4],
			"rotation": {"angle": 0, "axis": "y", "origin": [0, -10.1, -2.7]},
			"faces": {
				"north": {"uv": [0, 0, 5.1, 2.4], "texture": "#1"},
				"east": {"uv": [0, 0, 5.1, 2.4], "texture": "#1"},
				"south": {"uv": [0, 0, 5.1, 2.4], "texture": "#1"},
				"west": {"uv": [0, 0, 5.1, 2.4], "texture": "#1"},
				"up": {"uv": [0, 0, 5.1, 2.4], "texture": "#1"},
				"down": {"uv": [0, 0, 5.1, 2.4], "texture": "#1"}
			}
		},
		{
			"from": [6.3, 6.4, 7.3],
			"to": [9.7, 8.8, 10.4],
			"rotation": {"angle": 0, "axis": "y", "origin": [0, -10.1, -2.7]},
			"faces": {
				"north": {"uv": [0, 0, 3.1, 2.4], "texture": "#1"},
				"east": {"uv": [0, 0, 3.1, 2.4], "texture": "#1"},
				"south": {"uv": [0, 0, 3.1, 2.4], "texture": "#1"},
				"west": {"uv": [0, 0, 3.1, 2.4], "texture": "#1"},
				"up": {"uv": [0, 0, 3.1, 2.4], "texture": "#1"},
				"down": {"uv": [0, 0, 3.1, 2.4], "texture": "#1"}
			}
		},
		{
			"from": [5, 3.3, 6],
			"to": [10.9, 4, 11.7],
			"rotation": {"angle": 0, "axis": "y", "origin": [0, -10.1, -2.7]},
			"faces": {
				"north": {"uv": [0, 0, 5.7, 0.7], "texture": "#1"},
				"east": {"uv": [0, 0, 5.7, 0.7], "texture": "#1"},
				"south": {"uv": [0, 0, 5.7, 0.7], "texture": "#1"},
				"west": {"uv": [0, 0, 5.7, 0.7], "texture": "#1"},
				"up": {"uv": [0, 0, 5.7, 0.7], "texture": "#1"},
				"down": {"uv": [0, 0, 5.7, 0.7], "texture": "#1"}
			}
		},
		{
			"from": [15.7, 1.6, 4.2],
			"to": [18.4, 2.5, 6.2],
			"rotation": {"angle": -22.5, "axis": "y", "origin": [0, -10.1, -2.7]},
			"faces": {
				"north": {"uv": [0, 0, 2.7, 0.9], "texture": "#1"},
				"east": {"uv": [0, 0, 2.7, 0.9], "texture": "#1"},
				"south": {"uv": [0, 0, 2.7, 0.9], "texture": "#1"},
				"west": {"uv": [0, 0, 2.7, 0.9], "texture": "#1"},
				"up": {"uv": [0, 0, 2.7, 0.9], "texture": "#1"},
				"down": {"uv": [0, 0, 2.7, 0.9], "texture": "#1"}
			}
		},
		{
			"from": [7, 1.6, 3.3],
			"to": [9, 2.5, 6],
			"rotation": {"angle": 0, "axis": "y", "origin": [0, -10.1, -2.7]},
			"faces": {
				"north": {"uv": [0, 0, 2.7, 0.9], "texture": "#1"},
				"east": {"uv": [0, 0, 2.7, 0.9], "texture": "#1"},
				"south": {"uv": [0, 0, 2.7, 0.9], "texture": "#1"},
				"west": {"uv": [0, 0, 2.7, 0.9], "texture": "#1"},
				"up": {"uv": [0, 0, 2.7, 0.9], "texture": "#1"},
				"down": {"uv": [0, 0, 2.7, 0.9], "texture": "#1"}
			}
		},
		{
			"from": [-2.4, 1.6, 4.2],
			"to": [0.3, 2.5, 6.2],
			"rotation": {"angle": 22.5, "axis": "y", "origin": [16, -10.1, -2.7]},
			"faces": {
				"north": {"uv": [2, 0, 4, 0.9], "texture": "#1"},
				"east": {"uv": [2, 0, 4, 0.9], "texture": "#1"},
				"south": {"uv": [2, 0, 4, 0.9], "texture": "#1"},
				"west": {"uv": [2, 0, 4, 0.9], "texture": "#1"},
				"up": {"uv": [2, 0, 4, 0.9], "texture": "#1"},
				"down": {"uv": [2, 0, 4, 0.9], "texture": "#1"}
			}
		},
		{
			"from": [14.7, 2.5, 4.2],
			"to": [17.4, 3.4, 6.2],
			"rotation": {"angle": -22.5, "axis": "y", "origin": [0, -10.1, -2.7]},
			"faces": {
				"north": {"uv": [0, 0, 2.7, 0.9], "texture": "#1"},
				"east": {"uv": [0, 0, 2.7, 0.9], "texture": "#1"},
				"south": {"uv": [0, 0, 2.7, 0.9], "texture": "#1"},
				"west": {"uv": [0, 0, 2.7, 0.9], "texture": "#1"},
				"up": {"uv": [0, 0, 2.7, 0.9], "texture": "#1"},
				"down": {"uv": [0, 0, 2.7, 0.9], "texture": "#1"}
			}
		},
		{
			"from": [-1.4, 2.5, 4.2],
			"to": [1.3, 3.4, 6.2],
			"rotation": {"angle": 22.5, "axis": "y", "origin": [16, -10.1, -2.7]},
			"faces": {
				"north": {"uv": [2, 0, 4, 0.9], "texture": "#1"},
				"east": {"uv": [2, 0, 4, 0.9], "texture": "#1"},
				"south": {"uv": [2, 0, 4, 0.9], "texture": "#1"},
				"west": {"uv": [2, 0, 4, 0.9], "texture": "#1"},
				"up": {"uv": [2, 0, 4, 0.9], "texture": "#1"},
				"down": {"uv": [2, 0, 4, 0.9], "texture": "#1"}
			}
		},
		{
			"from": [7, 2.5, 4.3],
			"to": [9, 3.4, 7],
			"rotation": {"angle": 0, "axis": "y", "origin": [0, -10.1, -2.7]},
			"faces": {
				"north": {"uv": [0, 0, 2.7, 0.9], "texture": "#1"},
				"east": {"uv": [0, 0, 2.7, 0.9], "texture": "#1"},
				"south": {"uv": [0, 0, 2.7, 0.9], "texture": "#1"},
				"west": {"uv": [0, 0, 2.7, 0.9], "texture": "#1"},
				"up": {"uv": [0, 0, 2.7, 0.9], "texture": "#1"},
				"down": {"uv": [0, 0, 2.7, 0.9], "texture": "#1"}
			}
		},
		{
			"from": [7.2, 8.8, 8.2],
			"to": [8.5, 11.2, 9.5],
			"rotation": {"angle": 0, "axis": "y", "origin": [0, -10.1, -2.7]},
			"faces": {
				"north": {"uv": [0, 0, 16, 16], "texture": "#1"},
				"east": {"uv": [0, 0, 16, 16], "texture": "#1"},
				"south": {"uv": [0, 0, 16, 16], "texture": "#1"},
				"west": {"uv": [0, 0, 16, 16], "texture": "#1"},
				"up": {"uv": [0, 0, 16, 16], "texture": "#1"},
				"down": {"uv": [0, 0, 16, 16], "texture": "#1"}
			}
		},
		{
			"from": [7.22, 11.16, 8.19],
			"to": [8.52, 17.27, 9.49],
			"rotation": {"angle": 0, "axis": "y", "origin": [-2.4, -13.13, -5.91]},
			"faces": {
				"north": {"uv": [5, 3, 9, 16], "texture": "#0"},
				"east": {"uv": [5, 3, 9, 16], "texture": "#0"},
				"south": {"uv": [5, 3, 9, 16], "texture": "#0"},
				"west": {"uv": [5, 3, 9, 16], "texture": "#0"},
				"up": {"uv": [5, 3, 9, 16], "texture": "#0"},
				"down": {"uv": [5, 3, 9, 16], "texture": "#0"}
			}
		},
		{
			"from": [6.96, 12.46, 7.93],
			"to": [8.78, 16.23, 9.75],
			"rotation": {"angle": 0, "axis": "y", "origin": [-2.4, -13.13, -5.91]},
			"faces": {
				"north": {"uv": [5, 3, 9.4, 14.9], "texture": "#0"},
				"east": {"uv": [5, 3, 9.4, 14.9], "texture": "#0"},
				"south": {"uv": [5, 3, 9.4, 14.9], "texture": "#0"},
				"west": {"uv": [5, 3, 9.4, 14.9], "texture": "#0"},
				"up": {"uv": [5, 3, 9.4, 14.9], "texture": "#0"},
				"down": {"uv": [5, 3, 9.4, 14.9], "texture": "#0"}
			}
		},
		{
			"from": [6.7, 13.89, 7.67],
			"to": [9.04, 14.41, 10.01],
			"rotation": {"angle": 0, "axis": "y", "origin": [-2.4, -13.13, -5.91]},
			"faces": {
				"north": {"uv": [5, 3, 9.8, 12.4], "texture": "#0"},
				"east": {"uv": [5, 3, 9.8, 12.4], "texture": "#0"},
				"south": {"uv": [5, 3, 9.8, 12.4], "texture": "#0"},
				"west": {"uv": [5, 3, 9.8, 12.4], "texture": "#0"},
				"up": {"uv": [5, 3, 9.8, 12.4], "texture": "#0"},
				"down": {"uv": [5, 3, 9.8, 12.4], "texture": "#0"}
			}
		},
		{
			"from": [7.48, 17.27, 8.45],
			"to": [8.26, 18.18, 9.23],
			"rotation": {"angle": 0, "axis": "y", "origin": [-2.4, -13.13, -5.91]},
			"faces": {
				"north": {"uv": [5, 3, 8.6, 12.7], "texture": "#0"},
				"east": {"uv": [5, 3, 8.6, 12.7], "texture": "#0"},
				"south": {"uv": [5, 3, 8.6, 12.7], "texture": "#0"},
				"west": {"uv": [5, 3, 8.6, 12.7], "texture": "#0"},
				"up": {"uv": [5, 3, 8.6, 12.7], "texture": "#0"},
				"down": {"uv": [5, 3, 8.6, 12.7], "texture": "#0"}
			}
		},
		{
			"from": [6.9, 20.7, 4.4],
			"to": [9.1, 21.7, 5.4],
			"rotation": {"angle": 0, "axis": "y", "origin": [0, 4.7, -2.4]},
			"faces": {
				"north": {"uv": [0, 0, 16, 16], "texture": "#3"},
				"east": {"uv": [0, 0, 16, 16], "texture": "#3"},
				"south": {"uv": [0, 0, 16, 16], "texture": "#3"},
				"west": {"uv": [0, 0, 16, 16], "texture": "#3"},
				"up": {"uv": [0, 0, 16, 16], "texture": "#3"},
				"down": {"uv": [0, 0, 16, 16], "texture": "#3"}
			}
		},
		{
			"from": [-2.6, 20.7, 10.5],
			"to": [-1.6, 21.7, 12.7],
			"rotation": {"angle": 22.5, "axis": "y", "origin": [0, 4.7, -2.4]},
			"faces": {
				"north": {"uv": [0, 0, 16, 16], "texture": "#3"},
				"east": {"uv": [0, 0, 16, 16], "texture": "#3"},
				"south": {"uv": [0, 0, 16, 16], "texture": "#3"},
				"west": {"uv": [0, 0, 16, 16], "texture": "#3"},
				"up": {"uv": [0, 0, 16, 16], "rotation": 90, "texture": "#3"},
				"down": {"uv": [0, 0, 16, 16], "rotation": 270, "texture": "#3"}
			}
		},
		{
			"from": [17.6, 20.7, 10.5],
			"to": [18.6, 21.7, 12.7],
			"rotation": {"angle": -22.5, "axis": "y", "origin": [16, 4.7, -2.4]},
			"faces": {
				"north": {"uv": [16, 0, 0, 16], "texture": "#3"},
				"east": {"uv": [16, 0, 0, 16], "texture": "#3"},
				"south": {"uv": [16, 0, 0, 16], "texture": "#3"},
				"west": {"uv": [16, 0, 0, 16], "texture": "#3"},
				"up": {"uv": [0, 16, 16, 0], "rotation": 90, "texture": "#3"},
				"down": {"uv": [0, 16, 16, 0], "rotation": 270, "texture": "#3"}
			}
		},
		{
			"from": [7, 19.4, 4.2],
			"to": [9, 23.2, 6],
			"rotation": {"angle": 0, "axis": "y", "origin": [0, 4.7, -2.4]},
			"faces": {
				"north": {"uv": [0, 0, 16, 16], "texture": "#1"},
				"east": {"uv": [0, 0, 16, 16], "texture": "#1"},
				"south": {"uv": [0, 0, 16, 16], "texture": "#1"},
				"west": {"uv": [0, 0, 16, 16], "texture": "#1"},
				"up": {"uv": [0, 0, 16, 16], "texture": "#1"},
				"down": {"uv": [0, 0, 16, 16], "texture": "#1"}
			}
		},
		{
			"from": [-1.7, 19.4, 4.5],
			"to": [0.1, 23.2, 6.5],
			"rotation": {"angle": 22.5, "axis": "y", "origin": [16, 4.7, -2.4]},
			"faces": {
				"north": {"uv": [0, 0, 16, 16], "texture": "#1"},
				"east": {"uv": [0, 0, 16, 16], "texture": "#1"},
				"south": {"uv": [0, 0, 16, 16], "texture": "#1"},
				"west": {"uv": [0, 0, 16, 16], "texture": "#1"},
				"up": {"uv": [0, 0, 16, 16], "texture": "#1"},
				"down": {"uv": [0, 0, 16, 16], "texture": "#1"}
			}
		},
		{
			"from": [15.9, 19.4, 4.5],
			"to": [17.7, 23.2, 6.5],
			"rotation": {"angle": -22.5, "axis": "y", "origin": [0, 4.7, -2.4]},
			"faces": {
				"north": {"uv": [0, 0, 16, 16], "texture": "#1"},
				"east": {"uv": [0, 0, 16, 16], "texture": "#1"},
				"south": {"uv": [0, 0, 16, 16], "texture": "#1"},
				"west": {"uv": [0, 0, 16, 16], "texture": "#1"},
				"up": {"uv": [0, 0, 16, 16], "texture": "#1"},
				"down": {"uv": [0, 0, 16, 16], "texture": "#1"}
			}
		},
		{
			"from": [7.1, 10.3, 8.1],
			"to": [8.6, 11.2, 9.6],
			"rotation": {"angle": 0, "axis": "y", "origin": [0, -10.1, -2.7]},
			"faces": {
				"north": {"uv": [0, 0, 16, 16], "texture": "#1"},
				"east": {"uv": [0, 0, 16, 16], "texture": "#1"},
				"south": {"uv": [0, 0, 16, 16], "texture": "#1"},
				"west": {"uv": [0, 0, 16, 16], "texture": "#1"},
				"up": {"uv": [0, 0, 16, 16], "texture": "#1"},
				"down": {"uv": [0, 0, 16, 16], "texture": "#1"}
			}
		},
		{
			"from": [7.3, 8.6, 8.1],
			"to": [8.5, 9, 9.5],
			"rotation": {"angle": 0, "axis": "y", "origin": [0, -10.1, -2.7]},
			"faces": {
				"north": {"uv": [0, 0, 16, 16], "texture": "#1"},
				"east": {"uv": [0, 0, 16, 16], "texture": "#1"},
				"south": {"uv": [0, 0, 16, 16], "texture": "#1"},
				"west": {"uv": [0, 0, 16, 16], "texture": "#1"},
				"up": {"uv": [0, 0, 16, 16], "texture": "#1"},
				"down": {"uv": [0, 0, 16, 16], "texture": "#1"}
			}
		}
	],
	"display": {
		"head": {
			"translation": [0, -18.5, -3.5],
			"scale": [4, 4, 4]
		}
	}
}