{
	"credit": "Made with Blockbench",
	"textures": {
		"1": "minecraft:block/oak_trapdoor",
		"2": "minecraft:block/black_concrete",
		"4": "minecraft:block/black_wool",
		"5": "minecraft:block/blast_furnace_top",
		"8": "minecraft:block/oak_trapdoor",
		"14": "minecraft:block/hay_block_top",
		"22": "minecraft:block/observer_back_on",
		"particle": "minecraft:block/red_concrete"
	},
	"elements": [
		{
			"from": [1.88, 6.12, -4.24],
			"to": [3.92, 8.16, 14.12],
			"rotation": {"angle": 0, "axis": "y", "origin": [-8.32, 0, -8.32]},
			"faces": {
				"north": {"uv": [16, 16, 0, 0], "texture": "#5"},
				"east": {"uv": [16, 16, 0, 0], "texture": "#5"},
				"south": {"uv": [16, 16, 0, 0], "texture": "#5"},
				"west": {"uv": [16, 16, 0, 0], "texture": "#5"},
				"up": {"uv": [16, 16, 0, 0], "texture": "#5"},
				"down": {"uv": [16, 16, 0, 0], "texture": "#5"}
			}
		},
		{
			"from": [1.472, 6.116, -7.708],
			"to": [4.124, 8.364, -4.24],
			"rotation": {"angle": 0, "axis": "y", "origin": [-8.32, 0, -8.32]},
			"faces": {
				"north": {"uv": [0, 0, 16, 16], "texture": "#2"},
				"east": {"uv": [0, 0, 16, 16], "texture": "#2"},
				"south": {"uv": [0, 0, 16, 16], "texture": "#2"},
				"west": {"uv": [0, 0, 16, 16], "texture": "#2"},
				"up": {"uv": [0, 0, 16, 16], "texture": "#2"},
				"down": {"uv": [0, 0, 16, 16], "texture": "#2"}
			}
		},
		{
			"from": [2.288, 5.916, 15.548],
			"to": [3.308, 7.344, 19.424],
			"rotation": {"angle": 0, "axis": "y", "origin": [-8.32, 0, -8.32]},
			"faces": {
				"north": {"uv": [5, 13, 6, 14], "texture": "#1"},
				"east": {"uv": [6, 11, 8, 12], "texture": "#1"},
				"south": {"uv": [13, 10, 14, 11], "texture": "#1"},
				"west": {"uv": [0, 6, 16, 10], "texture": "#1"},
				"up": {"uv": [9, 15, 8, 13], "texture": "#1"},
				"down": {"uv": [9, 10, 8, 12], "texture": "#1"}
			}
		},
		{
			"from": [1.676, 4.08, 9.632],
			"to": [4.124, 8.568, 14.732],
			"rotation": {"angle": 0, "axis": "y", "origin": [-8.32, 0, -8.32]},
			"faces": {
				"north": {"uv": [0, 0, 16, 16], "texture": "#2"},
				"east": {"uv": [0, 0, 16, 16], "texture": "#2"},
				"south": {"uv": [0, 0, 16, 16], "texture": "#2"},
				"west": {"uv": [0, 0, 16, 16], "texture": "#2"},
				"up": {"uv": [0, 0, 16, 16], "texture": "#2"},
				"down": {"uv": [0, 0, 16, 16], "texture": "#2"}
			}
		},
		{
			"from": [2.492, 4.488, -0.568],
			"to": [3.104, 5.304, 9.712],
			"rotation": {"angle": 0, "axis": "y", "origin": [-8.32, 0, -8.32]},
			"faces": {
				"north": {"uv": [0, 0, 16, 16], "texture": "#5"},
				"east": {"uv": [0, 0, 16, 16], "texture": "#5"},
				"south": {"uv": [0, 0, 16, 16], "texture": "#5"},
				"west": {"uv": [0, 0, 16, 16], "texture": "#5"},
				"up": {"uv": [0, 0, 16, 16], "texture": "#5"},
				"down": {"uv": [0, 0, 16, 16], "texture": "#5"}
			}
		},
		{
			"from": [1.88, -4.896, 12.488],
			"to": [3.92, -2.856, 14.528],
			"rotation": {"angle": -22.5, "axis": "x", "origin": [-2.2, -1.632, -5.26]},
			"faces": {
				"north": {"uv": [0, 11, 16, 16], "texture": "#2"},
				"east": {"uv": [0, 11, 16, 16], "texture": "#2"},
				"south": {"uv": [0, 11, 16, 16], "texture": "#2"},
				"west": {"uv": [0, 11, 16, 16], "texture": "#2"},
				"up": {"uv": [0, 11, 16, 16], "texture": "#2"},
				"down": {"uv": [0, 11, 16, 16], "texture": "#2"}
			}
		},
		{
			"from": [1.88, 8.364, 6.98],
			"to": [3.92, 10.404, 9.02],
			"rotation": {"angle": 22.5, "axis": "x", "origin": [-2.2, -1.632, -5.26]},
			"faces": {
				"north": {"uv": [0, 11, 16, 15], "texture": "#2"},
				"east": {"uv": [0, 11, 16, 15], "texture": "#2"},
				"south": {"uv": [0, 11, 16, 15], "texture": "#2"},
				"west": {"uv": [0, 11, 16, 15], "texture": "#2"},
				"up": {"uv": [0, 11, 16, 15], "texture": "#2"},
				"down": {"uv": [0, 11, 16, 15], "texture": "#2"}
			}
		},
		{
			"from": [2.288, 14.892, 9.02],
			"to": [3.308, 16.116, 11.672],
			"rotation": {"angle": 22.5, "axis": "x", "origin": [-8.32, 0, -8.32]},
			"faces": {
				"north": {"uv": [13, 3, 14, 4], "texture": "#1"},
				"east": {"uv": [6, 15, 7, 16], "texture": "#1"},
				"south": {"uv": [14, 8, 15, 9], "texture": "#1"},
				"west": {"uv": [6, 13, 16, 16], "texture": "#1"},
				"up": {"uv": [16, 9, 15, 8], "texture": "#1"},
				"down": {"uv": [7, 14, 6, 15], "texture": "#1"}
			}
		},
		{
			"from": [1.472, 3.89624, -2.39145],
			"to": [4.124, 7.06024, -2.39145],
			"rotation": {"angle": -45, "axis": "x", "origin": [-8.32, -1.50776, -7.69545]},
			"faces": {
				"north": {"uv": [6, 6, 10, 10], "texture": "#22"},
				"east": {"uv": [0, 0, 16, 16], "texture": "#4"},
				"south": {"uv": [0, 0, 16, 16], "texture": "#2"},
				"west": {"uv": [0, 0, 16, 16], "texture": "#4"},
				"up": {"uv": [0, 0, 16, 16], "texture": "#4"},
				"down": {"uv": [0, 0, 16, 16], "texture": "#4"}
			}
		},
		{
			"from": [1.472, 8.28424, -10.14345],
			"to": [4.124, 8.28424, -7.69545],
			"rotation": {"angle": 0, "axis": "x", "origin": [-8.32, -1.50776, -7.69545]},
			"faces": {
				"north": {"uv": [16, 16, 0, 0], "texture": "#2"},
				"east": {"uv": [16, 16, 0, 0], "texture": "#2"},
				"south": {"uv": [16, 16, 0, 0], "texture": "#2"},
				"west": {"uv": [16, 16, 0, 0], "texture": "#2"},
				"up": {"uv": [16, 16, 0, 0], "texture": "#2"},
				"down": {"uv": [16, 16, 0, 0], "texture": "#2"}
			}
		},
		{
			"from": [1.472, 4.00024, -0.75945],
			"to": [4.124, 8.48824, -0.55545],
			"rotation": {"angle": 0, "axis": "x", "origin": [-8.32, -1.50776, -7.69545]},
			"faces": {
				"north": {"uv": [13, 9, 16, 16], "texture": "#2"},
				"east": {"uv": [13, 9, 16, 16], "texture": "#2"},
				"south": {"uv": [13, 9, 16, 16], "texture": "#2"},
				"west": {"uv": [13, 9, 16, 16], "texture": "#2"},
				"up": {"uv": [13, 9, 16, 16], "texture": "#2"},
				"down": {"uv": [13, 9, 16, 16], "texture": "#2"}
			}
		},
		{
			"from": [1.472, 5.83624, 8.34855],
			"to": [4.124, 8.48824, 8.55255],
			"rotation": {"angle": 0, "axis": "y", "origin": [-8.32, -1.50776, -7.69545]},
			"faces": {
				"north": {"uv": [0, 0, 16, 16], "texture": "#5"},
				"east": {"uv": [0, 0, 16, 16], "texture": "#5"},
				"south": {"uv": [0, 0, 16, 16], "texture": "#5"},
				"west": {"uv": [0, 0, 16, 16], "texture": "#5"},
				"up": {"uv": [0, 0, 16, 16], "texture": "#5"},
				"down": {"uv": [0, 0, 16, 16], "texture": "#5"}
			}
		},
		{
			"from": [1.472, 5.83624, 8.96055],
			"to": [4.124, 8.48824, 9.16455],
			"rotation": {"angle": 0, "axis": "y", "origin": [-8.32, -1.50776, -7.69545]},
			"faces": {
				"north": {"uv": [0, 0, 16, 16], "texture": "#5"},
				"east": {"uv": [0, 0, 16, 16], "texture": "#5"},
				"south": {"uv": [0, 0, 16, 16], "texture": "#5"},
				"west": {"uv": [0, 0, 16, 16], "texture": "#5"},
				"up": {"uv": [0, 0, 16, 16], "texture": "#5"},
				"down": {"uv": [0, 0, 16, 16], "texture": "#5"}
			}
		},
		{
			"from": [1.472, 5.83624, 7.73655],
			"to": [4.124, 8.48824, 7.94055],
			"rotation": {"angle": 0, "axis": "y", "origin": [-8.32, -1.50776, -7.69545]},
			"faces": {
				"north": {"uv": [0, 0, 16, 16], "texture": "#5"},
				"east": {"uv": [0, 0, 16, 16], "texture": "#5"},
				"south": {"uv": [0, 0, 16, 16], "texture": "#5"},
				"west": {"uv": [0, 0, 16, 16], "texture": "#5"},
				"up": {"uv": [0, 0, 16, 16], "texture": "#5"},
				"down": {"uv": [0, 0, 16, 16], "texture": "#5"}
			}
		},
		{
			"from": [2.288, 4.284, 3.512],
			"to": [3.308, 6.008, 9.432],
			"rotation": {"angle": 0, "axis": "y", "origin": [-8.32, 0, -8.32]},
			"faces": {
				"north": {"uv": [10, 11, 11, 8], "texture": "#2"},
				"east": {"uv": [10, 11, 11, 8], "texture": "#2"},
				"south": {"uv": [10, 11, 11, 8], "texture": "#2"},
				"west": {"uv": [10, 11, 11, 8], "texture": "#2"},
				"up": {"uv": [10, 11, 11, 8], "texture": "#2"},
				"down": {"uv": [10, 11, 11, 8], "texture": "#2"}
			}
		},
		{
			"from": [2.696, 5.63224, -0.75945],
			"to": [2.9, 8.89624, -0.55545],
			"rotation": {"angle": 0, "axis": "y", "origin": [-8.32, -1.50776, -7.69545]},
			"faces": {
				"north": {"uv": [13, 9, 16, 16], "texture": "#2"},
				"east": {"uv": [13, 9, 16, 16], "texture": "#2"},
				"south": {"uv": [13, 9, 16, 16], "texture": "#2"},
				"west": {"uv": [13, 9, 16, 16], "texture": "#2"},
				"up": {"uv": [13, 9, 16, 16], "texture": "#2"},
				"down": {"uv": [13, 9, 16, 16], "texture": "#2"}
			}
		},
		{
			"from": [2.492, 8.764, 10.652],
			"to": [3.104, 9.18, 13.304],
			"rotation": {"angle": 0, "axis": "y", "origin": [-8.32, 0, -8.32]},
			"faces": {
				"north": {"uv": [0, 0, 16, 16], "texture": "#2"},
				"east": {"uv": [0, 0, 16, 16], "texture": "#2"},
				"south": {"uv": [0, 0, 16, 16], "texture": "#2"},
				"west": {"uv": [0, 0, 16, 16], "texture": "#2"},
				"up": {"uv": [0, 0, 16, 16], "texture": "#2"},
				"down": {"uv": [0, 0, 16, 16], "texture": "#2"}
			}
		},
		{
			"from": [2.492, 4.488, -13.216],
			"to": [2.9, 5.304, -0.568],
			"rotation": {"angle": 0, "axis": "y", "origin": [-8.32, 0, -8.32]},
			"faces": {
				"north": {"uv": [0, 0, 16, 16], "texture": "#5"},
				"east": {"uv": [0, 0, 16, 16], "texture": "#5"},
				"south": {"uv": [0, 0, 16, 16], "texture": "#5"},
				"west": {"uv": [0, 0, 16, 16], "texture": "#5"},
				"up": {"uv": [0, 0, 16, 16], "texture": "#5"},
				"down": {"uv": [0, 0, 16, 16], "texture": "#5"}
			}
		},
		{
			"from": [2.084, 4.488, 19.22],
			"to": [3.308, 7.548, 19.832],
			"rotation": {"angle": 0, "axis": "y", "origin": [-8.32, 0, -8.32]},
			"faces": {
				"north": {"uv": [0, 0, 16, 7], "texture": "#5"},
				"east": {"uv": [0, 0, 16, 7], "texture": "#2"},
				"south": {"uv": [0, 0, 16, 16], "texture": "#2"},
				"west": {"uv": [0, 0, 16, 7], "texture": "#2"},
				"up": {"uv": [16, 7, 0, 0], "texture": "#2"},
				"down": {"uv": [16, 0, 0, 7], "texture": "#2"}
			}
		},
		{
			"from": [2.288, 14.688, 11.468],
			"to": [3.308, 16.116, 15.344],
			"rotation": {"angle": 22.5, "axis": "x", "origin": [-8.32, 0, -8.32]},
			"faces": {
				"north": {"uv": [10, 15, 11, 16], "texture": "#1"},
				"east": {"uv": [14, 10, 16, 11], "texture": "#1"},
				"south": {"uv": [15, 15, 16, 16], "texture": "#1"},
				"west": {"uv": [0, 6, 16, 10], "texture": "#1"},
				"up": {"uv": [14, 16, 13, 14], "texture": "#1"},
				"down": {"uv": [14, 1, 13, 3], "texture": "#1"}
			}
		},
		{
			"from": [2.492, 2.244, -15.868],
			"to": [2.9, 2.652, -14.44],
			"rotation": {"angle": 22.5, "axis": "x", "origin": [-8.32, 0, -8.32]},
			"faces": {
				"north": {"uv": [0, 0, 16, 16], "texture": "#5"},
				"east": {"uv": [0, 0, 16, 16], "texture": "#5"},
				"south": {"uv": [0, 0, 16, 16], "texture": "#5"},
				"west": {"uv": [0, 0, 16, 16], "texture": "#5"},
				"up": {"uv": [0, 0, 16, 16], "texture": "#5"},
				"down": {"uv": [0, 0, 16, 16], "texture": "#5"}
			}
		},
		{
			"from": [2.492, 4.896, -14.236],
			"to": [2.9, 5.304, -13.216],
			"rotation": {"angle": 0, "axis": "y", "origin": [-8.32, 0, -8.32]},
			"faces": {
				"north": {"uv": [0, 0, 16, 16], "texture": "#5"},
				"east": {"uv": [0, 0, 16, 16], "texture": "#5"},
				"south": {"uv": [0, 0, 16, 16], "texture": "#5"},
				"west": {"uv": [0, 0, 16, 16], "texture": "#5"},
				"up": {"uv": [0, 0, 16, 16], "texture": "#5"},
				"down": {"uv": [0, 0, 16, 16], "texture": "#5"}
			}
		},
		{
			"from": [1.472, 3.876, -3.628],
			"to": [4.124, 6.324, -3.016],
			"rotation": {"angle": -45, "axis": "x", "origin": [-8.32, 0, -8.32]},
			"faces": {
				"north": {"uv": [0, 0, 16, 16], "texture": "#2"},
				"east": {"uv": [0, 0, 16, 16], "texture": "#2"},
				"south": {"uv": [0, 0, 16, 16], "texture": "#2"},
				"west": {"uv": [0, 0, 16, 16], "texture": "#2"},
				"up": {"uv": [0, 0, 16, 16], "texture": "#2"},
				"down": {"uv": [0, 0, 16, 16], "texture": "#2"}
			}
		},
		{
			"from": [1.472, 7.752, -9.34],
			"to": [4.124, 8.364, -5.872],
			"rotation": {"angle": 0, "axis": "y", "origin": [-8.32, 0, -8.32]},
			"faces": {
				"north": {"uv": [0, 0, 16, 16], "texture": "#2"},
				"east": {"uv": [0, 0, 16, 16], "texture": "#2"},
				"south": {"uv": [0, 0, 16, 16], "texture": "#2"},
				"west": {"uv": [0, 0, 16, 16], "texture": "#2"},
				"up": {"uv": [0, 0, 16, 16], "texture": "#2"},
				"down": {"uv": [0, 0, 16, 16], "texture": "#2"}
			}
		},
		{
			"from": [1.472, 7.14, -8.728],
			"to": [4.124, 7.752, -7.708],
			"rotation": {"angle": 0, "axis": "y", "origin": [-8.32, 0, -8.32]},
			"faces": {
				"north": {"uv": [0, 0, 16, 16], "texture": "#2"},
				"east": {"uv": [0, 0, 16, 16], "texture": "#2"},
				"south": {"uv": [0, 0, 16, 16], "texture": "#2"},
				"west": {"uv": [0, 0, 16, 16], "texture": "#2"},
				"up": {"uv": [0, 0, 16, 16], "texture": "#2"},
				"down": {"uv": [0, 0, 16, 16], "texture": "#2"}
			}
		},
		{
			"from": [1.472, 6.732, -8.32],
			"to": [4.124, 7.344, -7.708],
			"rotation": {"angle": 0, "axis": "y", "origin": [-8.32, 0, -8.32]},
			"faces": {
				"north": {"uv": [0, 0, 16, 16], "texture": "#2"},
				"east": {"uv": [0, 0, 16, 16], "texture": "#2"},
				"south": {"uv": [0, 0, 16, 16], "texture": "#2"},
				"west": {"uv": [0, 0, 16, 16], "texture": "#2"},
				"up": {"uv": [0, 0, 16, 16], "texture": "#2"},
				"down": {"uv": [0, 0, 16, 16], "texture": "#2"}
			}
		},
		{
			"from": [1.472, 7.956, -9.544],
			"to": [4.124, 8.364, -8.728],
			"rotation": {"angle": 0, "axis": "y", "origin": [-8.32, 0, -8.32]},
			"faces": {
				"north": {"uv": [0, 0, 16, 16], "texture": "#2"},
				"east": {"uv": [0, 0, 16, 16], "texture": "#2"},
				"south": {"uv": [0, 0, 16, 16], "texture": "#2"},
				"west": {"uv": [0, 0, 16, 16], "texture": "#2"},
				"up": {"uv": [0, 0, 16, 16], "texture": "#2"},
				"down": {"uv": [0, 0, 16, 16], "texture": "#2"}
			}
		},
		{
			"from": [2.288, 4.284, -5.056],
			"to": [3.104, 5.508, -0.568],
			"rotation": {"angle": 0, "axis": "y", "origin": [-8.32, 0, -8.32]},
			"faces": {
				"north": {"uv": [0, 6, 16, 10], "texture": "#8"},
				"east": {"uv": [0, 6, 16, 10], "texture": "#8"},
				"south": {"uv": [0, 6, 16, 10], "texture": "#8"},
				"west": {"uv": [0, 6, 16, 10], "texture": "#8"},
				"up": {"uv": [0, 6, 16, 10], "texture": "#8"},
				"down": {"uv": [0, 6, 16, 10], "texture": "#8"}
			}
		},
		{
			"from": [1.568, 7.648, 10.448],
			"to": [4.328, 7.752, 11.472],
			"rotation": {"angle": 0, "axis": "y", "origin": [-8.32, 0, -8.32]},
			"faces": {
				"north": {"uv": [0, 0, 16, 16], "texture": "#2"},
				"east": {"uv": [0, 0, 16, 16], "texture": "#14"},
				"south": {"uv": [0, 0, 16, 16], "texture": "#2"},
				"west": {"uv": [0, 0, 16, 16], "texture": "#14"},
				"up": {"uv": [0, 0, 16, 16], "texture": "#2"},
				"down": {"uv": [0, 0, 16, 16], "texture": "#2"}
			}
		},
		{
			"from": [1.468, 7.648, 12.892],
			"to": [4.328, 7.752, 13.916],
			"rotation": {"angle": 0, "axis": "y", "origin": [-8.32, 0, -8.32]},
			"faces": {
				"north": {"uv": [0, 0, 16, 16], "texture": "#2"},
				"east": {"uv": [0, 0, 16, 16], "texture": "#14"},
				"south": {"uv": [0, 0, 16, 16], "texture": "#2"},
				"west": {"uv": [0, 0, 16, 16], "texture": "#14"},
				"up": {"uv": [0, 0, 16, 16], "texture": "#2"},
				"down": {"uv": [0, 0, 16, 16], "texture": "#2"}
			}
		},
		{
			"from": [1.468, 7.24, 11.056],
			"to": [4.328, 7.344, 11.664],
			"rotation": {"angle": 0, "axis": "y", "origin": [-8.32, 0, -8.32]},
			"faces": {
				"north": {"uv": [0, 0, 16, 16], "texture": "#2"},
				"east": {"uv": [0, 0, 16, 16], "texture": "#14"},
				"south": {"uv": [0, 0, 16, 16], "texture": "#2"},
				"west": {"uv": [0, 0, 16, 16], "texture": "#14"},
				"up": {"uv": [0, 0, 16, 16], "texture": "#2"},
				"down": {"uv": [0, 0, 16, 16], "texture": "#2"}
			}
		},
		{
			"from": [1.468, 7.24, 12.7],
			"to": [4.328, 7.344, 13.308],
			"rotation": {"angle": 0, "axis": "y", "origin": [-8.32, 0, -8.32]},
			"faces": {
				"north": {"uv": [0, 0, 16, 16], "texture": "#2"},
				"east": {"uv": [0, 0, 16, 16], "texture": "#14"},
				"south": {"uv": [0, 0, 16, 16], "texture": "#2"},
				"west": {"uv": [0, 0, 16, 16], "texture": "#14"},
				"up": {"uv": [0, 0, 16, 16], "texture": "#2"},
				"down": {"uv": [0, 0, 16, 16], "texture": "#2"}
			}
		},
		{
			"from": [1.468, 7.14, 11.876],
			"to": [4.328, 7.548, 12.488],
			"rotation": {"angle": 0, "axis": "y", "origin": [-8.32, 0, -8.32]},
			"faces": {
				"north": {"uv": [0, 0, 16, 16], "texture": "#2"},
				"east": {"uv": [0, 0, 16, 16], "texture": "#14"},
				"south": {"uv": [0, 0, 16, 16], "texture": "#2"},
				"west": {"uv": [0, 0, 16, 16], "texture": "#14"},
				"up": {"uv": [0, 0, 16, 16], "texture": "#2"},
				"down": {"uv": [0, 0, 16, 16], "texture": "#2"}
			}
		},
		{
			"from": [1.468, 7.444, 10.66],
			"to": [4.328, 7.548, 11.568],
			"rotation": {"angle": 0, "axis": "y", "origin": [-8.32, 0, -8.32]},
			"faces": {
				"north": {"uv": [0, 0, 16, 16], "texture": "#2"},
				"east": {"uv": [0, 0, 16, 16], "texture": "#14"},
				"south": {"uv": [0, 0, 16, 16], "texture": "#2"},
				"west": {"uv": [0, 0, 16, 16], "texture": "#14"},
				"up": {"uv": [0, 0, 16, 16], "texture": "#2"},
				"down": {"uv": [0, 0, 16, 16], "texture": "#2"}
			}
		},
		{
			"from": [1.468, 7.444, 12.796],
			"to": [4.328, 7.548, 13.704],
			"rotation": {"angle": 0, "axis": "y", "origin": [-8.32, 0, -8.32]},
			"faces": {
				"north": {"uv": [0, 0, 16, 16], "texture": "#2"},
				"east": {"uv": [0, 0, 16, 16], "texture": "#14"},
				"south": {"uv": [0, 0, 16, 16], "texture": "#2"},
				"west": {"uv": [0, 0, 16, 16], "texture": "#14"},
				"up": {"uv": [0, 0, 16, 16], "texture": "#2"},
				"down": {"uv": [0, 0, 16, 16], "texture": "#2"}
			}
		},
		{
			"from": [1.468, 6.932, 11.772],
			"to": [4.328, 7.14, 11.876],
			"rotation": {"angle": 0, "axis": "y", "origin": [-8.32, 0, -8.32]},
			"faces": {
				"north": {"uv": [0, 0, 16, 16], "texture": "#2"},
				"east": {"uv": [0, 0, 16, 16], "texture": "#14"},
				"south": {"uv": [0, 0, 16, 16], "texture": "#2"},
				"west": {"uv": [0, 0, 16, 16], "texture": "#14"},
				"up": {"uv": [0, 0, 16, 16], "texture": "#2"},
				"down": {"uv": [0, 0, 16, 16], "texture": "#2"}
			}
		},
		{
			"from": [1.468, 6.736, 12.08],
			"to": [4.328, 7.14, 12.284],
			"rotation": {"angle": 0, "axis": "y", "origin": [-8.32, 0, -8.32]},
			"faces": {
				"north": {"uv": [0, 0, 16, 16], "texture": "#2"},
				"east": {"uv": [0, 0, 16, 16], "texture": "#14"},
				"south": {"uv": [0, 0, 16, 16], "texture": "#2"},
				"west": {"uv": [0, 0, 16, 16], "texture": "#14"},
				"up": {"uv": [0, 0, 16, 16], "texture": "#2"},
				"down": {"uv": [0, 0, 16, 16], "texture": "#2"}
			}
		},
		{
			"from": [1.468, 7.852, 11.872],
			"to": [4.328, 7.956, 11.98],
			"rotation": {"angle": 0, "axis": "y", "origin": [-8.32, 0, -8.32]},
			"faces": {
				"north": {"uv": [0, 0, 16, 16], "texture": "#2"},
				"east": {"uv": [0, 0, 16, 16], "texture": "#14"},
				"south": {"uv": [0, 0, 16, 16], "texture": "#2"},
				"west": {"uv": [0, 0, 16, 16], "texture": "#14"},
				"up": {"uv": [0, 0, 16, 16], "texture": "#2"},
				"down": {"uv": [0, 0, 16, 16], "texture": "#2"}
			}
		},
		{
			"from": [1.468, 7.548, 12.08],
			"to": [4.328, 7.752, 12.284],
			"rotation": {"angle": 0, "axis": "y", "origin": [-8.32, 0, -8.32]},
			"faces": {
				"north": {"uv": [0, 0, 16, 16], "texture": "#2"},
				"east": {"uv": [0, 0, 16, 16], "texture": "#14"},
				"south": {"uv": [0, 0, 16, 16], "texture": "#2"},
				"west": {"uv": [0, 0, 16, 16], "texture": "#14"},
				"up": {"uv": [0, 0, 16, 16], "texture": "#2"},
				"down": {"uv": [0, 0, 16, 16], "texture": "#2"}
			}
		},
		{
			"from": [1.468, 6.952, 11.972],
			"to": [4.328, 7.156, 12.08],
			"rotation": {"angle": 0, "axis": "y", "origin": [-8.32, 0, -8.32]},
			"faces": {
				"north": {"uv": [0, 0, 16, 16], "texture": "#2"},
				"east": {"uv": [0, 0, 16, 16], "texture": "#14"},
				"south": {"uv": [0, 0, 16, 16], "texture": "#2"},
				"west": {"uv": [0, 0, 16, 16], "texture": "#14"},
				"up": {"uv": [0, 0, 16, 16], "texture": "#2"},
				"down": {"uv": [0, 0, 16, 16], "texture": "#2"}
			}
		},
		{
			"from": [1.468, 6.952, 12.272],
			"to": [4.328, 7.156, 12.38],
			"rotation": {"angle": 0, "axis": "y", "origin": [-8.32, 0, -8.32]},
			"faces": {
				"north": {"uv": [0, 0, 16, 16], "texture": "#2"},
				"east": {"uv": [0, 0, 16, 16], "texture": "#14"},
				"south": {"uv": [0, 0, 16, 16], "texture": "#2"},
				"west": {"uv": [0, 0, 16, 16], "texture": "#14"},
				"up": {"uv": [0, 0, 16, 16], "texture": "#2"},
				"down": {"uv": [0, 0, 16, 16], "texture": "#2"}
			}
		},
		{
			"from": [1.468, 7.752, 11.972],
			"to": [4.328, 7.856, 12.08],
			"rotation": {"angle": 0, "axis": "y", "origin": [-8.32, 0, -8.32]},
			"faces": {
				"north": {"uv": [0, 0, 16, 16], "texture": "#2"},
				"east": {"uv": [0, 0, 16, 16], "texture": "#14"},
				"south": {"uv": [0, 0, 16, 16], "texture": "#2"},
				"west": {"uv": [0, 0, 16, 16], "texture": "#14"},
				"up": {"uv": [0, 0, 16, 16], "texture": "#2"},
				"down": {"uv": [0, 0, 16, 16], "texture": "#2"}
			}
		},
		{
			"from": [1.468, 7.952, 11.772],
			"to": [4.328, 8.156, 11.98],
			"rotation": {"angle": 0, "axis": "y", "origin": [-8.32, 0, -8.32]},
			"faces": {
				"north": {"uv": [0, 0, 16, 16], "texture": "#2"},
				"east": {"uv": [0, 0, 16, 16], "texture": "#14"},
				"south": {"uv": [0, 0, 16, 16], "texture": "#2"},
				"west": {"uv": [0, 0, 16, 16], "texture": "#14"},
				"up": {"uv": [0, 0, 16, 16], "texture": "#2"},
				"down": {"uv": [0, 0, 16, 16], "texture": "#2"}
			}
		},
		{
			"from": [1.468, 7.952, 11.672],
			"to": [4.328, 8.056, 11.78],
			"rotation": {"angle": 0, "axis": "y", "origin": [-8.32, 0, -8.32]},
			"faces": {
				"north": {"uv": [0, 0, 16, 16], "texture": "#2"},
				"east": {"uv": [0, 0, 16, 16], "texture": "#14"},
				"south": {"uv": [0, 0, 16, 16], "texture": "#2"},
				"west": {"uv": [0, 0, 16, 16], "texture": "#14"},
				"up": {"uv": [0, 0, 16, 16], "texture": "#2"},
				"down": {"uv": [0, 0, 16, 16], "texture": "#2"}
			}
		},
		{
			"from": [1.468, 7.752, 12.272],
			"to": [4.328, 7.856, 12.38],
			"rotation": {"angle": 0, "axis": "y", "origin": [-8.32, 0, -8.32]},
			"faces": {
				"north": {"uv": [0, 0, 16, 16], "texture": "#2"},
				"east": {"uv": [0, 0, 16, 16], "texture": "#14"},
				"south": {"uv": [0, 0, 16, 16], "texture": "#2"},
				"west": {"uv": [0, 0, 16, 16], "texture": "#14"},
				"up": {"uv": [0, 0, 16, 16], "texture": "#2"},
				"down": {"uv": [0, 0, 16, 16], "texture": "#2"}
			}
		},
		{
			"from": [1.468, 7.852, 12.372],
			"to": [4.328, 7.956, 12.48],
			"rotation": {"angle": 0, "axis": "y", "origin": [-8.32, 0, -8.32]},
			"faces": {
				"north": {"uv": [0, 0, 16, 16], "texture": "#2"},
				"east": {"uv": [0, 0, 16, 16], "texture": "#14"},
				"south": {"uv": [0, 0, 16, 16], "texture": "#2"},
				"west": {"uv": [0, 0, 16, 16], "texture": "#14"},
				"up": {"uv": [0, 0, 16, 16], "texture": "#2"},
				"down": {"uv": [0, 0, 16, 16], "texture": "#2"}
			}
		},
		{
			"from": [1.468, 7.952, 12.372],
			"to": [4.328, 8.156, 12.58],
			"rotation": {"angle": 0, "axis": "y", "origin": [-8.32, 0, -8.32]},
			"faces": {
				"north": {"uv": [0, 0, 16, 16], "texture": "#2"},
				"east": {"uv": [0, 0, 16, 16], "texture": "#14"},
				"south": {"uv": [0, 0, 16, 16], "texture": "#2"},
				"west": {"uv": [0, 0, 16, 16], "texture": "#14"},
				"up": {"uv": [0, 0, 16, 16], "texture": "#2"},
				"down": {"uv": [0, 0, 16, 16], "texture": "#2"}
			}
		},
		{
			"from": [1.468, 7.952, 12.572],
			"to": [4.328, 8.056, 12.68],
			"rotation": {"angle": 0, "axis": "y", "origin": [-8.32, 0, -8.32]},
			"faces": {
				"north": {"uv": [0, 0, 16, 16], "texture": "#2"},
				"east": {"uv": [0, 0, 16, 16], "texture": "#14"},
				"south": {"uv": [0, 0, 16, 16], "texture": "#2"},
				"west": {"uv": [0, 0, 16, 16], "texture": "#14"},
				"up": {"uv": [0, 0, 16, 16], "texture": "#2"},
				"down": {"uv": [0, 0, 16, 16], "texture": "#2"}
			}
		},
		{
			"from": [1.468, 6.932, 12.472],
			"to": [4.328, 7.14, 12.576],
			"rotation": {"angle": 0, "axis": "y", "origin": [-8.32, 0, -8.32]},
			"faces": {
				"north": {"uv": [0, 0, 16, 16], "texture": "#2"},
				"east": {"uv": [0, 0, 16, 16], "texture": "#14"},
				"south": {"uv": [0, 0, 16, 16], "texture": "#2"},
				"west": {"uv": [0, 0, 16, 16], "texture": "#14"},
				"up": {"uv": [0, 0, 16, 16], "texture": "#2"},
				"down": {"uv": [0, 0, 16, 16], "texture": "#2"}
			}
		},
		{
			"from": [1.468, 6.832, 12.572],
			"to": [4.328, 7.04, 12.676],
			"rotation": {"angle": 0, "axis": "y", "origin": [-8.32, 0, -8.32]},
			"faces": {
				"north": {"uv": [0, 0, 16, 16], "texture": "#2"},
				"east": {"uv": [0, 0, 16, 16], "texture": "#14"},
				"south": {"uv": [0, 0, 16, 16], "texture": "#2"},
				"west": {"uv": [0, 0, 16, 16], "texture": "#14"},
				"up": {"uv": [0, 0, 16, 16], "texture": "#2"},
				"down": {"uv": [0, 0, 16, 16], "texture": "#2"}
			}
		},
		{
			"from": [1.468, 6.832, 11.672],
			"to": [4.328, 7.04, 11.776],
			"rotation": {"angle": 0, "axis": "y", "origin": [-8.32, 0, -8.32]},
			"faces": {
				"north": {"uv": [0, 0, 16, 16], "texture": "#2"},
				"east": {"uv": [0, 0, 16, 16], "texture": "#14"},
				"south": {"uv": [0, 0, 16, 16], "texture": "#2"},
				"west": {"uv": [0, 0, 16, 16], "texture": "#14"},
				"up": {"uv": [0, 0, 16, 16], "texture": "#2"},
				"down": {"uv": [0, 0, 16, 16], "texture": "#2"}
			}
		},
		{
			"from": [1.368, 7.432, 11.572],
			"to": [4.428, 7.64, 11.676],
			"rotation": {"angle": 0, "axis": "y", "origin": [-8.32, 0, -8.32]},
			"faces": {
				"north": {"uv": [0, 0, 16, 16], "texture": "#2"},
				"east": {"uv": [0, 0, 16, 16], "texture": "#14"},
				"south": {"uv": [0, 0, 16, 16], "texture": "#2"},
				"west": {"uv": [0, 0, 16, 16], "texture": "#14"},
				"up": {"uv": [0, 0, 16, 16], "texture": "#2"},
				"down": {"uv": [0, 0, 16, 16], "texture": "#2"}
			}
		},
		{
			"from": [1.368, 7.232, 11.672],
			"to": [4.428, 7.44, 11.776],
			"rotation": {"angle": 0, "axis": "y", "origin": [-8.32, 0, -8.32]},
			"faces": {
				"north": {"uv": [0, 0, 16, 16], "texture": "#2"},
				"east": {"uv": [0, 0, 16, 16], "texture": "#14"},
				"south": {"uv": [0, 0, 16, 16], "texture": "#2"},
				"west": {"uv": [0, 0, 16, 16], "texture": "#14"},
				"up": {"uv": [0, 0, 16, 16], "texture": "#2"},
				"down": {"uv": [0, 0, 16, 16], "texture": "#2"}
			}
		},
		{
			"from": [1.368, 7.432, 12.672],
			"to": [4.428, 7.64, 12.776],
			"rotation": {"angle": 0, "axis": "y", "origin": [-8.32, 0, -8.32]},
			"faces": {
				"north": {"uv": [0, 0, 16, 16], "texture": "#2"},
				"east": {"uv": [0, 0, 16, 16], "texture": "#14"},
				"south": {"uv": [0, 0, 16, 16], "texture": "#2"},
				"west": {"uv": [0, 0, 16, 16], "texture": "#14"},
				"up": {"uv": [0, 0, 16, 16], "texture": "#2"},
				"down": {"uv": [0, 0, 16, 16], "texture": "#2"}
			}
		},
		{
			"from": [1.368, 7.232, 12.572],
			"to": [4.428, 7.44, 12.676],
			"rotation": {"angle": 0, "axis": "y", "origin": [-8.32, 0, -8.32]},
			"faces": {
				"north": {"uv": [0, 0, 16, 16], "texture": "#2"},
				"east": {"uv": [0, 0, 16, 16], "texture": "#14"},
				"south": {"uv": [0, 0, 16, 16], "texture": "#2"},
				"west": {"uv": [0, 0, 16, 16], "texture": "#14"},
				"up": {"uv": [0, 0, 16, 16], "texture": "#2"},
				"down": {"uv": [0, 0, 16, 16], "texture": "#2"}
			}
		},
		{
			"from": [1.468, 7.848, 10.248],
			"to": [4.328, 7.952, 11.372],
			"rotation": {"angle": 0, "axis": "y", "origin": [-8.32, 0, -8.32]},
			"faces": {
				"north": {"uv": [0, 0, 16, 16], "texture": "#2"},
				"east": {"uv": [0, 0, 16, 16], "texture": "#14"},
				"south": {"uv": [0, 0, 16, 16], "texture": "#2"},
				"west": {"uv": [0, 0, 16, 16], "texture": "#14"},
				"up": {"uv": [0, 0, 16, 16], "texture": "#2"},
				"down": {"uv": [0, 0, 16, 16], "texture": "#2"}
			}
		},
		{
			"from": [1.468, 7.848, 12.948],
			"to": [4.328, 7.952, 14.072],
			"rotation": {"angle": 0, "axis": "y", "origin": [-8.32, 0, -8.32]},
			"faces": {
				"north": {"uv": [0, 0, 16, 16], "texture": "#2"},
				"east": {"uv": [0, 0, 16, 16], "texture": "#14"},
				"south": {"uv": [0, 0, 16, 16], "texture": "#2"},
				"west": {"uv": [0, 0, 16, 16], "texture": "#14"},
				"up": {"uv": [0, 0, 16, 16], "texture": "#2"},
				"down": {"uv": [0, 0, 16, 16], "texture": "#2"}
			}
		},
		{
			"from": [1.368, 7.732, 11.372],
			"to": [4.428, 7.84, 11.476],
			"rotation": {"angle": 0, "axis": "y", "origin": [-8.32, 0, -8.32]},
			"faces": {
				"north": {"uv": [0, 0, 16, 16], "texture": "#2"},
				"east": {"uv": [0, 0, 16, 16], "texture": "#14"},
				"south": {"uv": [0, 0, 16, 16], "texture": "#2"},
				"west": {"uv": [0, 0, 16, 16], "texture": "#14"},
				"up": {"uv": [0, 0, 16, 16], "texture": "#2"},
				"down": {"uv": [0, 0, 16, 16], "texture": "#2"}
			}
		},
		{
			"from": [1.368, 7.732, 12.872],
			"to": [4.428, 7.84, 12.976],
			"rotation": {"angle": 0, "axis": "y", "origin": [-8.32, 0, -8.32]},
			"faces": {
				"north": {"uv": [0, 0, 16, 16], "texture": "#2"},
				"east": {"uv": [0, 0, 16, 16], "texture": "#14"},
				"south": {"uv": [0, 0, 16, 16], "texture": "#2"},
				"west": {"uv": [0, 0, 16, 16], "texture": "#14"},
				"up": {"uv": [0, 0, 16, 16], "texture": "#2"},
				"down": {"uv": [0, 0, 16, 16], "texture": "#2"}
			}
		},
		{
			"from": [1.368, 7.848, 10.848],
			"to": [4.428, 7.952, 11.372],
			"rotation": {"angle": 0, "axis": "y", "origin": [-8.32, 0, -8.32]},
			"faces": {
				"north": {"uv": [0, 0, 16, 16], "texture": "#2"},
				"east": {"uv": [0, 0, 16, 16], "texture": "#14"},
				"south": {"uv": [0, 0, 16, 16], "texture": "#2"},
				"west": {"uv": [0, 0, 16, 16], "texture": "#14"},
				"up": {"uv": [0, 0, 16, 16], "texture": "#2"},
				"down": {"uv": [0, 0, 16, 16], "texture": "#2"}
			}
		},
		{
			"from": [1.368, 7.648, 10.948],
			"to": [4.428, 7.752, 11.472],
			"rotation": {"angle": 0, "axis": "y", "origin": [-8.32, 0, -8.32]},
			"faces": {
				"north": {"uv": [0, 0, 16, 16], "texture": "#2"},
				"east": {"uv": [0, 0, 16, 16], "texture": "#14"},
				"south": {"uv": [0, 0, 16, 16], "texture": "#2"},
				"west": {"uv": [0, 0, 16, 16], "texture": "#14"},
				"up": {"uv": [0, 0, 16, 16], "texture": "#2"},
				"down": {"uv": [0, 0, 16, 16], "texture": "#2"}
			}
		},
		{
			"from": [1.368, 7.448, 11.048],
			"to": [4.428, 7.552, 11.572],
			"rotation": {"angle": 0, "axis": "y", "origin": [-8.32, 0, -8.32]},
			"faces": {
				"north": {"uv": [0, 0, 16, 16], "texture": "#2"},
				"east": {"uv": [0, 0, 16, 16], "texture": "#14"},
				"south": {"uv": [0, 0, 16, 16], "texture": "#2"},
				"west": {"uv": [0, 0, 16, 16], "texture": "#14"},
				"up": {"uv": [0, 0, 16, 16], "texture": "#2"},
				"down": {"uv": [0, 0, 16, 16], "texture": "#2"}
			}
		},
		{
			"from": [1.368, 7.632, 11.472],
			"to": [4.428, 7.74, 11.576],
			"rotation": {"angle": 0, "axis": "y", "origin": [-8.32, 0, -8.32]},
			"faces": {
				"north": {"uv": [0, 0, 16, 16], "texture": "#2"},
				"east": {"uv": [0, 0, 16, 16], "texture": "#14"},
				"south": {"uv": [0, 0, 16, 16], "texture": "#2"},
				"west": {"uv": [0, 0, 16, 16], "texture": "#14"},
				"up": {"uv": [0, 0, 16, 16], "texture": "#2"},
				"down": {"uv": [0, 0, 16, 16], "texture": "#2"}
			}
		},
		{
			"from": [1.368, 7.248, 11.348],
			"to": [4.428, 7.352, 11.672],
			"rotation": {"angle": 0, "axis": "y", "origin": [-8.32, 0, -8.32]},
			"faces": {
				"north": {"uv": [0, 0, 16, 16], "texture": "#2"},
				"east": {"uv": [0, 0, 16, 16], "texture": "#14"},
				"south": {"uv": [0, 0, 16, 16], "texture": "#2"},
				"west": {"uv": [0, 0, 16, 16], "texture": "#14"},
				"up": {"uv": [0, 0, 16, 16], "texture": "#2"},
				"down": {"uv": [0, 0, 16, 16], "texture": "#2"}
			}
		},
		{
			"from": [1.368, 7.848, 12.948],
			"to": [4.428, 7.952, 13.472],
			"rotation": {"angle": 0, "axis": "y", "origin": [-8.32, 0, -8.32]},
			"faces": {
				"north": {"uv": [0, 0, 16, 16], "texture": "#2"},
				"east": {"uv": [0, 0, 16, 16], "texture": "#14"},
				"south": {"uv": [0, 0, 16, 16], "texture": "#2"},
				"west": {"uv": [0, 0, 16, 16], "texture": "#14"},
				"up": {"uv": [0, 0, 16, 16], "texture": "#2"},
				"down": {"uv": [0, 0, 16, 16], "texture": "#2"}
			}
		},
		{
			"from": [1.368, 7.648, 12.848],
			"to": [4.428, 7.752, 13.372],
			"rotation": {"angle": 0, "axis": "y", "origin": [-8.32, 0, -8.32]},
			"faces": {
				"north": {"uv": [0, 0, 16, 16], "texture": "#2"},
				"east": {"uv": [0, 0, 16, 16], "texture": "#14"},
				"south": {"uv": [0, 0, 16, 16], "texture": "#2"},
				"west": {"uv": [0, 0, 16, 16], "texture": "#14"},
				"up": {"uv": [0, 0, 16, 16], "texture": "#2"},
				"down": {"uv": [0, 0, 16, 16], "texture": "#2"}
			}
		},
		{
			"from": [1.368, 7.632, 12.772],
			"to": [4.428, 7.74, 12.876],
			"rotation": {"angle": 0, "axis": "y", "origin": [-8.32, 0, -8.32]},
			"faces": {
				"north": {"uv": [0, 0, 16, 16], "texture": "#2"},
				"east": {"uv": [0, 0, 16, 16], "texture": "#14"},
				"south": {"uv": [0, 0, 16, 16], "texture": "#2"},
				"west": {"uv": [0, 0, 16, 16], "texture": "#14"},
				"up": {"uv": [0, 0, 16, 16], "texture": "#2"},
				"down": {"uv": [0, 0, 16, 16], "texture": "#2"}
			}
		},
		{
			"from": [1.368, 7.448, 12.748],
			"to": [4.428, 7.552, 13.272],
			"rotation": {"angle": 0, "axis": "y", "origin": [-8.32, 0, -8.32]},
			"faces": {
				"north": {"uv": [0, 0, 16, 16], "texture": "#2"},
				"east": {"uv": [0, 0, 16, 16], "texture": "#14"},
				"south": {"uv": [0, 0, 16, 16], "texture": "#2"},
				"west": {"uv": [0, 0, 16, 16], "texture": "#14"},
				"up": {"uv": [0, 0, 16, 16], "texture": "#2"},
				"down": {"uv": [0, 0, 16, 16], "texture": "#2"}
			}
		},
		{
			"from": [1.368, 7.248, 12.648],
			"to": [4.428, 7.352, 12.972],
			"rotation": {"angle": 0, "axis": "y", "origin": [-8.32, 0, -8.32]},
			"faces": {
				"north": {"uv": [0, 0, 16, 16], "texture": "#2"},
				"east": {"uv": [0, 0, 16, 16], "texture": "#14"},
				"south": {"uv": [0, 0, 16, 16], "texture": "#2"},
				"west": {"uv": [0, 0, 16, 16], "texture": "#14"},
				"up": {"uv": [0, 0, 16, 16], "texture": "#2"},
				"down": {"uv": [0, 0, 16, 16], "texture": "#2"}
			}
		},
		{
			"from": [1.676, 8.58, 9.632],
			"to": [4.124, 8.868, 14.632],
			"rotation": {"angle": 0, "axis": "y", "origin": [-8.32, 0, -8.32]},
			"faces": {
				"north": {"uv": [0, 14.7, 15.9, 16], "texture": "#22"},
				"east": {"uv": [0, 14.7, 15.9, 16], "texture": "#22"},
				"south": {"uv": [0, 14.7, 15.9, 16], "texture": "#22"},
				"west": {"uv": [0, 14.7, 15.9, 16], "texture": "#22"},
				"up": {"uv": [0, 14.7, 15.9, 16], "texture": "#22"},
				"down": {"uv": [0, 14.7, 15.9, 16], "texture": "#22"}
			}
		},
		{
			"from": [1.476, 6.68, 14.132],
			"to": [4.324, 8.268, 15.632],
			"rotation": {"angle": 0, "axis": "y", "origin": [-8.32, 0, -8.32]},
			"faces": {
				"north": {"uv": [0, 0, 16, 16], "texture": "#2"},
				"east": {"uv": [0, 0, 16, 16], "texture": "#2"},
				"south": {"uv": [0, 0, 16, 16], "texture": "#2"},
				"west": {"uv": [0, 0, 16, 16], "texture": "#2"},
				"up": {"uv": [0, 0, 16, 16], "texture": "#2"},
				"down": {"uv": [0, 0, 16, 16], "texture": "#2"}
			}
		},
		{
			"from": [1.476, 6.28, 14.532],
			"to": [4.324, 6.668, 15.232],
			"rotation": {"angle": 0, "axis": "y", "origin": [-8.32, 0, -8.32]},
			"faces": {
				"north": {"uv": [0, 0, 16, 16], "texture": "#2"},
				"east": {"uv": [0, 0, 16, 16], "texture": "#2"},
				"south": {"uv": [0, 0, 16, 16], "texture": "#2"},
				"west": {"uv": [0, 0, 16, 16], "texture": "#2"},
				"up": {"uv": [0, 0, 16, 16], "texture": "#2"},
				"down": {"uv": [0, 0, 16, 16], "texture": "#2"}
			}
		},
		{
			"from": [1.476, 8.28, 14.532],
			"to": [4.324, 8.668, 15.232],
			"rotation": {"angle": 0, "axis": "y", "origin": [-8.32, 0, -8.32]},
			"faces": {
				"north": {"uv": [0, 0, 16, 16], "texture": "#2"},
				"east": {"uv": [0, 0, 16, 16], "texture": "#2"},
				"south": {"uv": [0, 0, 16, 16], "texture": "#2"},
				"west": {"uv": [0, 0, 16, 16], "texture": "#2"},
				"up": {"uv": [0, 0, 16, 16], "texture": "#2"},
				"down": {"uv": [0, 0, 16, 16], "texture": "#2"}
			}
		},
		{
			"from": [1.472, 5.83624, 6.03655],
			"to": [4.124, 8.48824, 6.24055],
			"rotation": {"angle": 0, "axis": "y", "origin": [-8.32, -1.50776, -7.69545]},
			"faces": {
				"north": {"uv": [0, 0, 16, 16], "texture": "#5"},
				"east": {"uv": [0, 0, 16, 16], "texture": "#5"},
				"south": {"uv": [0, 0, 16, 16], "texture": "#5"},
				"west": {"uv": [0, 0, 16, 16], "texture": "#5"},
				"up": {"uv": [0, 0, 16, 16], "texture": "#5"},
				"down": {"uv": [0, 0, 16, 16], "texture": "#5"}
			}
		},
		{
			"from": [1.472, 5.83624, 6.64855],
			"to": [4.124, 8.48824, 6.85255],
			"rotation": {"angle": 0, "axis": "y", "origin": [-8.32, -1.50776, -7.69545]},
			"faces": {
				"north": {"uv": [0, 0, 16, 16], "texture": "#5"},
				"east": {"uv": [0, 0, 16, 16], "texture": "#5"},
				"south": {"uv": [0, 0, 16, 16], "texture": "#5"},
				"west": {"uv": [0, 0, 16, 16], "texture": "#5"},
				"up": {"uv": [0, 0, 16, 16], "texture": "#5"},
				"down": {"uv": [0, 0, 16, 16], "texture": "#5"}
			}
		},
		{
			"from": [1.472, 5.83624, 7.26055],
			"to": [4.124, 8.48824, 7.46455],
			"rotation": {"angle": 0, "axis": "y", "origin": [-8.32, -1.50776, -7.69545]},
			"faces": {
				"north": {"uv": [0, 0, 16, 16], "texture": "#5"},
				"east": {"uv": [0, 0, 16, 16], "texture": "#5"},
				"south": {"uv": [0, 0, 16, 16], "texture": "#5"},
				"west": {"uv": [0, 0, 16, 16], "texture": "#5"},
				"up": {"uv": [0, 0, 16, 16], "texture": "#5"},
				"down": {"uv": [0, 0, 16, 16], "texture": "#5"}
			}
		},
		{
			"from": [1.472, 5.83624, 4.33655],
			"to": [4.124, 8.48824, 4.54055],
			"rotation": {"angle": 0, "axis": "y", "origin": [-8.32, -1.50776, -7.69545]},
			"faces": {
				"north": {"uv": [0, 0, 16, 16], "texture": "#5"},
				"east": {"uv": [0, 0, 16, 16], "texture": "#5"},
				"south": {"uv": [0, 0, 16, 16], "texture": "#5"},
				"west": {"uv": [0, 0, 16, 16], "texture": "#5"},
				"up": {"uv": [0, 0, 16, 16], "texture": "#5"},
				"down": {"uv": [0, 0, 16, 16], "texture": "#5"}
			}
		},
		{
			"from": [1.472, 5.83624, 4.94855],
			"to": [4.124, 8.48824, 5.15255],
			"rotation": {"angle": 0, "axis": "y", "origin": [-8.32, -1.50776, -7.69545]},
			"faces": {
				"north": {"uv": [0, 0, 16, 16], "texture": "#5"},
				"east": {"uv": [0, 0, 16, 16], "texture": "#5"},
				"south": {"uv": [0, 0, 16, 16], "texture": "#5"},
				"west": {"uv": [0, 0, 16, 16], "texture": "#5"},
				"up": {"uv": [0, 0, 16, 16], "texture": "#5"},
				"down": {"uv": [0, 0, 16, 16], "texture": "#5"}
			}
		},
		{
			"from": [1.472, 5.83624, 5.56055],
			"to": [4.124, 8.48824, 5.76455],
			"rotation": {"angle": 0, "axis": "y", "origin": [-8.32, -1.50776, -7.69545]},
			"faces": {
				"north": {"uv": [0, 0, 16, 16], "texture": "#5"},
				"east": {"uv": [0, 0, 16, 16], "texture": "#5"},
				"south": {"uv": [0, 0, 16, 16], "texture": "#5"},
				"west": {"uv": [0, 0, 16, 16], "texture": "#5"},
				"up": {"uv": [0, 0, 16, 16], "texture": "#5"},
				"down": {"uv": [0, 0, 16, 16], "texture": "#5"}
			}
		},
		{
			"from": [2.488, 3.984, 3.512],
			"to": [3.108, 4.308, 9.432],
			"rotation": {"angle": 0, "axis": "y", "origin": [-8.32, 0, -8.32]},
			"faces": {
				"north": {"uv": [10, 11, 11, 8], "texture": "#2"},
				"east": {"uv": [10, 11, 11, 8], "texture": "#2"},
				"south": {"uv": [10, 11, 11, 8], "texture": "#2"},
				"west": {"uv": [10, 11, 11, 8], "texture": "#2"},
				"up": {"uv": [10, 11, 11, 8], "texture": "#2"},
				"down": {"uv": [10, 11, 11, 8], "texture": "#2"}
			}
		},
		{
			"from": [1.772, 5.916, -7.708],
			"to": [3.924, 6.064, -4.24],
			"rotation": {"angle": 0, "axis": "y", "origin": [-8.32, 0, -8.32]},
			"faces": {
				"north": {"uv": [0, 0, 16, 16], "texture": "#2"},
				"east": {"uv": [0, 0, 16, 16], "texture": "#2"},
				"south": {"uv": [0, 0, 16, 16], "texture": "#2"},
				"west": {"uv": [0, 0, 16, 16], "texture": "#2"},
				"up": {"uv": [0, 0, 16, 16], "texture": "#2"},
				"down": {"uv": [0, 0, 16, 16], "texture": "#2"}
			}
		}
	],
	"display": {
		"thirdperson_righthand": {
			"rotation": [72, 0, 0],
			"translation": [3.5, 4.75, 4.25],
			"scale": [0.67, 0.48, 0.64]
		},
		"thirdperson_lefthand": {
			"translation": [-3, 2.5, 0],
			"scale": [0.64, 0.45, 0.64]
		},
		"firstperson_righthand": {
			"translation": [0, 5.5, 0.75],
			"scale": [0.82, 0.8, 0.83]
		},
		"firstperson_lefthand": {
			"translation": [-8.5, 5.75, 0],
			"scale": [0.93, 0.89, 0.98]
		},
		"ground": {
			"translation": [4.25, 5.25, 3]
		},
		"gui": {
			"rotation": [68, 53, -57],
			"translation": [4.25, 0.5, 1.75],
			"scale": [0.54, 0.67, 0.64]
		},
		"head": {
			"translation": [0, 7.25, 0]
		},
		"fixed": {
			"translation": [-0.25, 0, 0]
		}
	}
}