{
	"credit": "Made with Blockbench",
	"parent": "100",
	"textures": {
		"0": "minecraft:block/fire_coral_block",
		"1": "minecraft:block/anvil",
		"2": "minecraft:block/tnt_side",
		"particle": "minecraft:block/fire_coral_block"
	},
	"elements": [
		{
			"from": [7, 3, -7.7],
			"to": [9, 5, -2.6],
			"faces": {
				"north": {"uv": [3, 10, 4, 9], "rotation": 90, "texture": "#0"},
				"east": {"uv": [3, 10, 4, 9], "rotation": 90, "texture": "#0"},
				"south": {"uv": [3, 10, 4, 9], "rotation": 90, "texture": "#0"},
				"west": {"uv": [3, 10, 4, 9], "rotation": 90, "texture": "#0"},
				"up": {"uv": [3, 10, 4, 9], "rotation": 90, "texture": "#0"},
				"down": {"uv": [3, 10, 4, 9], "rotation": 90, "texture": "#0"}
			}
		},
		{
			"from": [7.2, 2.7, -7.1],
			"to": [8.8, 5.3, -2.9],
			"faces": {
				"north": {"uv": [3, 10, 4, 9], "rotation": 90, "texture": "#0"},
				"east": {"uv": [3, 10, 4, 9], "rotation": 90, "texture": "#0"},
				"south": {"uv": [3, 10, 4, 9], "rotation": 90, "texture": "#0"},
				"west": {"uv": [3, 10, 4, 9], "rotation": 90, "texture": "#0"},
				"up": {"uv": [3, 10, 4, 9], "rotation": 90, "texture": "#0"},
				"down": {"uv": [3, 10, 4, 9], "rotation": 90, "texture": "#0"}
			}
		},
		{
			"from": [6.7, 3.2, -7.1],
			"to": [9.3, 4.8, -2.9],
			"faces": {
				"north": {"uv": [3, 10, 4, 9], "rotation": 90, "texture": "#0"},
				"east": {"uv": [3, 10, 4, 9], "rotation": 90, "texture": "#0"},
				"south": {"uv": [3, 10, 4, 9], "rotation": 90, "texture": "#0"},
				"west": {"uv": [3, 10, 4, 9], "rotation": 90, "texture": "#0"},
				"up": {"uv": [3, 10, 4, 9], "rotation": 90, "texture": "#0"},
				"down": {"uv": [3, 10, 4, 9], "rotation": 90, "texture": "#0"}
			}
		},
		{
			"from": [7.3, 3.3, -9.1],
			"to": [8.7, 4.6, -1.1],
			"faces": {
				"north": {"uv": [3, 10, 4, 9], "rotation": 90, "texture": "#0"},
				"east": {"uv": [3, 10, 4, 9], "rotation": 90, "texture": "#0"},
				"south": {"uv": [3, 10, 4, 9], "rotation": 90, "texture": "#0"},
				"west": {"uv": [3, 10, 4, 9], "rotation": 90, "texture": "#0"},
				"up": {"uv": [3, 10, 4, 9], "rotation": 90, "texture": "#0"},
				"down": {"uv": [3, 10, 4, 9], "rotation": 90, "texture": "#0"}
			}
		},
		{
			"from": [7.5, 3.5, -9.6],
			"to": [8.5, 4.4, -8.6],
			"faces": {
				"north": {"uv": [3, 10, 4, 9], "rotation": 90, "texture": "#0"},
				"east": {"uv": [3, 10, 4, 9], "rotation": 90, "texture": "#0"},
				"south": {"uv": [3, 10, 4, 9], "rotation": 90, "texture": "#0"},
				"west": {"uv": [3, 10, 4, 9], "rotation": 90, "texture": "#0"},
				"up": {"uv": [3, 10, 4, 9], "rotation": 90, "texture": "#0"},
				"down": {"uv": [3, 10, 4, 9], "rotation": 90, "texture": "#0"}
			}
		},
		{
			"from": [7.7, 3.7, -10.1],
			"to": [8.3, 4.2, -9],
			"faces": {
				"north": {"uv": [3, 10, 4, 9], "rotation": 90, "texture": "#0"},
				"east": {"uv": [3, 10, 4, 9], "rotation": 90, "texture": "#0"},
				"south": {"uv": [3, 10, 4, 9], "rotation": 90, "texture": "#0"},
				"west": {"uv": [3, 10, 4, 9], "rotation": 90, "texture": "#0"},
				"up": {"uv": [3, 10, 4, 9], "rotation": 90, "texture": "#0"},
				"down": {"uv": [3, 10, 4, 9], "rotation": 90, "texture": "#0"}
			}
		},
		{
			"from": [7.2, 3.2, -2.1],
			"to": [8.8, 4.8, -1.8],
			"faces": {
				"north": {"uv": [3, 10, 4, 9], "rotation": 90, "texture": "#0"},
				"east": {"uv": [3, 10, 4, 9], "rotation": 90, "texture": "#0"},
				"south": {"uv": [3, 10, 4, 9], "rotation": 90, "texture": "#0"},
				"west": {"uv": [3, 10, 4, 9], "rotation": 90, "texture": "#0"},
				"up": {"uv": [3, 10, 4, 9], "rotation": 90, "texture": "#0"},
				"down": {"uv": [3, 10, 4, 9], "rotation": 90, "texture": "#0"}
			}
		},
		{
			"from": [7.1, 3.7, -0.1],
			"to": [9, 4.9, 5.8],
			"faces": {
				"north": {"uv": [3, 10, 4, 9], "rotation": 90, "texture": "#0"},
				"east": {"uv": [3, 10, 4, 9], "rotation": 90, "texture": "#0"},
				"south": {"uv": [3, 10, 4, 9], "rotation": 90, "texture": "#0"},
				"west": {"uv": [3, 10, 4, 9], "rotation": 90, "texture": "#0"},
				"up": {"uv": [3, 10, 4, 9], "rotation": 90, "texture": "#0"},
				"down": {"uv": [3, 10, 4, 9], "rotation": 90, "texture": "#0"}
			}
		},
		{
			"from": [9.4, -3.3, -0.1],
			"to": [10.1, -2.5, 5.8],
			"rotation": {"angle": 45, "axis": "z", "origin": [0, -0.6, 0]},
			"faces": {
				"north": {"uv": [3, 10, 4, 9], "rotation": 90, "texture": "#0"},
				"east": {"uv": [3, 10, 4, 9], "rotation": 90, "texture": "#0"},
				"south": {"uv": [3, 10, 4, 9], "rotation": 90, "texture": "#0"},
				"west": {"uv": [3, 10, 4, 9], "rotation": 90, "texture": "#0"},
				"up": {"uv": [3, 10, 4, 9], "rotation": 90, "texture": "#0"},
				"down": {"uv": [3, 10, 4, 9], "rotation": 90, "texture": "#0"}
			}
		},
		{
			"from": [8.7, -2.6, -0.1],
			"to": [9.5, -1.9, 5.8],
			"rotation": {"angle": 45, "axis": "z", "origin": [0, -0.6, 0]},
			"faces": {
				"north": {"uv": [3, 10, 4, 9], "rotation": 90, "texture": "#0"},
				"east": {"uv": [3, 10, 4, 9], "rotation": 90, "texture": "#0"},
				"south": {"uv": [3, 10, 4, 9], "rotation": 90, "texture": "#0"},
				"west": {"uv": [3, 10, 4, 9], "rotation": 90, "texture": "#0"},
				"up": {"uv": [3, 10, 4, 9], "rotation": 90, "texture": "#0"},
				"down": {"uv": [3, 10, 4, 9], "rotation": 90, "texture": "#0"}
			}
		},
		{
			"from": [7.6, 4.6, 0.1],
			"to": [8.5, 5.2, 5.6],
			"rotation": {"angle": 0, "axis": "y", "origin": [0, -0.6, 0]},
			"faces": {
				"north": {"uv": [3, 10, 4, 9], "rotation": 90, "texture": "#0"},
				"east": {"uv": [3, 10, 4, 9], "rotation": 90, "texture": "#0"},
				"south": {"uv": [3, 10, 4, 9], "rotation": 90, "texture": "#0"},
				"west": {"uv": [3, 10, 4, 9], "rotation": 90, "texture": "#0"},
				"up": {"uv": [3, 10, 4, 9], "rotation": 90, "texture": "#0"},
				"down": {"uv": [3, 10, 4, 9], "rotation": 90, "texture": "#0"}
			}
		},
		{
			"from": [7.6, 1.8, -0.1],
			"to": [8.5, 5.9, 0.1],
			"faces": {
				"north": {"uv": [3, 10, 4, 9], "rotation": 90, "texture": "#0"},
				"east": {"uv": [3, 10, 4, 9], "rotation": 90, "texture": "#0"},
				"south": {"uv": [3, 10, 4, 9], "rotation": 90, "texture": "#0"},
				"west": {"uv": [3, 10, 4, 9], "rotation": 90, "texture": "#0"},
				"up": {"uv": [3, 10, 4, 9], "rotation": 90, "texture": "#0"},
				"down": {"uv": [3, 10, 4, 9], "rotation": 90, "texture": "#0"}
			}
		},
		{
			"from": [7, 3, -1.8],
			"to": [9, 5, -1.1],
			"faces": {
				"north": {"uv": [3, 10, 4, 9], "rotation": 90, "texture": "#0"},
				"east": {"uv": [3, 10, 4, 9], "rotation": 90, "texture": "#0"},
				"south": {"uv": [3, 10, 4, 9], "rotation": 90, "texture": "#0"},
				"west": {"uv": [3, 10, 4, 9], "rotation": 90, "texture": "#0"},
				"up": {"uv": [3, 10, 4, 9], "rotation": 90, "texture": "#0"},
				"down": {"uv": [3, 10, 4, 9], "rotation": 90, "texture": "#0"}
			}
		},
		{
			"from": [7.6, 3, 0.1],
			"to": [8.5, 3.6, 5.6],
			"rotation": {"angle": 0, "axis": "y", "origin": [16.1, 8.9, 6.3]},
			"faces": {
				"north": {"uv": [0, 0, 16, 16], "texture": "#1"},
				"east": {"uv": [0, 0, 16, 16], "texture": "#1"},
				"south": {"uv": [0, 0, 16, 16], "texture": "#1"},
				"west": {"uv": [0, 0, 16, 16], "texture": "#1"},
				"up": {"uv": [0, 0, 16, 16], "texture": "#1"},
				"down": {"uv": [0, 0, 16, 16], "texture": "#1"}
			}
		},
		{
			"from": [6.6, 10.2, -0.1],
			"to": [7.4, 10.9, 5.8],
			"rotation": {"angle": 45, "axis": "z", "origin": [16.1, 8.9, 6.3]},
			"faces": {
				"north": {"uv": [3, 10, 4, 9], "rotation": 90, "texture": "#0"},
				"east": {"uv": [3, 10, 4, 9], "rotation": 90, "texture": "#0"},
				"south": {"uv": [3, 10, 4, 9], "rotation": 90, "texture": "#0"},
				"west": {"uv": [3, 10, 4, 9], "rotation": 90, "texture": "#0"},
				"up": {"uv": [3, 10, 4, 9], "rotation": 90, "texture": "#0"},
				"down": {"uv": [3, 10, 4, 9], "rotation": 90, "texture": "#0"}
			}
		},
		{
			"from": [6, 10.8, -0.1],
			"to": [6.7, 11.6, 5.8],
			"rotation": {"angle": 45, "axis": "z", "origin": [16.1, 8.9, 6.3]},
			"faces": {
				"north": {"uv": [3, 10, 4, 9], "rotation": 90, "texture": "#0"},
				"east": {"uv": [3, 10, 4, 9], "rotation": 90, "texture": "#0"},
				"south": {"uv": [3, 10, 4, 9], "rotation": 90, "texture": "#0"},
				"west": {"uv": [3, 10, 4, 9], "rotation": 90, "texture": "#0"},
				"up": {"uv": [3, 10, 4, 9], "rotation": 90, "texture": "#0"},
				"down": {"uv": [3, 10, 4, 9], "rotation": 90, "texture": "#0"}
			}
		},
		{
			"from": [7.1, 3.3, 6],
			"to": [9, 4.9, 8.7],
			"rotation": {"angle": 0, "axis": "y", "origin": [0, 0, 0.1]},
			"faces": {
				"north": {"uv": [3, 10, 4, 9], "rotation": 90, "texture": "#0"},
				"east": {"uv": [3, 10, 4, 9], "rotation": 90, "texture": "#0"},
				"south": {"uv": [3, 10, 4, 9], "rotation": 90, "texture": "#0"},
				"west": {"uv": [3, 10, 4, 9], "rotation": 90, "texture": "#0"},
				"up": {"uv": [3, 10, 4, 9], "rotation": 90, "texture": "#0"},
				"down": {"uv": [3, 10, 4, 9], "rotation": 90, "texture": "#0"}
			}
		},
		{
			"from": [7.3, 4.9, 6],
			"to": [8.8, 5.4, 7.4],
			"rotation": {"angle": 0, "axis": "y", "origin": [0, 0, 0.1]},
			"faces": {
				"north": {"uv": [3, 10, 4, 9], "rotation": 90, "texture": "#0"},
				"east": {"uv": [3, 10, 4, 9], "rotation": 90, "texture": "#0"},
				"south": {"uv": [3, 10, 4, 9], "rotation": 90, "texture": "#0"},
				"west": {"uv": [3, 10, 4, 9], "rotation": 90, "texture": "#0"},
				"up": {"uv": [3, 10, 4, 9], "rotation": 90, "texture": "#0"},
				"down": {"uv": [3, 10, 4, 9], "rotation": 90, "texture": "#0"}
			}
		},
		{
			"from": [7.3, 6, 4.7],
			"to": [8.8, 7.8, 7],
			"rotation": {"angle": 22.5, "axis": "x", "origin": [0, 0, 0.1]},
			"faces": {
				"north": {"uv": [3, 10, 4, 9], "rotation": 90, "texture": "#0"},
				"east": {"uv": [3, 10, 4, 9], "rotation": 90, "texture": "#0"},
				"south": {"uv": [3, 10, 4, 9], "rotation": 90, "texture": "#0"},
				"west": {"uv": [3, 10, 4, 9], "rotation": 90, "texture": "#0"},
				"up": {"uv": [3, 10, 4, 9], "rotation": 90, "texture": "#0"},
				"down": {"uv": [3, 10, 4, 9], "rotation": 90, "texture": "#0"}
			}
		},
		{
			"from": [7.5, 4, -3.8],
			"to": [8.5, 4.3, -3.1],
			"rotation": {"angle": -22.5, "axis": "x", "origin": [0, 0, 0]},
			"faces": {
				"north": {"uv": [3, 10, 4, 9], "rotation": 90, "texture": "#0"},
				"east": {"uv": [3, 10, 4, 9], "rotation": 90, "texture": "#0"},
				"south": {"uv": [3, 10, 4, 9], "rotation": 90, "texture": "#0"},
				"west": {"uv": [3, 10, 4, 9], "rotation": 90, "texture": "#0"},
				"up": {"uv": [3, 10, 4, 9], "rotation": 90, "texture": "#0"},
				"down": {"uv": [3, 10, 4, 9], "rotation": 90, "texture": "#0"}
			}
		},
		{
			"from": [7.5, 0.6, -5.2],
			"to": [8.5, 0.9, -4],
			"rotation": {"angle": 22.5, "axis": "x", "origin": [0, 0, 0]},
			"faces": {
				"north": {"uv": [3, 10, 4, 9], "rotation": 90, "texture": "#0"},
				"east": {"uv": [3, 10, 4, 9], "rotation": 90, "texture": "#0"},
				"south": {"uv": [3, 10, 4, 9], "rotation": 90, "texture": "#0"},
				"west": {"uv": [3, 10, 4, 9], "rotation": 90, "texture": "#0"},
				"up": {"uv": [3, 10, 4, 9], "rotation": 90, "texture": "#0"},
				"down": {"uv": [3, 10, 4, 9], "rotation": 90, "texture": "#0"}
			}
		},
		{
			"from": [7.5, 2.1, -3.7],
			"to": [8.5, 2.4, -2.5],
			"faces": {
				"north": {"uv": [3, 10, 4, 9], "rotation": 90, "texture": "#0"},
				"east": {"uv": [3, 10, 4, 9], "rotation": 90, "texture": "#0"},
				"south": {"uv": [3, 10, 4, 9], "rotation": 90, "texture": "#0"},
				"west": {"uv": [3, 10, 4, 9], "rotation": 90, "texture": "#0"},
				"up": {"uv": [3, 10, 4, 9], "rotation": 90, "texture": "#0"},
				"down": {"uv": [3, 10, 4, 9], "rotation": 90, "texture": "#0"}
			}
		},
		{
			"from": [7.5, 2, -2.5],
			"to": [8.5, 2.3, -1.3],
			"faces": {
				"north": {"uv": [3, 10, 4, 9], "rotation": 90, "texture": "#0"},
				"east": {"uv": [3, 10, 4, 9], "rotation": 90, "texture": "#0"},
				"south": {"uv": [3, 10, 4, 9], "rotation": 90, "texture": "#0"},
				"west": {"uv": [3, 10, 4, 9], "rotation": 90, "texture": "#0"},
				"up": {"uv": [3, 10, 4, 9], "rotation": 90, "texture": "#0"},
				"down": {"uv": [3, 10, 4, 9], "rotation": 90, "texture": "#0"}
			}
		},
		{
			"from": [7.5, 1.8, -1.3],
			"to": [8.5, 2.1, -0.1],
			"faces": {
				"north": {"uv": [3, 10, 4, 9], "rotation": 90, "texture": "#0"},
				"east": {"uv": [3, 10, 4, 9], "rotation": 90, "texture": "#0"},
				"south": {"uv": [3, 10, 4, 9], "rotation": 90, "texture": "#0"},
				"west": {"uv": [3, 10, 4, 9], "rotation": 90, "texture": "#0"},
				"up": {"uv": [3, 10, 4, 9], "rotation": 90, "texture": "#0"},
				"down": {"uv": [3, 10, 4, 9], "rotation": 90, "texture": "#0"}
			}
		},
		{
			"from": [7.6, 1.7, -0.1],
			"to": [8.4, 3.5, 0.3],
			"faces": {
				"north": {"uv": [9, 9, 9, 9], "texture": "#0"},
				"east": {"uv": [9, 9, 9, 9], "texture": "#0"},
				"south": {"uv": [9, 9, 9, 9], "texture": "#0"},
				"west": {"uv": [9, 9, 9, 9], "texture": "#0"},
				"up": {"uv": [9, 9, 9, 9], "texture": "#0"},
				"down": {"uv": [9, 9, 9, 9], "texture": "#0"}
			}
		},
		{
			"from": [7.6, 1.8, 5.6],
			"to": [8.5, 5.9, 5.8],
			"rotation": {"angle": 0, "axis": "y", "origin": [0, 0, 0.1]},
			"faces": {
				"north": {"uv": [3, 10, 4, 9], "rotation": 90, "texture": "#0"},
				"east": {"uv": [3, 10, 4, 9], "rotation": 90, "texture": "#0"},
				"south": {"uv": [3, 10, 4, 9], "rotation": 90, "texture": "#0"},
				"west": {"uv": [3, 10, 4, 9], "rotation": 90, "texture": "#0"},
				"up": {"uv": [3, 10, 4, 9], "rotation": 90, "texture": "#0"},
				"down": {"uv": [3, 10, 4, 9], "rotation": 90, "texture": "#0"}
			}
		},
		{
			"from": [7.7, 2.8, 0.4],
			"to": [8.4, 3, 0.7],
			"rotation": {"angle": 0, "axis": "y", "origin": [0, 0.4, 0]},
			"faces": {
				"north": {"uv": [0, 0, 16, 16], "texture": "#1"},
				"east": {"uv": [0, 0, 16, 16], "texture": "#1"},
				"south": {"uv": [0, 0, 16, 16], "texture": "#1"},
				"west": {"uv": [0, 0, 16, 16], "texture": "#1"},
				"up": {"uv": [0, 0, 16, 16], "texture": "#1"},
				"down": {"uv": [0, 0, 16, 16], "texture": "#1"}
			}
		},
		{
			"from": [7.7, 2.8, 0.8],
			"to": [8.4, 3, 1.1],
			"rotation": {"angle": 0, "axis": "y", "origin": [0, 0.4, 0]},
			"faces": {
				"north": {"uv": [0, 0, 16, 16], "texture": "#1"},
				"east": {"uv": [0, 0, 16, 16], "texture": "#1"},
				"south": {"uv": [0, 0, 16, 16], "texture": "#1"},
				"west": {"uv": [0, 0, 16, 16], "texture": "#1"},
				"up": {"uv": [0, 0, 16, 16], "texture": "#1"},
				"down": {"uv": [0, 0, 16, 16], "texture": "#1"}
			}
		},
		{
			"from": [7.7, 2.8, 1.2],
			"to": [8.4, 3, 1.5],
			"rotation": {"angle": 0, "axis": "y", "origin": [0, 0.4, 0]},
			"faces": {
				"north": {"uv": [0, 0, 16, 16], "texture": "#1"},
				"east": {"uv": [0, 0, 16, 16], "texture": "#1"},
				"south": {"uv": [0, 0, 16, 16], "texture": "#1"},
				"west": {"uv": [0, 0, 16, 16], "texture": "#1"},
				"up": {"uv": [0, 0, 16, 16], "texture": "#1"},
				"down": {"uv": [0, 0, 16, 16], "texture": "#1"}
			}
		},
		{
			"from": [7.7, 2.8, 1.6],
			"to": [8.4, 3, 1.9],
			"rotation": {"angle": 0, "axis": "y", "origin": [0, 0.4, 0]},
			"faces": {
				"north": {"uv": [0, 0, 16, 16], "texture": "#1"},
				"east": {"uv": [0, 0, 16, 16], "texture": "#1"},
				"south": {"uv": [0, 0, 16, 16], "texture": "#1"},
				"west": {"uv": [0, 0, 16, 16], "texture": "#1"},
				"up": {"uv": [0, 0, 16, 16], "texture": "#1"},
				"down": {"uv": [0, 0, 16, 16], "texture": "#1"}
			}
		},
		{
			"from": [7.7, 2.8, 2],
			"to": [8.4, 3, 2.3],
			"rotation": {"angle": 0, "axis": "y", "origin": [0, 0.4, 0]},
			"faces": {
				"north": {"uv": [0, 0, 16, 16], "texture": "#1"},
				"east": {"uv": [0, 0, 16, 16], "texture": "#1"},
				"south": {"uv": [0, 0, 16, 16], "texture": "#1"},
				"west": {"uv": [0, 0, 16, 16], "texture": "#1"},
				"up": {"uv": [0, 0, 16, 16], "texture": "#1"},
				"down": {"uv": [0, 0, 16, 16], "texture": "#1"}
			}
		},
		{
			"from": [7.7, 2.8, 2.4],
			"to": [8.4, 3, 2.7],
			"rotation": {"angle": 0, "axis": "y", "origin": [0, 0.4, 0]},
			"faces": {
				"north": {"uv": [0, 0, 16, 16], "texture": "#1"},
				"east": {"uv": [0, 0, 16, 16], "texture": "#1"},
				"south": {"uv": [0, 0, 16, 16], "texture": "#1"},
				"west": {"uv": [0, 0, 16, 16], "texture": "#1"},
				"up": {"uv": [0, 0, 16, 16], "texture": "#1"},
				"down": {"uv": [0, 0, 16, 16], "texture": "#1"}
			}
		},
		{
			"from": [7.7, 2.8, 2.8],
			"to": [8.4, 3, 3.1],
			"rotation": {"angle": 0, "axis": "y", "origin": [0, 0.4, 0]},
			"faces": {
				"north": {"uv": [0, 0, 16, 16], "texture": "#1"},
				"east": {"uv": [0, 0, 16, 16], "texture": "#1"},
				"south": {"uv": [0, 0, 16, 16], "texture": "#1"},
				"west": {"uv": [0, 0, 16, 16], "texture": "#1"},
				"up": {"uv": [0, 0, 16, 16], "texture": "#1"},
				"down": {"uv": [0, 0, 16, 16], "texture": "#1"}
			}
		},
		{
			"from": [7.7, 2.8, 3.2],
			"to": [8.4, 3, 3.5],
			"rotation": {"angle": 0, "axis": "y", "origin": [0, 0.4, 0]},
			"faces": {
				"north": {"uv": [0, 0, 16, 16], "texture": "#1"},
				"east": {"uv": [0, 0, 16, 16], "texture": "#1"},
				"south": {"uv": [0, 0, 16, 16], "texture": "#1"},
				"west": {"uv": [0, 0, 16, 16], "texture": "#1"},
				"up": {"uv": [0, 0, 16, 16], "texture": "#1"},
				"down": {"uv": [0, 0, 16, 16], "texture": "#1"}
			}
		},
		{
			"from": [7.7, 2.8, 3.6],
			"to": [8.4, 3, 3.9],
			"rotation": {"angle": 0, "axis": "y", "origin": [0, 0.4, 0]},
			"faces": {
				"north": {"uv": [0, 0, 16, 16], "texture": "#1"},
				"east": {"uv": [0, 0, 16, 16], "texture": "#1"},
				"south": {"uv": [0, 0, 16, 16], "texture": "#1"},
				"west": {"uv": [0, 0, 16, 16], "texture": "#1"},
				"up": {"uv": [0, 0, 16, 16], "texture": "#1"},
				"down": {"uv": [0, 0, 16, 16], "texture": "#1"}
			}
		},
		{
			"from": [7.7, 2.8, 4],
			"to": [8.4, 3, 4.3],
			"rotation": {"angle": 0, "axis": "y", "origin": [0, 0.4, 0]},
			"faces": {
				"north": {"uv": [0, 0, 16, 16], "texture": "#1"},
				"east": {"uv": [0, 0, 16, 16], "texture": "#1"},
				"south": {"uv": [0, 0, 16, 16], "texture": "#1"},
				"west": {"uv": [0, 0, 16, 16], "texture": "#1"},
				"up": {"uv": [0, 0, 16, 16], "texture": "#1"},
				"down": {"uv": [0, 0, 16, 16], "texture": "#1"}
			}
		},
		{
			"from": [7.7, 2.8, 4.4],
			"to": [8.4, 3, 4.7],
			"rotation": {"angle": 0, "axis": "y", "origin": [0, 0.4, 0]},
			"faces": {
				"north": {"uv": [0, 0, 16, 16], "texture": "#1"},
				"east": {"uv": [0, 0, 16, 16], "texture": "#1"},
				"south": {"uv": [0, 0, 16, 16], "texture": "#1"},
				"west": {"uv": [0, 0, 16, 16], "texture": "#1"},
				"up": {"uv": [0, 0, 16, 16], "texture": "#1"},
				"down": {"uv": [0, 0, 16, 16], "texture": "#1"}
			}
		},
		{
			"from": [7.7, 2.8, 4.8],
			"to": [8.4, 3, 5.1],
			"rotation": {"angle": 0, "axis": "y", "origin": [0, 0.4, 0]},
			"faces": {
				"north": {"uv": [0, 0, 16, 16], "texture": "#1"},
				"east": {"uv": [0, 0, 16, 16], "texture": "#1"},
				"south": {"uv": [0, 0, 16, 16], "texture": "#1"},
				"west": {"uv": [0, 0, 16, 16], "texture": "#1"},
				"up": {"uv": [0, 0, 16, 16], "texture": "#1"},
				"down": {"uv": [0, 0, 16, 16], "texture": "#1"}
			}
		},
		{
			"from": [7.7, 2.8, 5.2],
			"to": [8.4, 3, 5.5],
			"rotation": {"angle": 0, "axis": "y", "origin": [0, 0.4, 0]},
			"faces": {
				"north": {"uv": [0, 0, 16, 16], "texture": "#1"},
				"east": {"uv": [0, 0, 16, 16], "texture": "#1"},
				"south": {"uv": [0, 0, 16, 16], "texture": "#1"},
				"west": {"uv": [0, 0, 16, 16], "texture": "#1"},
				"up": {"uv": [0, 0, 16, 16], "texture": "#1"},
				"down": {"uv": [0, 0, 16, 16], "texture": "#1"}
			}
		},
		{
			"from": [7.2, 3.1, -8.2],
			"to": [8.8, 4.8, -7.7],
			"faces": {
				"north": {"uv": [3, 10, 4, 9], "rotation": 90, "texture": "#0"},
				"east": {"uv": [3, 10, 4, 9], "rotation": 90, "texture": "#0"},
				"south": {"uv": [3, 10, 4, 9], "rotation": 90, "texture": "#0"},
				"west": {"uv": [3, 10, 4, 9], "rotation": 90, "texture": "#0"},
				"up": {"uv": [3, 10, 4, 9], "rotation": 90, "texture": "#0"},
				"down": {"uv": [3, 10, 4, 9], "rotation": 90, "texture": "#0"}
			}
		},
		{
			"from": [7.3, 1.9, 6.2],
			"to": [8.8, 3.3, 7.6],
			"rotation": {"angle": 0, "axis": "y", "origin": [0, -0.5, 0.1]},
			"faces": {
				"north": {"uv": [3, 10, 4, 9], "rotation": 90, "texture": "#0"},
				"east": {"uv": [3, 10, 4, 9], "rotation": 90, "texture": "#0"},
				"south": {"uv": [3, 10, 4, 9], "rotation": 90, "texture": "#0"},
				"west": {"uv": [3, 10, 4, 9], "rotation": 90, "texture": "#0"},
				"up": {"uv": [3, 10, 4, 9], "rotation": 90, "texture": "#0"},
				"down": {"uv": [3, 10, 4, 9], "rotation": 90, "texture": "#0"}
			}
		},
		{
			"from": [7.6, 2.4, 5.6],
			"to": [8.5, 4.8, 6.4],
			"rotation": {"angle": -22.5, "axis": "x", "origin": [0, 0, 0.1]},
			"faces": {
				"north": {"uv": [3, 10, 4, 9], "rotation": 90, "texture": "#0"},
				"east": {"uv": [3, 10, 4, 9], "rotation": 90, "texture": "#0"},
				"south": {"uv": [3, 10, 4, 9], "rotation": 90, "texture": "#0"},
				"west": {"uv": [3, 10, 4, 9], "rotation": 90, "texture": "#0"},
				"up": {"uv": [3, 10, 4, 9], "rotation": 90, "texture": "#0"},
				"down": {"uv": [3, 10, 4, 9], "rotation": 90, "texture": "#0"}
			}
		},
		{
			"from": [7.1, 5.4, 2.7],
			"to": [8.9, 6.7, 4.2],
			"rotation": {"angle": 45, "axis": "x", "origin": [0, -0.5, 0.1]},
			"faces": {
				"north": {"uv": [3, 10, 4, 9], "rotation": 90, "texture": "#0"},
				"east": {"uv": [3, 10, 4, 9], "rotation": 90, "texture": "#0"},
				"south": {"uv": [3, 10, 4, 9], "rotation": 90, "texture": "#0"},
				"west": {"uv": [3, 10, 4, 9], "rotation": 90, "texture": "#0"},
				"up": {"uv": [3, 10, 4, 9], "rotation": 90, "texture": "#0"},
				"down": {"uv": [3, 10, 4, 9], "rotation": 90, "texture": "#0"}
			}
		},
		{
			"from": [7.1, 3.3, 8.7],
			"to": [9, 4.4, 14],
			"rotation": {"angle": 0, "axis": "y", "origin": [0, 0, 0.1]},
			"faces": {
				"north": {"uv": [3, 10, 4, 9], "rotation": 90, "texture": "#0"},
				"east": {"uv": [3, 10, 4, 9], "rotation": 90, "texture": "#0"},
				"south": {"uv": [3, 10, 4, 9], "rotation": 90, "texture": "#0"},
				"west": {"uv": [3, 10, 4, 9], "rotation": 90, "texture": "#0"},
				"up": {"uv": [3, 10, 4, 9], "rotation": 90, "texture": "#0"},
				"down": {"uv": [3, 10, 4, 9], "rotation": 90, "texture": "#0"}
			}
		},
		{
			"from": [7.3, 6.5, 6.9],
			"to": [8.8, 7.4, 8.2],
			"rotation": {"angle": 22.5, "axis": "x", "origin": [0, 0, 0.1]},
			"faces": {
				"north": {"uv": [3, 10, 4, 9], "rotation": 90, "texture": "#0"},
				"east": {"uv": [3, 10, 4, 9], "rotation": 90, "texture": "#0"},
				"south": {"uv": [3, 10, 4, 9], "rotation": 90, "texture": "#0"},
				"west": {"uv": [3, 10, 4, 9], "rotation": 90, "texture": "#0"},
				"up": {"uv": [3, 10, 4, 9], "rotation": 90, "texture": "#0"},
				"down": {"uv": [3, 10, 4, 9], "rotation": 90, "texture": "#0"}
			}
		},
		{
			"from": [7.3, 7.7, 10.2],
			"to": [8.8, 8.8, 11.7],
			"rotation": {"angle": 22.5, "axis": "x", "origin": [0, 0, 0.1]},
			"faces": {
				"north": {"uv": [3, 10, 4, 9], "rotation": 90, "texture": "#0"},
				"east": {"uv": [3, 10, 4, 9], "rotation": 90, "texture": "#0"},
				"south": {"uv": [3, 10, 4, 9], "rotation": 90, "texture": "#0"},
				"west": {"uv": [3, 10, 4, 9], "rotation": 90, "texture": "#0"},
				"up": {"uv": [3, 10, 4, 9], "rotation": 90, "texture": "#0"},
				"down": {"uv": [3, 10, 4, 9], "rotation": 90, "texture": "#0"}
			}
		},
		{
			"from": [7.6, 3.8, 9.8],
			"to": [8.5, 6.2, 10.6],
			"rotation": {"angle": 0, "axis": "x", "origin": [0, 0, 0.1]},
			"faces": {
				"north": {"uv": [3, 10, 4, 9], "rotation": 90, "texture": "#0"},
				"east": {"uv": [3, 10, 4, 9], "rotation": 90, "texture": "#0"},
				"south": {"uv": [3, 10, 4, 9], "rotation": 90, "texture": "#0"},
				"west": {"uv": [3, 10, 4, 9], "rotation": 90, "texture": "#0"},
				"up": {"uv": [3, 10, 4, 9], "rotation": 90, "texture": "#0"},
				"down": {"uv": [3, 10, 4, 9], "rotation": 90, "texture": "#0"}
			}
		},
		{
			"from": [7.5, 6, 9.6],
			"to": [8.6, 6.2, 10.7],
			"rotation": {"angle": 0, "axis": "y", "origin": [0, 0, 0.1]},
			"faces": {
				"north": {"uv": [3, 10, 4, 9], "rotation": 90, "texture": "#0"},
				"east": {"uv": [3, 10, 4, 9], "rotation": 90, "texture": "#0"},
				"south": {"uv": [3, 10, 4, 9], "rotation": 90, "texture": "#0"},
				"west": {"uv": [3, 10, 4, 9], "rotation": 90, "texture": "#0"},
				"up": {"uv": [3, 10, 4, 9], "rotation": 90, "texture": "#0"},
				"down": {"uv": [3, 10, 4, 9], "rotation": 90, "texture": "#0"}
			}
		},
		{
			"from": [7.5, 4.8, 5.4],
			"to": [8.6, 5, 6.5],
			"rotation": {"angle": -22.5, "axis": "x", "origin": [0, 0, 0.1]},
			"faces": {
				"north": {"uv": [3, 10, 4, 9], "rotation": 90, "texture": "#0"},
				"east": {"uv": [3, 10, 4, 9], "rotation": 90, "texture": "#0"},
				"south": {"uv": [3, 10, 4, 9], "rotation": 90, "texture": "#0"},
				"west": {"uv": [3, 10, 4, 9], "rotation": 90, "texture": "#0"},
				"up": {"uv": [3, 10, 4, 9], "rotation": 90, "texture": "#0"},
				"down": {"uv": [3, 10, 4, 9], "rotation": 90, "texture": "#0"}
			}
		},
		{
			"from": [7.4, 2, 10.4],
			"to": [8.7, 3.2, 12.1],
			"rotation": {"angle": 0, "axis": "y", "origin": [0, -0.5, 0.1]},
			"faces": {
				"north": {"uv": [3, 10, 4, 9], "rotation": 90, "texture": "#0"},
				"east": {"uv": [3, 10, 4, 9], "rotation": 90, "texture": "#0"},
				"south": {"uv": [3, 10, 4, 9], "rotation": 90, "texture": "#0"},
				"west": {"uv": [3, 10, 4, 9], "rotation": 90, "texture": "#0"},
				"up": {"uv": [3, 10, 4, 9], "rotation": 90, "texture": "#0"},
				"down": {"uv": [3, 10, 4, 9], "rotation": 90, "texture": "#0"}
			}
		},
		{
			"from": [7.3, 2.2, 10.4],
			"to": [8.8, 3, 12.5],
			"rotation": {"angle": 0, "axis": "y", "origin": [0, -0.5, 0.1]},
			"faces": {
				"north": {"uv": [3, 10, 4, 9], "rotation": 90, "texture": "#0"},
				"east": {"uv": [3, 10, 4, 9], "rotation": 90, "texture": "#0"},
				"south": {"uv": [3, 10, 4, 9], "rotation": 90, "texture": "#0"},
				"west": {"uv": [3, 10, 4, 9], "rotation": 90, "texture": "#0"},
				"up": {"uv": [3, 10, 4, 9], "rotation": 90, "texture": "#0"},
				"down": {"uv": [3, 10, 4, 9], "rotation": 90, "texture": "#0"}
			}
		},
		{
			"from": [7.5, 3.2, 10.4],
			"to": [8.6, 3.4, 12.1],
			"rotation": {"angle": 0, "axis": "y", "origin": [0, -0.5, 0.1]},
			"faces": {
				"north": {"uv": [3, 10, 4, 9], "rotation": 90, "texture": "#0"},
				"east": {"uv": [3, 10, 4, 9], "rotation": 90, "texture": "#0"},
				"south": {"uv": [3, 10, 4, 9], "rotation": 90, "texture": "#0"},
				"west": {"uv": [3, 10, 4, 9], "rotation": 90, "texture": "#0"},
				"up": {"uv": [3, 10, 4, 9], "rotation": 90, "texture": "#0"},
				"down": {"uv": [3, 10, 4, 9], "rotation": 90, "texture": "#0"}
			}
		},
		{
			"from": [7.6, 3.5, 3.1],
			"to": [8.4, 5.4, 3.8],
			"rotation": {"angle": 45, "axis": "x", "origin": [0, -0.5, 0.1]},
			"faces": {
				"north": {"uv": [0, 0, 16, 16], "rotation": 270, "texture": "#1"},
				"east": {"uv": [0, 0, 16, 16], "rotation": 270, "texture": "#1"},
				"south": {"uv": [0, 0, 16, 16], "rotation": 270, "texture": "#1"},
				"west": {"uv": [0, 0, 16, 16], "rotation": 270, "texture": "#1"},
				"up": {"uv": [0, 0, 16, 16], "rotation": 270, "texture": "#1"},
				"down": {"uv": [0, 0, 16, 16], "rotation": 270, "texture": "#1"}
			}
		},
		{
			"from": [7.4, 1.9, 2.9],
			"to": [8.6, 3.5, 4],
			"rotation": {"angle": 45, "axis": "x", "origin": [0, -0.5, 0.1]},
			"faces": {
				"north": {"uv": [3, 10, 4, 9], "rotation": 90, "texture": "#0"},
				"east": {"uv": [3, 10, 4, 9], "rotation": 90, "texture": "#0"},
				"south": {"uv": [3, 10, 4, 9], "rotation": 90, "texture": "#0"},
				"west": {"uv": [3, 10, 4, 9], "rotation": 90, "texture": "#0"},
				"up": {"uv": [3, 10, 4, 9], "rotation": 90, "texture": "#0"},
				"down": {"uv": [3, 10, 4, 9], "rotation": 90, "texture": "#0"}
			}
		},
		{
			"from": [7.5, 3.9, 3],
			"to": [8.5, 5, 3.9],
			"rotation": {"angle": 45, "axis": "x", "origin": [0, -0.5, 0.1]},
			"faces": {
				"north": {"uv": [3, 10, 4, 9], "rotation": 90, "texture": "#0"},
				"east": {"uv": [3, 10, 4, 9], "rotation": 90, "texture": "#0"},
				"south": {"uv": [3, 10, 4, 9], "rotation": 90, "texture": "#0"},
				"west": {"uv": [3, 10, 4, 9], "rotation": 90, "texture": "#0"},
				"up": {"uv": [3, 10, 4, 9], "rotation": 90, "texture": "#0"},
				"down": {"uv": [3, 10, 4, 9], "rotation": 90, "texture": "#0"}
			}
		},
		{
			"from": [7.3, 8.7, 11.1],
			"to": [8.8, 9.4, 11.7],
			"rotation": {"angle": 22.5, "axis": "x", "origin": [0, 0, 0.1]},
			"faces": {
				"north": {"uv": [3, 10, 4, 9], "rotation": 90, "texture": "#0"},
				"east": {"uv": [3, 10, 4, 9], "rotation": 90, "texture": "#0"},
				"south": {"uv": [3, 10, 4, 9], "rotation": 90, "texture": "#0"},
				"west": {"uv": [3, 10, 4, 9], "rotation": 90, "texture": "#0"},
				"up": {"uv": [3, 10, 4, 9], "rotation": 90, "texture": "#0"},
				"down": {"uv": [3, 10, 4, 9], "rotation": 90, "texture": "#0"}
			}
		},
		{
			"from": [7.3, 1.7, 6.2],
			"to": [8.8, 2.1, 8.1],
			"rotation": {"angle": 0, "axis": "y", "origin": [0, -0.5, 0.1]},
			"faces": {
				"north": {"uv": [3, 10, 4, 9], "rotation": 90, "texture": "#0"},
				"east": {"uv": [3, 10, 4, 9], "rotation": 90, "texture": "#0"},
				"south": {"uv": [3, 10, 4, 9], "rotation": 90, "texture": "#0"},
				"west": {"uv": [3, 10, 4, 9], "rotation": 90, "texture": "#0"},
				"up": {"uv": [3, 10, 4, 9], "rotation": 90, "texture": "#0"},
				"down": {"uv": [3, 10, 4, 9], "rotation": 90, "texture": "#0"}
			}
		},
		{
			"from": [7.6, 3.3, 5.8],
			"to": [8.5, 4.9, 6],
			"rotation": {"angle": 0, "axis": "y", "origin": [0, 0, 0.1]},
			"faces": {
				"north": {"uv": [0, 0, 16, 16], "texture": "#1"},
				"east": {"uv": [0, 0, 16, 16], "texture": "#1"},
				"south": {"uv": [0, 0, 16, 16], "texture": "#1"},
				"west": {"uv": [0, 0, 16, 16], "texture": "#1"},
				"up": {"uv": [0, 0, 16, 16], "texture": "#1"},
				"down": {"uv": [0, 0, 16, 16], "texture": "#1"}
			}
		},
		{
			"from": [7.3, 3.3, -1.1],
			"to": [8.7, 4.6, -0.1],
			"faces": {
				"north": {"uv": [0, 0, 16, 16], "texture": "#1"},
				"east": {"uv": [0, 0, 16, 16], "texture": "#1"},
				"south": {"uv": [0, 0, 16, 16], "texture": "#1"},
				"west": {"uv": [0, 0, 16, 16], "texture": "#1"},
				"up": {"uv": [0, 0, 16, 16], "texture": "#1"},
				"down": {"uv": [0, 0, 16, 16], "texture": "#1"}
			}
		},
		{
			"from": [7.6, 1.7, 3.1],
			"to": [8.4, 2, 3.8],
			"rotation": {"angle": 45, "axis": "x", "origin": [0, -0.5, 0.1]},
			"faces": {
				"north": {"uv": [3, 10, 4, 9], "rotation": 90, "texture": "#0"},
				"east": {"uv": [3, 10, 4, 9], "rotation": 90, "texture": "#0"},
				"south": {"uv": [3, 10, 4, 9], "rotation": 90, "texture": "#0"},
				"west": {"uv": [3, 10, 4, 9], "rotation": 90, "texture": "#0"},
				"up": {"uv": [3, 10, 4, 9], "rotation": 90, "texture": "#0"},
				"down": {"uv": [3, 10, 4, 9], "rotation": 90, "texture": "#0"}
			}
		},
		{
			"from": [7.2, 3.2, -2.6],
			"to": [8.8, 4.8, -2.3],
			"faces": {
				"north": {"uv": [3, 10, 4, 9], "rotation": 90, "texture": "#0"},
				"east": {"uv": [3, 10, 4, 9], "rotation": 90, "texture": "#0"},
				"south": {"uv": [3, 10, 4, 9], "rotation": 90, "texture": "#0"},
				"west": {"uv": [3, 10, 4, 9], "rotation": 90, "texture": "#0"},
				"up": {"uv": [3, 10, 4, 9], "rotation": 90, "texture": "#0"},
				"down": {"uv": [3, 10, 4, 9], "rotation": 90, "texture": "#0"}
			}
		},
		{
			"from": [7.2, 3.2, -2.3],
			"to": [8.8, 4.8, -2.1],
			"faces": {
				"north": {"uv": [0, 11, 1, 7], "rotation": 90, "texture": "#2"},
				"east": {"uv": [0, 11, 1, 7], "texture": "#2"},
				"south": {"uv": [0, 11, 1, 7], "rotation": 90, "texture": "#2"},
				"west": {"uv": [0, 11, 1, 7], "texture": "#2"},
				"up": {"uv": [0, 11, 1, 7], "rotation": 90, "texture": "#2"},
				"down": {"uv": [0, 11, 1, 7], "rotation": 90, "texture": "#2"}
			}
		},
		{
			"from": [6.6, 3.6, -5.3],
			"to": [9.4, 4.4, -3.5],
			"faces": {
				"north": {"uv": [3, 14, 4, 16], "rotation": 90, "texture": "#2"},
				"east": {"uv": [3, 14, 4, 16], "rotation": 90, "texture": "#2"},
				"south": {"uv": [3, 14, 4, 16], "rotation": 90, "texture": "#2"},
				"west": {"uv": [3, 14, 4, 16], "rotation": 90, "texture": "#2"},
				"up": {"uv": [3, 14, 4, 16], "rotation": 90, "texture": "#2"},
				"down": {"uv": [3, 14, 4, 16], "rotation": 90, "texture": "#2"}
			}
		},
		{
			"from": [6.6, 3.7, -6],
			"to": [9.4, 4.3, -5.3],
			"faces": {
				"north": {"uv": [3, 14, 4, 16], "rotation": 90, "texture": "#2"},
				"east": {"uv": [3, 14, 4, 16], "rotation": 90, "texture": "#2"},
				"south": {"uv": [3, 14, 4, 16], "rotation": 90, "texture": "#2"},
				"west": {"uv": [3, 14, 4, 16], "rotation": 90, "texture": "#2"},
				"up": {"uv": [3, 14, 4, 16], "rotation": 90, "texture": "#2"},
				"down": {"uv": [3, 14, 4, 16], "rotation": 90, "texture": "#2"}
			}
		},
		{
			"from": [7.6, 2.6, -5.3],
			"to": [8.4, 5.4, -3.5],
			"faces": {
				"north": {"uv": [3, 14, 4, 16], "texture": "#2"},
				"east": {"uv": [3, 14, 4, 16], "rotation": 180, "texture": "#2"},
				"south": {"uv": [3, 14, 4, 16], "rotation": 180, "texture": "#2"},
				"west": {"uv": [3, 14, 4, 16], "rotation": 180, "texture": "#2"},
				"up": {"uv": [3, 14, 4, 16], "rotation": 180, "texture": "#2"},
				"down": {"uv": [3, 14, 4, 16], "rotation": 180, "texture": "#2"}
			}
		},
		{
			"from": [7.7, 2.6, -6],
			"to": [8.3, 5.4, -5.3],
			"faces": {
				"north": {"uv": [3, 14, 4, 16], "texture": "#2"},
				"east": {"uv": [3, 14, 4, 16], "rotation": 180, "texture": "#2"},
				"south": {"uv": [3, 14, 4, 16], "rotation": 180, "texture": "#2"},
				"west": {"uv": [3, 14, 4, 16], "rotation": 180, "texture": "#2"},
				"up": {"uv": [3, 14, 4, 16], "rotation": 180, "texture": "#2"},
				"down": {"uv": [3, 14, 4, 16], "rotation": 180, "texture": "#2"}
			}
		},
		{
			"from": [7.5, 2.2, 10.1],
			"to": [8.7, 3, 10.4],
			"rotation": {"angle": 0, "axis": "y", "origin": [0, -0.5, 0.1]},
			"faces": {
				"north": {"uv": [0, 0, 16, 16], "rotation": 90, "texture": "#1"},
				"east": {"uv": [0, 0, 16, 16], "rotation": 90, "texture": "#1"},
				"south": {"uv": [0, 0, 16, 16], "rotation": 90, "texture": "#1"},
				"west": {"uv": [0, 0, 16, 16], "rotation": 90, "texture": "#1"},
				"up": {"uv": [0, 0, 16, 16], "rotation": 90, "texture": "#1"},
				"down": {"uv": [0, 0, 16, 16], "rotation": 90, "texture": "#1"}
			}
		}
	],
	"display": {
		"thirdperson_righthand": {
			"rotation": [68, 0, 0],
			"translation": [0, 0.5, 3.25],
			"scale": [1.1, 1.1, 1.1]
		},
		"thirdperson_lefthand": {
			"rotation": [68, 0, 0],
			"translation": [0, 0.5, 3.25],
			"scale": [1.1, 1.1, 1.1]
		},
		"firstperson_righthand": {
			"translation": [3, -1.5, 0],
			"scale": [1, 1, 0.86]
		},
		"firstperson_lefthand": {
			"translation": [3, -1.5, 0],
			"scale": [1, 1, 0.86]
		},
		"gui": {
			"rotation": [78, 44, -79],
			"translation": [6.75, -1.75, 0]
		}
	}
}