{
	"credit": "Made with Blockbench",
	"parent": "orkoz_armaz",
	"textures": {
		"0": "minecraft:block/blockblue_concrete",
		"1": "minecraft:block/netherite_block",
		"2": "minecraft:block/iron_block",
		"3": "minecraft:block/gold_block",
		"4": "minecraft:block/blackstone",
		"particle": "minecraft:block/blue_concrete"
	},
	"elements": [
		{
			"from": [6, 11.75, -12],
			"to": [7, 13.75, -10],
			"rotation": {"angle": 0, "axis": "y", "origin": [5, 11.75, 4]},
			"faces": {
				"north": {"uv": [3, 6, 4, 8], "texture": "#3"},
				"east": {"uv": [5, 1, 7, 3], "texture": "#3"},
				"south": {"uv": [7, 8, 8, 10], "texture": "#3"},
				"west": {"uv": [4, 4, 6, 6], "texture": "#3"},
				"up": {"uv": [4, 10, 5, 12], "texture": "#3"},
				"down": {"uv": [10, 5, 11, 7], "texture": "#3"}
			}
		},
		{
			"from": [9, 11.75, -12],
			"to": [10, 13.75, -10],
			"rotation": {"angle": 0, "axis": "y", "origin": [5, 11.75, 4]},
			"faces": {
				"north": {"uv": [4, 5, 5, 7], "texture": "#3"},
				"east": {"uv": [5, 3, 7, 5], "texture": "#3"},
				"south": {"uv": [10, 9, 11, 11], "texture": "#3"},
				"west": {"uv": [9, 3, 11, 5], "texture": "#3"},
				"up": {"uv": [6, 9, 7, 11], "texture": "#3"},
				"down": {"uv": [2, 2, 3, 4], "texture": "#3"}
			}
		},
		{
			"from": [7, 13.75, -12],
			"to": [9, 14.75, -10],
			"rotation": {"angle": 0, "axis": "y", "origin": [5, 11.75, 4]},
			"faces": {
				"north": {"uv": [5, 6, 7, 7], "texture": "#3"},
				"east": {"uv": [10, 8, 12, 9], "texture": "#3"},
				"south": {"uv": [2, 7, 4, 8], "texture": "#3"},
				"west": {"uv": [4, 10, 6, 11], "texture": "#3"},
				"up": {"uv": [3, 3, 5, 5], "texture": "#3"},
				"down": {"uv": [6, 2, 8, 4], "texture": "#3"}
			}
		},
		{
			"from": [7, 10.75, -12],
			"to": [9, 11.75, -10],
			"rotation": {"angle": 0, "axis": "y", "origin": [5, 11.75, 4]},
			"faces": {
				"north": {"uv": [10, 11, 12, 12], "texture": "#3"},
				"east": {"uv": [3, 2, 5, 3], "texture": "#3"},
				"south": {"uv": [11, 6, 13, 7], "texture": "#3"},
				"west": {"uv": [2, 4, 4, 5], "texture": "#3"},
				"up": {"uv": [5, 8, 7, 10], "texture": "#3"},
				"down": {"uv": [5, 4, 7, 6], "texture": "#3"}
			}
		},
		{
			"from": [6, 9.75, -10],
			"to": [10, 18.75, 3],
			"rotation": {"angle": 0, "axis": "y", "origin": [5, 11.75, 4]},
			"faces": {
				"north": {"uv": [2, 3, 6, 12], "texture": "#1"},
				"east": {"uv": [0, 0, 13, 9], "texture": "#1"},
				"south": {"uv": [0, 0, 4, 9], "texture": "#1"},
				"west": {"uv": [0, 0, 13, 9], "texture": "#1"},
				"up": {"uv": [5, 1, 9, 14], "texture": "#1"},
				"down": {"uv": [5, 1, 9, 14], "texture": "#1"}
			}
		},
		{
			"from": [5, 10.75, -10],
			"to": [6, 17.75, 3],
			"rotation": {"angle": 0, "axis": "y", "origin": [5, 11.75, 4]},
			"faces": {
				"north": {"uv": [6, 4, 7, 11], "texture": "#1"},
				"east": {"uv": [0, 0, 13, 7], "texture": "#1"},
				"south": {"uv": [0, 0, 1, 7], "texture": "#1"},
				"west": {"uv": [2, 1, 15, 8], "texture": "#1"},
				"up": {"uv": [1, 2, 2, 15], "texture": "#1"},
				"down": {"uv": [1, 2, 2, 15], "texture": "#1"}
			}
		},
		{
			"from": [10, 10.75, -10],
			"to": [11, 17.75, 3],
			"rotation": {"angle": 0, "axis": "y", "origin": [5, 11.75, 4]},
			"faces": {
				"north": {"uv": [1, 4, 2, 11], "texture": "#1"},
				"east": {"uv": [2, 1, 15, 8], "texture": "#1"},
				"south": {"uv": [0, 0, 1, 7], "texture": "#1"},
				"west": {"uv": [0, 0, 13, 7], "texture": "#1"},
				"up": {"uv": [1, 1, 2, 14], "texture": "#1"},
				"down": {"uv": [1, 1, 2, 14], "texture": "#1"}
			}
		},
		{
			"from": [7.5, 18.75, -8],
			"to": [8.5, 21.75, -6],
			"rotation": {"angle": 0, "axis": "y", "origin": [5, 11.75, 4]},
			"faces": {
				"north": {"uv": [0, 0, 1, 3], "texture": "#3"},
				"east": {"uv": [2, 6, 4, 9], "texture": "#3"},
				"south": {"uv": [0, 0, 1, 3], "texture": "#3"},
				"west": {"uv": [5, 4, 7, 7], "texture": "#3"},
				"up": {"uv": [0, 0, 1, 2], "texture": "#3"},
				"down": {"uv": [0, 0, 1, 2], "texture": "#3"}
			}
		},
		{
			"from": [4.5, 10.75, -8],
			"to": [5, 17.75, -6],
			"rotation": {"angle": 0, "axis": "y", "origin": [5, 11.75, 4]},
			"faces": {
				"north": {"uv": [0, 0, 0.5, 7], "texture": "#3"},
				"east": {"uv": [3, 2, 5, 9], "texture": "#3"},
				"south": {"uv": [0, 0, 0.5, 7], "texture": "#3"},
				"west": {"uv": [7, 5, 9, 12], "texture": "#3"},
				"up": {"uv": [0, 0, 0.5, 2], "texture": "#3"},
				"down": {"uv": [0, 0, 0.5, 2], "texture": "#3"}
			}
		},
		{
			"from": [11, 10.75, -8],
			"to": [11.5, 17.75, -6],
			"rotation": {"angle": 0, "axis": "y", "origin": [5, 11.75, 4]},
			"faces": {
				"north": {"uv": [0, 0, 0.5, 7], "texture": "#3"},
				"east": {"uv": [9, 8, 11, 15], "texture": "#3"},
				"south": {"uv": [0, 0, 0.5, 7], "texture": "#3"},
				"west": {"uv": [3, 3, 5, 10], "texture": "#3"},
				"up": {"uv": [0, 0, 0.5, 2], "texture": "#3"},
				"down": {"uv": [0, 0, 0.5, 2], "texture": "#3"}
			}
		},
		{
			"from": [10, 18.25, -8],
			"to": [10.5, 18.75, -6],
			"rotation": {"angle": 0, "axis": "y", "origin": [5, 11.75, 4]},
			"faces": {
				"north": {"uv": [0, 0, 0.5, 0.5], "texture": "#3"},
				"east": {"uv": [0, 0, 2, 0.5], "texture": "#3"},
				"south": {"uv": [0, 0, 0.5, 0.5], "texture": "#3"},
				"west": {"uv": [0, 0, 2, 0.5], "texture": "#3"},
				"up": {"uv": [0, 0, 0.5, 2], "texture": "#3"},
				"down": {"uv": [0, 0, 0.5, 2], "texture": "#3"}
			}
		},
		{
			"from": [5.5, 18.25, -8],
			"to": [6, 18.75, -6],
			"rotation": {"angle": 0, "axis": "y", "origin": [5, 11.75, 4]},
			"faces": {
				"north": {"uv": [0, 0, 0.5, 0.5], "texture": "#3"},
				"east": {"uv": [0, 0, 2, 0.5], "texture": "#3"},
				"south": {"uv": [0, 0, 0.5, 0.5], "texture": "#3"},
				"west": {"uv": [0, 0, 2, 0.5], "texture": "#3"},
				"up": {"uv": [0, 0, 0.5, 2], "texture": "#3"},
				"down": {"uv": [0, 0, 0.5, 2], "texture": "#3"}
			}
		},
		{
			"from": [5.5, 9.75, -8],
			"to": [6, 10.25, -6],
			"rotation": {"angle": 0, "axis": "y", "origin": [5, 11.75, 4]},
			"faces": {
				"north": {"uv": [0, 0, 0.5, 0.5], "texture": "#3"},
				"east": {"uv": [0, 0, 2, 0.5], "texture": "#3"},
				"south": {"uv": [0, 0, 0.5, 0.5], "texture": "#3"},
				"west": {"uv": [0, 0, 2, 0.5], "texture": "#3"},
				"up": {"uv": [0, 0, 0.5, 2], "texture": "#3"},
				"down": {"uv": [0, 0, 0.5, 2], "texture": "#3"}
			}
		},
		{
			"from": [10, 9.75, -8],
			"to": [10.5, 10.25, -6],
			"rotation": {"angle": 0, "axis": "y", "origin": [5, 11.75, 4]},
			"faces": {
				"north": {"uv": [0, 0, 0.5, 0.5], "texture": "#3"},
				"east": {"uv": [0, 0, 2, 0.5], "texture": "#3"},
				"south": {"uv": [0, 0, 0.5, 0.5], "texture": "#3"},
				"west": {"uv": [0, 0, 2, 0.5], "texture": "#3"},
				"up": {"uv": [0, 0, 0.5, 2], "texture": "#3"},
				"down": {"uv": [0, 0, 0.5, 2], "texture": "#3"}
			}
		},
		{
			"from": [6, 9.25, -8],
			"to": [10, 9.75, -6],
			"rotation": {"angle": 0, "axis": "y", "origin": [5, 11.75, 4]},
			"faces": {
				"north": {"uv": [0, 0, 4, 0.5], "texture": "#3"},
				"east": {"uv": [0, 0, 2, 0.5], "texture": "#3"},
				"south": {"uv": [0, 0, 4, 0.5], "texture": "#3"},
				"west": {"uv": [0, 0, 2, 0.5], "texture": "#3"},
				"up": {"uv": [5, 10, 9, 12], "texture": "#3"},
				"down": {"uv": [6, 4, 10, 6], "texture": "#3"}
			}
		},
		{
			"from": [8.5, 18.75, -8],
			"to": [10, 19.25, -6],
			"rotation": {"angle": 0, "axis": "y", "origin": [5, 11.75, 4]},
			"faces": {
				"north": {"uv": [0, 0, 1.5, 0.5], "texture": "#3"},
				"east": {"uv": [0, 0, 2, 0.5], "texture": "#3"},
				"south": {"uv": [0, 0, 1.5, 0.5], "texture": "#3"},
				"west": {"uv": [0, 0, 2, 0.5], "texture": "#3"},
				"up": {"uv": [4, 2, 5.5, 4], "texture": "#3"},
				"down": {"uv": [0, 0, 1.5, 2], "texture": "#3"}
			}
		},
		{
			"from": [6, 18.75, -8],
			"to": [7.5, 19.25, -6],
			"rotation": {"angle": 0, "axis": "y", "origin": [5, 11.75, 4]},
			"faces": {
				"north": {"uv": [0, 0, 1.5, 0.5], "texture": "#3"},
				"east": {"uv": [0, 0, 2, 0.5], "texture": "#3"},
				"south": {"uv": [0, 0, 1.5, 0.5], "texture": "#3"},
				"west": {"uv": [0, 0, 2, 0.5], "texture": "#3"},
				"up": {"uv": [6, 5, 7.5, 7], "texture": "#3"},
				"down": {"uv": [0, 0, 1.5, 2], "texture": "#3"}
			}
		},
		{
			"from": [5, 17.75, -8],
			"to": [5.5, 18.25, -6],
			"rotation": {"angle": 0, "axis": "y", "origin": [5, 11.75, 4]},
			"faces": {
				"north": {"uv": [0, 0, 0.5, 0.5], "texture": "#3"},
				"east": {"uv": [0, 0, 2, 0.5], "texture": "#3"},
				"south": {"uv": [0, 0, 0.5, 0.5], "texture": "#3"},
				"west": {"uv": [0, 0, 2, 0.5], "texture": "#3"},
				"up": {"uv": [0, 0, 0.5, 2], "texture": "#3"},
				"down": {"uv": [0, 0, 0.5, 2], "texture": "#3"}
			}
		},
		{
			"from": [10.5, 17.75, -8],
			"to": [11, 18.25, -6],
			"rotation": {"angle": 0, "axis": "y", "origin": [5, 11.75, 4]},
			"faces": {
				"north": {"uv": [0, 0, 0.5, 0.5], "texture": "#3"},
				"east": {"uv": [0, 0, 2, 0.5], "texture": "#3"},
				"south": {"uv": [0, 0, 0.5, 0.5], "texture": "#3"},
				"west": {"uv": [0, 0, 2, 0.5], "texture": "#3"},
				"up": {"uv": [0, 0, 0.5, 2], "texture": "#3"},
				"down": {"uv": [0, 0, 0.5, 2], "texture": "#3"}
			}
		},
		{
			"from": [10, 17.75, -8.5],
			"to": [10.5, 18.25, -5.5],
			"rotation": {"angle": 0, "axis": "y", "origin": [5, 11.75, 4]},
			"faces": {
				"north": {"uv": [0, 0, 0.5, 0.5], "texture": "#3"},
				"east": {"uv": [0, 0, 3, 0.5], "texture": "#3"},
				"south": {"uv": [0, 0, 0.5, 0.5], "texture": "#3"},
				"west": {"uv": [0, 0, 3, 0.5], "texture": "#3"},
				"up": {"uv": [0, 0, 0.5, 3], "texture": "#3"},
				"down": {"uv": [0, 0, 0.5, 3], "texture": "#3"}
			}
		},
		{
			"from": [5.5, 17.75, -8.5],
			"to": [6, 18.25, -5.5],
			"rotation": {"angle": 0, "axis": "y", "origin": [5, 11.75, 4]},
			"faces": {
				"north": {"uv": [0, 0, 0.5, 0.5], "texture": "#3"},
				"east": {"uv": [0, 0, 3, 0.5], "texture": "#3"},
				"south": {"uv": [0, 0, 0.5, 0.5], "texture": "#3"},
				"west": {"uv": [0, 0, 3, 0.5], "texture": "#3"},
				"up": {"uv": [0, 0, 0.5, 3], "texture": "#3"},
				"down": {"uv": [0, 0, 0.5, 3], "texture": "#3"}
			}
		},
		{
			"from": [5, 10.25, -8],
			"to": [5.5, 10.75, -6],
			"rotation": {"angle": 0, "axis": "y", "origin": [5, 11.75, 4]},
			"faces": {
				"north": {"uv": [0, 0, 0.5, 0.5], "texture": "#3"},
				"east": {"uv": [0, 0, 2, 0.5], "texture": "#3"},
				"south": {"uv": [0, 0, 0.5, 0.5], "texture": "#3"},
				"west": {"uv": [0, 0, 2, 0.5], "texture": "#3"},
				"up": {"uv": [0, 0, 0.5, 2], "texture": "#3"},
				"down": {"uv": [0, 0, 0.5, 2], "texture": "#3"}
			}
		},
		{
			"from": [10.5, 10.25, -8],
			"to": [11, 10.75, -6],
			"rotation": {"angle": 0, "axis": "y", "origin": [5, 11.75, 4]},
			"faces": {
				"north": {"uv": [0, 0, 0.5, 0.5], "texture": "#3"},
				"east": {"uv": [0, 0, 2, 0.5], "texture": "#3"},
				"south": {"uv": [0, 0, 0.5, 0.5], "texture": "#3"},
				"west": {"uv": [0, 0, 2, 0.5], "texture": "#3"},
				"up": {"uv": [0, 0, 0.5, 2], "texture": "#3"},
				"down": {"uv": [0, 0, 0.5, 2], "texture": "#3"}
			}
		},
		{
			"from": [10, 10.25, -8.5],
			"to": [10.5, 10.75, -5.5],
			"rotation": {"angle": 0, "axis": "y", "origin": [5, 11.75, 4]},
			"faces": {
				"north": {"uv": [0, 0, 0.5, 0.5], "texture": "#3"},
				"east": {"uv": [0, 0, 3, 0.5], "texture": "#3"},
				"south": {"uv": [0, 0, 0.5, 0.5], "texture": "#3"},
				"west": {"uv": [0, 0, 3, 0.5], "texture": "#3"},
				"up": {"uv": [0, 0, 0.5, 3], "texture": "#3"},
				"down": {"uv": [0, 0, 0.5, 3], "texture": "#3"}
			}
		},
		{
			"from": [5.5, 10.25, -8.5],
			"to": [6, 10.75, -5.5],
			"rotation": {"angle": 0, "axis": "y", "origin": [5, 11.75, 4]},
			"faces": {
				"north": {"uv": [0, 0, 0.5, 0.5], "texture": "#3"},
				"east": {"uv": [0, 0, 3, 0.5], "texture": "#3"},
				"south": {"uv": [0, 0, 0.5, 0.5], "texture": "#3"},
				"west": {"uv": [0, 0, 3, 0.5], "texture": "#3"},
				"up": {"uv": [0, 0, 0.5, 3], "texture": "#3"},
				"down": {"uv": [0, 0, 0.5, 3], "texture": "#3"}
			}
		},
		{
			"from": [10, 8.75, 3],
			"to": [11, 18.75, 16],
			"rotation": {"angle": 0, "axis": "y", "origin": [5, 11.75, 4]},
			"faces": {
				"north": {"uv": [3, 2, 4, 12], "texture": "#1"},
				"east": {"uv": [3, 5, 16, 15], "texture": "#1"},
				"south": {"uv": [2, 1, 3, 11], "texture": "#1"},
				"west": {"uv": [0, 2, 13, 12], "texture": "#1"},
				"up": {"uv": [11, 3, 12, 16], "texture": "#1"},
				"down": {"uv": [4, 2, 5, 15], "texture": "#1"}
			}
		},
		{
			"from": [4, 8.75, 3],
			"to": [10, 19.75, 16],
			"rotation": {"angle": 0, "axis": "y", "origin": [5, 11.75, 4]},
			"faces": {
				"north": {"uv": [2, 2, 8, 13], "texture": "#1"},
				"east": {"uv": [3, 5, 16, 16], "texture": "#1"},
				"south": {"uv": [2, 1, 8, 12], "texture": "#1"},
				"west": {"uv": [1, 4, 14, 15], "texture": "#1"},
				"up": {"uv": [5, 2, 11, 15], "texture": "#1"},
				"down": {"uv": [4, 2, 10, 15], "texture": "#1"}
			}
		},
		{
			"from": [3.8, 16, 8],
			"to": [4, 17.5, 9],
			"rotation": {"angle": 0, "axis": "y", "origin": [5, 11.75, 4]},
			"faces": {
				"north": {"uv": [0, 0, 0.2, 1.5], "texture": "#0"},
				"east": {"uv": [0, 0, 1, 1.5], "texture": "#0"},
				"south": {"uv": [0, 0, 0.2, 1.5], "texture": "#0"},
				"west": {"uv": [0, 0, 1, 1.5], "texture": "#0"},
				"up": {"uv": [0, 0, 0.2, 1], "texture": "#0"},
				"down": {"uv": [0, 0, 0.2, 1], "texture": "#0"}
			}
		},
		{
			"from": [3.8, 13.5, 8],
			"to": [4, 15.3, 9],
			"rotation": {"angle": 0, "axis": "y", "origin": [5, 11.75, 4]},
			"faces": {
				"north": {"uv": [0, 0, 0.2, 1.8], "texture": "#0"},
				"east": {"uv": [0, 0, 1, 1.8], "texture": "#0"},
				"south": {"uv": [0, 0, 0.2, 1.8], "texture": "#0"},
				"west": {"uv": [0, 0, 1, 1.8], "texture": "#0"},
				"up": {"uv": [0, 0, 0.2, 1], "texture": "#0"},
				"down": {"uv": [0, 0, 0.2, 1], "texture": "#0"}
			}
		},
		{
			"from": [3.7, 17.25, 4.75],
			"to": [4, 17.75, 6],
			"rotation": {"angle": 22.5, "axis": "x", "origin": [5, 11.75, 4]},
			"faces": {
				"north": {"uv": [0, 0, 0.3, 0.5], "texture": "#0"},
				"east": {"uv": [0, 0, 1.25, 0.5], "texture": "#0"},
				"south": {"uv": [0, 0, 0.3, 0.5], "texture": "#0"},
				"west": {"uv": [0, 0, 1.25, 0.5], "texture": "#0"},
				"up": {"uv": [0, 0, 0.3, 1.25], "texture": "#0"},
				"down": {"uv": [0, 0, 0.3, 1.25], "texture": "#0"}
			}
		},
		{
			"from": [3.6, 17, 6.5],
			"to": [4, 17.75, 7.75],
			"rotation": {"angle": 22.5, "axis": "x", "origin": [5, 11.75, 4]},
			"faces": {
				"north": {"uv": [0, 0, 0.4, 0.75], "texture": "#0"},
				"east": {"uv": [0, 0, 1.25, 0.75], "texture": "#0"},
				"south": {"uv": [0, 0, 0.4, 0.75], "texture": "#0"},
				"west": {"uv": [0, 0, 1.25, 0.75], "texture": "#0"},
				"up": {"uv": [0, 0, 0.4, 1.25], "texture": "#0"},
				"down": {"uv": [0, 0, 0.4, 1.25], "texture": "#0"}
			}
		},
		{
			"from": [3.7, 18.25, 4.5],
			"to": [4, 18.75, 5.75],
			"rotation": {"angle": 22.5, "axis": "x", "origin": [5, 11.75, 4]},
			"faces": {
				"north": {"uv": [0, 0, 0.3, 0.5], "texture": "#0"},
				"east": {"uv": [0, 0, 1.25, 0.5], "texture": "#0"},
				"south": {"uv": [0, 0, 0.3, 0.5], "texture": "#0"},
				"west": {"uv": [0, 0, 1.25, 0.5], "texture": "#0"},
				"up": {"uv": [0, 0, 0.3, 1.25], "texture": "#0"},
				"down": {"uv": [0, 0, 0.3, 1.25], "texture": "#0"}
			}
		},
		{
			"from": [3.8, 15.5, 6],
			"to": [4, 17.5, 7],
			"rotation": {"angle": 0, "axis": "y", "origin": [5, 11.75, 4]},
			"faces": {
				"north": {"uv": [0, 0, 0.2, 2], "texture": "#0"},
				"east": {"uv": [0, 0, 1, 2], "texture": "#0"},
				"south": {"uv": [0, 0, 0.2, 2], "texture": "#0"},
				"west": {"uv": [0, 0, 1, 2], "texture": "#0"},
				"up": {"uv": [0, 0, 0.2, 1], "texture": "#0"},
				"down": {"uv": [0, 0, 0.2, 1], "texture": "#0"}
			}
		},
		{
			"from": [3.8, 17.5, 6],
			"to": [4, 18.5, 11],
			"rotation": {"angle": 0, "axis": "y", "origin": [5, 11.75, 4]},
			"faces": {
				"north": {"uv": [0, 0, 0.2, 1], "texture": "#0"},
				"east": {"uv": [0, 0, 5, 1], "texture": "#0"},
				"south": {"uv": [0, 0, 0.2, 1], "texture": "#0"},
				"west": {"uv": [0, 0, 5, 1], "texture": "#0"},
				"up": {"uv": [0, 0, 0.2, 5], "texture": "#0"},
				"down": {"uv": [0, 0, 0.2, 5], "texture": "#0"}
			}
		},
		{
			"from": [3.7, 10.75, 11],
			"to": [4, 11.25, 12.25],
			"rotation": {"angle": -45, "axis": "x", "origin": [5, 11.75, 4]},
			"faces": {
				"north": {"uv": [0, 0, 0.3, 0.5], "texture": "#0"},
				"east": {"uv": [0, 0, 1.25, 0.5], "texture": "#0"},
				"south": {"uv": [0, 0, 0.3, 0.5], "texture": "#0"},
				"west": {"uv": [0, 0, 1.25, 0.5], "texture": "#0"},
				"up": {"uv": [0, 0, 0.3, 1.25], "texture": "#0"},
				"down": {"uv": [0, 0, 0.3, 1.25], "texture": "#0"}
			}
		},
		{
			"from": [3.7, 11.25, 9],
			"to": [4, 12, 10.25],
			"rotation": {"angle": -45, "axis": "x", "origin": [5, 11.75, 4]},
			"faces": {
				"north": {"uv": [0, 0, 0.3, 0.75], "texture": "#0"},
				"east": {"uv": [0, 0, 1.25, 0.75], "texture": "#0"},
				"south": {"uv": [0, 0, 0.3, 0.75], "texture": "#0"},
				"west": {"uv": [0, 0, 1.25, 0.75], "texture": "#0"},
				"up": {"uv": [0, 0, 0.3, 1.25], "texture": "#0"},
				"down": {"uv": [0, 0, 0.3, 1.25], "texture": "#0"}
			}
		},
		{
			"from": [3.7, 14.75, 10.5],
			"to": [4, 15.25, 11.75],
			"rotation": {"angle": -22.5, "axis": "x", "origin": [5, 11.75, 4]},
			"faces": {
				"north": {"uv": [0, 0, 0.3, 0.5], "texture": "#0"},
				"east": {"uv": [0, 0, 1.25, 0.5], "texture": "#0"},
				"south": {"uv": [0, 0, 0.3, 0.5], "texture": "#0"},
				"west": {"uv": [0, 0, 1.25, 0.5], "texture": "#0"},
				"up": {"uv": [0, 0, 0.3, 1.25], "texture": "#0"},
				"down": {"uv": [0, 0, 0.3, 1.25], "texture": "#0"}
			}
		},
		{
			"from": [3.8, 15.5, 10],
			"to": [4, 17.5, 11],
			"rotation": {"angle": 0, "axis": "y", "origin": [5, 11.75, 4]},
			"faces": {
				"north": {"uv": [0, 0, 0.2, 2], "texture": "#0"},
				"east": {"uv": [0, 0, 1, 2], "texture": "#0"},
				"south": {"uv": [0, 0, 0.2, 2], "texture": "#0"},
				"west": {"uv": [0, 0, 1, 2], "texture": "#0"},
				"up": {"uv": [0, 0, 0.2, 1], "texture": "#0"},
				"down": {"uv": [0, 0, 0.2, 1], "texture": "#0"}
			}
		},
		{
			"from": [3.7, 10.1, 5.3],
			"to": [4, 12.1, 6.3],
			"rotation": {"angle": -22.5, "axis": "x", "origin": [5, 12.35, -2.7]},
			"faces": {
				"north": {"uv": [0, 0, 0.3, 2], "texture": "#0"},
				"east": {"uv": [0, 0, 1, 2], "texture": "#0"},
				"south": {"uv": [0, 0, 0.3, 2], "texture": "#0"},
				"west": {"uv": [0, 0, 1, 2], "texture": "#0"},
				"up": {"uv": [0, 0, 0.3, 1], "texture": "#0"},
				"down": {"uv": [0, 0, 0.3, 1], "texture": "#0"}
			}
		},
		{
			"from": [3.8, 16.1, 3.3],
			"to": [4, 18.1, 4.5],
			"rotation": {"angle": 22.5, "axis": "x", "origin": [5, 12.35, -2.7]},
			"faces": {
				"north": {"uv": [0, 0, 0.2, 2], "texture": "#0"},
				"east": {"uv": [0, 0, 1.2, 2], "texture": "#0"},
				"south": {"uv": [0, 0, 0.2, 2], "texture": "#0"},
				"west": {"uv": [0, 0, 1.2, 2], "texture": "#0"},
				"up": {"uv": [0, 0, 0.2, 1.2], "texture": "#0"},
				"down": {"uv": [0, 0, 0.2, 1.2], "texture": "#0"}
			}
		},
		{
			"from": [3.8, 16.1, 9.5],
			"to": [4, 18.1, 10.7],
			"rotation": {"angle": 22.5, "axis": "x", "origin": [5, 12.35, 3.5]},
			"faces": {
				"north": {"uv": [0, 0, 0.2, 2], "texture": "#0"},
				"east": {"uv": [0, 0, 1.2, 2], "texture": "#0"},
				"south": {"uv": [0, 0, 0.2, 2], "texture": "#0"},
				"west": {"uv": [0, 0, 1.2, 2], "texture": "#0"},
				"up": {"uv": [0, 0, 0.2, 1.2], "texture": "#0"},
				"down": {"uv": [0, 0, 0.2, 1.2], "texture": "#0"}
			}
		},
		{
			"from": [3.7, 10.1, 11.5],
			"to": [4, 12.1, 12.5],
			"rotation": {"angle": -22.5, "axis": "x", "origin": [5, 12.35, 3.5]},
			"faces": {
				"north": {"uv": [0, 0, 0.3, 2], "texture": "#0"},
				"east": {"uv": [0, 0, 1, 2], "texture": "#0"},
				"south": {"uv": [0, 0, 0.3, 2], "texture": "#0"},
				"west": {"uv": [0, 0, 1, 2], "texture": "#0"},
				"up": {"uv": [0, 0, 0.3, 1], "texture": "#0"},
				"down": {"uv": [0, 0, 0.3, 1], "texture": "#0"}
			}
		},
		{
			"from": [3.8, 13.7, 7],
			"to": [4, 16.5, 8],
			"rotation": {"angle": 0, "axis": "y", "origin": [5, 11.75, 4]},
			"faces": {
				"north": {"uv": [0, 0, 0.2, 2.8], "texture": "#0"},
				"east": {"uv": [0, 0, 1, 2.8], "texture": "#0"},
				"south": {"uv": [0, 0, 0.2, 2.8], "texture": "#0"},
				"west": {"uv": [0, 0, 1, 2.8], "texture": "#0"},
				"up": {"uv": [0, 0, 0.2, 1], "texture": "#0"},
				"down": {"uv": [0, 0, 0.2, 1], "texture": "#0"}
			}
		},
		{
			"from": [3.8, 14, 9],
			"to": [4, 16.5, 10],
			"rotation": {"angle": 0, "axis": "y", "origin": [5, 11.75, 4]},
			"faces": {
				"north": {"uv": [0, 0, 0.2, 2.5], "texture": "#0"},
				"east": {"uv": [0, 0, 1, 2.5], "texture": "#0"},
				"south": {"uv": [0, 0, 0.2, 2.5], "texture": "#0"},
				"west": {"uv": [0, 0, 1, 2.5], "texture": "#0"},
				"up": {"uv": [0, 0, 0.2, 1], "texture": "#0"},
				"down": {"uv": [0, 0, 0.2, 1], "texture": "#0"}
			}
		},
		{
			"from": [3.8, 13.5, 9.2],
			"to": [4, 14, 9.45],
			"rotation": {"angle": 0, "axis": "y", "origin": [5, 11.75, 4]},
			"faces": {
				"north": {"uv": [0, 0, 0.2, 0.5], "texture": "#0"},
				"east": {"uv": [0, 0, 0.25, 0.5], "texture": "#0"},
				"south": {"uv": [0, 0, 0.2, 0.5], "texture": "#0"},
				"west": {"uv": [0, 0, 0.25, 0.5], "texture": "#0"},
				"up": {"uv": [0, 0, 0.2, 0.25], "texture": "#0"},
				"down": {"uv": [0, 0, 0.2, 0.25], "texture": "#0"}
			}
		},
		{
			"from": [3.8, 13.5, 9.8],
			"to": [4, 14, 10.05],
			"rotation": {"angle": 0, "axis": "y", "origin": [5, 11.75, 4]},
			"faces": {
				"north": {"uv": [0, 0, 0.2, 0.5], "texture": "#0"},
				"east": {"uv": [0, 0, 0.25, 0.5], "texture": "#0"},
				"south": {"uv": [0, 0, 0.2, 0.5], "texture": "#0"},
				"west": {"uv": [0, 0, 0.25, 0.5], "texture": "#0"},
				"up": {"uv": [0, 0, 0.2, 0.25], "texture": "#0"},
				"down": {"uv": [0, 0, 0.2, 0.25], "texture": "#0"}
			}
		},
		{
			"from": [3.8, 13.2, 7.1],
			"to": [4, 13.7, 7.35],
			"rotation": {"angle": 0, "axis": "y", "origin": [5, 11.75, 4]},
			"faces": {
				"north": {"uv": [0, 0, 0.2, 0.5], "texture": "#0"},
				"east": {"uv": [0, 0, 0.25, 0.5], "texture": "#0"},
				"south": {"uv": [0, 0, 0.2, 0.5], "texture": "#0"},
				"west": {"uv": [0, 0, 0.25, 0.5], "texture": "#0"},
				"up": {"uv": [0, 0, 0.2, 0.25], "texture": "#0"},
				"down": {"uv": [0, 0, 0.2, 0.25], "texture": "#0"}
			}
		},
		{
			"from": [3.8, 13.2, 7.7],
			"to": [4, 13.7, 7.95],
			"rotation": {"angle": 0, "axis": "y", "origin": [5, 11.75, 4]},
			"faces": {
				"north": {"uv": [0, 0, 0.2, 0.5], "texture": "#0"},
				"east": {"uv": [0, 0, 0.25, 0.5], "texture": "#0"},
				"south": {"uv": [0, 0, 0.2, 0.5], "texture": "#0"},
				"west": {"uv": [0, 0, 0.25, 0.5], "texture": "#0"},
				"up": {"uv": [0, 0, 0.2, 0.25], "texture": "#0"},
				"down": {"uv": [0, 0, 0.2, 0.25], "texture": "#0"}
			}
		},
		{
			"from": [3.8, 13.2, 8.7],
			"to": [4, 13.5, 8.95],
			"rotation": {"angle": 0, "axis": "y", "origin": [5, 11.75, 4]},
			"faces": {
				"north": {"uv": [0, 0, 0.2, 0.3], "texture": "#0"},
				"east": {"uv": [0, 0, 0.25, 0.3], "texture": "#0"},
				"south": {"uv": [0, 0, 0.2, 0.3], "texture": "#0"},
				"west": {"uv": [0, 0, 0.25, 0.3], "texture": "#0"},
				"up": {"uv": [0, 0, 0.2, 0.25], "texture": "#0"},
				"down": {"uv": [0, 0, 0.2, 0.25], "texture": "#0"}
			}
		},
		{
			"from": [3.8, 13.2, 8.2],
			"to": [4, 13.5, 8.45],
			"rotation": {"angle": 0, "axis": "y", "origin": [5, 11.75, 4]},
			"faces": {
				"north": {"uv": [0, 0, 0.2, 0.3], "texture": "#0"},
				"east": {"uv": [0, 0, 0.25, 0.3], "texture": "#0"},
				"south": {"uv": [0, 0, 0.2, 0.3], "texture": "#0"},
				"west": {"uv": [0, 0, 0.25, 0.3], "texture": "#0"},
				"up": {"uv": [0, 0, 0.2, 0.25], "texture": "#0"},
				"down": {"uv": [0, 0, 0.2, 0.25], "texture": "#0"}
			}
		},
		{
			"from": [12, 16.1, 3.3],
			"to": [12.2, 18.1, 4.5],
			"rotation": {"angle": 22.5, "axis": "x", "origin": [11, 12.35, -2.7]},
			"faces": {
				"north": {"uv": [0.2, 0, 0.4, 2], "texture": "#0"},
				"east": {"uv": [1.2, 0, 2.4, 2], "texture": "#0"},
				"south": {"uv": [0.2, 0, 0.4, 2], "texture": "#0"},
				"west": {"uv": [1.2, 0, 2.4, 2], "texture": "#0"},
				"up": {"uv": [0.2, 0, 0.4, 1.2], "texture": "#0"},
				"down": {"uv": [0.2, 0, 0.4, 1.2], "texture": "#0"}
			}
		},
		{
			"from": [12, 10.1, 5.3],
			"to": [12.3, 12.1, 6.3],
			"rotation": {"angle": -22.5, "axis": "x", "origin": [11, 12.35, -2.7]},
			"faces": {
				"north": {"uv": [0.3, 0, 0.6, 2], "texture": "#0"},
				"east": {"uv": [1, 0, 2, 2], "texture": "#0"},
				"south": {"uv": [0.3, 0, 0.6, 2], "texture": "#0"},
				"west": {"uv": [1, 0, 2, 2], "texture": "#0"},
				"up": {"uv": [0.3, 0, 0.6, 1], "texture": "#0"},
				"down": {"uv": [0.3, 0, 0.6, 1], "texture": "#0"}
			}
		},
		{
			"from": [12, 13.7, 7],
			"to": [12.2, 16.5, 8],
			"rotation": {"angle": 0, "axis": "y", "origin": [11, 11.75, 4]},
			"faces": {
				"north": {"uv": [0.2, 0, 0.4, 2.8], "texture": "#0"},
				"east": {"uv": [1, 0, 2, 2.8], "texture": "#0"},
				"south": {"uv": [0.2, 0, 0.4, 2.8], "texture": "#0"},
				"west": {"uv": [1, 0, 2, 2.8], "texture": "#0"},
				"up": {"uv": [0.2, 0, 0.4, 1], "texture": "#0"},
				"down": {"uv": [0.2, 0, 0.4, 1], "texture": "#0"}
			}
		},
		{
			"from": [12, 13.2, 7.1],
			"to": [12.2, 13.7, 7.35],
			"rotation": {"angle": 0, "axis": "y", "origin": [11, 11.75, 4]},
			"faces": {
				"north": {"uv": [0.2, 0, 0.4, 0.5], "texture": "#0"},
				"east": {"uv": [0.25, 0, 0.5, 0.5], "texture": "#0"},
				"south": {"uv": [0.2, 0, 0.4, 0.5], "texture": "#0"},
				"west": {"uv": [0.25, 0, 0.5, 0.5], "texture": "#0"},
				"up": {"uv": [0.2, 0, 0.4, 0.25], "texture": "#0"},
				"down": {"uv": [0.2, 0, 0.4, 0.25], "texture": "#0"}
			}
		},
		{
			"from": [12, 13.2, 7.7],
			"to": [12.2, 13.7, 7.95],
			"rotation": {"angle": 0, "axis": "y", "origin": [11, 11.75, 4]},
			"faces": {
				"north": {"uv": [0.2, 0, 0.4, 0.5], "texture": "#0"},
				"east": {"uv": [0.25, 0, 0.5, 0.5], "texture": "#0"},
				"south": {"uv": [0.2, 0, 0.4, 0.5], "texture": "#0"},
				"west": {"uv": [0.25, 0, 0.5, 0.5], "texture": "#0"},
				"up": {"uv": [0.2, 0, 0.4, 0.25], "texture": "#0"},
				"down": {"uv": [0.2, 0, 0.4, 0.25], "texture": "#0"}
			}
		},
		{
			"from": [12, 13.5, 8],
			"to": [12.2, 15.3, 9],
			"rotation": {"angle": 0, "axis": "y", "origin": [11, 11.75, 4]},
			"faces": {
				"north": {"uv": [0.2, 0, 0.4, 1.8], "texture": "#0"},
				"east": {"uv": [1, 0, 2, 1.8], "texture": "#0"},
				"south": {"uv": [0.2, 0, 0.4, 1.8], "texture": "#0"},
				"west": {"uv": [1, 0, 2, 1.8], "texture": "#0"},
				"up": {"uv": [0.2, 0, 0.4, 1], "texture": "#0"},
				"down": {"uv": [0.2, 0, 0.4, 1], "texture": "#0"}
			}
		},
		{
			"from": [12, 13.2, 8.2],
			"to": [12.2, 13.5, 8.45],
			"rotation": {"angle": 0, "axis": "y", "origin": [11, 11.75, 4]},
			"faces": {
				"north": {"uv": [0.2, 0, 0.4, 0.3], "texture": "#0"},
				"east": {"uv": [0.25, 0, 0.5, 0.3], "texture": "#0"},
				"south": {"uv": [0.2, 0, 0.4, 0.3], "texture": "#0"},
				"west": {"uv": [0.25, 0, 0.5, 0.3], "texture": "#0"},
				"up": {"uv": [0.2, 0, 0.4, 0.25], "texture": "#0"},
				"down": {"uv": [0.2, 0, 0.4, 0.25], "texture": "#0"}
			}
		},
		{
			"from": [12, 13.2, 8.7],
			"to": [12.2, 13.5, 8.95],
			"rotation": {"angle": 0, "axis": "y", "origin": [11, 11.75, 4]},
			"faces": {
				"north": {"uv": [0.2, 0, 0.4, 0.3], "texture": "#0"},
				"east": {"uv": [0.25, 0, 0.5, 0.3], "texture": "#0"},
				"south": {"uv": [0.2, 0, 0.4, 0.3], "texture": "#0"},
				"west": {"uv": [0.25, 0, 0.5, 0.3], "texture": "#0"},
				"up": {"uv": [0.2, 0, 0.4, 0.25], "texture": "#0"},
				"down": {"uv": [0.2, 0, 0.4, 0.25], "texture": "#0"}
			}
		},
		{
			"from": [12, 14, 9],
			"to": [12.2, 16.5, 10],
			"rotation": {"angle": 0, "axis": "y", "origin": [11, 11.75, 4]},
			"faces": {
				"north": {"uv": [0.2, 0, 0.4, 2.5], "texture": "#0"},
				"east": {"uv": [1, 0, 2, 2.5], "texture": "#0"},
				"south": {"uv": [0.2, 0, 0.4, 2.5], "texture": "#0"},
				"west": {"uv": [1, 0, 2, 2.5], "texture": "#0"},
				"up": {"uv": [0.2, 0, 0.4, 1], "texture": "#0"},
				"down": {"uv": [0.2, 0, 0.4, 1], "texture": "#0"}
			}
		},
		{
			"from": [12, 13.5, 9.2],
			"to": [12.2, 14, 9.45],
			"rotation": {"angle": 0, "axis": "y", "origin": [11, 11.75, 4]},
			"faces": {
				"north": {"uv": [0.2, 0, 0.4, 0.5], "texture": "#0"},
				"east": {"uv": [0.25, 0, 0.5, 0.5], "texture": "#0"},
				"south": {"uv": [0.2, 0, 0.4, 0.5], "texture": "#0"},
				"west": {"uv": [0.25, 0, 0.5, 0.5], "texture": "#0"},
				"up": {"uv": [0.2, 0, 0.4, 0.25], "texture": "#0"},
				"down": {"uv": [0.2, 0, 0.4, 0.25], "texture": "#0"}
			}
		},
		{
			"from": [12, 13.5, 9.8],
			"to": [12.2, 14, 10.05],
			"rotation": {"angle": 0, "axis": "y", "origin": [11, 11.75, 4]},
			"faces": {
				"north": {"uv": [0.2, 0, 0.4, 0.5], "texture": "#0"},
				"east": {"uv": [0.25, 0, 0.5, 0.5], "texture": "#0"},
				"south": {"uv": [0.2, 0, 0.4, 0.5], "texture": "#0"},
				"west": {"uv": [0.25, 0, 0.5, 0.5], "texture": "#0"},
				"up": {"uv": [0.2, 0, 0.4, 0.25], "texture": "#0"},
				"down": {"uv": [0.2, 0, 0.4, 0.25], "texture": "#0"}
			}
		},
		{
			"from": [12, 16.1, 9.5],
			"to": [12.2, 18.1, 10.7],
			"rotation": {"angle": 22.5, "axis": "x", "origin": [11, 12.35, 3.5]},
			"faces": {
				"north": {"uv": [0.2, 0, 0.4, 2], "texture": "#0"},
				"east": {"uv": [1.2, 0, 2.4, 2], "texture": "#0"},
				"south": {"uv": [0.2, 0, 0.4, 2], "texture": "#0"},
				"west": {"uv": [1.2, 0, 2.4, 2], "texture": "#0"},
				"up": {"uv": [0.2, 0, 0.4, 1.2], "texture": "#0"},
				"down": {"uv": [0.2, 0, 0.4, 1.2], "texture": "#0"}
			}
		},
		{
			"from": [12, 10.1, 11.5],
			"to": [12.3, 12.1, 12.5],
			"rotation": {"angle": -22.5, "axis": "x", "origin": [11, 12.35, 3.5]},
			"faces": {
				"north": {"uv": [0.3, 0, 0.6, 2], "texture": "#0"},
				"east": {"uv": [1, 0, 2, 2], "texture": "#0"},
				"south": {"uv": [0.3, 0, 0.6, 2], "texture": "#0"},
				"west": {"uv": [1, 0, 2, 2], "texture": "#0"},
				"up": {"uv": [0.3, 0, 0.6, 1], "texture": "#0"},
				"down": {"uv": [0.3, 0, 0.6, 1], "texture": "#0"}
			}
		},
		{
			"from": [12, 15.5, 10],
			"to": [12.2, 17.5, 11],
			"rotation": {"angle": 0, "axis": "y", "origin": [11, 11.75, 4]},
			"faces": {
				"north": {"uv": [0.2, 0, 0.4, 2], "texture": "#0"},
				"east": {"uv": [1, 0, 2, 2], "texture": "#0"},
				"south": {"uv": [0.2, 0, 0.4, 2], "texture": "#0"},
				"west": {"uv": [1, 0, 2, 2], "texture": "#0"},
				"up": {"uv": [0.2, 0, 0.4, 1], "texture": "#0"},
				"down": {"uv": [0.2, 0, 0.4, 1], "texture": "#0"}
			}
		},
		{
			"from": [12, 17, 6.5],
			"to": [12.4, 17.75, 7.75],
			"rotation": {"angle": 22.5, "axis": "x", "origin": [11, 11.75, 4]},
			"faces": {
				"north": {"uv": [0.4, 0, 0.8, 0.75], "texture": "#0"},
				"east": {"uv": [1.25, 0, 2.5, 0.75], "texture": "#0"},
				"south": {"uv": [0.4, 0, 0.8, 0.75], "texture": "#0"},
				"west": {"uv": [1.25, 0, 2.5, 0.75], "texture": "#0"},
				"up": {"uv": [0.4, 0, 0.8, 1.25], "texture": "#0"},
				"down": {"uv": [0.4, 0, 0.8, 1.25], "texture": "#0"}
			}
		},
		{
			"from": [12, 11.25, 9],
			"to": [12.3, 12, 10.25],
			"rotation": {"angle": -45, "axis": "x", "origin": [11, 11.75, 4]},
			"faces": {
				"north": {"uv": [0.3, 0, 0.6, 0.75], "texture": "#0"},
				"east": {"uv": [1.25, 0, 2.5, 0.75], "texture": "#0"},
				"south": {"uv": [0.3, 0, 0.6, 0.75], "texture": "#0"},
				"west": {"uv": [1.25, 0, 2.5, 0.75], "texture": "#0"},
				"up": {"uv": [0.3, 0, 0.6, 1.25], "texture": "#0"},
				"down": {"uv": [0.3, 0, 0.6, 1.25], "texture": "#0"}
			}
		},
		{
			"from": [12, 17.25, 4.75],
			"to": [12.3, 17.75, 6],
			"rotation": {"angle": 22.5, "axis": "x", "origin": [11, 11.75, 4]},
			"faces": {
				"north": {"uv": [0.3, 0, 0.6, 0.5], "texture": "#0"},
				"east": {"uv": [1.25, 0, 2.5, 0.5], "texture": "#0"},
				"south": {"uv": [0.3, 0, 0.6, 0.5], "texture": "#0"},
				"west": {"uv": [1.25, 0, 2.5, 0.5], "texture": "#0"},
				"up": {"uv": [0.3, 0, 0.6, 1.25], "texture": "#0"},
				"down": {"uv": [0.3, 0, 0.6, 1.25], "texture": "#0"}
			}
		},
		{
			"from": [12, 18.25, 4.5],
			"to": [12.3, 18.75, 5.75],
			"rotation": {"angle": 22.5, "axis": "x", "origin": [11, 11.75, 4]},
			"faces": {
				"north": {"uv": [0.3, 0, 0.6, 0.5], "texture": "#0"},
				"east": {"uv": [1.25, 0, 2.5, 0.5], "texture": "#0"},
				"south": {"uv": [0.3, 0, 0.6, 0.5], "texture": "#0"},
				"west": {"uv": [1.25, 0, 2.5, 0.5], "texture": "#0"},
				"up": {"uv": [0.3, 0, 0.6, 1.25], "texture": "#0"},
				"down": {"uv": [0.3, 0, 0.6, 1.25], "texture": "#0"}
			}
		},
		{
			"from": [12, 14.75, 10.5],
			"to": [12.3, 15.25, 11.75],
			"rotation": {"angle": -22.5, "axis": "x", "origin": [11, 11.75, 4]},
			"faces": {
				"north": {"uv": [0.3, 0, 0.6, 0.5], "texture": "#0"},
				"east": {"uv": [1.25, 0, 2.5, 0.5], "texture": "#0"},
				"south": {"uv": [0.3, 0, 0.6, 0.5], "texture": "#0"},
				"west": {"uv": [1.25, 0, 2.5, 0.5], "texture": "#0"},
				"up": {"uv": [0.3, 0, 0.6, 1.25], "texture": "#0"},
				"down": {"uv": [0.3, 0, 0.6, 1.25], "texture": "#0"}
			}
		},
		{
			"from": [12, 10.75, 11],
			"to": [12.3, 11.25, 12.25],
			"rotation": {"angle": -45, "axis": "x", "origin": [11, 11.75, 4]},
			"faces": {
				"north": {"uv": [0.3, 0, 0.6, 0.5], "texture": "#0"},
				"east": {"uv": [1.25, 0, 2.5, 0.5], "texture": "#0"},
				"south": {"uv": [0.3, 0, 0.6, 0.5], "texture": "#0"},
				"west": {"uv": [1.25, 0, 2.5, 0.5], "texture": "#0"},
				"up": {"uv": [0.3, 0, 0.6, 1.25], "texture": "#0"},
				"down": {"uv": [0.3, 0, 0.6, 1.25], "texture": "#0"}
			}
		},
		{
			"from": [12, 16, 8],
			"to": [12.2, 17.5, 9],
			"rotation": {"angle": 0, "axis": "y", "origin": [11, 11.75, 4]},
			"faces": {
				"north": {"uv": [0.2, 0, 0.4, 1.5], "texture": "#0"},
				"east": {"uv": [1, 0, 2, 1.5], "texture": "#0"},
				"south": {"uv": [0.2, 0, 0.4, 1.5], "texture": "#0"},
				"west": {"uv": [1, 0, 2, 1.5], "texture": "#0"},
				"up": {"uv": [0.2, 0, 0.4, 1], "texture": "#0"},
				"down": {"uv": [0.2, 0, 0.4, 1], "texture": "#0"}
			}
		},
		{
			"from": [12, 15.5, 6],
			"to": [12.2, 17.5, 7],
			"rotation": {"angle": 0, "axis": "y", "origin": [11, 11.75, 4]},
			"faces": {
				"north": {"uv": [0.2, 0, 0.4, 2], "texture": "#0"},
				"east": {"uv": [1, 0, 2, 2], "texture": "#0"},
				"south": {"uv": [0.2, 0, 0.4, 2], "texture": "#0"},
				"west": {"uv": [1, 0, 2, 2], "texture": "#0"},
				"up": {"uv": [0.2, 0, 0.4, 1], "texture": "#0"},
				"down": {"uv": [0.2, 0, 0.4, 1], "texture": "#0"}
			}
		},
		{
			"from": [12, 17.5, 6],
			"to": [12.2, 18.5, 11],
			"rotation": {"angle": 0, "axis": "y", "origin": [11, 11.75, 4]},
			"faces": {
				"north": {"uv": [0.2, 0, 0.4, 1], "texture": "#0"},
				"east": {"uv": [5, 0, 10, 1], "texture": "#0"},
				"south": {"uv": [0.2, 0, 0.4, 1], "texture": "#0"},
				"west": {"uv": [5, 0, 10, 1], "texture": "#0"},
				"up": {"uv": [0.2, 0, 0.4, 5], "texture": "#0"},
				"down": {"uv": [0.2, 0, 0.4, 5], "texture": "#0"}
			}
		},
		{
			"from": [3.25, 9.75, 4.75],
			"to": [4, 10.5, 10.75],
			"rotation": {"angle": 0, "axis": "y", "origin": [5, 11.75, 4]},
			"faces": {
				"north": {"uv": [0, 0, 0.75, 0.75], "texture": "#3"},
				"east": {"uv": [0, 0, 6, 0.75], "texture": "#3"},
				"south": {"uv": [0, 0, 0.75, 0.75], "texture": "#3"},
				"west": {"uv": [0, 0, 6, 0.75], "texture": "#3"},
				"up": {"uv": [0, 0, 0.75, 6], "texture": "#3"},
				"down": {"uv": [0, 0, 0.75, 6], "texture": "#3"}
			}
		},
		{
			"from": [3.25, 12.25, 4.75],
			"to": [4, 13, 10.75],
			"rotation": {"angle": 0, "axis": "y", "origin": [5, 11.75, 4]},
			"faces": {
				"north": {"uv": [0, 0, 0.75, 0.75], "texture": "#3"},
				"east": {"uv": [0, 0, 6, 0.75], "texture": "#3"},
				"south": {"uv": [0, 0, 0.75, 0.75], "texture": "#3"},
				"west": {"uv": [0, 0, 6, 0.75], "texture": "#3"},
				"up": {"uv": [0, 0, 0.75, 6], "texture": "#3"},
				"down": {"uv": [0, 0, 0.75, 6], "texture": "#3"}
			}
		},
		{
			"from": [3.25, 10.25, 10.75],
			"to": [4, 12.5, 11.5],
			"rotation": {"angle": 0, "axis": "y", "origin": [5, 11.75, 4]},
			"faces": {
				"north": {"uv": [0, 0, 0.75, 2.25], "texture": "#3"},
				"east": {"uv": [0, 0, 0.75, 2.25], "texture": "#3"},
				"south": {"uv": [0, 0, 0.75, 2.25], "texture": "#3"},
				"west": {"uv": [0, 0, 0.75, 2.25], "texture": "#3"},
				"up": {"uv": [0, 0, 0.75, 0.75], "texture": "#3"},
				"down": {"uv": [0, 0, 0.75, 0.75], "texture": "#3"}
			}
		},
		{
			"from": [3.25, 10.25, 4],
			"to": [4, 12.5, 4.75],
			"rotation": {"angle": 0, "axis": "y", "origin": [5, 11.75, 4]},
			"faces": {
				"north": {"uv": [0, 0, 0.75, 2.25], "texture": "#3"},
				"east": {"uv": [0, 0, 0.75, 2.25], "texture": "#3"},
				"south": {"uv": [0, 0, 0.75, 2.25], "texture": "#3"},
				"west": {"uv": [0, 0, 0.75, 2.25], "texture": "#3"},
				"up": {"uv": [0, 0, 0.75, 0.75], "texture": "#3"},
				"down": {"uv": [0, 0, 0.75, 0.75], "texture": "#3"}
			}
		},
		{
			"from": [12, 10.25, 3],
			"to": [12.75, 12.75, 3.75],
			"rotation": {"angle": 0, "axis": "y", "origin": [5, 11.75, 4]},
			"faces": {
				"north": {"uv": [0, 0, 0.75, 2.5], "texture": "#3"},
				"east": {"uv": [0, 0, 0.75, 2.5], "texture": "#3"},
				"south": {"uv": [0, 0, 0.75, 2.5], "texture": "#3"},
				"west": {"uv": [0, 0, 0.75, 2.5], "texture": "#3"},
				"up": {"uv": [0, 0, 0.75, 0.75], "texture": "#3"},
				"down": {"uv": [0, 0, 0.75, 0.75], "texture": "#3"}
			}
		},
		{
			"from": [12, 12.5, 3.75],
			"to": [12.75, 13.25, 10.75],
			"rotation": {"angle": 0, "axis": "y", "origin": [5, 11.75, 4]},
			"faces": {
				"north": {"uv": [0, 0, 0.75, 0.75], "texture": "#3"},
				"east": {"uv": [0, 0, 7, 0.75], "texture": "#3"},
				"south": {"uv": [0, 0, 0.75, 0.75], "texture": "#3"},
				"west": {"uv": [0, 0, 7, 0.75], "texture": "#3"},
				"up": {"uv": [0, 0, 0.75, 7], "texture": "#3"},
				"down": {"uv": [0, 0, 0.75, 7], "texture": "#3"}
			}
		},
		{
			"from": [12, 10.25, 10.75],
			"to": [12.75, 12.75, 11.5],
			"rotation": {"angle": 0, "axis": "y", "origin": [5, 11.75, 4]},
			"faces": {
				"north": {"uv": [0, 0, 0.75, 2.5], "texture": "#3"},
				"east": {"uv": [0, 0, 0.75, 2.5], "texture": "#3"},
				"south": {"uv": [0, 0, 0.75, 2.5], "texture": "#3"},
				"west": {"uv": [0, 0, 0.75, 2.5], "texture": "#3"},
				"up": {"uv": [0, 0, 0.75, 0.75], "texture": "#3"},
				"down": {"uv": [0, 0, 0.75, 0.75], "texture": "#3"}
			}
		},
		{
			"from": [12, 9.75, 3.75],
			"to": [12.75, 10.5, 10.75],
			"rotation": {"angle": 0, "axis": "y", "origin": [5, 11.75, 4]},
			"faces": {
				"north": {"uv": [0, 0, 0.75, 0.75], "texture": "#3"},
				"east": {"uv": [0, 0, 7, 0.75], "texture": "#3"},
				"south": {"uv": [0, 0, 0.75, 0.75], "texture": "#3"},
				"west": {"uv": [0, 0, 7, 0.75], "texture": "#3"},
				"up": {"uv": [0, 0, 0.75, 7], "texture": "#3"},
				"down": {"uv": [0, 0, 0.75, 7], "texture": "#3"}
			}
		},
		{
			"from": [12, 10.5, 5.25],
			"to": [13.75, 11.75, 10.25],
			"rotation": {"angle": 0, "axis": "y", "origin": [5, 11.75, 4]},
			"faces": {
				"north": {"uv": [0, 0, 1.75, 1.25], "texture": "#2"},
				"east": {"uv": [0, 0, 5, 1.25], "texture": "#2"},
				"south": {"uv": [0, 0, 1.75, 1.25], "texture": "#2"},
				"west": {"uv": [0, 0, 5, 1.25], "texture": "#2"},
				"up": {"uv": [4, 3, 5.75, 8], "texture": "#2"},
				"down": {"uv": [0, 0, 1.75, 5], "texture": "#2"}
			}
		},
		{
			"from": [12, 10.5, 3.75],
			"to": [12.1, 12.5, 10.75],
			"rotation": {"angle": 0, "axis": "y", "origin": [5, 11.75, 4]},
			"faces": {
				"north": {"uv": [0, 0, 0.1, 2], "texture": "#4"},
				"east": {"uv": [0, 0, 7, 2], "texture": "#4"},
				"south": {"uv": [0, 0, 0.1, 2], "texture": "#4"},
				"west": {"uv": [0, 0, 7, 2], "texture": "#4"},
				"up": {"uv": [0, 0, 0.1, 7], "texture": "#4"},
				"down": {"uv": [0, 0, 0.1, 7], "texture": "#4"}
			}
		},
		{
			"from": [3.9, 10.5, 4.75],
			"to": [4, 12.5, 10.75],
			"rotation": {"angle": 0, "axis": "y", "origin": [5, 11.75, 4]},
			"faces": {
				"north": {"uv": [0, 0, 0.1, 2], "texture": "#4"},
				"east": {"uv": [0, 0, 6, 2], "texture": "#4"},
				"south": {"uv": [0, 0, 0.1, 2], "texture": "#4"},
				"west": {"uv": [0, 0, 6, 2], "texture": "#4"},
				"up": {"uv": [0, 0, 0.1, 6], "texture": "#4"},
				"down": {"uv": [0, 0, 0.1, 6], "texture": "#4"}
			}
		},
		{
			"from": [2.25, 10.5, 5.25],
			"to": [4, 11.75, 10.25],
			"rotation": {"angle": 0, "axis": "y", "origin": [5, 11.75, 4]},
			"faces": {
				"north": {"uv": [0, 0, 1.75, 1.25], "texture": "#2"},
				"east": {"uv": [0, 0, 5, 1.25], "texture": "#2"},
				"south": {"uv": [0, 0, 1.75, 1.25], "texture": "#2"},
				"west": {"uv": [0, 0, 5, 1.25], "texture": "#2"},
				"up": {"uv": [6, 6, 7.75, 11], "texture": "#2"},
				"down": {"uv": [0, 0, 1.75, 5], "texture": "#2"}
			}
		},
		{
			"from": [13.75, 0.25, 5.25],
			"to": [15, 11.75, 10.25],
			"rotation": {"angle": 0, "axis": "y", "origin": [5, 11.75, 4]},
			"faces": {
				"north": {"uv": [0, 0, 1, 11.5], "texture": "#2"},
				"east": {"uv": [7, 0, 12, 16], "texture": "#2"},
				"south": {"uv": [0, 0, 1, 11.5], "texture": "#2"},
				"west": {"uv": [7, 0, 12, 16], "texture": "#2"},
				"up": {"uv": [5, 3, 6, 8], "texture": "#2"},
				"down": {"uv": [15, 0, 16, 5], "texture": "#2"}
			}
		},
		{
			"from": [13.5, 0.5, 4.75],
			"to": [15.5, 2.5, 10.75],
			"rotation": {"angle": 0, "axis": "y", "origin": [5, 11.75, 4]},
			"faces": {
				"north": {"uv": [8, 15, 9, 16], "texture": "#1"},
				"east": {"uv": [10, 15, 16, 16], "texture": "#3"},
				"south": {"uv": [9, 15, 10, 16], "texture": "#3"},
				"west": {"uv": [10, 15, 16, 16], "texture": "#3"},
				"up": {"uv": [15, 9, 16, 15], "texture": "#3"},
				"down": {"uv": [15, 9, 16, 15], "texture": "#3"}
			}
		},
		{
			"from": [13.5, 2.75, 4.75],
			"to": [15.5, 4.75, 10.75],
			"rotation": {"angle": 0, "axis": "y", "origin": [5, 11.75, 4]},
			"faces": {
				"north": {"uv": [8, 15, 9, 16], "texture": "#1"},
				"east": {"uv": [10, 15, 16, 16], "texture": "#3"},
				"south": {"uv": [9, 15, 10, 16], "texture": "#3"},
				"west": {"uv": [10, 15, 16, 16], "texture": "#3"},
				"up": {"uv": [15, 9, 16, 15], "texture": "#3"},
				"down": {"uv": [15, 9, 16, 15], "texture": "#3"}
			}
		},
		{
			"from": [13.5, 5, 4.75],
			"to": [15.5, 7, 10.75],
			"rotation": {"angle": 0, "axis": "y", "origin": [5, 11.75, 4]},
			"faces": {
				"north": {"uv": [8, 15, 9, 16], "texture": "#1"},
				"east": {"uv": [10, 15, 16, 16], "texture": "#3"},
				"south": {"uv": [9, 15, 10, 16], "texture": "#3"},
				"west": {"uv": [10, 15, 16, 16], "texture": "#3"},
				"up": {"uv": [15, 9, 16, 15], "texture": "#3"},
				"down": {"uv": [15, 9, 16, 15], "texture": "#3"}
			}
		},
		{
			"from": [13.5, 7.25, 4.75],
			"to": [15.5, 9.25, 10.75],
			"rotation": {"angle": 0, "axis": "y", "origin": [5, 11.75, 4]},
			"faces": {
				"north": {"uv": [8, 15, 9, 16], "texture": "#1"},
				"east": {"uv": [10, 15, 16, 16], "texture": "#3"},
				"south": {"uv": [9, 15, 10, 16], "texture": "#3"},
				"west": {"uv": [10, 15, 16, 16], "texture": "#3"},
				"up": {"uv": [15, 9, 16, 15], "texture": "#3"},
				"down": {"uv": [15, 9, 16, 15], "texture": "#3"}
			}
		},
		{
			"from": [13.5, 9.5, 4.75],
			"to": [15.5, 11.5, 10.75],
			"rotation": {"angle": 0, "axis": "y", "origin": [5, 11.75, 4]},
			"faces": {
				"north": {"uv": [8, 15, 9, 16], "texture": "#1"},
				"east": {"uv": [10, 15, 16, 16], "texture": "#3"},
				"south": {"uv": [9, 15, 10, 16], "texture": "#3"},
				"west": {"uv": [10, 15, 16, 16], "texture": "#3"},
				"up": {"uv": [15, 9, 16, 15], "texture": "#3"},
				"down": {"uv": [15, 9, 16, 15], "texture": "#3"}
			}
		},
		{
			"from": [13.75, 9.75, 4.5],
			"to": [15.25, 11.25, 4.75],
			"rotation": {"angle": 0, "axis": "y", "origin": [5, 11.75, 4]},
			"faces": {
				"north": {"uv": [1, 1, 2.5, 2.5], "texture": "#1"},
				"east": {"uv": [1, 1, 1.25, 2.5], "texture": "#1"},
				"south": {"uv": [1, 1, 2.5, 2.5], "texture": "#1"},
				"west": {"uv": [1, 1, 1.25, 2.5], "texture": "#1"},
				"up": {"uv": [1, 1, 2.5, 1.25], "texture": "#1"},
				"down": {"uv": [1, 1, 2.5, 1.25], "texture": "#1"}
			}
		},
		{
			"from": [13.8, 9.8, 4.25],
			"to": [15.2, 11.2, 4.5],
			"rotation": {"angle": 0, "axis": "y", "origin": [5, 11.75, 4]},
			"faces": {
				"north": {"uv": [1, 1, 2.4, 2.4], "texture": "#1"},
				"east": {"uv": [1, 1, 1.25, 2.4], "texture": "#1"},
				"south": {"uv": [1, 1, 2.4, 2.4], "texture": "#1"},
				"west": {"uv": [1, 1, 1.25, 2.4], "texture": "#1"},
				"up": {"uv": [1, 1, 2.4, 1.25], "texture": "#1"},
				"down": {"uv": [1, 1, 2.4, 1.25], "texture": "#1"}
			}
		},
		{
			"from": [13.9, 9.9, 4],
			"to": [15.1, 11.1, 4.25],
			"rotation": {"angle": 0, "axis": "y", "origin": [5, 11.75, 4]},
			"faces": {
				"north": {"uv": [1, 1, 2.2, 2.2], "texture": "#1"},
				"east": {"uv": [1, 1, 1.25, 2.2], "texture": "#1"},
				"south": {"uv": [1, 1, 2.2, 2.2], "texture": "#1"},
				"west": {"uv": [1, 1, 1.25, 2.2], "texture": "#1"},
				"up": {"uv": [1, 1, 2.2, 1.25], "texture": "#1"},
				"down": {"uv": [1, 1, 2.2, 1.25], "texture": "#1"}
			}
		},
		{
			"from": [14, 10, 3.75],
			"to": [15, 11, 4],
			"rotation": {"angle": 0, "axis": "y", "origin": [5, 11.75, 4]},
			"faces": {
				"north": {"uv": [1, 1, 2, 2], "texture": "#1"},
				"east": {"uv": [1, 1, 1.25, 2], "texture": "#1"},
				"south": {"uv": [1, 1, 2, 2], "texture": "#1"},
				"west": {"uv": [1, 1, 1.25, 2], "texture": "#1"},
				"up": {"uv": [1, 1, 2, 1.25], "texture": "#1"},
				"down": {"uv": [1, 1, 2, 1.25], "texture": "#1"}
			}
		},
		{
			"from": [14, 7.75, 3.75],
			"to": [15, 8.75, 4],
			"rotation": {"angle": 0, "axis": "y", "origin": [5, 11.75, 4]},
			"faces": {
				"north": {"uv": [1, 1, 2, 2], "texture": "#1"},
				"east": {"uv": [1, 1, 1.25, 2], "texture": "#1"},
				"south": {"uv": [1, 1, 2, 2], "texture": "#1"},
				"west": {"uv": [1, 1, 1.25, 2], "texture": "#1"},
				"up": {"uv": [1, 1, 2, 1.25], "texture": "#1"},
				"down": {"uv": [1, 1, 2, 1.25], "texture": "#1"}
			}
		},
		{
			"from": [13.9, 7.65, 4],
			"to": [15.1, 8.85, 4.25],
			"rotation": {"angle": 0, "axis": "y", "origin": [5, 11.75, 4]},
			"faces": {
				"north": {"uv": [1, 1, 2.2, 2.2], "texture": "#1"},
				"east": {"uv": [1, 1, 1.25, 2.2], "texture": "#1"},
				"south": {"uv": [1, 1, 2.2, 2.2], "texture": "#1"},
				"west": {"uv": [1, 1, 1.25, 2.2], "texture": "#1"},
				"up": {"uv": [1, 1, 2.2, 1.25], "texture": "#1"},
				"down": {"uv": [1, 1, 2.2, 1.25], "texture": "#1"}
			}
		},
		{
			"from": [13.8, 7.55, 4.25],
			"to": [15.2, 8.95, 4.5],
			"rotation": {"angle": 0, "axis": "y", "origin": [5, 11.75, 4]},
			"faces": {
				"north": {"uv": [1, 1, 2.4, 2.4], "texture": "#1"},
				"east": {"uv": [1, 1, 1.25, 2.4], "texture": "#1"},
				"south": {"uv": [1, 1, 2.4, 2.4], "texture": "#1"},
				"west": {"uv": [1, 1, 1.25, 2.4], "texture": "#1"},
				"up": {"uv": [1, 1, 2.4, 1.25], "texture": "#1"},
				"down": {"uv": [1, 1, 2.4, 1.25], "texture": "#1"}
			}
		},
		{
			"from": [13.75, 7.5, 4.5],
			"to": [15.25, 9, 4.75],
			"rotation": {"angle": 0, "axis": "y", "origin": [5, 11.75, 4]},
			"faces": {
				"north": {"uv": [1, 1, 2.5, 2.5], "texture": "#1"},
				"east": {"uv": [1, 1, 1.25, 2.5], "texture": "#1"},
				"south": {"uv": [1, 1, 2.5, 2.5], "texture": "#1"},
				"west": {"uv": [1, 1, 1.25, 2.5], "texture": "#1"},
				"up": {"uv": [1, 1, 2.5, 1.25], "texture": "#1"},
				"down": {"uv": [1, 1, 2.5, 1.25], "texture": "#1"}
			}
		},
		{
			"from": [14, 3.25, 3.75],
			"to": [15, 4.25, 4],
			"rotation": {"angle": 0, "axis": "y", "origin": [5, 11.75, 4]},
			"faces": {
				"north": {"uv": [1, 1, 2, 2], "texture": "#1"},
				"east": {"uv": [1, 1, 1.25, 2], "texture": "#1"},
				"south": {"uv": [1, 1, 2, 2], "texture": "#1"},
				"west": {"uv": [1, 1, 1.25, 2], "texture": "#1"},
				"up": {"uv": [1, 1, 2, 1.25], "texture": "#1"},
				"down": {"uv": [1, 1, 2, 1.25], "texture": "#1"}
			}
		},
		{
			"from": [13.9, 3.15, 4],
			"to": [15.1, 4.35, 4.25],
			"rotation": {"angle": 0, "axis": "y", "origin": [5, 11.75, 4]},
			"faces": {
				"north": {"uv": [1, 1, 2.2, 2.2], "texture": "#1"},
				"east": {"uv": [1, 1, 1.25, 2.2], "texture": "#1"},
				"south": {"uv": [1, 1, 2.2, 2.2], "texture": "#1"},
				"west": {"uv": [1, 1, 1.25, 2.2], "texture": "#1"},
				"up": {"uv": [1, 1, 2.2, 1.25], "texture": "#1"},
				"down": {"uv": [1, 1, 2.2, 1.25], "texture": "#1"}
			}
		},
		{
			"from": [13.8, 3.05, 4.25],
			"to": [15.2, 4.45, 4.5],
			"rotation": {"angle": 0, "axis": "y", "origin": [5, 11.75, 4]},
			"faces": {
				"north": {"uv": [1, 1, 2.4, 2.4], "texture": "#1"},
				"east": {"uv": [1, 1, 1.25, 2.4], "texture": "#1"},
				"south": {"uv": [1, 1, 2.4, 2.4], "texture": "#1"},
				"west": {"uv": [1, 1, 1.25, 2.4], "texture": "#1"},
				"up": {"uv": [1, 1, 2.4, 1.25], "texture": "#1"},
				"down": {"uv": [1, 1, 2.4, 1.25], "texture": "#1"}
			}
		},
		{
			"from": [13.75, 3, 4.5],
			"to": [15.25, 4.5, 4.75],
			"rotation": {"angle": 0, "axis": "y", "origin": [5, 11.75, 4]},
			"faces": {
				"north": {"uv": [1, 1, 2.5, 2.5], "texture": "#1"},
				"east": {"uv": [1, 1, 1.25, 2.5], "texture": "#1"},
				"south": {"uv": [1, 1, 2.5, 2.5], "texture": "#1"},
				"west": {"uv": [1, 1, 1.25, 2.5], "texture": "#1"},
				"up": {"uv": [1, 1, 2.5, 1.25], "texture": "#1"},
				"down": {"uv": [1, 1, 2.5, 1.25], "texture": "#1"}
			}
		},
		{
			"from": [13.75, 0.75, 4.5],
			"to": [15.25, 2.25, 4.75],
			"rotation": {"angle": 0, "axis": "y", "origin": [5, 11.75, 4]},
			"faces": {
				"north": {"uv": [1, 1, 2.5, 2.5], "texture": "#1"},
				"east": {"uv": [1, 1, 1.25, 2.5], "texture": "#1"},
				"south": {"uv": [1, 1, 2.5, 2.5], "texture": "#1"},
				"west": {"uv": [1, 1, 1.25, 2.5], "texture": "#1"},
				"up": {"uv": [1, 1, 2.5, 1.25], "texture": "#1"},
				"down": {"uv": [1, 1, 2.5, 1.25], "texture": "#1"}
			}
		},
		{
			"from": [13.8, 0.8, 4.25],
			"to": [15.2, 2.2, 4.5],
			"rotation": {"angle": 0, "axis": "y", "origin": [5, 11.75, 4]},
			"faces": {
				"north": {"uv": [1, 1, 2.4, 2.4], "texture": "#1"},
				"east": {"uv": [1, 1, 1.25, 2.4], "texture": "#1"},
				"south": {"uv": [1, 1, 2.4, 2.4], "texture": "#1"},
				"west": {"uv": [1, 1, 1.25, 2.4], "texture": "#1"},
				"up": {"uv": [1, 1, 2.4, 1.25], "texture": "#1"},
				"down": {"uv": [1, 1, 2.4, 1.25], "texture": "#1"}
			}
		},
		{
			"from": [14, 1, 3.75],
			"to": [15, 2, 4],
			"rotation": {"angle": 0, "axis": "y", "origin": [5, 11.75, 4]},
			"faces": {
				"north": {"uv": [1, 1, 2, 2], "texture": "#1"},
				"east": {"uv": [1, 1, 1.25, 2], "texture": "#1"},
				"south": {"uv": [1, 1, 2, 2], "texture": "#1"},
				"west": {"uv": [1, 1, 1.25, 2], "texture": "#1"},
				"up": {"uv": [1, 1, 2, 1.25], "texture": "#1"},
				"down": {"uv": [1, 1, 2, 1.25], "texture": "#1"}
			}
		},
		{
			"from": [13.75, 5.25, 4.5],
			"to": [15.25, 6.75, 4.75],
			"rotation": {"angle": 0, "axis": "y", "origin": [5, 11.75, 4]},
			"faces": {
				"north": {"uv": [1, 1, 2.5, 2.5], "texture": "#1"},
				"east": {"uv": [1, 1, 1.25, 2.5], "texture": "#1"},
				"south": {"uv": [1, 1, 2.5, 2.5], "texture": "#1"},
				"west": {"uv": [1, 1, 1.25, 2.5], "texture": "#1"},
				"up": {"uv": [1, 1, 2.5, 1.25], "texture": "#1"},
				"down": {"uv": [1, 1, 2.5, 1.25], "texture": "#1"}
			}
		},
		{
			"from": [13.9, 0.9, 4],
			"to": [15.1, 2.1, 4.25],
			"rotation": {"angle": 0, "axis": "y", "origin": [5, 11.75, 4]},
			"faces": {
				"north": {"uv": [1, 1, 2.2, 2.2], "texture": "#1"},
				"east": {"uv": [1, 1, 1.25, 2.2], "texture": "#1"},
				"south": {"uv": [1, 1, 2.2, 2.2], "texture": "#1"},
				"west": {"uv": [1, 1, 1.25, 2.2], "texture": "#1"},
				"up": {"uv": [1, 1, 2.2, 1.25], "texture": "#1"},
				"down": {"uv": [1, 1, 2.2, 1.25], "texture": "#1"}
			}
		},
		{
			"from": [13.8, 5.3, 4.25],
			"to": [15.2, 6.7, 4.5],
			"rotation": {"angle": 0, "axis": "y", "origin": [5, 11.75, 4]},
			"faces": {
				"north": {"uv": [1, 1, 2.4, 2.4], "texture": "#1"},
				"east": {"uv": [1, 1, 1.25, 2.4], "texture": "#1"},
				"south": {"uv": [1, 1, 2.4, 2.4], "texture": "#1"},
				"west": {"uv": [1, 1, 1.25, 2.4], "texture": "#1"},
				"up": {"uv": [1, 1, 2.4, 1.25], "texture": "#1"},
				"down": {"uv": [1, 1, 2.4, 1.25], "texture": "#1"}
			}
		},
		{
			"from": [14, 5.5, 3.75],
			"to": [15, 6.5, 4],
			"rotation": {"angle": 0, "axis": "y", "origin": [5, 11.75, 4]},
			"faces": {
				"north": {"uv": [1, 1, 2, 2], "texture": "#1"},
				"east": {"uv": [1, 1, 1.25, 2], "texture": "#1"},
				"south": {"uv": [1, 1, 2, 2], "texture": "#1"},
				"west": {"uv": [1, 1, 1.25, 2], "texture": "#1"},
				"up": {"uv": [1, 1, 2, 1.25], "texture": "#1"},
				"down": {"uv": [1, 1, 2, 1.25], "texture": "#1"}
			}
		},
		{
			"from": [13.9, 5.4, 4],
			"to": [15.1, 6.6, 4.25],
			"rotation": {"angle": 0, "axis": "y", "origin": [5, 11.75, 4]},
			"faces": {
				"north": {"uv": [1, 1, 2.2, 2.2], "texture": "#1"},
				"east": {"uv": [1, 1, 1.25, 2.2], "texture": "#1"},
				"south": {"uv": [1, 1, 2.2, 2.2], "texture": "#1"},
				"west": {"uv": [1, 1, 1.25, 2.2], "texture": "#1"},
				"up": {"uv": [1, 1, 2.2, 1.25], "texture": "#1"},
				"down": {"uv": [1, 1, 2.2, 1.25], "texture": "#1"}
			}
		},
		{
			"from": [0.5, 9.5, 4.75],
			"to": [2.5, 11.5, 10.75],
			"rotation": {"angle": 0, "axis": "y", "origin": [5, 11.75, 4]},
			"faces": {
				"north": {"uv": [8, 15, 9, 16], "texture": "#1"},
				"east": {"uv": [10, 15, 16, 16], "texture": "#3"},
				"south": {"uv": [9, 15, 10, 16], "texture": "#3"},
				"west": {"uv": [10, 15, 16, 16], "texture": "#3"},
				"up": {"uv": [15, 9, 16, 15], "texture": "#3"},
				"down": {"uv": [15, 9, 16, 15], "texture": "#3"}
			}
		},
		{
			"from": [0.5, 7.25, 4.75],
			"to": [2.5, 9.25, 10.75],
			"rotation": {"angle": 0, "axis": "y", "origin": [5, 11.75, 4]},
			"faces": {
				"north": {"uv": [8, 15, 9, 16], "texture": "#1"},
				"east": {"uv": [10, 15, 16, 16], "texture": "#3"},
				"south": {"uv": [9, 15, 10, 16], "texture": "#3"},
				"west": {"uv": [10, 15, 16, 16], "texture": "#3"},
				"up": {"uv": [15, 9, 16, 15], "texture": "#3"},
				"down": {"uv": [15, 9, 16, 15], "texture": "#3"}
			}
		},
		{
			"from": [0.5, 5, 4.75],
			"to": [2.5, 7, 10.75],
			"rotation": {"angle": 0, "axis": "y", "origin": [5, 11.75, 4]},
			"faces": {
				"north": {"uv": [8, 15, 9, 16], "texture": "#1"},
				"east": {"uv": [10, 15, 16, 16], "texture": "#3"},
				"south": {"uv": [9, 15, 10, 16], "texture": "#3"},
				"west": {"uv": [10, 15, 16, 16], "texture": "#3"},
				"up": {"uv": [15, 9, 16, 15], "texture": "#3"},
				"down": {"uv": [15, 9, 16, 15], "texture": "#3"}
			}
		},
		{
			"from": [1, 4.75, 5.25],
			"to": [2.25, 11.75, 10.25],
			"rotation": {"angle": 0, "axis": "y", "origin": [5, 11.75, 4]},
			"faces": {
				"north": {"uv": [0, 0, 1, 7], "texture": "#2"},
				"east": {"uv": [7, 0, 12, 16], "texture": "#2"},
				"south": {"uv": [0, 0, 1, 7], "texture": "#2"},
				"west": {"uv": [7, 0, 12, 16], "texture": "#2"},
				"up": {"uv": [13, 2, 14, 7], "texture": "#2"},
				"down": {"uv": [15, 0, 16, 5], "texture": "#2"}
			}
		},
		{
			"from": [6.5, 0.75, 11],
			"to": [9.5, 8.75, 15],
			"rotation": {"angle": 0, "axis": "y", "origin": [5, 11.75, 4]},
			"faces": {
				"north": {"uv": [2, 3, 5, 11], "texture": "#1"},
				"east": {"uv": [9, 8, 13, 16], "texture": "#1"},
				"south": {"uv": [6, 3, 9, 11], "texture": "#1"},
				"west": {"uv": [4, 5, 8, 13], "texture": "#1"},
				"up": {"uv": [13, 2, 16, 6], "texture": "#1"},
				"down": {"uv": [2, 3, 5, 7], "texture": "#1"}
			}
		},
		{
			"from": [7.5, 4.75, 7],
			"to": [8.5, 5.75, 11],
			"rotation": {"angle": 0, "axis": "y", "origin": [5, 11.75, 4]},
			"faces": {
				"north": {"uv": [0, 0, 1, 1], "texture": "#1"},
				"east": {"uv": [0, 0, 4, 1], "texture": "#1"},
				"south": {"uv": [0, 0, 1, 1], "texture": "#1"},
				"west": {"uv": [0, 0, 4, 1], "texture": "#1"},
				"up": {"uv": [0, 0, 1, 4], "texture": "#1"},
				"down": {"uv": [0, 0, 1, 4], "texture": "#1"}
			}
		},
		{
			"from": [7.5, 4.75, 6],
			"to": [8.5, 8.75, 7],
			"rotation": {"angle": 0, "axis": "y", "origin": [5, 11.75, 4]},
			"faces": {
				"north": {"uv": [0, 0, 1, 4], "texture": "#1"},
				"east": {"uv": [0, 0, 1, 4], "texture": "#1"},
				"south": {"uv": [0, 0, 1, 4], "texture": "#1"},
				"west": {"uv": [0, 0, 1, 4], "texture": "#1"},
				"up": {"uv": [0, 0, 1, 1], "texture": "#1"},
				"down": {"uv": [0, 0, 1, 1], "texture": "#1"}
			}
		},
		{
			"from": [7.5, 8.75, 10],
			"to": [8.5, 12.75, 11],
			"rotation": {"angle": 22.5, "axis": "x", "origin": [5, 11.75, 4]},
			"faces": {
				"north": {"uv": [0, 0, 1, 4], "texture": "#2"},
				"east": {"uv": [0, 0, 1, 4], "texture": "#2"},
				"south": {"uv": [0, 0, 1, 4], "texture": "#2"},
				"west": {"uv": [0, 0, 1, 4], "texture": "#2"},
				"up": {"uv": [0, 0, 1, 1], "texture": "#2"},
				"down": {"uv": [0, 0, 1, 1], "texture": "#2"}
			}
		},
		{
			"from": [11, 8.75, 3],
			"to": [12, 17.75, 16],
			"rotation": {"angle": 0, "axis": "y", "origin": [5, 11.75, 4]},
			"faces": {
				"north": {"uv": [2, 2, 3, 11], "texture": "#1"},
				"east": {"uv": [3, 5, 16, 14], "texture": "#1"},
				"south": {"uv": [2, 1, 3, 10], "texture": "#1"},
				"west": {"uv": [0, 2, 13, 11], "texture": "#1"},
				"up": {"uv": [11, 3, 12, 16], "texture": "#1"},
				"down": {"uv": [4, 2, 5, 15], "texture": "#1"}
			}
		},
		{
			"from": [11, 17.75, 5.5],
			"to": [12, 18.65, 11.1],
			"rotation": {"angle": 0, "axis": "y", "origin": [5, 11.75, 4]},
			"faces": {
				"north": {"uv": [0, 0, 1, 0.9], "texture": "#1"},
				"east": {"uv": [0, 0, 5.6, 0.9], "texture": "#1"},
				"south": {"uv": [0, 0, 1, 0.9], "texture": "#1"},
				"west": {"uv": [0, 0, 5.6, 0.9], "texture": "#1"},
				"up": {"uv": [9, 2, 10, 7.6], "texture": "#1"},
				"down": {"uv": [0, 0, 1, 5.6], "texture": "#1"}
			}
		},
		{
			"from": [5, 9.75, 16],
			"to": [11, 18.75, 24],
			"rotation": {"angle": 0, "axis": "y", "origin": [5, 11.75, 4]},
			"faces": {
				"north": {"uv": [8, 4, 14, 13], "texture": "#1"},
				"east": {"uv": [4, 4, 12, 13], "texture": "#1"},
				"south": {"uv": [3, 3, 9, 12], "texture": "#1"},
				"west": {"uv": [4, 4, 12, 13], "texture": "#1"},
				"up": {"uv": [6, 5, 12, 13], "texture": "#1"},
				"down": {"uv": [6, 4, 12, 12], "texture": "#1"}
			}
		}
	],
	"display": {
		"thirdperson_righthand": {
			"rotation": [67, 0, 0],
			"translation": [0, 3, 2.25],
			"scale": [0.43, 0.43, 0.43]
		},
		"thirdperson_lefthand": {
			"rotation": [67, 0, 0],
			"translation": [0, 3, 2.25],
			"scale": [0.43, 0.43, 0.43]
		},
		"firstperson_righthand": {
			"translation": [0, -0.25, -1.75],
			"scale": [0.60352, 0.60352, 0.60352]
		},
		"firstperson_lefthand": {
			"translation": [0, -0.25, -1.75],
			"scale": [0.60352, 0.60352, 0.60352]
		},
		"head": {
			"translation": [0, 13.5, 0]
		}
	},
	"groups": [
		{
			"name": "group",
			"origin": [0, 0, 0],
			"color": 0,
			"children": [
				0,
				1,
				2,
				3,
				4,
				5,
				6,
				7,
				8,
				9,
				10,
				11,
				12,
				13,
				14,
				15,
				16,
				17,
				18,
				19,
				20,
				21,
				22,
				23,
				24,
				25,
				26,
				27,
				28,
				29,
				30,
				31,
				32,
				33,
				34,
				35,
				36,
				37,
				38,
				39,
				40,
				41,
				42,
				43,
				44,
				45,
				46,
				47,
				48,
				49,
				50,
				51,
				52,
				53,
				54,
				55,
				56,
				57,
				58,
				59,
				60,
				61,
				62,
				63,
				64,
				65,
				66,
				67,
				68,
				69,
				70,
				71,
				72,
				73,
				74,
				75,
				76,
				77,
				78,
				79,
				80,
				81,
				82,
				83,
				84,
				85,
				86,
				87,
				88,
				89,
				90,
				91,
				92,
				93,
				94,
				95,
				96,
				97,
				98,
				99,
				100,
				101,
				102,
				103,
				104,
				105,
				106,
				107,
				108,
				109,
				110,
				111,
				112,
				113,
				114,
				115,
				116,
				117,
				118,
				119,
				120,
				121
			]
		}
	]
}