{
	"credit": "Made with Blockbench",
	"parent": "26",
	"textures": {
		"0": "minecraft:block/hay_block_top",
		"1": "minecraft:block/furnace_side",
		"2": "minecraft:block/dispenser_front_vertical",
		"particle": "minecraft:block/hay_block_top"
	},
	"elements": [
		{
			"from": [7.1, 0.8, 8.5],
			"to": [8.9, 4.8, 10.1],
			"rotation": {"angle": -22.5, "axis": "x", "origin": [0, 0, 0]},
			"faces": {
				"north": {"uv": [0, 9, 16, 16], "texture": "#1"},
				"east": {"uv": [0, 9, 16, 16], "texture": "#1"},
				"south": {"uv": [0, 9, 16, 16], "texture": "#1"},
				"west": {"uv": [0, 9, 16, 16], "texture": "#1"},
				"up": {"uv": [0, 9, 16, 16], "texture": "#1"},
				"down": {"uv": [0, 9, 16, 16], "texture": "#1"}
			}
		},
		{
			"from": [7, 7.3, -5],
			"to": [9, 10, 6.3],
			"faces": {
				"north": {"uv": [0, 7, 1, 9.3], "texture": "#1"},
				"east": {"uv": [0, 7, 1, 9.3], "texture": "#1"},
				"south": {"uv": [0, 7, 1, 9.3], "texture": "#1"},
				"west": {"uv": [0, 7, 1, 9.3], "texture": "#1"},
				"up": {"uv": [0, 7, 1, 9.3], "texture": "#1"},
				"down": {"uv": [0, 7, 1, 9.3], "texture": "#1"}
			}
		},
		{
			"from": [7.1, 3.5, -0.2],
			"to": [8.9, 8.8, 1.8],
			"rotation": {"angle": 22.5, "axis": "x", "origin": [0, 0, 0]},
			"faces": {
				"north": {"uv": [0, 7, 1, 8.3], "texture": "#1"},
				"east": {"uv": [0, 7, 1, 8.3], "texture": "#1"},
				"south": {"uv": [0, 7, 1, 8.3], "texture": "#1"},
				"west": {"uv": [0, 7, 1, 8.3], "texture": "#1"},
				"up": {"uv": [0, 7, 1, 8.3], "texture": "#1"},
				"down": {"uv": [0, 7, 1, 8.3], "texture": "#1"}
			}
		},
		{
			"from": [7.1, 3.3, 11.2],
			"to": [8.9, 5.5, 12.8],
			"rotation": {"angle": -22.5, "axis": "x", "origin": [0, 0, 0]},
			"faces": {
				"north": {"uv": [6, 9, 16, 16], "texture": "#1"},
				"east": {"uv": [6, 9, 16, 16], "texture": "#1"},
				"south": {"uv": [6, 9, 16, 16], "texture": "#1"},
				"west": {"uv": [6, 9, 16, 16], "texture": "#1"},
				"up": {"uv": [6, 9, 16, 16], "texture": "#1"},
				"down": {"uv": [6, 9, 16, 16], "texture": "#1"}
			}
		},
		{
			"from": [7.1, 10, -5],
			"to": [8.9, 10.4, 6.3],
			"faces": {
				"north": {"uv": [0, 0, 2, 8.3], "texture": "#1"},
				"east": {"uv": [0, 0, 2, 8.3], "texture": "#1"},
				"south": {"uv": [0, 0, 2, 8.3], "texture": "#1"},
				"west": {"uv": [0, 0, 2, 8.3], "texture": "#1"},
				"up": {"uv": [0, 0, 2, 8.3], "texture": "#1"},
				"down": {"uv": [0, 0, 2, 8.3], "texture": "#1"}
			}
		},
		{
			"from": [7.4, 7.8, -7.1],
			"to": [8.6, 9.3, -5],
			"faces": {
				"north": {"uv": [12, 4, 4, 12.3], "texture": "#2"},
				"east": {"uv": [0, 7, 1, 8.3], "texture": "#1"},
				"south": {"uv": [0, 7, 1, 8.3], "texture": "#1"},
				"west": {"uv": [0, 7, 1, 8.3], "texture": "#1"},
				"up": {"uv": [0, 7, 1, 8.3], "texture": "#1"},
				"down": {"uv": [0, 7, 1, 8.3], "texture": "#1"}
			}
		},
		{
			"from": [7.2, 6.6, -4.8],
			"to": [8.8, 7.4, 1.9],
			"faces": {
				"north": {"uv": [2, 7, 3, 8.3], "texture": "#1"},
				"east": {"uv": [0, 7, 1, 8.3], "texture": "#1"},
				"south": {"uv": [0, 7, 1, 8.3], "texture": "#1"},
				"west": {"uv": [0, 7, 1, 8.3], "texture": "#1"},
				"up": {"uv": [0, 7, 1, 8.3], "texture": "#1"},
				"down": {"uv": [0, 7, 1, 8.3], "texture": "#1"}
			}
		},
		{
			"from": [7, 5.4, 2.5],
			"to": [9, 7.4, 5.1],
			"faces": {
				"north": {"uv": [0, 7, 1, 8.3], "texture": "#1"},
				"east": {"uv": [0, 7, 1, 8.3], "texture": "#1"},
				"south": {"uv": [0, 7, 1, 8.3], "texture": "#1"},
				"west": {"uv": [0, 7, 1, 8.3], "texture": "#1"},
				"up": {"uv": [0, 7, 1, 8.3], "texture": "#1"},
				"down": {"uv": [0, 7, 1, 8.3], "texture": "#1"}
			}
		},
		{
			"from": [7.3, 6.4, -4.8],
			"to": [8.7, 6.6, 1.9],
			"faces": {
				"north": {"uv": [6, 7, 7, 8.3], "texture": "#1"},
				"east": {"uv": [0, 7, 1, 8.3], "texture": "#1"},
				"south": {"uv": [0, 7, 1, 8.3], "texture": "#1"},
				"west": {"uv": [0, 7, 1, 8.3], "texture": "#1"},
				"up": {"uv": [0, 7, 1, 8.3], "texture": "#1"},
				"down": {"uv": [0, 7, 1, 8.3], "texture": "#1"}
			}
		},
		{
			"from": [7.4, 10.3, -5],
			"to": [8.6, 11.8, -4.7],
			"faces": {
				"north": {"uv": [0, 0, 2, 8.3], "texture": "#1"},
				"east": {"uv": [0, 0, 2, 8.3], "texture": "#1"},
				"south": {"uv": [0, 0, 2, 8.3], "texture": "#1"},
				"west": {"uv": [0, 0, 2, 8.3], "texture": "#1"},
				"up": {"uv": [0, 0, 2, 8.3], "texture": "#1"},
				"down": {"uv": [0, 0, 2, 8.3], "texture": "#1"}
			}
		},
		{
			"from": [7.4, 11.1, -0.5],
			"to": [8.6, 11.8, -0.1],
			"rotation": {"angle": -22.5, "axis": "x", "origin": [0, 0, 0]},
			"faces": {
				"north": {"uv": [0, 0, 2, 8.3], "texture": "#1"},
				"east": {"uv": [0, 0, 2, 8.3], "texture": "#1"},
				"south": {"uv": [0, 0, 2, 8.3], "texture": "#1"},
				"west": {"uv": [0, 0, 2, 8.3], "texture": "#1"},
				"up": {"uv": [0, 0, 2, 8.3], "texture": "#1"},
				"down": {"uv": [0, 0, 2, 8.3], "texture": "#1"}
			}
		},
		{
			"from": [7, 5.8, 5.1],
			"to": [9, 6.2, 6.9],
			"faces": {
				"north": {"uv": [0, 9, 16, 16], "texture": "#1"},
				"east": {"uv": [0, 9, 16, 16], "texture": "#1"},
				"south": {"uv": [0, 9, 16, 16], "texture": "#1"},
				"west": {"uv": [0, 9, 16, 16], "texture": "#1"},
				"up": {"uv": [0, 9, 16, 16], "texture": "#1"},
				"down": {"uv": [0, 9, 16, 16], "texture": "#1"}
			}
		},
		{
			"from": [7, 5.8, 5.1],
			"to": [9, 7.3, 5.5],
			"faces": {
				"north": {"uv": [0, 9, 16, 16], "texture": "#1"},
				"east": {"uv": [0, 9, 16, 16], "texture": "#1"},
				"south": {"uv": [0, 9, 16, 16], "texture": "#1"},
				"west": {"uv": [0, 9, 16, 16], "texture": "#1"},
				"up": {"uv": [0, 9, 16, 16], "texture": "#1"},
				"down": {"uv": [0, 9, 16, 16], "texture": "#1"}
			}
		},
		{
			"from": [7, 6.6, 1.9],
			"to": [9, 7.3, 2.8],
			"faces": {
				"north": {"uv": [0, 7, 1, 8.3], "texture": "#1"},
				"east": {"uv": [0, 7, 1, 8.3], "texture": "#1"},
				"south": {"uv": [0, 7, 1, 8.3], "texture": "#1"},
				"west": {"uv": [0, 7, 1, 8.3], "texture": "#1"},
				"up": {"uv": [0, 7, 1, 8.3], "texture": "#1"},
				"down": {"uv": [0, 7, 1, 8.3], "texture": "#1"}
			}
		},
		{
			"from": [6.9, 9.2, -3.6],
			"to": [7, 9.3, -2.4],
			"rotation": {"angle": 0, "axis": "y", "origin": [1.7, -2.1, -9.9]},
			"faces": {
				"north": {"uv": [0, 0, 16, 16], "texture": "#0"},
				"east": {"uv": [0, 0, 16, 16], "texture": "#0"},
				"south": {"uv": [0, 0, 16, 16], "texture": "#0"},
				"west": {"uv": [0, 0, 16, 16], "texture": "#0"},
				"up": {"uv": [0, 0, 16, 16], "texture": "#0"},
				"down": {"uv": [0, 0, 16, 16], "texture": "#0"}
			}
		},
		{
			"from": [6.9, 9.1, -2.6],
			"to": [7, 9.2, -2.5],
			"rotation": {"angle": 0, "axis": "y", "origin": [1.7, -2.1, -9.9]},
			"faces": {
				"north": {"uv": [0, 0, 16, 16], "texture": "#0"},
				"east": {"uv": [0, 0, 16, 16], "texture": "#0"},
				"south": {"uv": [0, 0, 16, 16], "texture": "#0"},
				"west": {"uv": [0, 0, 16, 16], "texture": "#0"},
				"up": {"uv": [0, 0, 16, 16], "texture": "#0"},
				"down": {"uv": [0, 0, 16, 16], "texture": "#0"}
			}
		},
		{
			"from": [6.9, 9.1, -2.3],
			"to": [7, 9.2, -2],
			"rotation": {"angle": 0, "axis": "y", "origin": [1.7, -2.1, -9.9]},
			"faces": {
				"north": {"uv": [0, 0, 16, 16], "texture": "#0"},
				"east": {"uv": [0, 0, 16, 16], "texture": "#0"},
				"south": {"uv": [0, 0, 16, 16], "texture": "#0"},
				"west": {"uv": [0, 0, 16, 16], "texture": "#0"},
				"up": {"uv": [0, 0, 16, 16], "texture": "#0"},
				"down": {"uv": [0, 0, 16, 16], "texture": "#0"}
			}
		},
		{
			"from": [6.9, 9.2, -1.9],
			"to": [7, 9.3, -0.7],
			"rotation": {"angle": 0, "axis": "y", "origin": [1.7, -2.1, -9.9]},
			"faces": {
				"north": {"uv": [0, 0, 16, 16], "texture": "#0"},
				"east": {"uv": [0, 0, 16, 16], "texture": "#0"},
				"south": {"uv": [0, 0, 16, 16], "texture": "#0"},
				"west": {"uv": [0, 0, 16, 16], "texture": "#0"},
				"up": {"uv": [0, 0, 16, 16], "texture": "#0"},
				"down": {"uv": [0, 0, 16, 16], "texture": "#0"}
			}
		},
		{
			"from": [6.9, 9.1, -1.8],
			"to": [7, 9.2, -1.7],
			"rotation": {"angle": 0, "axis": "y", "origin": [1.7, -2.1, -9.9]},
			"faces": {
				"north": {"uv": [0, 0, 16, 16], "texture": "#0"},
				"east": {"uv": [0, 0, 16, 16], "texture": "#0"},
				"south": {"uv": [0, 0, 16, 16], "texture": "#0"},
				"west": {"uv": [0, 0, 16, 16], "texture": "#0"},
				"up": {"uv": [0, 0, 16, 16], "texture": "#0"},
				"down": {"uv": [0, 0, 16, 16], "texture": "#0"}
			}
		},
		{
			"from": [6.9, 9, -1.8],
			"to": [7, 9.1, -0.9],
			"rotation": {"angle": 0, "axis": "y", "origin": [1.7, -2.1, -9.9]},
			"faces": {
				"north": {"uv": [0, 0, 16, 16], "texture": "#0"},
				"east": {"uv": [0, 0, 16, 16], "texture": "#0"},
				"south": {"uv": [0, 0, 16, 16], "texture": "#0"},
				"west": {"uv": [0, 0, 16, 16], "texture": "#0"},
				"up": {"uv": [0, 0, 16, 16], "texture": "#0"},
				"down": {"uv": [0, 0, 16, 16], "texture": "#0"}
			}
		},
		{
			"from": [6.9, 8.9, -2],
			"to": [7, 9, -1.8],
			"rotation": {"angle": 0, "axis": "y", "origin": [1.7, -2.1, -9.9]},
			"faces": {
				"north": {"uv": [0, 0, 16, 16], "texture": "#0"},
				"east": {"uv": [0, 0, 16, 16], "texture": "#0"},
				"south": {"uv": [0, 0, 16, 16], "texture": "#0"},
				"west": {"uv": [0, 0, 16, 16], "texture": "#0"},
				"up": {"uv": [0, 0, 16, 16], "texture": "#0"},
				"down": {"uv": [0, 0, 16, 16], "texture": "#0"}
			}
		},
		{
			"from": [6.9, 9, -2.2],
			"to": [7, 9.1, -2.1],
			"rotation": {"angle": 0, "axis": "y", "origin": [1.7, -2.1, -9.9]},
			"faces": {
				"north": {"uv": [0, 0, 16, 16], "texture": "#0"},
				"east": {"uv": [0, 0, 16, 16], "texture": "#0"},
				"south": {"uv": [0, 0, 16, 16], "texture": "#0"},
				"west": {"uv": [0, 0, 16, 16], "texture": "#0"},
				"up": {"uv": [0, 0, 16, 16], "texture": "#0"},
				"down": {"uv": [0, 0, 16, 16], "texture": "#0"}
			}
		},
		{
			"from": [6.9, 8.7, -2.3],
			"to": [7, 9, -2],
			"rotation": {"angle": 0, "axis": "y", "origin": [1.7, -2.1, -9.9]},
			"faces": {
				"north": {"uv": [0, 0, 16, 16], "texture": "#0"},
				"east": {"uv": [0, 0, 16, 16], "texture": "#0"},
				"south": {"uv": [0, 0, 16, 16], "texture": "#0"},
				"west": {"uv": [0, 0, 16, 16], "texture": "#0"},
				"up": {"uv": [0, 0, 16, 16], "texture": "#0"},
				"down": {"uv": [0, 0, 16, 16], "texture": "#0"}
			}
		},
		{
			"from": [6.9, 8.9, -2.5],
			"to": [7, 9, -2.3],
			"rotation": {"angle": 0, "axis": "y", "origin": [1.7, -2.1, -9.9]},
			"faces": {
				"north": {"uv": [0, 0, 16, 16], "texture": "#0"},
				"east": {"uv": [0, 0, 16, 16], "texture": "#0"},
				"south": {"uv": [0, 0, 16, 16], "texture": "#0"},
				"west": {"uv": [0, 0, 16, 16], "texture": "#0"},
				"up": {"uv": [0, 0, 16, 16], "texture": "#0"},
				"down": {"uv": [0, 0, 16, 16], "texture": "#0"}
			}
		},
		{
			"from": [6.9, 9, -3.4],
			"to": [7, 9.1, -2.5],
			"rotation": {"angle": 0, "axis": "y", "origin": [1.7, -2.1, -9.9]},
			"faces": {
				"north": {"uv": [0, 0, 16, 16], "texture": "#0"},
				"east": {"uv": [0, 0, 16, 16], "texture": "#0"},
				"south": {"uv": [0, 0, 16, 16], "texture": "#0"},
				"west": {"uv": [0, 0, 16, 16], "texture": "#0"},
				"up": {"uv": [0, 0, 16, 16], "texture": "#0"},
				"down": {"uv": [0, 0, 16, 16], "texture": "#0"}
			}
		},
		{
			"from": [6.9, 5.2, 0.6],
			"to": [7, 5.3, 1.2],
			"rotation": {"angle": -22.5, "axis": "x", "origin": [1.7, -2.1, -9.9]},
			"faces": {
				"north": {"uv": [0, 0, 16, 16], "texture": "#0"},
				"east": {"uv": [0, 0, 16, 16], "texture": "#0"},
				"south": {"uv": [0, 0, 16, 16], "texture": "#0"},
				"west": {"uv": [0, 0, 16, 16], "texture": "#0"},
				"up": {"uv": [0, 0, 16, 16], "texture": "#0"},
				"down": {"uv": [0, 0, 16, 16], "texture": "#0"}
			}
		},
		{
			"from": [6.9, 8.8, -3.2],
			"to": [7, 8.9, -2.6],
			"rotation": {"angle": 0, "axis": "y", "origin": [1.7, -2.1, -9.9]},
			"faces": {
				"north": {"uv": [0, 0, 16, 16], "texture": "#0"},
				"east": {"uv": [0, 0, 16, 16], "texture": "#0"},
				"south": {"uv": [0, 0, 16, 16], "texture": "#0"},
				"west": {"uv": [0, 0, 16, 16], "texture": "#0"},
				"up": {"uv": [0, 0, 16, 16], "texture": "#0"},
				"down": {"uv": [0, 0, 16, 16], "texture": "#0"}
			}
		},
		{
			"from": [6.9, 8.5, -2.4],
			"to": [7, 8.7, -2.3],
			"rotation": {"angle": 0, "axis": "y", "origin": [1.7, -2.1, -9.9]},
			"faces": {
				"north": {"uv": [0, 0, 16, 16], "texture": "#0"},
				"east": {"uv": [0, 0, 16, 16], "texture": "#0"},
				"south": {"uv": [0, 0, 16, 16], "texture": "#0"},
				"west": {"uv": [0, 0, 16, 16], "texture": "#0"},
				"up": {"uv": [0, 0, 16, 16], "texture": "#0"},
				"down": {"uv": [0, 0, 16, 16], "texture": "#0"}
			}
		},
		{
			"from": [6.9, 8.6, -2.2],
			"to": [7, 8.7, -2.1],
			"rotation": {"angle": 0, "axis": "y", "origin": [1.7, -2.1, -9.9]},
			"faces": {
				"north": {"uv": [0, 0, 16, 16], "texture": "#0"},
				"east": {"uv": [0, 0, 16, 16], "texture": "#0"},
				"south": {"uv": [0, 0, 16, 16], "texture": "#0"},
				"west": {"uv": [0, 0, 16, 16], "texture": "#0"},
				"up": {"uv": [0, 0, 16, 16], "texture": "#0"},
				"down": {"uv": [0, 0, 16, 16], "texture": "#0"}
			}
		},
		{
			"from": [6.9, 8.5, -2],
			"to": [7, 8.7, -1.9],
			"rotation": {"angle": 0, "axis": "y", "origin": [1.7, -2.1, -9.9]},
			"faces": {
				"north": {"uv": [0, 0, 16, 16], "texture": "#0"},
				"east": {"uv": [0, 0, 16, 16], "texture": "#0"},
				"south": {"uv": [0, 0, 16, 16], "texture": "#0"},
				"west": {"uv": [0, 0, 16, 16], "texture": "#0"},
				"up": {"uv": [0, 0, 16, 16], "texture": "#0"},
				"down": {"uv": [0, 0, 16, 16], "texture": "#0"}
			}
		},
		{
			"from": [6.9, 11.1, -6.7],
			"to": [7, 11.2, -6.1],
			"rotation": {"angle": 22.5, "axis": "x", "origin": [1.7, -2.1, -9.9]},
			"faces": {
				"north": {"uv": [0, 0, 16, 16], "texture": "#0"},
				"east": {"uv": [0, 0, 16, 16], "texture": "#0"},
				"south": {"uv": [0, 0, 16, 16], "texture": "#0"},
				"west": {"uv": [0, 0, 16, 16], "texture": "#0"},
				"up": {"uv": [0, 0, 16, 16], "texture": "#0"},
				"down": {"uv": [0, 0, 16, 16], "texture": "#0"}
			}
		},
		{
			"from": [6.9, 8.8, -1.7],
			"to": [7, 8.9, -1.1],
			"rotation": {"angle": 0, "axis": "y", "origin": [1.7, -2.1, -9.9]},
			"faces": {
				"north": {"uv": [0, 0, 16, 16], "texture": "#0"},
				"east": {"uv": [0, 0, 16, 16], "texture": "#0"},
				"south": {"uv": [0, 0, 16, 16], "texture": "#0"},
				"west": {"uv": [0, 0, 16, 16], "texture": "#0"},
				"up": {"uv": [0, 0, 16, 16], "texture": "#0"},
				"down": {"uv": [0, 0, 16, 16], "texture": "#0"}
			}
		},
		{
			"from": [9, 9.2, -3.6],
			"to": [9.1, 9.3, -2.4],
			"rotation": {"angle": 0, "axis": "y", "origin": [3.8, -2.1, -9.9]},
			"faces": {
				"north": {"uv": [0, 0, 16, 16], "texture": "#0"},
				"east": {"uv": [0, 0, 16, 16], "texture": "#0"},
				"south": {"uv": [0, 0, 16, 16], "texture": "#0"},
				"west": {"uv": [0, 0, 16, 16], "texture": "#0"},
				"up": {"uv": [0, 0, 16, 16], "texture": "#0"},
				"down": {"uv": [0, 0, 16, 16], "texture": "#0"}
			}
		},
		{
			"from": [9, 9.1, -2.6],
			"to": [9.1, 9.2, -2.5],
			"rotation": {"angle": 0, "axis": "y", "origin": [3.8, -2.1, -9.9]},
			"faces": {
				"north": {"uv": [0, 0, 16, 16], "texture": "#0"},
				"east": {"uv": [0, 0, 16, 16], "texture": "#0"},
				"south": {"uv": [0, 0, 16, 16], "texture": "#0"},
				"west": {"uv": [0, 0, 16, 16], "texture": "#0"},
				"up": {"uv": [0, 0, 16, 16], "texture": "#0"},
				"down": {"uv": [0, 0, 16, 16], "texture": "#0"}
			}
		},
		{
			"from": [9, 9.1, -2.3],
			"to": [9.1, 9.2, -2],
			"rotation": {"angle": 0, "axis": "y", "origin": [3.8, -2.1, -9.9]},
			"faces": {
				"north": {"uv": [0, 0, 16, 16], "texture": "#0"},
				"east": {"uv": [0, 0, 16, 16], "texture": "#0"},
				"south": {"uv": [0, 0, 16, 16], "texture": "#0"},
				"west": {"uv": [0, 0, 16, 16], "texture": "#0"},
				"up": {"uv": [0, 0, 16, 16], "texture": "#0"},
				"down": {"uv": [0, 0, 16, 16], "texture": "#0"}
			}
		},
		{
			"from": [9, 9.2, -1.9],
			"to": [9.1, 9.3, -0.7],
			"rotation": {"angle": 0, "axis": "y", "origin": [3.8, -2.1, -9.9]},
			"faces": {
				"north": {"uv": [0, 0, 16, 16], "texture": "#0"},
				"east": {"uv": [0, 0, 16, 16], "texture": "#0"},
				"south": {"uv": [0, 0, 16, 16], "texture": "#0"},
				"west": {"uv": [0, 0, 16, 16], "texture": "#0"},
				"up": {"uv": [0, 0, 16, 16], "texture": "#0"},
				"down": {"uv": [0, 0, 16, 16], "texture": "#0"}
			}
		},
		{
			"from": [9, 9.1, -1.8],
			"to": [9.1, 9.2, -1.7],
			"rotation": {"angle": 0, "axis": "y", "origin": [3.8, -2.1, -9.9]},
			"faces": {
				"north": {"uv": [0, 0, 16, 16], "texture": "#0"},
				"east": {"uv": [0, 0, 16, 16], "texture": "#0"},
				"south": {"uv": [0, 0, 16, 16], "texture": "#0"},
				"west": {"uv": [0, 0, 16, 16], "texture": "#0"},
				"up": {"uv": [0, 0, 16, 16], "texture": "#0"},
				"down": {"uv": [0, 0, 16, 16], "texture": "#0"}
			}
		},
		{
			"from": [9, 9, -1.8],
			"to": [9.1, 9.1, -0.9],
			"rotation": {"angle": 0, "axis": "y", "origin": [3.8, -2.1, -9.9]},
			"faces": {
				"north": {"uv": [0, 0, 16, 16], "texture": "#0"},
				"east": {"uv": [0, 0, 16, 16], "texture": "#0"},
				"south": {"uv": [0, 0, 16, 16], "texture": "#0"},
				"west": {"uv": [0, 0, 16, 16], "texture": "#0"},
				"up": {"uv": [0, 0, 16, 16], "texture": "#0"},
				"down": {"uv": [0, 0, 16, 16], "texture": "#0"}
			}
		},
		{
			"from": [9, 8.9, -2],
			"to": [9.1, 9, -1.8],
			"rotation": {"angle": 0, "axis": "y", "origin": [3.8, -2.1, -9.9]},
			"faces": {
				"north": {"uv": [0, 0, 16, 16], "texture": "#0"},
				"east": {"uv": [0, 0, 16, 16], "texture": "#0"},
				"south": {"uv": [0, 0, 16, 16], "texture": "#0"},
				"west": {"uv": [0, 0, 16, 16], "texture": "#0"},
				"up": {"uv": [0, 0, 16, 16], "texture": "#0"},
				"down": {"uv": [0, 0, 16, 16], "texture": "#0"}
			}
		},
		{
			"from": [9, 9, -2.2],
			"to": [9.1, 9.1, -2.1],
			"rotation": {"angle": 0, "axis": "y", "origin": [3.8, -2.1, -9.9]},
			"faces": {
				"north": {"uv": [0, 0, 16, 16], "texture": "#0"},
				"east": {"uv": [0, 0, 16, 16], "texture": "#0"},
				"south": {"uv": [0, 0, 16, 16], "texture": "#0"},
				"west": {"uv": [0, 0, 16, 16], "texture": "#0"},
				"up": {"uv": [0, 0, 16, 16], "texture": "#0"},
				"down": {"uv": [0, 0, 16, 16], "texture": "#0"}
			}
		},
		{
			"from": [9, 8.7, -2.3],
			"to": [9.1, 9, -2],
			"rotation": {"angle": 0, "axis": "y", "origin": [3.8, -2.1, -9.9]},
			"faces": {
				"north": {"uv": [0, 0, 16, 16], "texture": "#0"},
				"east": {"uv": [0, 0, 16, 16], "texture": "#0"},
				"south": {"uv": [0, 0, 16, 16], "texture": "#0"},
				"west": {"uv": [0, 0, 16, 16], "texture": "#0"},
				"up": {"uv": [0, 0, 16, 16], "texture": "#0"},
				"down": {"uv": [0, 0, 16, 16], "texture": "#0"}
			}
		},
		{
			"from": [9, 8.9, -2.5],
			"to": [9.1, 9, -2.3],
			"rotation": {"angle": 0, "axis": "y", "origin": [3.8, -2.1, -9.9]},
			"faces": {
				"north": {"uv": [0, 0, 16, 16], "texture": "#0"},
				"east": {"uv": [0, 0, 16, 16], "texture": "#0"},
				"south": {"uv": [0, 0, 16, 16], "texture": "#0"},
				"west": {"uv": [0, 0, 16, 16], "texture": "#0"},
				"up": {"uv": [0, 0, 16, 16], "texture": "#0"},
				"down": {"uv": [0, 0, 16, 16], "texture": "#0"}
			}
		},
		{
			"from": [9, 9, -3.4],
			"to": [9.1, 9.1, -2.5],
			"rotation": {"angle": 0, "axis": "y", "origin": [3.8, -2.1, -9.9]},
			"faces": {
				"north": {"uv": [0, 0, 16, 16], "texture": "#0"},
				"east": {"uv": [0, 0, 16, 16], "texture": "#0"},
				"south": {"uv": [0, 0, 16, 16], "texture": "#0"},
				"west": {"uv": [0, 0, 16, 16], "texture": "#0"},
				"up": {"uv": [0, 0, 16, 16], "texture": "#0"},
				"down": {"uv": [0, 0, 16, 16], "texture": "#0"}
			}
		},
		{
			"from": [9, 5.2, 0.6],
			"to": [9.1, 5.3, 1.2],
			"rotation": {"angle": -22.5, "axis": "x", "origin": [3.8, -2.1, -9.9]},
			"faces": {
				"north": {"uv": [0, 0, 16, 16], "texture": "#0"},
				"east": {"uv": [0, 0, 16, 16], "texture": "#0"},
				"south": {"uv": [0, 0, 16, 16], "texture": "#0"},
				"west": {"uv": [0, 0, 16, 16], "texture": "#0"},
				"up": {"uv": [0, 0, 16, 16], "texture": "#0"},
				"down": {"uv": [0, 0, 16, 16], "texture": "#0"}
			}
		},
		{
			"from": [9, 8.8, -3.2],
			"to": [9.1, 8.9, -2.6],
			"rotation": {"angle": 0, "axis": "y", "origin": [3.8, -2.1, -9.9]},
			"faces": {
				"north": {"uv": [0, 0, 16, 16], "texture": "#0"},
				"east": {"uv": [0, 0, 16, 16], "texture": "#0"},
				"south": {"uv": [0, 0, 16, 16], "texture": "#0"},
				"west": {"uv": [0, 0, 16, 16], "texture": "#0"},
				"up": {"uv": [0, 0, 16, 16], "texture": "#0"},
				"down": {"uv": [0, 0, 16, 16], "texture": "#0"}
			}
		},
		{
			"from": [9, 8.5, -2.4],
			"to": [9.1, 8.7, -2.3],
			"rotation": {"angle": 0, "axis": "y", "origin": [3.8, -2.1, -9.9]},
			"faces": {
				"north": {"uv": [0, 0, 16, 16], "texture": "#0"},
				"east": {"uv": [0, 0, 16, 16], "texture": "#0"},
				"south": {"uv": [0, 0, 16, 16], "texture": "#0"},
				"west": {"uv": [0, 0, 16, 16], "texture": "#0"},
				"up": {"uv": [0, 0, 16, 16], "texture": "#0"},
				"down": {"uv": [0, 0, 16, 16], "texture": "#0"}
			}
		},
		{
			"from": [9, 8.6, -2.2],
			"to": [9.1, 8.7, -2.1],
			"rotation": {"angle": 0, "axis": "y", "origin": [3.8, -2.1, -9.9]},
			"faces": {
				"north": {"uv": [0, 0, 16, 16], "texture": "#0"},
				"east": {"uv": [0, 0, 16, 16], "texture": "#0"},
				"south": {"uv": [0, 0, 16, 16], "texture": "#0"},
				"west": {"uv": [0, 0, 16, 16], "texture": "#0"},
				"up": {"uv": [0, 0, 16, 16], "texture": "#0"},
				"down": {"uv": [0, 0, 16, 16], "texture": "#0"}
			}
		},
		{
			"from": [9, 8.5, -2],
			"to": [9.1, 8.7, -1.9],
			"rotation": {"angle": 0, "axis": "y", "origin": [3.8, -2.1, -9.9]},
			"faces": {
				"north": {"uv": [0, 0, 16, 16], "texture": "#0"},
				"east": {"uv": [0, 0, 16, 16], "texture": "#0"},
				"south": {"uv": [0, 0, 16, 16], "texture": "#0"},
				"west": {"uv": [0, 0, 16, 16], "texture": "#0"},
				"up": {"uv": [0, 0, 16, 16], "texture": "#0"},
				"down": {"uv": [0, 0, 16, 16], "texture": "#0"}
			}
		},
		{
			"from": [9, 11.1, -6.7],
			"to": [9.1, 11.2, -6.1],
			"rotation": {"angle": 22.5, "axis": "x", "origin": [3.8, -2.1, -9.9]},
			"faces": {
				"north": {"uv": [0, 0, 16, 16], "texture": "#0"},
				"east": {"uv": [0, 0, 16, 16], "texture": "#0"},
				"south": {"uv": [0, 0, 16, 16], "texture": "#0"},
				"west": {"uv": [0, 0, 16, 16], "texture": "#0"},
				"up": {"uv": [0, 0, 16, 16], "texture": "#0"},
				"down": {"uv": [0, 0, 16, 16], "texture": "#0"}
			}
		},
		{
			"from": [9, 8.8, -1.7],
			"to": [9.1, 8.9, -1.1],
			"rotation": {"angle": 0, "axis": "y", "origin": [3.8, -2.1, -9.9]},
			"faces": {
				"north": {"uv": [0, 0, 16, 16], "texture": "#0"},
				"east": {"uv": [0, 0, 16, 16], "texture": "#0"},
				"south": {"uv": [0, 0, 16, 16], "texture": "#0"},
				"west": {"uv": [0, 0, 16, 16], "texture": "#0"},
				"up": {"uv": [0, 0, 16, 16], "texture": "#0"},
				"down": {"uv": [0, 0, 16, 16], "texture": "#0"}
			}
		},
		{
			"from": [7.1, 7.3, 6.3],
			"to": [8.9, 10, 9.6],
			"faces": {
				"north": {"uv": [0, 10, 10, 16], "texture": "#1"},
				"east": {"uv": [0, 10, 10, 16], "texture": "#1"},
				"south": {"uv": [0, 10, 10, 16], "texture": "#1"},
				"west": {"uv": [0, 10, 10, 16], "texture": "#1"},
				"up": {"uv": [0, 10, 10, 16], "texture": "#1"},
				"down": {"uv": [0, 10, 10, 16], "texture": "#1"}
			}
		},
		{
			"from": [7.2, 10, 6.3],
			"to": [8.8, 10.4, 9.6],
			"faces": {
				"north": {"uv": [0, 9, 16, 16], "texture": "#1"},
				"east": {"uv": [0, 9, 16, 16], "texture": "#1"},
				"south": {"uv": [0, 9, 16, 16], "texture": "#1"},
				"west": {"uv": [0, 16, 16, 15], "texture": "#1"},
				"up": {"uv": [0, 9, 16, 16], "texture": "#1"},
				"down": {"uv": [0, 9, 16, 16], "texture": "#1"}
			}
		}
	],
	"display": {
		"thirdperson_righthand": {
			"rotation": [69, 0, 0],
			"translation": [0, 0.5, 7.25]
		},
		"thirdperson_lefthand": {
			"rotation": [69, 0, 0],
			"translation": [0, 0.5, 7.25]
		},
		"gui": {
			"rotation": [0, 90, 0],
			"translation": [6.5, 0, 0]
		}
	}
}