{
	"credit": "Made with Blockbench",
	"parent": "28",
	"textures": {
		"2": "block/yellow_concrete",
		"3": "block/black_wool",
		"4": "block/dispenser_front_vertical",
		"5": "block/white_concrete",
		"6": "block/observer_back_on",
		"particle": "block/bamboo_fence_gate_particle"
	},
	"elements": [
		{
			"from": [6.9, 2.4, 2.1],
			"to": [8.9, 5, 8.9],
			"faces": {
				"north": {"uv": [0, 0, 16, 16], "texture": "#2"},
				"east": {"uv": [0, 0, 16, 16], "texture": "#2"},
				"south": {"uv": [0, 0, 16, 16], "texture": "#2"},
				"west": {"uv": [0, 0, 16, 16], "texture": "#2"},
				"up": {"uv": [0, 0, 16, 16], "texture": "#2"},
				"down": {"uv": [0, 0, 16, 16], "texture": "#2"}
			}
		},
		{
			"from": [7.4, 3.7, -3.8],
			"to": [8.4, 4.6, -3.2],
			"rotation": {"angle": 0, "axis": "y", "origin": [0, 0, 1.4]},
			"faces": {
				"north": {"uv": [5, 5, 10.6, 10.9], "texture": "#4"},
				"east": {"uv": [0, 0, 16, 16], "texture": "#3"},
				"south": {"uv": [0, 0, 0.6, 0.9], "texture": "#3"},
				"west": {"uv": [0, 0, 0.6, 0.9], "texture": "#3"},
				"up": {"uv": [0, 0, 0.6, 0.9], "texture": "#3"},
				"down": {"uv": [0, 0, 0.6, 0.9], "texture": "#3"}
			}
		},
		{
			"from": [6.9, 2.4, 17.3],
			"to": [8.9, 5.3, 22],
			"faces": {
				"north": {"uv": [0, 0, 5, 2], "texture": "#3"},
				"east": {"uv": [0, 0, 5, 2], "texture": "#3"},
				"south": {"uv": [0, 0, 5, 2], "texture": "#3"},
				"west": {"uv": [0, 0, 5, 2], "texture": "#3"},
				"up": {"uv": [0, 0, 5, 2], "texture": "#3"},
				"down": {"uv": [0, 0, 5, 2], "texture": "#3"}
			}
		},
		{
			"from": [6, 11.3, 18.4],
			"to": [8.9, 12.3, 23.3],
			"rotation": {"angle": 22.5, "axis": "x", "origin": [0, 0, 0]},
			"faces": {
				"north": {"uv": [0, 0, 5, 2], "texture": "#3"},
				"east": {"uv": [0, 0, 5, 2], "texture": "#3"},
				"south": {"uv": [0, 0, 5, 2], "texture": "#3"},
				"west": {"uv": [0, 0, 5, 2], "texture": "#3"},
				"up": {"uv": [0, 0, 5, 2], "texture": "#3"},
				"down": {"uv": [0, 0, 5, 2], "texture": "#3"}
			}
		},
		{
			"from": [6.9, 11.8, 17.7],
			"to": [8.9, 12.8, 21.2],
			"rotation": {"angle": 22.5, "axis": "x", "origin": [0, 0, 0]},
			"faces": {
				"north": {"uv": [0, 0, 5, 2], "texture": "#3"},
				"east": {"uv": [0, 0, 5, 2], "texture": "#3"},
				"south": {"uv": [0, 0, 5, 2], "texture": "#3"},
				"west": {"uv": [0, 0, 5, 2], "texture": "#3"},
				"up": {"uv": [0, 0, 5, 2], "texture": "#3"},
				"down": {"uv": [0, 0, 5, 2], "texture": "#3"}
			}
		},
		{
			"from": [6.9, 2.4, 8.9],
			"to": [8.9, 3.4, 26.6],
			"faces": {
				"north": {"uv": [0, 0, 5, 2], "texture": "#3"},
				"east": {"uv": [0, 0, 5, 2], "texture": "#3"},
				"south": {"uv": [0, 0, 5, 2], "texture": "#3"},
				"west": {"uv": [0, 0, 5, 2], "texture": "#3"},
				"up": {"uv": [0, 0, 5, 2], "texture": "#3"},
				"down": {"uv": [0, 0, 5, 2], "texture": "#3"}
			}
		},
		{
			"from": [6.9, 0.8, 22.3],
			"to": [8.9, 1.7, 26.5],
			"faces": {
				"north": {"uv": [0, 0, 5, 2], "texture": "#3"},
				"east": {"uv": [0, 0, 5, 2], "texture": "#3"},
				"south": {"uv": [0, 0, 5, 2], "texture": "#3"},
				"west": {"uv": [0, 0, 5, 2], "texture": "#3"},
				"up": {"uv": [0, 0, 5, 2], "texture": "#3"},
				"down": {"uv": [0, 0, 5, 2], "texture": "#3"}
			}
		},
		{
			"from": [6.9, 9.3, 16.2],
			"to": [8.9, 10.3, 20.4],
			"rotation": {"angle": 22.5, "axis": "x", "origin": [0, 0, 0]},
			"faces": {
				"north": {"uv": [0, 0, 5, 2], "texture": "#3"},
				"east": {"uv": [0, 0, 5, 2], "texture": "#3"},
				"south": {"uv": [0, 0, 5, 2], "texture": "#3"},
				"west": {"uv": [0, 0, 5, 2], "texture": "#3"},
				"up": {"uv": [0, 0, 5, 2], "texture": "#3"},
				"down": {"uv": [0, 0, 5, 2], "texture": "#3"}
			}
		},
		{
			"from": [6.9, 0.8, 25.1],
			"to": [8.9, 2.8, 27],
			"faces": {
				"north": {"uv": [0, 0, 5, 2], "texture": "#3"},
				"east": {"uv": [0, 0, 5, 2], "texture": "#3"},
				"south": {"uv": [0, 0, 5, 2], "texture": "#3"},
				"west": {"uv": [0, 0, 5, 2], "texture": "#3"},
				"up": {"uv": [0, 0, 5, 2], "texture": "#3"},
				"down": {"uv": [0, 0, 5, 2], "texture": "#3"}
			}
		},
		{
			"from": [6.8, 2.9, -1],
			"to": [6.9, 4.5, 1],
			"rotation": {"angle": 0, "axis": "y", "origin": [0, 0, -1]},
			"faces": {
				"north": {"uv": [0, 0, 2, 1.6], "texture": "#3"},
				"east": {"uv": [0, 0, 2, 1.6], "texture": "#3"},
				"south": {"uv": [0, 0, 2, 1.6], "texture": "#3"},
				"west": {"uv": [0, 0, 2, 1.6], "texture": "#3"},
				"up": {"uv": [0, 0, 2, 1.6], "texture": "#3"},
				"down": {"uv": [0, 0, 2, 1.6], "texture": "#3"}
			}
		},
		{
			"from": [6.8, 2.9, -1.3],
			"to": [6.9, 4.5, -1],
			"rotation": {"angle": 0, "axis": "y", "origin": [0, 0, -1]},
			"faces": {
				"north": {"uv": [0, 0, 0.3, 1.6], "texture": "#3"},
				"east": {"uv": [0, 0, 0.3, 1.6], "texture": "#3"},
				"south": {"uv": [0, 0, 0.3, 1.6], "texture": "#3"},
				"west": {"uv": [0, 0, 0.3, 1.6], "texture": "#3"},
				"up": {"uv": [0, 0, 0.3, 1.6], "texture": "#3"},
				"down": {"uv": [0, 0, 0.3, 1.6], "texture": "#3"}
			}
		},
		{
			"from": [6.8, 2.9, 1],
			"to": [6.9, 4.5, 1.3],
			"rotation": {"angle": 0, "axis": "y", "origin": [0, 0, -1]},
			"faces": {
				"north": {"uv": [0, 0, 0.3, 1.6], "texture": "#3"},
				"east": {"uv": [0, 0, 0.3, 1.6], "texture": "#3"},
				"south": {"uv": [0, 0, 0.3, 1.6], "texture": "#3"},
				"west": {"uv": [0, 0, 0.3, 1.6], "texture": "#3"},
				"up": {"uv": [0, 0, 0.3, 1.6], "texture": "#3"},
				"down": {"uv": [0, 0, 0.3, 1.6], "texture": "#3"}
			}
		},
		{
			"from": [6.7, 1.9, 2.2],
			"to": [6.8, 2.6, 2.4],
			"rotation": {"angle": -45, "axis": "x", "origin": [0, 0, -1]},
			"faces": {
				"north": {"uv": [0, 0, 16, 16], "texture": "#5"},
				"east": {"uv": [0, 0, 16, 16], "texture": "#5"},
				"south": {"uv": [0, 0, 16, 16], "texture": "#5"},
				"west": {"uv": [0, 0, 16, 16], "texture": "#5"},
				"up": {"uv": [0, 0, 16, 16], "texture": "#5"},
				"down": {"uv": [0, 0, 16, 16], "texture": "#5"}
			}
		},
		{
			"from": [6.7, 1.9, 2.9],
			"to": [6.8, 2.6, 3.1],
			"rotation": {"angle": -45, "axis": "x", "origin": [0, 0, -1]},
			"faces": {
				"north": {"uv": [0, 0, 16, 16], "texture": "#5"},
				"east": {"uv": [0, 0, 16, 16], "texture": "#5"},
				"south": {"uv": [0, 0, 16, 16], "texture": "#5"},
				"west": {"uv": [0, 0, 16, 16], "texture": "#5"},
				"up": {"uv": [0, 0, 16, 16], "texture": "#5"},
				"down": {"uv": [0, 0, 16, 16], "texture": "#5"}
			}
		},
		{
			"from": [6.7, 2.5, 2.3],
			"to": [6.8, 2.7, 3],
			"rotation": {"angle": -45, "axis": "x", "origin": [0, 0, -1]},
			"faces": {
				"north": {"uv": [0, 0, 16, 16], "rotation": 270, "texture": "#5"},
				"east": {"uv": [0, 0, 16, 16], "rotation": 270, "texture": "#5"},
				"south": {"uv": [0, 0, 16, 16], "rotation": 270, "texture": "#5"},
				"west": {"uv": [0, 0, 16, 16], "rotation": 270, "texture": "#5"},
				"up": {"uv": [0, 0, 16, 16], "rotation": 270, "texture": "#5"},
				"down": {"uv": [0, 0, 16, 16], "rotation": 270, "texture": "#5"}
			}
		},
		{
			"from": [6.7, 1.8, 2.3],
			"to": [6.8, 2, 3],
			"rotation": {"angle": -45, "axis": "x", "origin": [0, 0, -1]},
			"faces": {
				"north": {"uv": [0, 0, 16, 16], "rotation": 270, "texture": "#5"},
				"east": {"uv": [0, 0, 16, 16], "rotation": 270, "texture": "#5"},
				"south": {"uv": [0, 0, 16, 16], "rotation": 270, "texture": "#5"},
				"west": {"uv": [0, 0, 16, 16], "rotation": 270, "texture": "#5"},
				"up": {"uv": [0, 0, 16, 16], "rotation": 270, "texture": "#5"},
				"down": {"uv": [0, 0, 16, 16], "rotation": 270, "texture": "#5"}
			}
		},
		{
			"from": [6.7, 2.8, -0.1],
			"to": [6.8, 3.9, 0.1],
			"rotation": {"angle": 0, "axis": "y", "origin": [0, 0, -1]},
			"faces": {
				"north": {"uv": [0, 0, 16, 16], "texture": "#5"},
				"east": {"uv": [0, 0, 16, 16], "texture": "#5"},
				"south": {"uv": [0, 0, 16, 16], "texture": "#5"},
				"west": {"uv": [0, 0, 16, 16], "texture": "#5"},
				"up": {"uv": [0, 0, 16, 16], "texture": "#5"},
				"down": {"uv": [0, 0, 16, 16], "texture": "#5"}
			}
		},
		{
			"from": [6.8, 2.6, -1],
			"to": [6.9, 2.9, 1],
			"rotation": {"angle": 0, "axis": "y", "origin": [0, 0, -1]},
			"faces": {
				"north": {"uv": [0, 0, 2, 0.3], "texture": "#3"},
				"east": {"uv": [0, 0, 2, 0.3], "texture": "#3"},
				"south": {"uv": [0, 0, 2, 0.3], "texture": "#3"},
				"west": {"uv": [0, 0, 2, 0.3], "texture": "#3"},
				"up": {"uv": [0, 0, 2, 0.3], "texture": "#3"},
				"down": {"uv": [0, 0, 2, 0.3], "texture": "#3"}
			}
		},
		{
			"from": [6.8, 4.5, -1],
			"to": [6.9, 4.8, 1],
			"rotation": {"angle": 0, "axis": "y", "origin": [0, 0, -1]},
			"faces": {
				"north": {"uv": [0, 0, 2, 0.3], "texture": "#3"},
				"east": {"uv": [0, 0, 2, 0.3], "texture": "#3"},
				"south": {"uv": [0, 0, 2, 0.3], "texture": "#3"},
				"west": {"uv": [0, 0, 2, 0.3], "texture": "#3"},
				"up": {"uv": [0, 0, 2, 0.3], "texture": "#3"},
				"down": {"uv": [0, 0, 2, 0.3], "texture": "#3"}
			}
		},
		{
			"from": [6.8, 1.4, 3.6],
			"to": [6.9, 2.1, 3.8],
			"rotation": {"angle": -45, "axis": "x", "origin": [0, 0, -1]},
			"faces": {
				"north": {"uv": [0, 0, 0.2, 0.7], "texture": "#3"},
				"east": {"uv": [0, 0, 0.2, 0.7], "texture": "#3"},
				"south": {"uv": [0, 0, 0.2, 0.7], "texture": "#3"},
				"west": {"uv": [0, 0, 0.2, 0.7], "texture": "#3"},
				"up": {"uv": [0, 0, 0.2, 0.7], "texture": "#3"},
				"down": {"uv": [0, 0, 0.2, 0.7], "texture": "#3"}
			}
		},
		{
			"from": [6.8, 1.7, 0.9],
			"to": [6.9, 2.4, 1.1],
			"rotation": {"angle": -45, "axis": "x", "origin": [0, 0, -1]},
			"faces": {
				"north": {"uv": [0, 0, 0.2, 0.7], "texture": "#3"},
				"east": {"uv": [0, 0, 0.2, 0.7], "texture": "#3"},
				"south": {"uv": [0, 0, 0.2, 0.7], "texture": "#3"},
				"west": {"uv": [0, 0, 0.2, 0.7], "texture": "#3"},
				"up": {"uv": [0, 0, 0.2, 0.7], "texture": "#3"},
				"down": {"uv": [0, 0, 0.2, 0.7], "texture": "#3"}
			}
		},
		{
			"from": [6.8, 3.2, 1.8],
			"to": [6.9, 3.4, 2.5],
			"rotation": {"angle": -45, "axis": "x", "origin": [0, 0, -1]},
			"faces": {
				"north": {"uv": [0, 0, 0.2, 0.7], "rotation": 270, "texture": "#3"},
				"east": {"uv": [0, 0, 0.2, 0.7], "rotation": 270, "texture": "#3"},
				"south": {"uv": [0, 0, 0.2, 0.7], "rotation": 270, "texture": "#3"},
				"west": {"uv": [0, 0, 0.2, 0.7], "rotation": 270, "texture": "#3"},
				"up": {"uv": [0, 0, 0.2, 0.7], "rotation": 270, "texture": "#3"},
				"down": {"uv": [0, 0, 0.2, 0.7], "rotation": 270, "texture": "#3"}
			}
		},
		{
			"from": [6.8, 0.4, 2.1],
			"to": [6.9, 0.6, 2.8],
			"rotation": {"angle": -45, "axis": "x", "origin": [0, 0, -1]},
			"faces": {
				"north": {"uv": [0, 0, 0.2, 0.7], "rotation": 270, "texture": "#3"},
				"east": {"uv": [0, 0, 0.2, 0.7], "rotation": 270, "texture": "#3"},
				"south": {"uv": [0, 0, 0.2, 0.7], "rotation": 270, "texture": "#3"},
				"west": {"uv": [0, 0, 0.2, 0.7], "rotation": 270, "texture": "#3"},
				"up": {"uv": [0, 0, 0.2, 0.7], "rotation": 270, "texture": "#3"},
				"down": {"uv": [0, 0, 0.2, 0.7], "rotation": 270, "texture": "#3"}
			}
		},
		{
			"from": [6.8, 2.5, -0.7],
			"to": [6.9, 2.6, 0.7],
			"rotation": {"angle": 0, "axis": "y", "origin": [0, 0, -1]},
			"faces": {
				"north": {"uv": [0, 0, 1.4, 0.1], "texture": "#3"},
				"east": {"uv": [0, 0, 1.4, 0.1], "texture": "#3"},
				"south": {"uv": [0, 0, 1.4, 0.1], "texture": "#3"},
				"west": {"uv": [0, 0, 1.4, 0.1], "texture": "#3"},
				"up": {"uv": [0, 0, 1.4, 0.1], "texture": "#3"},
				"down": {"uv": [0, 0, 1.4, 0.1], "texture": "#3"}
			}
		},
		{
			"from": [6.8, 4.8, -0.7],
			"to": [6.9, 4.9, 0.7],
			"rotation": {"angle": 0, "axis": "y", "origin": [0, 0, -1]},
			"faces": {
				"north": {"uv": [0, 0, 1.4, 0.1], "texture": "#3"},
				"east": {"uv": [0, 0, 1.4, 0.1], "texture": "#3"},
				"south": {"uv": [0, 0, 1.4, 0.1], "texture": "#3"},
				"west": {"uv": [0, 0, 1.4, 0.1], "texture": "#3"},
				"up": {"uv": [0, 0, 1.4, 0.1], "texture": "#3"},
				"down": {"uv": [0, 0, 1.4, 0.1], "texture": "#3"}
			}
		},
		{
			"from": [6.8, 3.2, 1.3],
			"to": [6.9, 4.1, 1.4],
			"rotation": {"angle": 0, "axis": "y", "origin": [0, 0, -1]},
			"faces": {
				"north": {"uv": [0, 0, 0.1, 0.9], "texture": "#3"},
				"east": {"uv": [0, 0, 0.1, 0.9], "texture": "#3"},
				"south": {"uv": [0, 0, 0.1, 0.9], "texture": "#3"},
				"west": {"uv": [0, 0, 0.1, 0.9], "texture": "#3"},
				"up": {"uv": [0, 0, 0.1, 0.9], "texture": "#3"},
				"down": {"uv": [0, 0, 0.1, 0.9], "texture": "#3"}
			}
		},
		{
			"from": [6.8, 3.2, -1.4],
			"to": [6.9, 4.1, -1.3],
			"rotation": {"angle": 0, "axis": "y", "origin": [0, 0, -1]},
			"faces": {
				"north": {"uv": [0, 0, 0.1, 0.9], "texture": "#3"},
				"east": {"uv": [0, 0, 0.1, 0.9], "texture": "#3"},
				"south": {"uv": [0, 0, 0.1, 0.9], "texture": "#3"},
				"west": {"uv": [0, 0, 0.1, 0.9], "texture": "#3"},
				"up": {"uv": [0, 0, 0.1, 0.9], "texture": "#3"},
				"down": {"uv": [0, 0, 0.1, 0.9], "texture": "#3"}
			}
		},
		{
			"from": [8.9, 3.2, 1.3],
			"to": [9, 4.1, 1.4],
			"rotation": {"angle": 0, "axis": "y", "origin": [15.8, 0, 1]},
			"faces": {
				"north": {"uv": [0, 0, 0.1, 0.9], "texture": "#3"},
				"east": {"uv": [0, 0, 0.1, 0.9], "texture": "#3"},
				"south": {"uv": [0, 0, 0.1, 0.9], "texture": "#3"},
				"west": {"uv": [0, 0, 0.1, 0.9], "texture": "#3"},
				"up": {"uv": [0, 0, 0.1, 0.9], "texture": "#3"},
				"down": {"uv": [0, 0, 0.1, 0.9], "texture": "#3"}
			}
		},
		{
			"from": [8.9, 2.9, 1],
			"to": [9, 4.5, 1.3],
			"rotation": {"angle": 0, "axis": "y", "origin": [15.8, 0, 1]},
			"faces": {
				"north": {"uv": [0, 0, 0.3, 1.6], "texture": "#3"},
				"east": {"uv": [0, 0, 0.3, 1.6], "texture": "#3"},
				"south": {"uv": [0, 0, 0.3, 1.6], "texture": "#3"},
				"west": {"uv": [0, 0, 0.3, 1.6], "texture": "#3"},
				"up": {"uv": [0, 0, 0.3, 1.6], "texture": "#3"},
				"down": {"uv": [0, 0, 0.3, 1.6], "texture": "#3"}
			}
		},
		{
			"from": [8.9, 2.9, -1],
			"to": [9, 4.5, 1],
			"rotation": {"angle": 0, "axis": "y", "origin": [15.8, 0, 1]},
			"faces": {
				"north": {"uv": [0, 0, 2, 1.6], "texture": "#3"},
				"east": {"uv": [0, 0, 2, 1.6], "texture": "#3"},
				"south": {"uv": [0, 0, 2, 1.6], "texture": "#3"},
				"west": {"uv": [0, 0, 2, 1.6], "texture": "#3"},
				"up": {"uv": [0, 0, 2, 1.6], "texture": "#3"},
				"down": {"uv": [0, 0, 2, 1.6], "texture": "#3"}
			}
		},
		{
			"from": [9, 1.8, -3],
			"to": [9.1, 2, -2.3],
			"rotation": {"angle": 45, "axis": "x", "origin": [15.8, 0, 1]},
			"faces": {
				"north": {"uv": [0, 0, 16, 16], "rotation": 90, "texture": "#5"},
				"east": {"uv": [0, 0, 16, 16], "rotation": 90, "texture": "#5"},
				"south": {"uv": [0, 0, 16, 16], "rotation": 90, "texture": "#5"},
				"west": {"uv": [0, 0, 16, 16], "rotation": 90, "texture": "#5"},
				"up": {"uv": [0, 0, 16, 16], "rotation": 90, "texture": "#5"},
				"down": {"uv": [0, 0, 16, 16], "rotation": 90, "texture": "#5"}
			}
		},
		{
			"from": [9, 1.9, -2.4],
			"to": [9.1, 2.6, -2.2],
			"rotation": {"angle": 45, "axis": "x", "origin": [15.8, 0, 1]},
			"faces": {
				"north": {"uv": [0, 0, 16, 16], "texture": "#5"},
				"east": {"uv": [0, 0, 16, 16], "texture": "#5"},
				"south": {"uv": [0, 0, 16, 16], "texture": "#5"},
				"west": {"uv": [0, 0, 16, 16], "texture": "#5"},
				"up": {"uv": [0, 0, 16, 16], "texture": "#5"},
				"down": {"uv": [0, 0, 16, 16], "texture": "#5"}
			}
		},
		{
			"from": [9, 2.5, -3],
			"to": [9.1, 2.7, -2.3],
			"rotation": {"angle": 45, "axis": "x", "origin": [15.8, 0, 1]},
			"faces": {
				"north": {"uv": [0, 0, 16, 16], "rotation": 90, "texture": "#5"},
				"east": {"uv": [0, 0, 16, 16], "rotation": 90, "texture": "#5"},
				"south": {"uv": [0, 0, 16, 16], "rotation": 90, "texture": "#5"},
				"west": {"uv": [0, 0, 16, 16], "rotation": 90, "texture": "#5"},
				"up": {"uv": [0, 0, 16, 16], "rotation": 90, "texture": "#5"},
				"down": {"uv": [0, 0, 16, 16], "rotation": 90, "texture": "#5"}
			}
		},
		{
			"from": [9, 1.9, -3.1],
			"to": [9.1, 2.6, -2.9],
			"rotation": {"angle": 45, "axis": "x", "origin": [15.8, 0, 1]},
			"faces": {
				"north": {"uv": [0, 0, 16, 16], "texture": "#5"},
				"east": {"uv": [0, 0, 16, 16], "texture": "#5"},
				"south": {"uv": [0, 0, 16, 16], "texture": "#5"},
				"west": {"uv": [0, 0, 16, 16], "texture": "#5"},
				"up": {"uv": [0, 0, 16, 16], "texture": "#5"},
				"down": {"uv": [0, 0, 16, 16], "texture": "#5"}
			}
		},
		{
			"from": [9, 2.8, -0.1],
			"to": [9.1, 3.9, 0.1],
			"rotation": {"angle": 0, "axis": "y", "origin": [15.8, 0, 1]},
			"faces": {
				"north": {"uv": [0, 0, 16, 16], "texture": "#5"},
				"east": {"uv": [0, 0, 16, 16], "texture": "#5"},
				"south": {"uv": [0, 0, 16, 16], "texture": "#5"},
				"west": {"uv": [0, 0, 16, 16], "texture": "#5"},
				"up": {"uv": [0, 0, 16, 16], "texture": "#5"},
				"down": {"uv": [0, 0, 16, 16], "texture": "#5"}
			}
		},
		{
			"from": [8.9, 2.9, -1.3],
			"to": [9, 4.5, -1],
			"rotation": {"angle": 0, "axis": "y", "origin": [15.8, 0, 1]},
			"faces": {
				"north": {"uv": [0, 0, 0.3, 1.6], "texture": "#3"},
				"east": {"uv": [0, 0, 0.3, 1.6], "texture": "#3"},
				"south": {"uv": [0, 0, 0.3, 1.6], "texture": "#3"},
				"west": {"uv": [0, 0, 0.3, 1.6], "texture": "#3"},
				"up": {"uv": [0, 0, 0.3, 1.6], "texture": "#3"},
				"down": {"uv": [0, 0, 0.3, 1.6], "texture": "#3"}
			}
		},
		{
			"from": [8.9, 3.2, -1.4],
			"to": [9, 4.1, -1.3],
			"rotation": {"angle": 0, "axis": "y", "origin": [15.8, 0, 1]},
			"faces": {
				"north": {"uv": [0, 0, 0.1, 0.9], "texture": "#3"},
				"east": {"uv": [0, 0, 0.1, 0.9], "texture": "#3"},
				"south": {"uv": [0, 0, 0.1, 0.9], "texture": "#3"},
				"west": {"uv": [0, 0, 0.1, 0.9], "texture": "#3"},
				"up": {"uv": [0, 0, 0.1, 0.9], "texture": "#3"},
				"down": {"uv": [0, 0, 0.1, 0.9], "texture": "#3"}
			}
		},
		{
			"from": [8.9, 4.5, -1],
			"to": [9, 4.8, 1],
			"rotation": {"angle": 0, "axis": "y", "origin": [15.8, 0, 1]},
			"faces": {
				"north": {"uv": [0, 0, 2, 0.3], "texture": "#3"},
				"east": {"uv": [0, 0, 2, 0.3], "texture": "#3"},
				"south": {"uv": [0, 0, 2, 0.3], "texture": "#3"},
				"west": {"uv": [0, 0, 2, 0.3], "texture": "#3"},
				"up": {"uv": [0, 0, 2, 0.3], "texture": "#3"},
				"down": {"uv": [0, 0, 2, 0.3], "texture": "#3"}
			}
		},
		{
			"from": [8.9, 1.4, -3.8],
			"to": [9, 2.1, -3.6],
			"rotation": {"angle": 45, "axis": "x", "origin": [15.8, 0, 1]},
			"faces": {
				"north": {"uv": [0, 0, 0.2, 0.7], "texture": "#3"},
				"east": {"uv": [0, 0, 0.2, 0.7], "texture": "#3"},
				"south": {"uv": [0, 0, 0.2, 0.7], "texture": "#3"},
				"west": {"uv": [0, 0, 0.2, 0.7], "texture": "#3"},
				"up": {"uv": [0, 0, 0.2, 0.7], "texture": "#3"},
				"down": {"uv": [0, 0, 0.2, 0.7], "texture": "#3"}
			}
		},
		{
			"from": [8.9, 4.8, -0.7],
			"to": [9, 4.9, 0.7],
			"rotation": {"angle": 0, "axis": "y", "origin": [15.8, 0, 1]},
			"faces": {
				"north": {"uv": [0, 0, 1.4, 0.1], "texture": "#3"},
				"east": {"uv": [0, 0, 1.4, 0.1], "texture": "#3"},
				"south": {"uv": [0, 0, 1.4, 0.1], "texture": "#3"},
				"west": {"uv": [0, 0, 1.4, 0.1], "texture": "#3"},
				"up": {"uv": [0, 0, 1.4, 0.1], "texture": "#3"},
				"down": {"uv": [0, 0, 1.4, 0.1], "texture": "#3"}
			}
		},
		{
			"from": [8.9, 3.2, -2.5],
			"to": [9, 3.4, -1.8],
			"rotation": {"angle": 45, "axis": "x", "origin": [15.8, 0, 1]},
			"faces": {
				"north": {"uv": [0, 0, 0.2, 0.7], "rotation": 270, "texture": "#3"},
				"east": {"uv": [0, 0, 0.2, 0.7], "rotation": 270, "texture": "#3"},
				"south": {"uv": [0, 0, 0.2, 0.7], "rotation": 270, "texture": "#3"},
				"west": {"uv": [0, 0, 0.2, 0.7], "rotation": 270, "texture": "#3"},
				"up": {"uv": [0, 0, 0.2, 0.7], "rotation": 270, "texture": "#3"},
				"down": {"uv": [0, 0, 0.2, 0.7], "rotation": 270, "texture": "#3"}
			}
		},
		{
			"from": [8.9, 1.7, -1.1],
			"to": [9, 2.4, -0.9],
			"rotation": {"angle": 45, "axis": "x", "origin": [15.8, 0, 1]},
			"faces": {
				"north": {"uv": [0, 0, 0.2, 0.7], "texture": "#3"},
				"east": {"uv": [0, 0, 0.2, 0.7], "texture": "#3"},
				"south": {"uv": [0, 0, 0.2, 0.7], "texture": "#3"},
				"west": {"uv": [0, 0, 0.2, 0.7], "texture": "#3"},
				"up": {"uv": [0, 0, 0.2, 0.7], "texture": "#3"},
				"down": {"uv": [0, 0, 0.2, 0.7], "texture": "#3"}
			}
		},
		{
			"from": [8.9, 2.6, -1],
			"to": [9, 2.9, 1],
			"rotation": {"angle": 0, "axis": "y", "origin": [15.8, 0, 1]},
			"faces": {
				"north": {"uv": [0, 0, 2, 0.3], "texture": "#3"},
				"east": {"uv": [0, 0, 2, 0.3], "texture": "#3"},
				"south": {"uv": [0, 0, 2, 0.3], "texture": "#3"},
				"west": {"uv": [0, 0, 2, 0.3], "texture": "#3"},
				"up": {"uv": [0, 0, 2, 0.3], "texture": "#3"},
				"down": {"uv": [0, 0, 2, 0.3], "texture": "#3"}
			}
		},
		{
			"from": [8.9, 2.5, -0.7],
			"to": [9, 2.6, 0.7],
			"rotation": {"angle": 0, "axis": "y", "origin": [15.8, 0, 1]},
			"faces": {
				"north": {"uv": [0, 0, 1.4, 0.1], "texture": "#3"},
				"east": {"uv": [0, 0, 1.4, 0.1], "texture": "#3"},
				"south": {"uv": [0, 0, 1.4, 0.1], "texture": "#3"},
				"west": {"uv": [0, 0, 1.4, 0.1], "texture": "#3"},
				"up": {"uv": [0, 0, 1.4, 0.1], "texture": "#3"},
				"down": {"uv": [0, 0, 1.4, 0.1], "texture": "#3"}
			}
		},
		{
			"from": [8.9, 0.4, -2.8],
			"to": [9, 0.6, -2.1],
			"rotation": {"angle": 45, "axis": "x", "origin": [15.8, 0, 1]},
			"faces": {
				"north": {"uv": [0, 0, 0.2, 0.7], "rotation": 270, "texture": "#3"},
				"east": {"uv": [0, 0, 0.2, 0.7], "rotation": 270, "texture": "#3"},
				"south": {"uv": [0, 0, 0.2, 0.7], "rotation": 270, "texture": "#3"},
				"west": {"uv": [0, 0, 0.2, 0.7], "rotation": 270, "texture": "#3"},
				"up": {"uv": [0, 0, 0.2, 0.7], "rotation": 270, "texture": "#3"},
				"down": {"uv": [0, 0, 0.2, 0.7], "rotation": 270, "texture": "#3"}
			}
		},
		{
			"from": [6.9, 2.4, -2.2],
			"to": [8.9, 5, 2.1],
			"rotation": {"angle": 0, "axis": "y", "origin": [0, 0, -1]},
			"faces": {
				"north": {"uv": [0, 0, 16, 16], "texture": "#5"},
				"east": {"uv": [0, 0, 16, 16], "texture": "#5"},
				"south": {"uv": [0, 0, 16, 16], "texture": "#5"},
				"west": {"uv": [0, 0, 16, 16], "texture": "#5"},
				"up": {"uv": [0, 0, 16, 16], "texture": "#5"},
				"down": {"uv": [0, 0, 16, 16], "texture": "#5"}
			}
		},
		{
			"from": [6.9, 2.4, -3.3],
			"to": [8.9, 5, -2.2],
			"rotation": {"angle": 0, "axis": "y", "origin": [0, 0, 1.4]},
			"faces": {
				"north": {"uv": [0, 0, 16, 16], "texture": "#2"},
				"east": {"uv": [0, 0, 16, 16], "texture": "#2"},
				"south": {"uv": [0, 0, 16, 16], "texture": "#2"},
				"west": {"uv": [0, 0, 16, 16], "texture": "#2"},
				"up": {"uv": [0, 0, 16, 16], "texture": "#2"},
				"down": {"uv": [0, 0, 16, 16], "texture": "#2"}
			}
		},
		{
			"from": [7.1, 5.3, 17.3],
			"to": [8.7, 6.3, 22],
			"faces": {
				"north": {"uv": [4, 5, 12, 11], "texture": "#6"},
				"east": {"uv": [0, 0, 5, 2], "texture": "#3"},
				"south": {"uv": [0, 0, 5, 2], "texture": "#3"},
				"west": {"uv": [0, 0, 5, 2], "texture": "#3"},
				"up": {"uv": [0, 0, 5, 2], "texture": "#3"},
				"down": {"uv": [0, 0, 5, 2], "texture": "#3"}
			}
		},
		{
			"from": [6.9, 3.4, 8.9],
			"to": [8.9, 5, 17.3],
			"faces": {
				"north": {"uv": [0, 0, 16, 16], "texture": "#2"},
				"east": {"uv": [0, 0, 16, 16], "texture": "#2"},
				"south": {"uv": [0, 0, 16, 16], "texture": "#2"},
				"west": {"uv": [0, 0, 16, 16], "texture": "#2"},
				"up": {"uv": [0, 0, 16, 16], "texture": "#2"},
				"down": {"uv": [0, 0, 16, 16], "texture": "#2"}
			}
		},
		{
			"from": [8.9, 2.6, 5.1],
			"to": [9, 3.7, 5.4],
			"rotation": {"angle": 0, "axis": "y", "origin": [15.8, 0, -0.4]},
			"faces": {
				"north": {"uv": [0, 0, 5, 3], "texture": "#3"},
				"east": {"uv": [0, 0, 5, 3], "texture": "#3"},
				"south": {"uv": [0, 0, 5, 3], "texture": "#3"},
				"west": {"uv": [0, 0, 5, 3], "texture": "#3"},
				"up": {"uv": [0, 0, 5, 3], "texture": "#3"},
				"down": {"uv": [0, 0, 5, 3], "texture": "#3"}
			}
		},
		{
			"from": [8.9, 2.6, 4.4],
			"to": [9, 3.7, 4.7],
			"rotation": {"angle": 0, "axis": "y", "origin": [15.8, 0, -0.4]},
			"faces": {
				"north": {"uv": [0, 0, 5, 3], "texture": "#3"},
				"east": {"uv": [0, 0, 5, 3], "texture": "#3"},
				"south": {"uv": [0, 0, 5, 3], "texture": "#3"},
				"west": {"uv": [0, 0, 5, 3], "texture": "#3"},
				"up": {"uv": [0, 0, 5, 3], "texture": "#3"},
				"down": {"uv": [0, 0, 5, 3], "texture": "#3"}
			}
		},
		{
			"from": [8.9, 2.6, 3.7],
			"to": [9, 3.7, 4],
			"rotation": {"angle": 0, "axis": "y", "origin": [15.8, 0, -0.4]},
			"faces": {
				"north": {"uv": [0, 0, 5, 3], "texture": "#3"},
				"east": {"uv": [0, 0, 5, 3], "texture": "#3"},
				"south": {"uv": [0, 0, 5, 3], "texture": "#3"},
				"west": {"uv": [0, 0, 5, 3], "texture": "#3"},
				"up": {"uv": [0, 0, 5, 3], "texture": "#3"},
				"down": {"uv": [0, 0, 5, 3], "texture": "#3"}
			}
		},
		{
			"from": [6.8, 2.6, 3.7],
			"to": [6.9, 3.7, 4],
			"rotation": {"angle": 0, "axis": "y", "origin": [15.8, 0, -0.4]},
			"faces": {
				"north": {"uv": [0, 0, 5, 3], "texture": "#3"},
				"east": {"uv": [0, 0, 5, 3], "texture": "#3"},
				"south": {"uv": [0, 0, 5, 3], "texture": "#3"},
				"west": {"uv": [0, 0, 5, 3], "texture": "#3"},
				"up": {"uv": [0, 0, 5, 3], "texture": "#3"},
				"down": {"uv": [0, 0, 5, 3], "texture": "#3"}
			}
		},
		{
			"from": [6.8, 2.6, 4.4],
			"to": [6.9, 3.7, 4.7],
			"rotation": {"angle": 0, "axis": "y", "origin": [15.8, 0, -0.4]},
			"faces": {
				"north": {"uv": [0, 0, 5, 3], "texture": "#3"},
				"east": {"uv": [0, 0, 5, 3], "texture": "#3"},
				"south": {"uv": [0, 0, 5, 3], "texture": "#3"},
				"west": {"uv": [0, 0, 5, 3], "texture": "#3"},
				"up": {"uv": [0, 0, 5, 3], "texture": "#3"},
				"down": {"uv": [0, 0, 5, 3], "texture": "#3"}
			}
		},
		{
			"from": [6.8, 2.6, 5.1],
			"to": [6.9, 3.7, 5.4],
			"rotation": {"angle": 0, "axis": "y", "origin": [15.8, 0, -0.4]},
			"faces": {
				"north": {"uv": [0, 0, 5, 3], "texture": "#3"},
				"east": {"uv": [0, 0, 5, 3], "texture": "#3"},
				"south": {"uv": [0, 0, 5, 3], "texture": "#3"},
				"west": {"uv": [0, 0, 5, 3], "texture": "#3"},
				"up": {"uv": [0, 0, 5, 3], "texture": "#3"},
				"down": {"uv": [0, 0, 5, 3], "texture": "#3"}
			}
		},
		{
			"from": [7.5, 2.6, -3.8],
			"to": [8.3, 3.5, -3.2],
			"rotation": {"angle": 0, "axis": "y", "origin": [0, 0, 1.4]},
			"faces": {
				"north": {"uv": [5, 5, 10.6, 10.9], "texture": "#4"},
				"east": {"uv": [0, 0, 16, 16], "texture": "#3"},
				"south": {"uv": [0, 0, 0.6, 0.9], "texture": "#3"},
				"west": {"uv": [0, 0, 0.6, 0.9], "texture": "#3"},
				"up": {"uv": [0, 0, 0.6, 0.9], "texture": "#3"},
				"down": {"uv": [0, 0, 0.6, 0.9], "texture": "#3"}
			}
		},
		{
			"from": [6.9, -5.7, 16.2],
			"to": [8.9, 3.4, 18],
			"faces": {
				"north": {"uv": [0, 0, 5, 2], "texture": "#3"},
				"east": {"uv": [0, 0, 5, 2], "texture": "#3"},
				"south": {"uv": [0, 0, 5, 2], "texture": "#3"},
				"west": {"uv": [0, 0, 5, 2], "texture": "#3"},
				"up": {"uv": [0, 0, 5, 2], "texture": "#3"},
				"down": {"uv": [0, 0, 5, 2], "texture": "#3"}
			}
		}
	],
	"display": {
		"thirdperson_righthand": {
			"rotation": [69, 0, 0],
			"translation": [0, 14.25, 11.5],
			"scale": [1.26, 1.11, 1.04]
		},
		"thirdperson_lefthand": {
			"rotation": [69, 0, 0],
			"translation": [0, 14.25, 11.5],
			"scale": [1.26, 1.11, 1.04]
		},
		"firstperson_righthand": {
			"translation": [0, 6.5, -0.5],
			"scale": [1, 1.74, 1]
		},
		"firstperson_lefthand": {
			"translation": [0, 6.5, -0.5],
			"scale": [1, 1.74, 1]
		}
	}
}