{
	"credit": "Made with Blockbench",
	"parent": "42",
	"textures": {
		"1": "minecraft:block/smoker_top",
		"2": "minecraft:block/hopper_inside",
		"3": "minecraft:block/crimson_stem",
		"particle": "minecraft:block/smoker_top"
	},
	"elements": [
		{
			"from": [6.7, 5.7, -3.8],
			"to": [7.2, 6.2, 11.2],
			"rotation": {"angle": 0, "axis": "y", "origin": [-0.8, 0.8, -3.8]},
			"faces": {
				"north": {"uv": [3, 0, 14, 4], "texture": "#1"},
				"east": {"uv": [3, 0, 14, 4], "texture": "#1"},
				"south": {"uv": [3, 0, 14, 4], "texture": "#1"},
				"west": {"uv": [3, 0, 14, 4], "texture": "#1"},
				"up": {"uv": [3, 0, 14, 4], "texture": "#1"},
				"down": {"uv": [3, 0, 14, 4], "texture": "#1"}
			}
		},
		{
			"from": [8.1, -1.3, -3.8],
			"to": [8.6, -0.8, 11.2],
			"rotation": {"angle": 45, "axis": "z", "origin": [-0.8, 0.8, -3.8]},
			"faces": {
				"north": {"uv": [3, 0, 14, 4], "texture": "#1"},
				"east": {"uv": [3, 0, 14, 4], "texture": "#1"},
				"south": {"uv": [3, 0, 14, 4], "texture": "#1"},
				"west": {"uv": [3, 0, 14, 4], "texture": "#1"},
				"up": {"uv": [3, 0, 14, 4], "texture": "#1"},
				"down": {"uv": [3, 0, 14, 4], "texture": "#1"}
			}
		},
		{
			"from": [6.3, 5.5, -0.9],
			"to": [7.7, 7.3, 0],
			"rotation": {"angle": 0, "axis": "y", "origin": [0, 0, -3.8]},
			"faces": {
				"north": {"uv": [3, 2, 12.9, 14.1], "texture": "#2"},
				"east": {"uv": [3, 2, 12.9, 14.1], "texture": "#2"},
				"south": {"uv": [3, 2, 12.9, 14.1], "texture": "#2"},
				"west": {"uv": [3, 2, 12.9, 14.1], "texture": "#2"},
				"up": {"uv": [3, 2, 12.9, 14.1], "texture": "#2"},
				"down": {"uv": [3, 2, 12.9, 14.1], "texture": "#2"}
			}
		},
		{
			"from": [6.1, 2, 13.3],
			"to": [7.9, 2.8, 18.4],
			"rotation": {"angle": -22.5, "axis": "x", "origin": [0, 0, 2.8]},
			"faces": {
				"north": {"uv": [3, 2, 12.9, 14.1], "texture": "#2"},
				"east": {"uv": [3, 2, 12.9, 14.1], "texture": "#2"},
				"south": {"uv": [3, 2, 12.9, 14.1], "texture": "#2"},
				"west": {"uv": [3, 2, 12.9, 14.1], "texture": "#2"},
				"up": {"uv": [3, 2, 12.9, 14.1], "texture": "#2"},
				"down": {"uv": [3, 2, 12.9, 14.1], "texture": "#2"}
			}
		},
		{
			"from": [6.1, 0.8, 14.5],
			"to": [7.9, 1.4, 18.4],
			"rotation": {"angle": -22.5, "axis": "x", "origin": [0, 0, 2.8]},
			"faces": {
				"north": {"uv": [3, 2, 12.9, 14.1], "texture": "#2"},
				"east": {"uv": [3, 2, 12.9, 14.1], "texture": "#2"},
				"south": {"uv": [3, 2, 12.9, 14.1], "texture": "#2"},
				"west": {"uv": [3, 2, 12.9, 14.1], "texture": "#2"},
				"up": {"uv": [3, 2, 12.9, 14.1], "texture": "#2"},
				"down": {"uv": [3, 2, 12.9, 14.1], "texture": "#2"}
			}
		},
		{
			"from": [6.1, 0.8, 17.6],
			"to": [7.9, 2.8, 18.4],
			"rotation": {"angle": -22.5, "axis": "x", "origin": [0, 0, 2.8]},
			"faces": {
				"north": {"uv": [3, 2, 12.9, 14.1], "texture": "#2"},
				"east": {"uv": [3, 2, 12.9, 14.1], "texture": "#2"},
				"south": {"uv": [3, 2, 12.9, 14.1], "texture": "#2"},
				"west": {"uv": [3, 2, 12.9, 14.1], "texture": "#2"},
				"up": {"uv": [3, 2, 12.9, 14.1], "texture": "#2"},
				"down": {"uv": [3, 2, 12.9, 14.1], "texture": "#2"}
			}
		},
		{
			"from": [5.9, 5.4, 8.2],
			"to": [8.2, 7.8, 13.7],
			"rotation": {"angle": 0, "axis": "y", "origin": [0, 0, 2.8]},
			"faces": {
				"north": {"uv": [3, 2, 12.9, 14.1], "texture": "#2"},
				"east": {"uv": [3, 2, 12.9, 14.1], "texture": "#2"},
				"south": {"uv": [3, 2, 12.9, 14.1], "texture": "#2"},
				"west": {"uv": [3, 2, 12.9, 14.1], "texture": "#2"},
				"up": {"uv": [3, 2, 12.9, 14.1], "texture": "#2"},
				"down": {"uv": [3, 2, 12.9, 14.1], "texture": "#2"}
			}
		},
		{
			"from": [8.4, -1.5, -0.9],
			"to": [9.4, -0.5, 0],
			"rotation": {"angle": 45, "axis": "z", "origin": [0, 0, 0]},
			"faces": {
				"north": {"uv": [3, 2, 12.9, 14.1], "texture": "#2"},
				"east": {"uv": [3, 2, 12.9, 14.1], "texture": "#2"},
				"south": {"uv": [3, 2, 12.9, 14.1], "texture": "#2"},
				"west": {"uv": [3, 2, 12.9, 14.1], "texture": "#2"},
				"up": {"uv": [3, 2, 12.9, 14.1], "texture": "#2"},
				"down": {"uv": [3, 2, 12.9, 14.1], "texture": "#2"}
			}
		},
		{
			"from": [6.4, 7.8, 9],
			"to": [7.6, 8.3, 12.3],
			"rotation": {"angle": 0, "axis": "y", "origin": [0, 0, 4.1]},
			"faces": {
				"north": {"uv": [3, 2, 12.9, 14.1], "texture": "#2"},
				"east": {"uv": [3, 2, 12.9, 14.1], "texture": "#2"},
				"south": {"uv": [3, 2, 12.9, 14.1], "texture": "#2"},
				"west": {"uv": [3, 2, 12.9, 14.1], "texture": "#2"},
				"up": {"uv": [3, 2, 12.9, 14.1], "texture": "#2"},
				"down": {"uv": [3, 2, 12.9, 14.1], "texture": "#2"}
			}
		},
		{
			"from": [6.94654, 6.12272, -0.9782],
			"to": [7.05346, 6.59, -0.8594],
			"rotation": {"angle": 0, "axis": "y", "origin": [6.5248, 5.6, -1.2752]},
			"faces": {
				"north": {"uv": [0, 0, 16, 16], "texture": "#3"},
				"east": {"uv": [0, 0, 16, 16], "texture": "#3"},
				"south": {"uv": [0, 0, 16, 16], "texture": "#3"},
				"west": {"uv": [0, 0, 16, 16], "texture": "#3"},
				"up": {"uv": [0, 0, 16, 16], "texture": "#3"},
				"down": {"uv": [0, 0, 16, 16], "texture": "#3"}
			}
		},
		{
			"from": [6.96436, 6.59, -0.9782],
			"to": [7.03564, 6.76226, -0.8594],
			"rotation": {"angle": 0, "axis": "y", "origin": [6.5248, 5.6, -1.2752]},
			"faces": {
				"north": {"uv": [0, 0, 16, 16], "texture": "#3"},
				"east": {"uv": [0, 0, 16, 16], "texture": "#3"},
				"south": {"uv": [0, 0, 16, 16], "texture": "#3"},
				"west": {"uv": [0, 0, 16, 16], "texture": "#3"},
				"up": {"uv": [0, 0, 16, 16], "texture": "#3"},
				"down": {"uv": [0, 0, 16, 16], "texture": "#3"}
			}
		},
		{
			"from": [6.95248, 6.59, -0.9782],
			"to": [7.04752, 6.72662, -0.8594],
			"rotation": {"angle": 0, "axis": "y", "origin": [6.5248, 5.6, -1.2752]},
			"faces": {
				"north": {"uv": [0, 0, 16, 16], "texture": "#3"},
				"east": {"uv": [0, 0, 16, 16], "texture": "#3"},
				"south": {"uv": [0, 0, 16, 16], "texture": "#3"},
				"west": {"uv": [0, 0, 16, 16], "texture": "#3"},
				"up": {"uv": [0, 0, 16, 16], "texture": "#3"},
				"down": {"uv": [0, 0, 16, 16], "texture": "#3"}
			}
		},
		{
			"from": [6.9406, 6.59, -0.9782],
			"to": [7.0594, 6.69098, -0.8594],
			"rotation": {"angle": 0, "axis": "y", "origin": [6.5248, 5.6, -1.2752]},
			"faces": {
				"north": {"uv": [0, 0, 16, 16], "texture": "#3"},
				"east": {"uv": [0, 0, 16, 16], "texture": "#3"},
				"south": {"uv": [0, 0, 16, 16], "texture": "#3"},
				"west": {"uv": [0, 0, 16, 16], "texture": "#3"},
				"up": {"uv": [0, 0, 16, 16], "texture": "#3"},
				"down": {"uv": [0, 0, 16, 16], "texture": "#3"}
			}
		},
		{
			"from": [6.92872, 6.59, -0.9782],
			"to": [7.07128, 6.66128, -0.8594],
			"rotation": {"angle": 0, "axis": "y", "origin": [6.5248, 5.6, -1.2752]},
			"faces": {
				"north": {"uv": [0, 0, 16, 16], "texture": "#3"},
				"east": {"uv": [0, 0, 16, 16], "texture": "#3"},
				"south": {"uv": [0, 0, 16, 16], "texture": "#3"},
				"west": {"uv": [0, 0, 16, 16], "texture": "#3"},
				"up": {"uv": [0, 0, 16, 16], "texture": "#3"},
				"down": {"uv": [0, 0, 16, 16], "texture": "#3"}
			}
		},
		{
			"from": [6.91684, 6.59, -0.9782],
			"to": [7.08316, 6.63158, -0.8594],
			"rotation": {"angle": 0, "axis": "y", "origin": [6.5248, 5.6, -1.2752]},
			"faces": {
				"north": {"uv": [0, 0, 16, 16], "texture": "#3"},
				"east": {"uv": [0, 0, 16, 16], "texture": "#3"},
				"south": {"uv": [0, 0, 16, 16], "texture": "#3"},
				"west": {"uv": [0, 0, 16, 16], "texture": "#3"},
				"up": {"uv": [0, 0, 16, 16], "texture": "#3"},
				"down": {"uv": [0, 0, 16, 16], "texture": "#3"}
			}
		},
		{
			"from": [6.9109, 6.572, -0.9782],
			"to": [7.0891, 6.59594, -0.8594],
			"rotation": {"angle": 0, "axis": "y", "origin": [6.5248, 5.6, -1.2752]},
			"faces": {
				"north": {"uv": [0, 0, 16, 16], "texture": "#3"},
				"east": {"uv": [0, 0, 16, 16], "texture": "#3"},
				"south": {"uv": [0, 0, 16, 16], "texture": "#3"},
				"west": {"uv": [0, 0, 16, 16], "texture": "#3"},
				"up": {"uv": [0, 0, 16, 16], "texture": "#3"},
				"down": {"uv": [0, 0, 16, 16], "texture": "#3"}
			}
		},
		{
			"from": [6.97624, 6.59, -0.9782],
			"to": [7.02376, 6.78602, -0.8594],
			"rotation": {"angle": 0, "axis": "y", "origin": [6.5248, 5.6, -1.2752]},
			"faces": {
				"north": {"uv": [0, 0, 16, 16], "texture": "#3"},
				"east": {"uv": [0, 0, 16, 16], "texture": "#3"},
				"south": {"uv": [0, 0, 16, 16], "texture": "#3"},
				"west": {"uv": [0, 0, 16, 16], "texture": "#3"},
				"up": {"uv": [0, 0, 16, 16], "texture": "#3"},
				"down": {"uv": [0, 0, 16, 16], "texture": "#3"}
			}
		},
		{
			"from": [6.39034, 5.90294, -0.9782],
			"to": [6.82774, 6.00986, -0.8594],
			"rotation": {"angle": 0, "axis": "y", "origin": [6.5248, 5.6, -0.3248]},
			"faces": {
				"north": {"uv": [0, 0, 16, 16], "texture": "#3"},
				"east": {"uv": [0, 0, 16, 16], "texture": "#3"},
				"south": {"uv": [0, 0, 16, 16], "texture": "#3"},
				"west": {"uv": [0, 0, 16, 16], "texture": "#3"},
				"up": {"uv": [0, 0, 16, 16], "texture": "#3"},
				"down": {"uv": [0, 0, 16, 16], "texture": "#3"}
			}
		},
		{
			"from": [6.21808, 5.92076, -0.9782],
			"to": [6.39034, 5.99204, -0.8594],
			"rotation": {"angle": 0, "axis": "y", "origin": [6.5248, 5.6, -0.3248]},
			"faces": {
				"north": {"uv": [0, 0, 16, 16], "texture": "#3"},
				"east": {"uv": [0, 0, 16, 16], "texture": "#3"},
				"south": {"uv": [0, 0, 16, 16], "texture": "#3"},
				"west": {"uv": [0, 0, 16, 16], "texture": "#3"},
				"up": {"uv": [0, 0, 16, 16], "texture": "#3"},
				"down": {"uv": [0, 0, 16, 16], "texture": "#3"}
			}
		},
		{
			"from": [6.25372, 5.90888, -0.9782],
			"to": [6.39034, 6.00392, -0.8594],
			"rotation": {"angle": 0, "axis": "y", "origin": [6.5248, 5.6, -0.3248]},
			"faces": {
				"north": {"uv": [0, 0, 16, 16], "texture": "#3"},
				"east": {"uv": [0, 0, 16, 16], "texture": "#3"},
				"south": {"uv": [0, 0, 16, 16], "texture": "#3"},
				"west": {"uv": [0, 0, 16, 16], "texture": "#3"},
				"up": {"uv": [0, 0, 16, 16], "texture": "#3"},
				"down": {"uv": [0, 0, 16, 16], "texture": "#3"}
			}
		},
		{
			"from": [6.28936, 5.897, -0.9782],
			"to": [6.39034, 6.0158, -0.8594],
			"rotation": {"angle": 0, "axis": "y", "origin": [6.5248, 5.6, -0.3248]},
			"faces": {
				"north": {"uv": [0, 0, 16, 16], "texture": "#3"},
				"east": {"uv": [0, 0, 16, 16], "texture": "#3"},
				"south": {"uv": [0, 0, 16, 16], "texture": "#3"},
				"west": {"uv": [0, 0, 16, 16], "texture": "#3"},
				"up": {"uv": [0, 0, 16, 16], "texture": "#3"},
				"down": {"uv": [0, 0, 16, 16], "texture": "#3"}
			}
		},
		{
			"from": [6.31906, 5.88512, -0.9782],
			"to": [6.39034, 6.02768, -0.8594],
			"rotation": {"angle": 0, "axis": "y", "origin": [6.5248, 5.6, -0.3248]},
			"faces": {
				"north": {"uv": [0, 0, 16, 16], "texture": "#3"},
				"east": {"uv": [0, 0, 16, 16], "texture": "#3"},
				"south": {"uv": [0, 0, 16, 16], "texture": "#3"},
				"west": {"uv": [0, 0, 16, 16], "texture": "#3"},
				"up": {"uv": [0, 0, 16, 16], "texture": "#3"},
				"down": {"uv": [0, 0, 16, 16], "texture": "#3"}
			}
		},
		{
			"from": [6.34876, 5.87324, -0.9782],
			"to": [6.39034, 6.03956, -0.8594],
			"rotation": {"angle": 0, "axis": "y", "origin": [6.5248, 5.6, -0.3248]},
			"faces": {
				"north": {"uv": [0, 0, 16, 16], "texture": "#3"},
				"east": {"uv": [0, 0, 16, 16], "texture": "#3"},
				"south": {"uv": [0, 0, 16, 16], "texture": "#3"},
				"west": {"uv": [0, 0, 16, 16], "texture": "#3"},
				"up": {"uv": [0, 0, 16, 16], "texture": "#3"},
				"down": {"uv": [0, 0, 16, 16], "texture": "#3"}
			}
		},
		{
			"from": [6.3844, 5.8673, -0.9782],
			"to": [6.40834, 6.0455, -0.8594],
			"rotation": {"angle": 0, "axis": "y", "origin": [6.5248, 5.6, -0.3248]},
			"faces": {
				"north": {"uv": [0, 0, 16, 16], "texture": "#3"},
				"east": {"uv": [0, 0, 16, 16], "texture": "#3"},
				"south": {"uv": [0, 0, 16, 16], "texture": "#3"},
				"west": {"uv": [0, 0, 16, 16], "texture": "#3"},
				"up": {"uv": [0, 0, 16, 16], "texture": "#3"},
				"down": {"uv": [0, 0, 16, 16], "texture": "#3"}
			}
		},
		{
			"from": [6.19432, 5.93264, -0.9782],
			"to": [6.39034, 5.98016, -0.8594],
			"rotation": {"angle": 0, "axis": "y", "origin": [6.5248, 5.6, -0.3248]},
			"faces": {
				"north": {"uv": [0, 0, 16, 16], "texture": "#3"},
				"east": {"uv": [0, 0, 16, 16], "texture": "#3"},
				"south": {"uv": [0, 0, 16, 16], "texture": "#3"},
				"west": {"uv": [0, 0, 16, 16], "texture": "#3"},
				"up": {"uv": [0, 0, 16, 16], "texture": "#3"},
				"down": {"uv": [0, 0, 16, 16], "texture": "#3"}
			}
		},
		{
			"from": [6.5545, 6.36032, -0.9782],
			"to": [6.66142, 6.8456, -0.8594],
			"rotation": {"angle": -45, "axis": "z", "origin": [6.5248, 5.6, -1.2752]},
			"faces": {
				"north": {"uv": [0, 0, 16, 16], "texture": "#3"},
				"east": {"uv": [0, 0, 16, 16], "texture": "#3"},
				"south": {"uv": [0, 0, 16, 16], "texture": "#3"},
				"west": {"uv": [0, 0, 16, 16], "texture": "#3"},
				"up": {"uv": [0, 0, 16, 16], "texture": "#3"},
				"down": {"uv": [0, 0, 16, 16], "texture": "#3"}
			}
		},
		{
			"from": [6.57232, 6.8636, -0.9782],
			"to": [6.6436, 7.03586, -0.8594],
			"rotation": {"angle": -45, "axis": "z", "origin": [6.5248, 5.6, -1.2752]},
			"faces": {
				"north": {"uv": [0, 0, 16, 16], "texture": "#3"},
				"east": {"uv": [0, 0, 16, 16], "texture": "#3"},
				"south": {"uv": [0, 0, 16, 16], "texture": "#3"},
				"west": {"uv": [0, 0, 16, 16], "texture": "#3"},
				"up": {"uv": [0, 0, 16, 16], "texture": "#3"},
				"down": {"uv": [0, 0, 16, 16], "texture": "#3"}
			}
		},
		{
			"from": [6.56044, 6.8636, -0.9782],
			"to": [6.65548, 7.00022, -0.8594],
			"rotation": {"angle": -45, "axis": "z", "origin": [6.5248, 5.6, -1.2752]},
			"faces": {
				"north": {"uv": [0, 0, 16, 16], "texture": "#3"},
				"east": {"uv": [0, 0, 16, 16], "texture": "#3"},
				"south": {"uv": [0, 0, 16, 16], "texture": "#3"},
				"west": {"uv": [0, 0, 16, 16], "texture": "#3"},
				"up": {"uv": [0, 0, 16, 16], "texture": "#3"},
				"down": {"uv": [0, 0, 16, 16], "texture": "#3"}
			}
		},
		{
			"from": [6.54856, 6.8636, -0.9782],
			"to": [6.66736, 6.96458, -0.8594],
			"rotation": {"angle": -45, "axis": "z", "origin": [6.5248, 5.6, -1.2752]},
			"faces": {
				"north": {"uv": [0, 0, 16, 16], "texture": "#3"},
				"east": {"uv": [0, 0, 16, 16], "texture": "#3"},
				"south": {"uv": [0, 0, 16, 16], "texture": "#3"},
				"west": {"uv": [0, 0, 16, 16], "texture": "#3"},
				"up": {"uv": [0, 0, 16, 16], "texture": "#3"},
				"down": {"uv": [0, 0, 16, 16], "texture": "#3"}
			}
		},
		{
			"from": [6.53668, 6.8636, -0.9782],
			"to": [6.67924, 6.93488, -0.8594],
			"rotation": {"angle": -45, "axis": "z", "origin": [6.5248, 5.6, -1.2752]},
			"faces": {
				"north": {"uv": [0, 0, 16, 16], "texture": "#3"},
				"east": {"uv": [0, 0, 16, 16], "texture": "#3"},
				"south": {"uv": [0, 0, 16, 16], "texture": "#3"},
				"west": {"uv": [0, 0, 16, 16], "texture": "#3"},
				"up": {"uv": [0, 0, 16, 16], "texture": "#3"},
				"down": {"uv": [0, 0, 16, 16], "texture": "#3"}
			}
		},
		{
			"from": [6.5248, 6.8636, -0.9782],
			"to": [6.69112, 6.90518, -0.8594],
			"rotation": {"angle": -45, "axis": "z", "origin": [6.5248, 5.6, -1.2752]},
			"faces": {
				"north": {"uv": [0, 0, 16, 16], "texture": "#3"},
				"east": {"uv": [0, 0, 16, 16], "texture": "#3"},
				"south": {"uv": [0, 0, 16, 16], "texture": "#3"},
				"west": {"uv": [0, 0, 16, 16], "texture": "#3"},
				"up": {"uv": [0, 0, 16, 16], "texture": "#3"},
				"down": {"uv": [0, 0, 16, 16], "texture": "#3"}
			}
		},
		{
			"from": [6.51886, 6.8456, -0.9782],
			"to": [6.69706, 6.86954, -0.8594],
			"rotation": {"angle": -45, "axis": "z", "origin": [6.5248, 5.6, -1.2752]},
			"faces": {
				"north": {"uv": [0, 0, 16, 16], "texture": "#3"},
				"east": {"uv": [0, 0, 16, 16], "texture": "#3"},
				"south": {"uv": [0, 0, 16, 16], "texture": "#3"},
				"west": {"uv": [0, 0, 16, 16], "texture": "#3"},
				"up": {"uv": [0, 0, 16, 16], "texture": "#3"},
				"down": {"uv": [0, 0, 16, 16], "texture": "#3"}
			}
		},
		{
			"from": [6.5842, 6.8636, -0.9782],
			"to": [6.63172, 7.05962, -0.8594],
			"rotation": {"angle": -45, "axis": "z", "origin": [6.5248, 5.6, -1.2752]},
			"faces": {
				"north": {"uv": [0, 0, 16, 16], "texture": "#3"},
				"east": {"uv": [0, 0, 16, 16], "texture": "#3"},
				"south": {"uv": [0, 0, 16, 16], "texture": "#3"},
				"west": {"uv": [0, 0, 16, 16], "texture": "#3"},
				"up": {"uv": [0, 0, 16, 16], "texture": "#3"},
				"down": {"uv": [0, 0, 16, 16], "texture": "#3"}
			}
		},
		{
			"from": [7.1782, 5.90294, -0.9782],
			"to": [7.62748, 6.00986, -0.8594],
			"rotation": {"angle": 0, "axis": "y", "origin": [6.5248, 5.6, -1.2752]},
			"faces": {
				"north": {"uv": [0, 0, 16, 16], "texture": "#3"},
				"east": {"uv": [0, 0, 16, 16], "texture": "#3"},
				"south": {"uv": [0, 0, 16, 16], "texture": "#3"},
				"west": {"uv": [0, 0, 16, 16], "texture": "#3"},
				"up": {"uv": [0, 0, 16, 16], "texture": "#3"},
				"down": {"uv": [0, 0, 16, 16], "texture": "#3"}
			}
		},
		{
			"from": [7.64548, 5.92076, -0.9782],
			"to": [7.81774, 5.99204, -0.8594],
			"rotation": {"angle": 0, "axis": "y", "origin": [6.5248, 5.6, -1.2752]},
			"faces": {
				"north": {"uv": [0, 0, 16, 16], "texture": "#3"},
				"east": {"uv": [0, 0, 16, 16], "texture": "#3"},
				"south": {"uv": [0, 0, 16, 16], "texture": "#3"},
				"west": {"uv": [0, 0, 16, 16], "texture": "#3"},
				"up": {"uv": [0, 0, 16, 16], "texture": "#3"},
				"down": {"uv": [0, 0, 16, 16], "texture": "#3"}
			}
		},
		{
			"from": [7.64548, 5.90888, -0.9782],
			"to": [7.7821, 6.00392, -0.8594],
			"rotation": {"angle": 0, "axis": "y", "origin": [6.5248, 5.6, -1.2752]},
			"faces": {
				"north": {"uv": [0, 0, 16, 16], "texture": "#3"},
				"east": {"uv": [0, 0, 16, 16], "texture": "#3"},
				"south": {"uv": [0, 0, 16, 16], "texture": "#3"},
				"west": {"uv": [0, 0, 16, 16], "texture": "#3"},
				"up": {"uv": [0, 0, 16, 16], "texture": "#3"},
				"down": {"uv": [0, 0, 16, 16], "texture": "#3"}
			}
		},
		{
			"from": [7.64548, 5.897, -0.9782],
			"to": [7.74646, 6.0158, -0.8594],
			"rotation": {"angle": 0, "axis": "y", "origin": [6.5248, 5.6, -1.2752]},
			"faces": {
				"north": {"uv": [0, 0, 16, 16], "texture": "#3"},
				"east": {"uv": [0, 0, 16, 16], "texture": "#3"},
				"south": {"uv": [0, 0, 16, 16], "texture": "#3"},
				"west": {"uv": [0, 0, 16, 16], "texture": "#3"},
				"up": {"uv": [0, 0, 16, 16], "texture": "#3"},
				"down": {"uv": [0, 0, 16, 16], "texture": "#3"}
			}
		},
		{
			"from": [7.64548, 5.88512, -0.9782],
			"to": [7.71676, 6.02768, -0.8594],
			"rotation": {"angle": 0, "axis": "y", "origin": [6.5248, 5.6, -1.2752]},
			"faces": {
				"north": {"uv": [0, 0, 16, 16], "texture": "#3"},
				"east": {"uv": [0, 0, 16, 16], "texture": "#3"},
				"south": {"uv": [0, 0, 16, 16], "texture": "#3"},
				"west": {"uv": [0, 0, 16, 16], "texture": "#3"},
				"up": {"uv": [0, 0, 16, 16], "texture": "#3"},
				"down": {"uv": [0, 0, 16, 16], "texture": "#3"}
			}
		},
		{
			"from": [7.64548, 5.87324, -0.9782],
			"to": [7.68706, 6.03956, -0.8594],
			"rotation": {"angle": 0, "axis": "y", "origin": [6.5248, 5.6, -1.2752]},
			"faces": {
				"north": {"uv": [0, 0, 16, 16], "texture": "#3"},
				"east": {"uv": [0, 0, 16, 16], "texture": "#3"},
				"south": {"uv": [0, 0, 16, 16], "texture": "#3"},
				"west": {"uv": [0, 0, 16, 16], "texture": "#3"},
				"up": {"uv": [0, 0, 16, 16], "texture": "#3"},
				"down": {"uv": [0, 0, 16, 16], "texture": "#3"}
			}
		},
		{
			"from": [7.62748, 5.8673, -0.9782],
			"to": [7.65142, 6.0455, -0.8594],
			"rotation": {"angle": 0, "axis": "y", "origin": [6.5248, 5.6, -1.2752]},
			"faces": {
				"north": {"uv": [0, 0, 16, 16], "texture": "#3"},
				"east": {"uv": [0, 0, 16, 16], "texture": "#3"},
				"south": {"uv": [0, 0, 16, 16], "texture": "#3"},
				"west": {"uv": [0, 0, 16, 16], "texture": "#3"},
				"up": {"uv": [0, 0, 16, 16], "texture": "#3"},
				"down": {"uv": [0, 0, 16, 16], "texture": "#3"}
			}
		},
		{
			"from": [7.64548, 5.93264, -0.9782],
			"to": [7.8415, 5.98016, -0.8594],
			"rotation": {"angle": 0, "axis": "y", "origin": [6.5248, 5.6, -1.2752]},
			"faces": {
				"north": {"uv": [0, 0, 16, 16], "texture": "#3"},
				"east": {"uv": [0, 0, 16, 16], "texture": "#3"},
				"south": {"uv": [0, 0, 16, 16], "texture": "#3"},
				"west": {"uv": [0, 0, 16, 16], "texture": "#3"},
				"up": {"uv": [0, 0, 16, 16], "texture": "#3"},
				"down": {"uv": [0, 0, 16, 16], "texture": "#3"}
			}
		},
		{
			"from": [6.80398, 6.1346, -0.9782],
			"to": [7.25326, 6.24152, -0.8594],
			"rotation": {"angle": -45, "axis": "z", "origin": [6.5248, 5.6, -1.2752]},
			"faces": {
				"north": {"uv": [0, 0, 16, 16], "texture": "#3"},
				"east": {"uv": [0, 0, 16, 16], "texture": "#3"},
				"south": {"uv": [0, 0, 16, 16], "texture": "#3"},
				"west": {"uv": [0, 0, 16, 16], "texture": "#3"},
				"up": {"uv": [0, 0, 16, 16], "texture": "#3"},
				"down": {"uv": [0, 0, 16, 16], "texture": "#3"}
			}
		},
		{
			"from": [7.27126, 6.15242, -0.9782],
			"to": [7.44352, 6.2237, -0.8594],
			"rotation": {"angle": -45, "axis": "z", "origin": [6.5248, 5.6, -1.2752]},
			"faces": {
				"north": {"uv": [0, 0, 16, 16], "texture": "#3"},
				"east": {"uv": [0, 0, 16, 16], "texture": "#3"},
				"south": {"uv": [0, 0, 16, 16], "texture": "#3"},
				"west": {"uv": [0, 0, 16, 16], "texture": "#3"},
				"up": {"uv": [0, 0, 16, 16], "texture": "#3"},
				"down": {"uv": [0, 0, 16, 16], "texture": "#3"}
			}
		},
		{
			"from": [7.27126, 6.14054, -0.9782],
			"to": [7.40788, 6.23558, -0.8594],
			"rotation": {"angle": -45, "axis": "z", "origin": [6.5248, 5.6, -1.2752]},
			"faces": {
				"north": {"uv": [0, 0, 16, 16], "texture": "#3"},
				"east": {"uv": [0, 0, 16, 16], "texture": "#3"},
				"south": {"uv": [0, 0, 16, 16], "texture": "#3"},
				"west": {"uv": [0, 0, 16, 16], "texture": "#3"},
				"up": {"uv": [0, 0, 16, 16], "texture": "#3"},
				"down": {"uv": [0, 0, 16, 16], "texture": "#3"}
			}
		},
		{
			"from": [7.27126, 6.12866, -0.9782],
			"to": [7.37224, 6.24746, -0.8594],
			"rotation": {"angle": -45, "axis": "z", "origin": [6.5248, 5.6, -1.2752]},
			"faces": {
				"north": {"uv": [0, 0, 16, 16], "texture": "#3"},
				"east": {"uv": [0, 0, 16, 16], "texture": "#3"},
				"south": {"uv": [0, 0, 16, 16], "texture": "#3"},
				"west": {"uv": [0, 0, 16, 16], "texture": "#3"},
				"up": {"uv": [0, 0, 16, 16], "texture": "#3"},
				"down": {"uv": [0, 0, 16, 16], "texture": "#3"}
			}
		},
		{
			"from": [7.27126, 6.11678, -0.9782],
			"to": [7.34254, 6.25934, -0.8594],
			"rotation": {"angle": -45, "axis": "z", "origin": [6.5248, 5.6, -1.2752]},
			"faces": {
				"north": {"uv": [0, 0, 16, 16], "texture": "#3"},
				"east": {"uv": [0, 0, 16, 16], "texture": "#3"},
				"south": {"uv": [0, 0, 16, 16], "texture": "#3"},
				"west": {"uv": [0, 0, 16, 16], "texture": "#3"},
				"up": {"uv": [0, 0, 16, 16], "texture": "#3"},
				"down": {"uv": [0, 0, 16, 16], "texture": "#3"}
			}
		},
		{
			"from": [7.27126, 6.1049, -0.9782],
			"to": [7.31284, 6.27122, -0.8594],
			"rotation": {"angle": -45, "axis": "z", "origin": [6.5248, 5.6, -1.2752]},
			"faces": {
				"north": {"uv": [0, 0, 16, 16], "texture": "#3"},
				"east": {"uv": [0, 0, 16, 16], "texture": "#3"},
				"south": {"uv": [0, 0, 16, 16], "texture": "#3"},
				"west": {"uv": [0, 0, 16, 16], "texture": "#3"},
				"up": {"uv": [0, 0, 16, 16], "texture": "#3"},
				"down": {"uv": [0, 0, 16, 16], "texture": "#3"}
			}
		},
		{
			"from": [7.25326, 6.09896, -0.9782],
			"to": [7.2772, 6.27716, -0.8594],
			"rotation": {"angle": -45, "axis": "z", "origin": [6.5248, 5.6, -1.2752]},
			"faces": {
				"north": {"uv": [0, 0, 16, 16], "texture": "#3"},
				"east": {"uv": [0, 0, 16, 16], "texture": "#3"},
				"south": {"uv": [0, 0, 16, 16], "texture": "#3"},
				"west": {"uv": [0, 0, 16, 16], "texture": "#3"},
				"up": {"uv": [0, 0, 16, 16], "texture": "#3"},
				"down": {"uv": [0, 0, 16, 16], "texture": "#3"}
			}
		},
		{
			"from": [7.27126, 6.1643, -0.9782],
			"to": [7.46728, 6.21182, -0.8594],
			"rotation": {"angle": -45, "axis": "z", "origin": [6.5248, 5.6, -1.2752]},
			"faces": {
				"north": {"uv": [0, 0, 16, 16], "texture": "#3"},
				"east": {"uv": [0, 0, 16, 16], "texture": "#3"},
				"south": {"uv": [0, 0, 16, 16], "texture": "#3"},
				"west": {"uv": [0, 0, 16, 16], "texture": "#3"},
				"up": {"uv": [0, 0, 16, 16], "texture": "#3"},
				"down": {"uv": [0, 0, 16, 16], "texture": "#3"}
			}
		},
		{
			"from": [7.06534, 5.6891, -0.9782],
			"to": [7.17226, 6.17438, -0.8594],
			"rotation": {"angle": 45, "axis": "z", "origin": [6.5248, 5.6, -1.2752]},
			"faces": {
				"north": {"uv": [0, 0, 16, 16], "texture": "#3"},
				"east": {"uv": [0, 0, 16, 16], "texture": "#3"},
				"south": {"uv": [0, 0, 16, 16], "texture": "#3"},
				"west": {"uv": [0, 0, 16, 16], "texture": "#3"},
				"up": {"uv": [0, 0, 16, 16], "texture": "#3"},
				"down": {"uv": [0, 0, 16, 16], "texture": "#3"}
			}
		},
		{
			"from": [7.08316, 6.17438, -0.9782],
			"to": [7.15444, 6.34664, -0.8594],
			"rotation": {"angle": 45, "axis": "z", "origin": [6.5248, 5.6, -1.2752]},
			"faces": {
				"north": {"uv": [0, 0, 16, 16], "texture": "#3"},
				"east": {"uv": [0, 0, 16, 16], "texture": "#3"},
				"south": {"uv": [0, 0, 16, 16], "texture": "#3"},
				"west": {"uv": [0, 0, 16, 16], "texture": "#3"},
				"up": {"uv": [0, 0, 16, 16], "texture": "#3"},
				"down": {"uv": [0, 0, 16, 16], "texture": "#3"}
			}
		},
		{
			"from": [7.07128, 6.17438, -0.9782],
			"to": [7.16632, 6.311, -0.8594],
			"rotation": {"angle": 45, "axis": "z", "origin": [6.5248, 5.6, -1.2752]},
			"faces": {
				"north": {"uv": [0, 0, 16, 16], "texture": "#3"},
				"east": {"uv": [0, 0, 16, 16], "texture": "#3"},
				"south": {"uv": [0, 0, 16, 16], "texture": "#3"},
				"west": {"uv": [0, 0, 16, 16], "texture": "#3"},
				"up": {"uv": [0, 0, 16, 16], "texture": "#3"},
				"down": {"uv": [0, 0, 16, 16], "texture": "#3"}
			}
		},
		{
			"from": [7.0594, 6.17438, -0.9782],
			"to": [7.1782, 6.27536, -0.8594],
			"rotation": {"angle": 45, "axis": "z", "origin": [6.5248, 5.6, -1.2752]},
			"faces": {
				"north": {"uv": [0, 0, 16, 16], "texture": "#3"},
				"east": {"uv": [0, 0, 16, 16], "texture": "#3"},
				"south": {"uv": [0, 0, 16, 16], "texture": "#3"},
				"west": {"uv": [0, 0, 16, 16], "texture": "#3"},
				"up": {"uv": [0, 0, 16, 16], "texture": "#3"},
				"down": {"uv": [0, 0, 16, 16], "texture": "#3"}
			}
		},
		{
			"from": [7.04752, 6.17438, -0.9782],
			"to": [7.19008, 6.24566, -0.8594],
			"rotation": {"angle": 45, "axis": "z", "origin": [6.5248, 5.6, -1.2752]},
			"faces": {
				"north": {"uv": [0, 0, 16, 16], "texture": "#3"},
				"east": {"uv": [0, 0, 16, 16], "texture": "#3"},
				"south": {"uv": [0, 0, 16, 16], "texture": "#3"},
				"west": {"uv": [0, 0, 16, 16], "texture": "#3"},
				"up": {"uv": [0, 0, 16, 16], "texture": "#3"},
				"down": {"uv": [0, 0, 16, 16], "texture": "#3"}
			}
		},
		{
			"from": [7.03564, 6.17438, -0.9782],
			"to": [7.20196, 6.21596, -0.8594],
			"rotation": {"angle": 45, "axis": "z", "origin": [6.5248, 5.6, -1.2752]},
			"faces": {
				"north": {"uv": [0, 0, 16, 16], "texture": "#3"},
				"east": {"uv": [0, 0, 16, 16], "texture": "#3"},
				"south": {"uv": [0, 0, 16, 16], "texture": "#3"},
				"west": {"uv": [0, 0, 16, 16], "texture": "#3"},
				"up": {"uv": [0, 0, 16, 16], "texture": "#3"},
				"down": {"uv": [0, 0, 16, 16], "texture": "#3"}
			}
		},
		{
			"from": [7.0297, 6.15638, -0.9782],
			"to": [7.2079, 6.18032, -0.8594],
			"rotation": {"angle": 45, "axis": "z", "origin": [6.5248, 5.6, -1.2752]},
			"faces": {
				"north": {"uv": [0, 0, 16, 16], "texture": "#3"},
				"east": {"uv": [0, 0, 16, 16], "texture": "#3"},
				"south": {"uv": [0, 0, 16, 16], "texture": "#3"},
				"west": {"uv": [0, 0, 16, 16], "texture": "#3"},
				"up": {"uv": [0, 0, 16, 16], "texture": "#3"},
				"down": {"uv": [0, 0, 16, 16], "texture": "#3"}
			}
		},
		{
			"from": [7.09504, 6.17438, -0.9782],
			"to": [7.14256, 6.3704, -0.8594],
			"rotation": {"angle": 45, "axis": "z", "origin": [6.5248, 5.6, -1.2752]},
			"faces": {
				"north": {"uv": [0, 0, 16, 16], "texture": "#3"},
				"east": {"uv": [0, 0, 16, 16], "texture": "#3"},
				"south": {"uv": [0, 0, 16, 16], "texture": "#3"},
				"west": {"uv": [0, 0, 16, 16], "texture": "#3"},
				"up": {"uv": [0, 0, 16, 16], "texture": "#3"},
				"down": {"uv": [0, 0, 16, 16], "texture": "#3"}
			}
		},
		{
			"from": [6.48538, 5.45744, -0.9782],
			"to": [6.9406, 5.56436, -0.8594],
			"rotation": {"angle": 45, "axis": "z", "origin": [6.5248, 5.6, -0.3248]},
			"faces": {
				"north": {"uv": [0, 0, 16, 16], "texture": "#3"},
				"east": {"uv": [0, 0, 16, 16], "texture": "#3"},
				"south": {"uv": [0, 0, 16, 16], "texture": "#3"},
				"west": {"uv": [0, 0, 16, 16], "texture": "#3"},
				"up": {"uv": [0, 0, 16, 16], "texture": "#3"},
				"down": {"uv": [0, 0, 16, 16], "texture": "#3"}
			}
		},
		{
			"from": [6.29512, 5.47526, -0.9782],
			"to": [6.46738, 5.54654, -0.8594],
			"rotation": {"angle": 45, "axis": "z", "origin": [6.5248, 5.6, -0.3248]},
			"faces": {
				"north": {"uv": [0, 0, 16, 16], "texture": "#3"},
				"east": {"uv": [0, 0, 16, 16], "texture": "#3"},
				"south": {"uv": [0, 0, 16, 16], "texture": "#3"},
				"west": {"uv": [0, 0, 16, 16], "texture": "#3"},
				"up": {"uv": [0, 0, 16, 16], "texture": "#3"},
				"down": {"uv": [0, 0, 16, 16], "texture": "#3"}
			}
		},
		{
			"from": [6.27136, 5.48714, -0.9782],
			"to": [6.46738, 5.53466, -0.8594],
			"rotation": {"angle": 45, "axis": "z", "origin": [6.5248, 5.6, -0.3248]},
			"faces": {
				"north": {"uv": [0, 0, 16, 16], "texture": "#3"},
				"east": {"uv": [0, 0, 16, 16], "texture": "#3"},
				"south": {"uv": [0, 0, 16, 16], "texture": "#3"},
				"west": {"uv": [0, 0, 16, 16], "texture": "#3"},
				"up": {"uv": [0, 0, 16, 16], "texture": "#3"},
				"down": {"uv": [0, 0, 16, 16], "texture": "#3"}
			}
		},
		{
			"from": [6.3961, 5.43962, -0.9782],
			"to": [6.46738, 5.58218, -0.8594],
			"rotation": {"angle": 45, "axis": "z", "origin": [6.5248, 5.6, -0.3248]},
			"faces": {
				"north": {"uv": [0, 0, 16, 16], "texture": "#3"},
				"east": {"uv": [0, 0, 16, 16], "texture": "#3"},
				"south": {"uv": [0, 0, 16, 16], "texture": "#3"},
				"west": {"uv": [0, 0, 16, 16], "texture": "#3"},
				"up": {"uv": [0, 0, 16, 16], "texture": "#3"},
				"down": {"uv": [0, 0, 16, 16], "texture": "#3"}
			}
		},
		{
			"from": [6.33076, 5.46338, -0.9782],
			"to": [6.46738, 5.55842, -0.8594],
			"rotation": {"angle": 45, "axis": "z", "origin": [6.5248, 5.6, -0.3248]},
			"faces": {
				"north": {"uv": [0, 0, 16, 16], "texture": "#3"},
				"east": {"uv": [0, 0, 16, 16], "texture": "#3"},
				"south": {"uv": [0, 0, 16, 16], "texture": "#3"},
				"west": {"uv": [0, 0, 16, 16], "texture": "#3"},
				"up": {"uv": [0, 0, 16, 16], "texture": "#3"},
				"down": {"uv": [0, 0, 16, 16], "texture": "#3"}
			}
		},
		{
			"from": [6.3664, 5.4515, -0.9782],
			"to": [6.46738, 5.5703, -0.8594],
			"rotation": {"angle": 45, "axis": "z", "origin": [6.5248, 5.6, -0.3248]},
			"faces": {
				"north": {"uv": [0, 0, 16, 16], "texture": "#3"},
				"east": {"uv": [0, 0, 16, 16], "texture": "#3"},
				"south": {"uv": [0, 0, 16, 16], "texture": "#3"},
				"west": {"uv": [0, 0, 16, 16], "texture": "#3"},
				"up": {"uv": [0, 0, 16, 16], "texture": "#3"},
				"down": {"uv": [0, 0, 16, 16], "texture": "#3"}
			}
		},
		{
			"from": [6.4258, 5.42774, -0.9782],
			"to": [6.46738, 5.59406, -0.8594],
			"rotation": {"angle": 45, "axis": "z", "origin": [6.5248, 5.6, -0.3248]},
			"faces": {
				"north": {"uv": [0, 0, 16, 16], "texture": "#3"},
				"east": {"uv": [0, 0, 16, 16], "texture": "#3"},
				"south": {"uv": [0, 0, 16, 16], "texture": "#3"},
				"west": {"uv": [0, 0, 16, 16], "texture": "#3"},
				"up": {"uv": [0, 0, 16, 16], "texture": "#3"},
				"down": {"uv": [0, 0, 16, 16], "texture": "#3"}
			}
		},
		{
			"from": [6.46144, 5.4218, -0.9782],
			"to": [6.48538, 5.6, -0.8594],
			"rotation": {"angle": 45, "axis": "z", "origin": [6.5248, 5.6, -0.3248]},
			"faces": {
				"north": {"uv": [0, 0, 16, 16], "texture": "#3"},
				"east": {"uv": [0, 0, 16, 16], "texture": "#3"},
				"south": {"uv": [0, 0, 16, 16], "texture": "#3"},
				"west": {"uv": [0, 0, 16, 16], "texture": "#3"},
				"up": {"uv": [0, 0, 16, 16], "texture": "#3"},
				"down": {"uv": [0, 0, 16, 16], "texture": "#3"}
			}
		},
		{
			"from": [6.94654, 5.3408, -0.9782],
			"to": [7.05346, 5.79008, -0.8594],
			"rotation": {"angle": 0, "axis": "y", "origin": [6.5248, 5.6, -0.3248]},
			"faces": {
				"north": {"uv": [0, 0, 16, 16], "texture": "#3"},
				"east": {"uv": [0, 0, 16, 16], "texture": "#3"},
				"south": {"uv": [0, 0, 16, 16], "texture": "#3"},
				"west": {"uv": [0, 0, 16, 16], "texture": "#3"},
				"up": {"uv": [0, 0, 16, 16], "texture": "#3"},
				"down": {"uv": [0, 0, 16, 16], "texture": "#3"}
			}
		},
		{
			"from": [6.96436, 5.15054, -0.9782],
			"to": [7.03564, 5.3228, -0.8594],
			"rotation": {"angle": 0, "axis": "y", "origin": [6.5248, 5.6, -0.3248]},
			"faces": {
				"north": {"uv": [0, 0, 16, 16], "texture": "#3"},
				"east": {"uv": [0, 0, 16, 16], "texture": "#3"},
				"south": {"uv": [0, 0, 16, 16], "texture": "#3"},
				"west": {"uv": [0, 0, 16, 16], "texture": "#3"},
				"up": {"uv": [0, 0, 16, 16], "texture": "#3"},
				"down": {"uv": [0, 0, 16, 16], "texture": "#3"}
			}
		},
		{
			"from": [6.97624, 5.12678, -0.9782],
			"to": [7.02376, 5.3228, -0.8594],
			"rotation": {"angle": 0, "axis": "y", "origin": [6.5248, 5.6, -0.3248]},
			"faces": {
				"north": {"uv": [0, 0, 16, 16], "texture": "#3"},
				"east": {"uv": [0, 0, 16, 16], "texture": "#3"},
				"south": {"uv": [0, 0, 16, 16], "texture": "#3"},
				"west": {"uv": [0, 0, 16, 16], "texture": "#3"},
				"up": {"uv": [0, 0, 16, 16], "texture": "#3"},
				"down": {"uv": [0, 0, 16, 16], "texture": "#3"}
			}
		},
		{
			"from": [6.92872, 5.25152, -0.9782],
			"to": [7.07128, 5.3228, -0.8594],
			"rotation": {"angle": 0, "axis": "y", "origin": [6.5248, 5.6, -0.3248]},
			"faces": {
				"north": {"uv": [0, 0, 16, 16], "texture": "#3"},
				"east": {"uv": [0, 0, 16, 16], "texture": "#3"},
				"south": {"uv": [0, 0, 16, 16], "texture": "#3"},
				"west": {"uv": [0, 0, 16, 16], "texture": "#3"},
				"up": {"uv": [0, 0, 16, 16], "texture": "#3"},
				"down": {"uv": [0, 0, 16, 16], "texture": "#3"}
			}
		},
		{
			"from": [6.95248, 5.18618, -0.9782],
			"to": [7.04752, 5.3228, -0.8594],
			"rotation": {"angle": 0, "axis": "y", "origin": [6.5248, 5.6, -0.3248]},
			"faces": {
				"north": {"uv": [0, 0, 16, 16], "texture": "#3"},
				"east": {"uv": [0, 0, 16, 16], "texture": "#3"},
				"south": {"uv": [0, 0, 16, 16], "texture": "#3"},
				"west": {"uv": [0, 0, 16, 16], "texture": "#3"},
				"up": {"uv": [0, 0, 16, 16], "texture": "#3"},
				"down": {"uv": [0, 0, 16, 16], "texture": "#3"}
			}
		},
		{
			"from": [6.9406, 5.22182, -0.9782],
			"to": [7.0594, 5.3228, -0.8594],
			"rotation": {"angle": 0, "axis": "y", "origin": [6.5248, 5.6, -0.3248]},
			"faces": {
				"north": {"uv": [0, 0, 16, 16], "texture": "#3"},
				"east": {"uv": [0, 0, 16, 16], "texture": "#3"},
				"south": {"uv": [0, 0, 16, 16], "texture": "#3"},
				"west": {"uv": [0, 0, 16, 16], "texture": "#3"},
				"up": {"uv": [0, 0, 16, 16], "texture": "#3"},
				"down": {"uv": [0, 0, 16, 16], "texture": "#3"}
			}
		},
		{
			"from": [6.91684, 5.28122, -0.9782],
			"to": [7.08316, 5.3228, -0.8594],
			"rotation": {"angle": 0, "axis": "y", "origin": [6.5248, 5.6, -0.3248]},
			"faces": {
				"north": {"uv": [0, 0, 16, 16], "texture": "#3"},
				"east": {"uv": [0, 0, 16, 16], "texture": "#3"},
				"south": {"uv": [0, 0, 16, 16], "texture": "#3"},
				"west": {"uv": [0, 0, 16, 16], "texture": "#3"},
				"up": {"uv": [0, 0, 16, 16], "texture": "#3"},
				"down": {"uv": [0, 0, 16, 16], "texture": "#3"}
			}
		},
		{
			"from": [6.9109, 5.31686, -0.9782],
			"to": [7.0891, 5.3408, -0.8594],
			"rotation": {"angle": 0, "axis": "y", "origin": [6.5248, 5.6, -0.3248]},
			"faces": {
				"north": {"uv": [0, 0, 16, 16], "texture": "#3"},
				"east": {"uv": [0, 0, 16, 16], "texture": "#3"},
				"south": {"uv": [0, 0, 16, 16], "texture": "#3"},
				"west": {"uv": [0, 0, 16, 16], "texture": "#3"},
				"up": {"uv": [0, 0, 16, 16], "texture": "#3"},
				"down": {"uv": [0, 0, 16, 16], "texture": "#3"}
			}
		},
		{
			"from": [6.40006, 6.6395, -0.9782],
			"to": [6.81586, 6.71672, -0.8594],
			"rotation": {"angle": -45, "axis": "z", "origin": [6.5248, 5.6, -1.2752]},
			"faces": {
				"north": {"uv": [0, 0, 16, 16], "texture": "#3"},
				"east": {"uv": [0, 0, 16, 16], "texture": "#3"},
				"south": {"uv": [0, 0, 16, 16], "texture": "#3"},
				"west": {"uv": [0, 0, 16, 16], "texture": "#3"},
				"up": {"uv": [0, 0, 16, 16], "texture": "#3"},
				"down": {"uv": [0, 0, 16, 16], "texture": "#3"}
			}
		},
		{
			"from": [6.39412, 5.6594, -0.9782],
			"to": [6.80992, 5.73662, -0.8594],
			"rotation": {"angle": -45, "axis": "z", "origin": [6.5248, 5.6, -1.2752]},
			"faces": {
				"north": {"uv": [0, 0, 16, 16], "texture": "#3"},
				"east": {"uv": [0, 0, 16, 16], "texture": "#3"},
				"south": {"uv": [0, 0, 16, 16], "texture": "#3"},
				"west": {"uv": [0, 0, 16, 16], "texture": "#3"},
				"up": {"uv": [0, 0, 16, 16], "texture": "#3"},
				"down": {"uv": [0, 0, 16, 16], "texture": "#3"}
			}
		},
		{
			"from": [6.76834, 6.40784, -0.9782],
			"to": [7.23166, 6.47912, -0.8594],
			"rotation": {"angle": 0, "axis": "y", "origin": [6.5248, 5.6, -1.2752]},
			"faces": {
				"north": {"uv": [0, 0, 16, 16], "texture": "#3"},
				"east": {"uv": [0, 0, 16, 16], "texture": "#3"},
				"south": {"uv": [0, 0, 16, 16], "texture": "#3"},
				"west": {"uv": [0, 0, 16, 16], "texture": "#3"},
				"up": {"uv": [0, 0, 16, 16], "texture": "#3"},
				"down": {"uv": [0, 0, 16, 16], "texture": "#3"}
			}
		},
		{
			"from": [6.76834, 5.43962, -0.9782],
			"to": [7.23166, 5.5109, -0.8594],
			"rotation": {"angle": 0, "axis": "y", "origin": [6.5248, 5.6, -1.2752]},
			"faces": {
				"north": {"uv": [0, 0, 16, 16], "texture": "#3"},
				"east": {"uv": [0, 0, 16, 16], "texture": "#3"},
				"south": {"uv": [0, 0, 16, 16], "texture": "#3"},
				"west": {"uv": [0, 0, 16, 16], "texture": "#3"},
				"up": {"uv": [0, 0, 16, 16], "texture": "#3"},
				"down": {"uv": [0, 0, 16, 16], "texture": "#3"}
			}
		},
		{
			"from": [6.90496, 5.98016, -0.9782],
			"to": [7.3267, 6.05144, -0.8594],
			"rotation": {"angle": 45, "axis": "z", "origin": [6.5248, 5.6, -1.2752]},
			"faces": {
				"north": {"uv": [0, 0, 16, 16], "texture": "#3"},
				"east": {"uv": [0, 0, 16, 16], "texture": "#3"},
				"south": {"uv": [0, 0, 16, 16], "texture": "#3"},
				"west": {"uv": [0, 0, 16, 16], "texture": "#3"},
				"up": {"uv": [0, 0, 16, 16], "texture": "#3"},
				"down": {"uv": [0, 0, 16, 16], "texture": "#3"}
			}
		},
		{
			"from": [6.90496, 4.99412, -0.9782],
			"to": [7.3267, 5.0654, -0.8594],
			"rotation": {"angle": 45, "axis": "z", "origin": [6.5248, 5.6, -1.2752]},
			"faces": {
				"north": {"uv": [0, 0, 16, 16], "texture": "#3"},
				"east": {"uv": [0, 0, 16, 16], "texture": "#3"},
				"south": {"uv": [0, 0, 16, 16], "texture": "#3"},
				"west": {"uv": [0, 0, 16, 16], "texture": "#3"},
				"up": {"uv": [0, 0, 16, 16], "texture": "#3"},
				"down": {"uv": [0, 0, 16, 16], "texture": "#3"}
			}
		},
		{
			"from": [7.43956, 5.73068, -0.9782],
			"to": [7.52272, 6.18806, -0.8594],
			"rotation": {"angle": 0, "axis": "y", "origin": [6.5248, 5.6, -1.2752]},
			"faces": {
				"north": {"uv": [0, 0, 16, 16], "texture": "#3"},
				"east": {"uv": [0, 0, 16, 16], "texture": "#3"},
				"south": {"uv": [0, 0, 16, 16], "texture": "#3"},
				"west": {"uv": [0, 0, 16, 16], "texture": "#3"},
				"up": {"uv": [0, 0, 16, 16], "texture": "#3"},
				"down": {"uv": [0, 0, 16, 16], "texture": "#3"}
			}
		},
		{
			"from": [6.47728, 5.73068, -0.9782],
			"to": [6.56044, 6.18806, -0.8594],
			"rotation": {"angle": 0, "axis": "y", "origin": [6.5248, 5.6, -1.2752]},
			"faces": {
				"north": {"uv": [0, 0, 16, 16], "texture": "#3"},
				"east": {"uv": [0, 0, 16, 16], "texture": "#3"},
				"south": {"uv": [0, 0, 16, 16], "texture": "#3"},
				"west": {"uv": [0, 0, 16, 16], "texture": "#3"},
				"up": {"uv": [0, 0, 16, 16], "texture": "#3"},
				"down": {"uv": [0, 0, 16, 16], "texture": "#3"}
			}
		},
		{
			"from": [7.28512, 5.68316, -0.9782],
			"to": [7.34452, 5.80196, -0.8594],
			"rotation": {"angle": 22.5, "axis": "z", "origin": [6.5248, 5.6, -1.2752]},
			"faces": {
				"north": {"uv": [0, 0, 16, 16], "texture": "#3"},
				"east": {"uv": [0, 0, 16, 16], "texture": "#3"},
				"south": {"uv": [0, 0, 16, 16], "texture": "#3"},
				"west": {"uv": [0, 0, 16, 16], "texture": "#3"},
				"up": {"uv": [0, 0, 16, 16], "texture": "#3"},
				"down": {"uv": [0, 0, 16, 16], "texture": "#3"}
			}
		},
		{
			"from": [6.86338, 5.68316, -0.9782],
			"to": [6.92278, 5.80196, -0.8594],
			"rotation": {"angle": 22.5, "axis": "z", "origin": [6.5248, 5.6, -1.2752]},
			"faces": {
				"north": {"uv": [0, 0, 16, 16], "texture": "#3"},
				"east": {"uv": [0, 0, 16, 16], "texture": "#3"},
				"south": {"uv": [0, 0, 16, 16], "texture": "#3"},
				"west": {"uv": [0, 0, 16, 16], "texture": "#3"},
				"up": {"uv": [0, 0, 16, 16], "texture": "#3"},
				"down": {"uv": [0, 0, 16, 16], "texture": "#3"}
			}
		},
		{
			"from": [6.59014, 6.05738, -0.9782],
			"to": [6.65548, 6.1643, -0.8594],
			"rotation": {"angle": -22.5, "axis": "z", "origin": [6.5248, 5.6, -1.2752]},
			"faces": {
				"north": {"uv": [0, 0, 16, 16], "texture": "#3"},
				"east": {"uv": [0, 0, 16, 16], "texture": "#3"},
				"south": {"uv": [0, 0, 16, 16], "texture": "#3"},
				"west": {"uv": [0, 0, 16, 16], "texture": "#3"},
				"up": {"uv": [0, 0, 16, 16], "texture": "#3"},
				"down": {"uv": [0, 0, 16, 16], "texture": "#3"}
			}
		},
		{
			"from": [7.01188, 6.05144, -0.9782],
			"to": [7.07722, 6.15836, -0.8594],
			"rotation": {"angle": -22.5, "axis": "z", "origin": [6.5248, 5.6, -1.2752]},
			"faces": {
				"north": {"uv": [0, 0, 16, 16], "texture": "#3"},
				"east": {"uv": [0, 0, 16, 16], "texture": "#3"},
				"south": {"uv": [0, 0, 16, 16], "texture": "#3"},
				"west": {"uv": [0, 0, 16, 16], "texture": "#3"},
				"up": {"uv": [0, 0, 16, 16], "texture": "#3"},
				"down": {"uv": [0, 0, 16, 16], "texture": "#3"}
			}
		},
		{
			"from": [7.0594, 5.5109, -0.9782],
			"to": [7.18414, 5.5703, -0.8594],
			"rotation": {"angle": 22.5, "axis": "z", "origin": [6.5248, 5.6, -1.2752]},
			"faces": {
				"north": {"uv": [0, 0, 16, 16], "texture": "#3"},
				"east": {"uv": [0, 0, 16, 16], "texture": "#3"},
				"south": {"uv": [0, 0, 16, 16], "texture": "#3"},
				"west": {"uv": [0, 0, 16, 16], "texture": "#3"},
				"up": {"uv": [0, 0, 16, 16], "texture": "#3"},
				"down": {"uv": [0, 0, 16, 16], "texture": "#3"}
			}
		},
		{
			"from": [7.03564, 5.92076, -0.9782],
			"to": [7.16038, 5.98016, -0.8594],
			"rotation": {"angle": 22.5, "axis": "z", "origin": [6.5248, 5.6, -1.2752]},
			"faces": {
				"north": {"uv": [0, 0, 16, 16], "texture": "#3"},
				"east": {"uv": [0, 0, 16, 16], "texture": "#3"},
				"south": {"uv": [0, 0, 16, 16], "texture": "#3"},
				"west": {"uv": [0, 0, 16, 16], "texture": "#3"},
				"up": {"uv": [0, 0, 16, 16], "texture": "#3"},
				"down": {"uv": [0, 0, 16, 16], "texture": "#3"}
			}
		},
		{
			"from": [6.77428, 6.2831, -0.9782],
			"to": [6.87526, 6.3425, -0.8594],
			"rotation": {"angle": -22.5, "axis": "z", "origin": [6.5248, 5.6, -1.2752]},
			"faces": {
				"north": {"uv": [0, 0, 16, 16], "texture": "#3"},
				"east": {"uv": [0, 0, 16, 16], "texture": "#3"},
				"south": {"uv": [0, 0, 16, 16], "texture": "#3"},
				"west": {"uv": [0, 0, 16, 16], "texture": "#3"},
				"up": {"uv": [0, 0, 16, 16], "texture": "#3"},
				"down": {"uv": [0, 0, 16, 16], "texture": "#3"}
			}
		},
		{
			"from": [6.77428, 5.87918, -0.9782],
			"to": [6.87526, 5.93858, -0.8594],
			"rotation": {"angle": -22.5, "axis": "z", "origin": [6.5248, 5.6, -1.2752]},
			"faces": {
				"north": {"uv": [0, 0, 16, 16], "texture": "#3"},
				"east": {"uv": [0, 0, 16, 16], "texture": "#3"},
				"south": {"uv": [0, 0, 16, 16], "texture": "#3"},
				"west": {"uv": [0, 0, 16, 16], "texture": "#3"},
				"up": {"uv": [0, 0, 16, 16], "texture": "#3"},
				"down": {"uv": [0, 0, 16, 16], "texture": "#3"}
			}
		},
		{
			"from": [8.1, -0.4, -3.8],
			"to": [8.6, 0.1, 11.2],
			"rotation": {"angle": 45, "axis": "z", "origin": [-0.8, 1.7, -3.8]},
			"faces": {
				"north": {"uv": [3, 0, 14, 4], "texture": "#1"},
				"east": {"uv": [3, 0, 14, 4], "texture": "#1"},
				"south": {"uv": [3, 0, 14, 4], "texture": "#1"},
				"west": {"uv": [3, 0, 14, 4], "texture": "#1"},
				"up": {"uv": [3, 0, 14, 4], "texture": "#1"},
				"down": {"uv": [3, 0, 14, 4], "texture": "#1"}
			}
		},
		{
			"from": [6.7, 6.6, -3.8],
			"to": [7.2, 7.1, 11.2],
			"rotation": {"angle": 0, "axis": "y", "origin": [-0.8, 1.7, -3.8]},
			"faces": {
				"north": {"uv": [3, 0, 14, 4], "texture": "#1"},
				"east": {"uv": [3, 0, 14, 4], "texture": "#1"},
				"south": {"uv": [3, 0, 14, 4], "texture": "#1"},
				"west": {"uv": [3, 0, 14, 4], "texture": "#1"},
				"up": {"uv": [3, 0, 14, 4], "texture": "#1"},
				"down": {"uv": [3, 0, 14, 4], "texture": "#1"}
			}
		},
		{
			"from": [6.6, 6.5, 1],
			"to": [7.4, 7.3, 11.2],
			"rotation": {"angle": 0, "axis": "y", "origin": [-0.8, 1.7, -3.8]},
			"faces": {
				"north": {"uv": [3, 2, 12.9, 14.1], "texture": "#2"},
				"east": {"uv": [3, 2, 12.9, 14.1], "texture": "#2"},
				"south": {"uv": [3, 2, 12.9, 14.1], "texture": "#2"},
				"west": {"uv": [3, 2, 12.9, 14.1], "texture": "#2"},
				"up": {"uv": [3, 2, 12.9, 14.1], "texture": "#2"},
				"down": {"uv": [3, 2, 12.9, 14.1], "texture": "#2"}
			}
		},
		{
			"from": [6.6, 5.5, 1],
			"to": [7.4, 6.3, 11.2],
			"rotation": {"angle": 0, "axis": "y", "origin": [-0.8, 1.7, -3.8]},
			"faces": {
				"north": {"uv": [3, 2, 12.9, 14.1], "texture": "#2"},
				"east": {"uv": [3, 2, 12.9, 14.1], "texture": "#2"},
				"south": {"uv": [3, 2, 12.9, 14.1], "texture": "#2"},
				"west": {"uv": [3, 2, 12.9, 14.1], "texture": "#2"},
				"up": {"uv": [3, 2, 12.9, 14.1], "texture": "#2"},
				"down": {"uv": [3, 2, 12.9, 14.1], "texture": "#2"}
			}
		},
		{
			"from": [5.5, 3.6, 9.9],
			"to": [8.5, 6.1, 11.5],
			"rotation": {"angle": 0, "axis": "y", "origin": [0, 0, 2.8]},
			"faces": {
				"north": {"uv": [0, 0, 3.9, 7.1], "texture": "#1"},
				"east": {"uv": [0, 0, 3.9, 7.1], "texture": "#1"},
				"south": {"uv": [0, 0, 3.9, 7.1], "texture": "#1"},
				"west": {"uv": [0, 0, 3.9, 7.1], "texture": "#1"},
				"up": {"uv": [0, 0, 3.9, 7.1], "texture": "#1"},
				"down": {"uv": [0, 0, 3.9, 7.1], "texture": "#1"}
			}
		}
	],
	"display": {
		"thirdperson_righthand": {
			"rotation": [70, 0, 0],
			"translation": [2.5, 4.5, 3],
			"scale": [1.94, 1.74, 1.1]
		},
		"thirdperson_lefthand": {
			"rotation": [70, 0, 0],
			"translation": [-2, 4.5, 3],
			"scale": [1.94, 1.74, 1.1]
		},
		"firstperson_righthand": {
			"translation": [8.25, 0, 0],
			"scale": [4, 4, 1.76]
		},
		"firstperson_lefthand": {
			"scale": [4, 4, 1.76]
		}
	},
	"groups": [
		0,
		1,
		2,
		3,
		4,
		5,
		6,
		7,
		8,
		{
			"name": "group",
			"origin": [8, 8, 8],
			"color": 0,
			"children": [
				9,
				10,
				11,
				12,
				13,
				14,
				15,
				16,
				17,
				18,
				19,
				20,
				21,
				22,
				23,
				24,
				25,
				26,
				27,
				28,
				29,
				30,
				31,
				32,
				33,
				34,
				35,
				36,
				37,
				38,
				39,
				40,
				41,
				42,
				43,
				44,
				45,
				46,
				47,
				48,
				49,
				50,
				51,
				52,
				53,
				54,
				55,
				56,
				57,
				58,
				59,
				60,
				61,
				62,
				63,
				64,
				65,
				66,
				67,
				68,
				69,
				70,
				71,
				72,
				73,
				74,
				75,
				76,
				77,
				78,
				79,
				80,
				81,
				82,
				83,
				84,
				85,
				86,
				87,
				88
			]
		},
		89,
		90,
		91,
		92,
		93
	]
}