{
	"credit": "Made with Blockbench",
	"parent": "51",
	"textures": {
		"0": "minecraft:block/dropper_front_vertical",
		"1": "minecraft:block/yellow_shulker_box",
		"2": "minecraft:block/white_shulker_box",
		"4": "minecraft:block/observer_side",
		"6": "minecraft:block/soul_lantern",
		"particle": "minecraft:block/dropper_front_vertical"
	},
	"elements": [
		{
			"from": [1, 1.6, 16.5],
			"to": [3, 4.9, 19.1],
			"rotation": {"angle": -22.5, "axis": "x", "origin": [0, -2.5, 0]},
			"faces": {
				"north": {"uv": [0, 2, 6, 9.3], "texture": "#6"},
				"east": {"uv": [0, 2, 6, 9.3], "texture": "#6"},
				"south": {"uv": [0, 2, 6, 9.3], "texture": "#6"},
				"west": {"uv": [0, 2, 6, 9.3], "texture": "#6"},
				"up": {"uv": [0, 2, 6, 9.3], "texture": "#6"},
				"down": {"uv": [0, 2, 6, 9.3], "texture": "#6"}
			}
		},
		{
			"from": [12, 1.6, 16.5],
			"to": [14, 4.9, 19.1],
			"rotation": {"angle": -22.5, "axis": "x", "origin": [0, -2.5, 0]},
			"faces": {
				"north": {"uv": [0, 2, 6, 9.3], "texture": "#6"},
				"east": {"uv": [0, 2, 6, 9.3], "texture": "#6"},
				"south": {"uv": [0, 2, 6, 9.3], "texture": "#6"},
				"west": {"uv": [0, 2, 6, 9.3], "texture": "#6"},
				"up": {"uv": [0, 2, 6, 9.3], "texture": "#6"},
				"down": {"uv": [0, 2, 6, 9.3], "texture": "#6"}
			}
		},
		{
			"from": [1.3, 10.5, 12.8],
			"to": [2.7, 12.2, 14.3],
			"rotation": {"angle": 0, "axis": "y", "origin": [0, -2.5, 0]},
			"faces": {
				"north": {"uv": [0, 0, 16, 16], "texture": "#4"},
				"east": {"uv": [0, 0, 16, 16], "texture": "#4"},
				"south": {"uv": [0, 0, 16, 16], "texture": "#4"},
				"west": {"uv": [0, 0, 16, 16], "texture": "#4"},
				"up": {"uv": [0, 0, 16, 16], "texture": "#4"},
				"down": {"uv": [0, 0, 16, 16], "texture": "#4"}
			}
		},
		{
			"from": [12.3, 10.5, 12.8],
			"to": [13.7, 12.2, 14.3],
			"rotation": {"angle": 0, "axis": "y", "origin": [0, -2.5, 0]},
			"faces": {
				"north": {"uv": [0, 0, 16, 16], "texture": "#4"},
				"east": {"uv": [0, 0, 16, 16], "texture": "#4"},
				"south": {"uv": [0, 0, 16, 16], "texture": "#4"},
				"west": {"uv": [0, 0, 16, 16], "texture": "#4"},
				"up": {"uv": [0, 0, 16, 16], "texture": "#4"},
				"down": {"uv": [0, 0, 16, 16], "texture": "#4"}
			}
		},
		{
			"from": [2.3, 10.2, 9],
			"to": [12.7, 12.1, 13.9],
			"rotation": {"angle": 0, "axis": "y", "origin": [0, 2, 0]},
			"faces": {
				"north": {"uv": [0, 0, 16, 16], "texture": "#4"},
				"east": {"uv": [0, 0, 16, 16], "texture": "#4"},
				"south": {"uv": [0, 0, 16, 16], "texture": "#2"},
				"west": {"uv": [0, 0, 16, 16], "texture": "#4"},
				"up": {"uv": [0, 0, 16, 16], "texture": "#4"},
				"down": {"uv": [0, 0, 16, 16], "texture": "#4"}
			}
		},
		{
			"from": [6.5, 16, 9.8],
			"to": [10.2, 17, 14.1],
			"rotation": {"angle": -22.5, "axis": "z", "origin": [0, 2, 0]},
			"faces": {
				"north": {"uv": [0, 0, 4.3, 1], "texture": "#1"},
				"east": {"uv": [0, 0, 4.3, 1], "texture": "#1"},
				"south": {"uv": [0, 0, 4.3, 1], "texture": "#1"},
				"west": {"uv": [0, 0, 4.3, 1], "texture": "#1"},
				"up": {"uv": [0, 4, 16, 13], "texture": "#4"},
				"down": {"uv": [0, 0, 4.3, 1], "texture": "#1"}
			}
		},
		{
			"from": [4.2, 5.3, 9],
			"to": [10.9, 10.2, 13.3],
			"rotation": {"angle": 0, "axis": "y", "origin": [0, 2, 0]},
			"faces": {
				"north": {"uv": [0, 0, 16, 16], "texture": "#4"},
				"east": {"uv": [0, 0, 16, 16], "texture": "#4"},
				"south": {"uv": [0, 0, 16, 16], "texture": "#2"},
				"west": {"uv": [0, 0, 16, 16], "texture": "#4"},
				"up": {"uv": [0, 0, 16, 16], "texture": "#4"},
				"down": {"uv": [0, 0, 16, 16], "texture": "#4"}
			}
		},
		{
			"from": [6.2, 5.3, 8.3],
			"to": [9, 12.1, 9],
			"rotation": {"angle": 0, "axis": "y", "origin": [0, 2, 0]},
			"faces": {
				"north": {"uv": [0, 0, 2.8, 6.8], "texture": "#2"},
				"east": {"uv": [0, 0, 2.8, 6.8], "texture": "#2"},
				"south": {"uv": [0, 0, 2.8, 6.8], "texture": "#2"},
				"west": {"uv": [0, 0, 2.8, 6.8], "texture": "#2"},
				"up": {"uv": [0, 0, 2.8, 6.8], "texture": "#2"},
				"down": {"uv": [0, 0, 2.8, 6.8], "texture": "#2"}
			}
		},
		{
			"from": [5.2, 11.3, 4.3],
			"to": [10, 15.1, 6],
			"rotation": {"angle": 22.5, "axis": "x", "origin": [0, 2, 0]},
			"faces": {
				"north": {"uv": [0, 0, 3, 16], "texture": "#2"},
				"east": {"uv": [0, 0, 3, 16], "texture": "#2"},
				"south": {"uv": [0, 0, 3, 16], "texture": "#2"},
				"west": {"uv": [0, 0, 3, 16], "texture": "#2"},
				"up": {"uv": [0, 0, 3, 16], "texture": "#2"},
				"down": {"uv": [0, 0, 3, 16], "texture": "#2"}
			}
		},
		{
			"from": [5.3, 1.7, 9.9],
			"to": [9.9, 5.5, 11.6],
			"rotation": {"angle": -22.5, "axis": "x", "origin": [0, 2, 0]},
			"faces": {
				"north": {"uv": [0, 0, 4.6, 3.8], "texture": "#2"},
				"east": {"uv": [0, 0, 4.6, 3.8], "texture": "#2"},
				"south": {"uv": [0, 0, 4.6, 3.8], "texture": "#2"},
				"west": {"uv": [0, 0, 4.6, 3.8], "texture": "#2"},
				"up": {"uv": [0, 0, 4.6, 3.8], "texture": "#2"},
				"down": {"uv": [0, 0, 4.6, 3.8], "texture": "#2"}
			}
		},
		{
			"from": [5.3, -0.8, 9.9],
			"to": [9.9, 1.5, 13.6],
			"rotation": {"angle": -22.5, "axis": "x", "origin": [0, 2, 0]},
			"faces": {
				"north": {"uv": [0, 0, 16, 16], "texture": "#4"},
				"east": {"uv": [0, 0, 16, 16], "texture": "#4"},
				"south": {"uv": [0, 0, 16, 16], "texture": "#4"},
				"west": {"uv": [0, 0, 16, 16], "texture": "#4"},
				"up": {"uv": [0, 0, 16, 16], "texture": "#4"},
				"down": {"uv": [0, 0, 16, 16], "texture": "#4"}
			}
		},
		{
			"from": [3.7, 10.3, 9.8],
			"to": [7.4, 11.3, 14.1],
			"rotation": {"angle": 22.5, "axis": "z", "origin": [0, 2, 0]},
			"faces": {
				"north": {"uv": [0, 0, 4.3, 1], "texture": "#1"},
				"east": {"uv": [0, 0, 4.3, 1], "texture": "#1"},
				"south": {"uv": [0, 0, 4.3, 1], "texture": "#1"},
				"west": {"uv": [0, 0, 4.3, 1], "texture": "#1"},
				"up": {"uv": [0, 4, 16, 13], "texture": "#4"},
				"down": {"uv": [0, 0, 4.3, 1], "texture": "#1"}
			}
		},
		{
			"from": [6.3, -3.1, 9.9],
			"to": [8.9, -0.8, 13.6],
			"rotation": {"angle": -22.5, "axis": "x", "origin": [0, 2, 0]},
			"faces": {
				"north": {"uv": [0, 0, 16, 16], "texture": "#4"},
				"east": {"uv": [0, 0, 16, 16], "texture": "#4"},
				"south": {"uv": [0, 0, 16, 16], "texture": "#4"},
				"west": {"uv": [0, 0, 16, 16], "texture": "#4"},
				"up": {"uv": [0, 0, 16, 16], "texture": "#4"},
				"down": {"uv": [0, 0, 16, 16], "texture": "#4"}
			}
		},
		{
			"from": [-9.6, 7.1, 12.2],
			"to": [-8.4, 8, 15.3],
			"rotation": {"angle": 45, "axis": "y", "origin": [0, 2, 0]},
			"faces": {
				"north": {"uv": [0, 0, 16, 16], "texture": "#4"},
				"east": {"uv": [0, 0, 16, 16], "texture": "#4"},
				"south": {"uv": [0, 0, 16, 16], "texture": "#4"},
				"west": {"uv": [0, 0, 16, 16], "texture": "#4"},
				"up": {"uv": [0, 0, 16, 16], "texture": "#4"},
				"down": {"uv": [0, 0, 16, 16], "texture": "#4"}
			}
		},
		{
			"from": [19.2, 7.2, 1.8],
			"to": [20.4, 8.1, 4.9],
			"rotation": {"angle": -45, "axis": "y", "origin": [0, 2, 0]},
			"faces": {
				"north": {"uv": [0, 0, 16, 16], "texture": "#4"},
				"east": {"uv": [0, 0, 16, 16], "texture": "#4"},
				"south": {"uv": [0, 0, 16, 16], "texture": "#4"},
				"west": {"uv": [0, 0, 16, 16], "texture": "#4"},
				"up": {"uv": [0, 0, 16, 16], "texture": "#4"},
				"down": {"uv": [0, 0, 16, 16], "texture": "#4"}
			}
		},
		{
			"from": [9, -0.4, 18.1],
			"to": [11, 2.9, 20.7],
			"rotation": {"angle": -22.5, "axis": "x", "origin": [0, -2.5, 0]},
			"faces": {
				"north": {"uv": [0, 0, 16, 16], "texture": "#4"},
				"east": {"uv": [0, 0, 3, 16], "texture": "#1"},
				"south": {"uv": [0, 0, 16, 16], "texture": "#4"},
				"west": {"uv": [0, 0, 16, 16], "texture": "#4"},
				"up": {"uv": [0, 0, 16, 16], "texture": "#4"},
				"down": {"uv": [0, 0, 16, 16], "texture": "#4"}
			}
		},
		{
			"from": [4, -0.4, 18.2],
			"to": [6, 2.9, 20.8],
			"rotation": {"angle": -22.5, "axis": "x", "origin": [0, -2.5, 0]},
			"faces": {
				"north": {"uv": [0, 0, 16, 16], "texture": "#4"},
				"east": {"uv": [0, 0, 16, 16], "texture": "#4"},
				"south": {"uv": [0, 0, 16, 16], "texture": "#4"},
				"west": {"uv": [0, 0, 3, 16], "texture": "#1"},
				"up": {"uv": [0, 0, 16, 16], "texture": "#4"},
				"down": {"uv": [0, 0, 16, 16], "texture": "#4"}
			}
		},
		{
			"from": [4, 2.9, 18.2],
			"to": [6, 5.7, 20.2],
			"rotation": {"angle": -22.5, "axis": "x", "origin": [0, -2.5, 0]},
			"faces": {
				"north": {"uv": [0, 0, 16, 16], "texture": "#4"},
				"east": {"uv": [0, 0, 16, 16], "texture": "#4"},
				"south": {"uv": [0, 0, 16, 16], "texture": "#4"},
				"west": {"uv": [0, 0, 16, 16], "texture": "#4"},
				"up": {"uv": [0, 0, 16, 16], "texture": "#4"},
				"down": {"uv": [0, 0, 16, 16], "texture": "#4"}
			}
		},
		{
			"from": [9, 2.9, 18.1],
			"to": [11, 5.7, 20.1],
			"rotation": {"angle": -22.5, "axis": "x", "origin": [0, -2.5, 0]},
			"faces": {
				"north": {"uv": [0, 0, 16, 16], "texture": "#4"},
				"east": {"uv": [0, 0, 16, 16], "texture": "#4"},
				"south": {"uv": [0, 0, 16, 16], "texture": "#4"},
				"west": {"uv": [0, 0, 16, 16], "texture": "#4"},
				"up": {"uv": [0, 0, 16, 16], "texture": "#4"},
				"down": {"uv": [0, 0, 16, 16], "texture": "#4"}
			}
		},
		{
			"from": [7, 17, 12.5],
			"to": [8.4, 17.1, 12.7],
			"rotation": {"angle": -22.5, "axis": "z", "origin": [0, 2, 0]},
			"faces": {
				"north": {"uv": [0, 4, 16, 13], "texture": "#2"},
				"east": {"uv": [0, 4, 16, 13], "texture": "#2"},
				"south": {"uv": [0, 4, 16, 13], "texture": "#2"},
				"west": {"uv": [0, 4, 16, 13], "texture": "#2"},
				"up": {"uv": [0, 4, 16, 13], "texture": "#2"},
				"down": {"uv": [0, 4, 16, 13], "texture": "#2"}
			}
		},
		{
			"from": [7, 17, 11.2],
			"to": [8.4, 17.1, 11.4],
			"rotation": {"angle": -22.5, "axis": "z", "origin": [0, 2, 0]},
			"faces": {
				"north": {"uv": [0, 4, 16, 13], "texture": "#2"},
				"east": {"uv": [0, 4, 16, 13], "texture": "#2"},
				"south": {"uv": [0, 4, 16, 13], "texture": "#2"},
				"west": {"uv": [0, 4, 16, 13], "texture": "#2"},
				"up": {"uv": [0, 4, 16, 13], "texture": "#2"},
				"down": {"uv": [0, 4, 16, 13], "texture": "#2"}
			}
		},
		{
			"from": [8.2, 17, 11.4],
			"to": [8.4, 17.1, 12.5],
			"rotation": {"angle": -22.5, "axis": "z", "origin": [0, 2, 0]},
			"faces": {
				"north": {"uv": [0, 4, 16, 13], "texture": "#2"},
				"east": {"uv": [0, 4, 16, 13], "texture": "#2"},
				"south": {"uv": [0, 4, 16, 13], "texture": "#2"},
				"west": {"uv": [0, 4, 16, 13], "texture": "#2"},
				"up": {"uv": [0, 4, 16, 13], "texture": "#2"},
				"down": {"uv": [0, 4, 16, 13], "texture": "#2"}
			}
		},
		{
			"from": [7, 17, 11.4],
			"to": [7.2, 17.1, 12.5],
			"rotation": {"angle": -22.5, "axis": "z", "origin": [0, 2, 0]},
			"faces": {
				"north": {"uv": [0, 4, 16, 13], "texture": "#2"},
				"east": {"uv": [0, 4, 16, 13], "texture": "#2"},
				"south": {"uv": [0, 4, 16, 13], "texture": "#2"},
				"west": {"uv": [0, 4, 16, 13], "texture": "#2"},
				"up": {"uv": [0, 4, 16, 13], "texture": "#2"},
				"down": {"uv": [0, 4, 16, 13], "texture": "#2"}
			}
		},
		{
			"from": [8.4, 17, 11.8],
			"to": [9.8, 17.1, 12.1],
			"rotation": {"angle": -22.5, "axis": "z", "origin": [0, 2, 0]},
			"faces": {
				"north": {"uv": [0, 4, 16, 13], "texture": "#2"},
				"east": {"uv": [0, 4, 16, 13], "texture": "#2"},
				"south": {"uv": [0, 4, 16, 13], "texture": "#2"},
				"west": {"uv": [0, 4, 16, 13], "texture": "#2"},
				"up": {"uv": [0, 4, 16, 13], "texture": "#2"},
				"down": {"uv": [0, 4, 16, 13], "texture": "#2"}
			}
		},
		{
			"from": [6.8, 17, 11.4],
			"to": [7, 17.1, 12.5],
			"rotation": {"angle": -22.5, "axis": "z", "origin": [0, 2, 0]},
			"faces": {
				"north": {"uv": [0, 4, 16, 13], "texture": "#2"},
				"east": {"uv": [0, 4, 16, 13], "texture": "#2"},
				"south": {"uv": [0, 4, 16, 13], "texture": "#2"},
				"west": {"uv": [0, 4, 16, 13], "texture": "#2"},
				"up": {"uv": [0, 4, 16, 13], "texture": "#2"},
				"down": {"uv": [0, 4, 16, 13], "texture": "#2"}
			}
		},
		{
			"from": [9.8, 17, 11.4],
			"to": [10, 17.1, 12.5],
			"rotation": {"angle": -22.5, "axis": "z", "origin": [0, 2, 0]},
			"faces": {
				"north": {"uv": [0, 4, 16, 13], "texture": "#2"},
				"east": {"uv": [0, 4, 16, 13], "texture": "#2"},
				"south": {"uv": [0, 4, 16, 13], "texture": "#2"},
				"west": {"uv": [0, 4, 16, 13], "texture": "#2"},
				"up": {"uv": [0, 4, 16, 13], "texture": "#2"},
				"down": {"uv": [0, 4, 16, 13], "texture": "#2"}
			}
		},
		{
			"from": [9.6, 17, 10.8],
			"to": [9.8, 17.1, 11.6],
			"rotation": {"angle": -22.5, "axis": "z", "origin": [0, 2, 0]},
			"faces": {
				"north": {"uv": [0, 4, 16, 13], "texture": "#2"},
				"east": {"uv": [0, 4, 16, 13], "texture": "#2"},
				"south": {"uv": [0, 4, 16, 13], "texture": "#2"},
				"west": {"uv": [0, 4, 16, 13], "texture": "#2"},
				"up": {"uv": [0, 4, 16, 13], "texture": "#2"},
				"down": {"uv": [0, 4, 16, 13], "texture": "#2"}
			}
		},
		{
			"from": [9.6, 17, 12.3],
			"to": [9.8, 17.1, 13.1],
			"rotation": {"angle": -22.5, "axis": "z", "origin": [0, 2, 0]},
			"faces": {
				"north": {"uv": [0, 4, 16, 13], "texture": "#2"},
				"east": {"uv": [0, 4, 16, 13], "texture": "#2"},
				"south": {"uv": [0, 4, 16, 13], "texture": "#2"},
				"west": {"uv": [0, 4, 16, 13], "texture": "#2"},
				"up": {"uv": [0, 4, 16, 13], "texture": "#2"},
				"down": {"uv": [0, 4, 16, 13], "texture": "#2"}
			}
		},
		{
			"from": [7, 17, 10.8],
			"to": [7.2, 17.1, 11.6],
			"rotation": {"angle": -22.5, "axis": "z", "origin": [0, 2, 0]},
			"faces": {
				"north": {"uv": [0, 4, 16, 13], "texture": "#2"},
				"east": {"uv": [0, 4, 16, 13], "texture": "#2"},
				"south": {"uv": [0, 4, 16, 13], "texture": "#2"},
				"west": {"uv": [0, 4, 16, 13], "texture": "#2"},
				"up": {"uv": [0, 4, 16, 13], "texture": "#2"},
				"down": {"uv": [0, 4, 16, 13], "texture": "#2"}
			}
		},
		{
			"from": [7, 17, 12.3],
			"to": [7.2, 17.1, 13.1],
			"rotation": {"angle": -22.5, "axis": "z", "origin": [0, 2, 0]},
			"faces": {
				"north": {"uv": [0, 4, 16, 13], "texture": "#2"},
				"east": {"uv": [0, 4, 16, 13], "texture": "#2"},
				"south": {"uv": [0, 4, 16, 13], "texture": "#2"},
				"west": {"uv": [0, 4, 16, 13], "texture": "#2"},
				"up": {"uv": [0, 4, 16, 13], "texture": "#2"},
				"down": {"uv": [0, 4, 16, 13], "texture": "#2"}
			}
		},
		{
			"from": [7.7, 17, 13.3],
			"to": [9.1, 17.1, 13.5],
			"rotation": {"angle": -22.5, "axis": "z", "origin": [0, 2, 0]},
			"faces": {
				"north": {"uv": [0, 4, 16, 13], "texture": "#2"},
				"east": {"uv": [0, 4, 16, 13], "texture": "#2"},
				"south": {"uv": [0, 4, 16, 13], "texture": "#2"},
				"west": {"uv": [0, 4, 16, 13], "texture": "#2"},
				"up": {"uv": [0, 4, 16, 13], "texture": "#2"},
				"down": {"uv": [0, 4, 16, 13], "texture": "#2"}
			}
		},
		{
			"from": [7.7, 17, 10.4],
			"to": [9.1, 17.1, 10.6],
			"rotation": {"angle": -22.5, "axis": "z", "origin": [0, 2, 0]},
			"faces": {
				"north": {"uv": [0, 4, 16, 13], "texture": "#2"},
				"east": {"uv": [0, 4, 16, 13], "texture": "#2"},
				"south": {"uv": [0, 4, 16, 13], "texture": "#2"},
				"west": {"uv": [0, 4, 16, 13], "texture": "#2"},
				"up": {"uv": [0, 4, 16, 13], "texture": "#2"},
				"down": {"uv": [0, 4, 16, 13], "texture": "#2"}
			}
		},
		{
			"from": [7.1, 17, 10.6],
			"to": [8, 17.1, 10.8],
			"rotation": {"angle": -22.5, "axis": "z", "origin": [0, 2, 0]},
			"faces": {
				"north": {"uv": [0, 4, 16, 13], "texture": "#2"},
				"east": {"uv": [0, 4, 16, 13], "texture": "#2"},
				"south": {"uv": [0, 4, 16, 13], "texture": "#2"},
				"west": {"uv": [0, 4, 16, 13], "texture": "#2"},
				"up": {"uv": [0, 4, 16, 13], "texture": "#2"},
				"down": {"uv": [0, 4, 16, 13], "texture": "#2"}
			}
		},
		{
			"from": [8.8, 17, 10.6],
			"to": [9.7, 17.1, 10.8],
			"rotation": {"angle": -22.5, "axis": "z", "origin": [0, 2, 0]},
			"faces": {
				"north": {"uv": [0, 4, 16, 13], "texture": "#2"},
				"east": {"uv": [0, 4, 16, 13], "texture": "#2"},
				"south": {"uv": [0, 4, 16, 13], "texture": "#2"},
				"west": {"uv": [0, 4, 16, 13], "texture": "#2"},
				"up": {"uv": [0, 4, 16, 13], "texture": "#2"},
				"down": {"uv": [0, 4, 16, 13], "texture": "#2"}
			}
		},
		{
			"from": [8.8, 17, 13.1],
			"to": [9.7, 17.1, 13.3],
			"rotation": {"angle": -22.5, "axis": "z", "origin": [0, 2, 0]},
			"faces": {
				"north": {"uv": [0, 4, 16, 13], "texture": "#2"},
				"east": {"uv": [0, 4, 16, 13], "texture": "#2"},
				"south": {"uv": [0, 4, 16, 13], "texture": "#2"},
				"west": {"uv": [0, 4, 16, 13], "texture": "#2"},
				"up": {"uv": [0, 4, 16, 13], "texture": "#2"},
				"down": {"uv": [0, 4, 16, 13], "texture": "#2"}
			}
		},
		{
			"from": [7.1, 17, 13.1],
			"to": [8, 17.1, 13.3],
			"rotation": {"angle": -22.5, "axis": "z", "origin": [0, 2, 0]},
			"faces": {
				"north": {"uv": [0, 4, 16, 13], "texture": "#2"},
				"east": {"uv": [0, 4, 16, 13], "texture": "#2"},
				"south": {"uv": [0, 4, 16, 13], "texture": "#2"},
				"west": {"uv": [0, 4, 16, 13], "texture": "#2"},
				"up": {"uv": [0, 4, 16, 13], "texture": "#2"},
				"down": {"uv": [0, 4, 16, 13], "texture": "#2"}
			}
		},
		{
			"from": [10.2, 16, 10.1],
			"to": [11.3, 16.5, 13.8],
			"rotation": {"angle": -22.5, "axis": "z", "origin": [0, 2, 0]},
			"faces": {
				"north": {"uv": [0, 0, 4.3, 1], "texture": "#1"},
				"east": {"uv": [0, 0, 4.3, 1], "texture": "#1"},
				"south": {"uv": [0, 0, 4.3, 1], "texture": "#1"},
				"west": {"uv": [0, 0, 4.3, 1], "texture": "#1"},
				"up": {"uv": [0, 4, 16, 13], "texture": "#4"},
				"down": {"uv": [0, 0, 4.3, 1], "texture": "#1"}
			}
		},
		{
			"from": [2.5, 10.3, 10.1],
			"to": [3.7, 10.8, 13.8],
			"rotation": {"angle": 22.5, "axis": "z", "origin": [0, 2, 0]},
			"faces": {
				"north": {"uv": [0, 0, 4.3, 1], "texture": "#1"},
				"east": {"uv": [0, 0, 4.3, 1], "texture": "#1"},
				"south": {"uv": [0, 0, 4.3, 1], "texture": "#1"},
				"west": {"uv": [0, 0, 4.3, 1], "texture": "#1"},
				"up": {"uv": [0, 4, 16, 13], "texture": "#4"},
				"down": {"uv": [0, 0, 4.3, 1], "texture": "#1"}
			}
		},
		{
			"from": [0.51342, 5.54258, 13.52264],
			"to": [2.07778, 8.78304, 18.10398],
			"rotation": {"angle": 0, "axis": "y", "origin": [-0.9392, 2.2348, -0.9392]},
			"faces": {
				"north": {"uv": [0, 0, 16, 16], "texture": "#4"},
				"east": {"uv": [0, 0, 16, 16], "texture": "#4"},
				"south": {"uv": [0, 0, 16, 16], "texture": "#4"},
				"west": {"uv": [0, 0, 16, 16], "texture": "#4"},
				"up": {"uv": [0, 0, 16, 16], "texture": "#4"},
				"down": {"uv": [0, 0, 16, 16], "texture": "#4"}
			}
		},
		{
			"from": [0.51342, 5.54258, 5.0304],
			"to": [2.07778, 8.78304, 5.92432],
			"rotation": {"angle": 0, "axis": "y", "origin": [-0.9392, 2.2348, -0.9392]},
			"faces": {
				"north": {"uv": [0, 0, 16, 16], "texture": "#4"},
				"east": {"uv": [0, 0, 16, 16], "texture": "#4"},
				"south": {"uv": [0, 0, 16, 16], "texture": "#4"},
				"west": {"uv": [0, 0, 16, 16], "texture": "#4"},
				"up": {"uv": [0, 0, 16, 16], "texture": "#4"},
				"down": {"uv": [0, 0, 16, 16], "texture": "#4"}
			}
		},
		{
			"from": [0.62516, 7.44216, -1.00356],
			"to": [1.96604, 8.55956, 17.99224],
			"rotation": {"angle": 0, "axis": "y", "origin": [-0.9392, 2.2348, -0.9392]},
			"faces": {
				"north": {"uv": [1, 3, 5, 8], "texture": "#6"},
				"east": {"uv": [1, 3, 5, 8], "texture": "#6"},
				"south": {"uv": [1, 3, 5, 8], "texture": "#6"},
				"west": {"uv": [1, 3, 5, 8], "texture": "#6"},
				"up": {"uv": [1, 3, 5, 8], "texture": "#6"},
				"down": {"uv": [1, 3, 5, 8], "texture": "#6"}
			}
		},
		{
			"from": [0.62516, 5.76606, -1.00356],
			"to": [1.96604, 6.88346, 17.99224],
			"rotation": {"angle": 0, "axis": "y", "origin": [-0.9392, 2.2348, -0.9392]},
			"faces": {
				"north": {"uv": [1, 3, 5, 8], "texture": "#6"},
				"east": {"uv": [1, 3, 5, 8], "texture": "#6"},
				"south": {"uv": [1, 3, 5, 8], "texture": "#6"},
				"west": {"uv": [1, 3, 5, 8], "texture": "#6"},
				"up": {"uv": [1, 3, 5, 8], "texture": "#6"},
				"down": {"uv": [1, 3, 5, 8], "texture": "#6"}
			}
		},
		{
			"from": [0.51342, 5.54258, -3.57358],
			"to": [2.07778, 8.78304, 1.00776],
			"rotation": {"angle": 0, "axis": "y", "origin": [-0.9392, 2.2348, -0.9392]},
			"faces": {
				"north": {"uv": [4, 5, 12, 11], "texture": "#0"},
				"east": {"uv": [0, 0, 16, 16], "texture": "#4"},
				"south": {"uv": [0, 0, 16, 16], "texture": "#4"},
				"west": {"uv": [0, 0, 16, 16], "texture": "#4"},
				"up": {"uv": [0, 0, 16, 16], "texture": "#4"},
				"down": {"uv": [0, 0, 16, 16], "texture": "#4"}
			}
		},
		{
			"from": [12.91656, 7.44216, -1.00356],
			"to": [14.25744, 8.55956, 17.99224],
			"rotation": {"angle": 0, "axis": "y", "origin": [-0.9392, 2.2348, -0.9392]},
			"faces": {
				"north": {"uv": [1, 3, 5, 8], "texture": "#6"},
				"east": {"uv": [1, 3, 5, 8], "texture": "#6"},
				"south": {"uv": [1, 3, 5, 8], "texture": "#6"},
				"west": {"uv": [1, 3, 5, 8], "texture": "#6"},
				"up": {"uv": [1, 3, 5, 8], "texture": "#6"},
				"down": {"uv": [1, 3, 5, 8], "texture": "#6"}
			}
		},
		{
			"from": [12.91656, 5.76606, -1.00356],
			"to": [14.25744, 6.88346, 17.99224],
			"rotation": {"angle": 0, "axis": "y", "origin": [-0.9392, 2.2348, -0.9392]},
			"faces": {
				"north": {"uv": [1, 3, 5, 8], "texture": "#6"},
				"east": {"uv": [1, 3, 5, 8], "texture": "#6"},
				"south": {"uv": [1, 3, 5, 8], "texture": "#6"},
				"west": {"uv": [1, 3, 5, 8], "texture": "#6"},
				"up": {"uv": [1, 3, 5, 8], "texture": "#6"},
				"down": {"uv": [1, 3, 5, 8], "texture": "#6"}
			}
		},
		{
			"from": [12.80482, 5.54258, 5.0304],
			"to": [14.36918, 8.78304, 5.92432],
			"rotation": {"angle": 0, "axis": "y", "origin": [-0.9392, 2.2348, -0.9392]},
			"faces": {
				"north": {"uv": [0, 0, 16, 16], "texture": "#4"},
				"east": {"uv": [0, 0, 16, 16], "texture": "#4"},
				"south": {"uv": [0, 0, 16, 16], "texture": "#4"},
				"west": {"uv": [0, 0, 16, 16], "texture": "#4"},
				"up": {"uv": [0, 0, 16, 16], "texture": "#4"},
				"down": {"uv": [0, 0, 16, 16], "texture": "#4"}
			}
		},
		{
			"from": [12.80482, 5.54258, 13.52264],
			"to": [14.36918, 8.78304, 18.10398],
			"rotation": {"angle": 0, "axis": "y", "origin": [-0.9392, 2.2348, -0.9392]},
			"faces": {
				"north": {"uv": [0, 0, 16, 16], "texture": "#4"},
				"east": {"uv": [0, 0, 16, 16], "texture": "#4"},
				"south": {"uv": [0, 0, 16, 16], "texture": "#4"},
				"west": {"uv": [0, 0, 16, 16], "texture": "#4"},
				"up": {"uv": [0, 0, 16, 16], "texture": "#4"},
				"down": {"uv": [0, 0, 16, 16], "texture": "#4"}
			}
		},
		{
			"from": [12.80482, 5.54258, -3.57358],
			"to": [14.36918, 8.78304, 1.00776],
			"rotation": {"angle": 0, "axis": "y", "origin": [-0.9392, 2.2348, -0.9392]},
			"faces": {
				"north": {"uv": [4, 5, 12, 11], "texture": "#0"},
				"east": {"uv": [0, 0, 16, 16], "texture": "#4"},
				"south": {"uv": [0, 0, 16, 16], "texture": "#4"},
				"west": {"uv": [0, 0, 16, 16], "texture": "#4"},
				"up": {"uv": [0, 0, 16, 16], "texture": "#4"},
				"down": {"uv": [0, 0, 16, 16], "texture": "#4"}
			}
		}
	],
	"display": {
		"thirdperson_righthand": {
			"rotation": [68, 0, 0],
			"translation": [-5.25, 1, 4.25],
			"scale": [1.42, 1.65, 1.14]
		},
		"thirdperson_lefthand": {
			"rotation": [68, 0, 0],
			"translation": [-6.75, 1, 4.25],
			"scale": [1.42, 1.65, 1.14]
		},
		"firstperson_righthand": {
			"translation": [-8.25, 0, 2.25],
			"scale": [1.54, 0.95, 0.87]
		},
		"firstperson_lefthand": {
			"translation": [-9.75, 0, 2.25],
			"scale": [1.54, 0.95, 0.87]
		},
		"gui": {
			"rotation": [42, 0, 0],
			"translation": [0.5, 0, 0]
		},
		"head": {
			"translation": [1.5, -12.5, -12.5],
			"scale": [2.86, 3.06, 2.78]
		}
	}
}