{
	"credit": "Made with Blockbench",
	"parent": "57",
	"textures": {
		"0": "minecraft:block/blast_furnace_front",
		"1": "minecraft:block/green_wool",
		"particle": "minecraft:block/blast_furnace_front"
	},
	"elements": [
		{
			"from": [3, 2, 3.2],
			"to": [3.2, 4, 4.8],
			"faces": {
				"north": {"uv": [2, 3, 13.6, 15], "texture": "#0"},
				"east": {"uv": [2, 3, 13.6, 15], "texture": "#0"},
				"south": {"uv": [2, 3, 13.6, 15], "texture": "#0"},
				"west": {"uv": [2, 3, 14.6, 15], "texture": "#0"},
				"up": {"uv": [2, 3, 13.6, 15], "texture": "#0"},
				"down": {"uv": [2, 3, 13.6, 15], "texture": "#0"}
			}
		},
		{
			"from": [3, 4, 3.9],
			"to": [3.2, 6, 4.1],
			"faces": {
				"north": {"uv": [0, 0, 0.2, 2], "texture": "#0"},
				"east": {"uv": [0, 0, 0.2, 2], "texture": "#0"},
				"south": {"uv": [0, 0, 0.2, 2], "texture": "#0"},
				"west": {"uv": [0, 0, 0.2, 2], "texture": "#0"},
				"up": {"uv": [0, 0, 0.2, 2], "texture": "#0"},
				"down": {"uv": [0, 0, 0.2, 2], "texture": "#0"}
			}
		},
		{
			"from": [2.9, 2.6, 3.6],
			"to": [3, 3.4, 4.4],
			"faces": {
				"north": {"uv": [0, 0, 0.8, 0.8], "texture": "#1"},
				"east": {"uv": [0, 0, 0.8, 0.8], "texture": "#1"},
				"south": {"uv": [0, 0, 0.8, 0.8], "texture": "#1"},
				"west": {"uv": [0, 0, 0.8, 0.8], "texture": "#1"},
				"up": {"uv": [0, 0, 0.8, 0.8], "texture": "#1"},
				"down": {"uv": [0, 0, 0.8, 0.8], "texture": "#1"}
			}
		}
	],
	"display": {
		"thirdperson_righthand": {
			"rotation": [0, 90, 0],
			"translation": [6.25, 7.5, -8.75],
			"scale": [1.77, 1.47, 1.47]
		},
		"thirdperson_lefthand": {
			"rotation": [0, -90, 0],
			"translation": [-5.75, 7.5, -8.5],
			"scale": [1.77, 1.47, 1.47]
		},
		"firstperson_righthand": {
			"rotation": [0, 90, 0],
			"translation": [-1.5, 9.25, 2.5],
			"scale": [0.95, 0.8, 0.76]
		},
		"firstperson_lefthand": {
			"rotation": [0, -90, 0],
			"translation": [-6.5, 8.75, 1.5],
			"scale": [0.95, 0.8, 0.76]
		},
		"ground": {
			"translation": [17.25, 4.5, 0],
			"scale": [4, 1.37, 0.95]
		},
		"gui": {
			"rotation": [0, 72, 0],
			"translation": [16.5, 17.25, 0],
			"scale": [1, 4, 4]
		}
	}
}