{
	"credit": "Made with Blockbench",
	"parent": "63",
	"textures": {
		"0": "minecraft:block/barrel_top_open",
		"1": "minecraft:block/purple_glazed_terracotta",
		"2": "minecraft:block/stonecutter_top",
		"particle": "minecraft:block/barrel_top_open"
	},
	"elements": [
		{
			"from": [7.2, 7.1, 1.1],
			"to": [8.8, 8.4, 5],
			"faces": {
				"north": {"uv": [3, 5, 6.9, 6.3], "texture": "#0"},
				"east": {"uv": [3, 5, 6.9, 6.3], "texture": "#0"},
				"south": {"uv": [3, 5, 6.9, 6.3], "texture": "#0"},
				"west": {"uv": [3, 5, 6.9, 6.3], "texture": "#0"},
				"up": {"uv": [3, 5, 6.9, 6.3], "texture": "#0"},
				"down": {"uv": [3, 5, 6.9, 6.3], "texture": "#0"}
			}
		},
		{
			"from": [7.4, 6.9, 6.4],
			"to": [8.6, 8, 18.1],
			"faces": {
				"north": {"uv": [3, 0, 5.6, 0.8], "texture": "#1"},
				"east": {"uv": [3, 0, 5.6, 0.8], "texture": "#1"},
				"south": {"uv": [3, 0, 5.6, 0.8], "texture": "#1"},
				"west": {"uv": [3, 0, 5.6, 0.8], "texture": "#1"},
				"up": {"uv": [3, 0, 5.6, 0.8], "texture": "#1"},
				"down": {"uv": [3, 0, 5.6, 0.8], "texture": "#1"}
			}
		},
		{
			"from": [10.3, -0.9, 6.4],
			"to": [11.5, 0.2, 18.1],
			"rotation": {"angle": 45, "axis": "z", "origin": [0, 0, 0]},
			"faces": {
				"north": {"uv": [3, 0, 5.6, 0.8], "texture": "#1"},
				"east": {"uv": [3, 0, 5.6, 0.8], "texture": "#1"},
				"south": {"uv": [3, 0, 5.6, 0.8], "texture": "#1"},
				"west": {"uv": [3, 0, 5.6, 0.8], "texture": "#1"},
				"up": {"uv": [3, 0, 5.6, 0.8], "texture": "#1"},
				"down": {"uv": [3, 0, 5.6, 0.8], "texture": "#1"}
			}
		},
		{
			"from": [7, 9.3, 2.1],
			"to": [9, 10.5, 3.8],
			"rotation": {"angle": 22.5, "axis": "x", "origin": [0, 0, 0]},
			"faces": {
				"north": {"uv": [7.2, 10.3, 8.9, 11.5], "texture": "#1"},
				"east": {"uv": [7.2, 10.3, 8.9, 11.5], "texture": "#1"},
				"south": {"uv": [7.2, 10.3, 8.9, 11.5], "texture": "#1"},
				"west": {"uv": [7.2, 10.3, 8.9, 11.5], "texture": "#1"},
				"up": {"uv": [7.2, 10.3, 8.9, 11.5], "texture": "#1"},
				"down": {"uv": [7.2, 10.3, 8.9, 11.5], "texture": "#1"}
			}
		},
		{
			"from": [7, 3.3, 7.9],
			"to": [9, 4.5, 9.6],
			"rotation": {"angle": -22.5, "axis": "x", "origin": [0, 0, 0]},
			"faces": {
				"north": {"uv": [2.2, 10.3, 4.6, 9.7], "texture": "#1"},
				"east": {"uv": [2.2, 10.3, 4.6, 9.7], "texture": "#1"},
				"south": {"uv": [2.2, 10.3, 4.6, 9.7], "texture": "#1"},
				"west": {"uv": [2.2, 10.3, 4.6, 9.7], "texture": "#1"},
				"up": {"uv": [2.2, 10.3, 4.6, 9.7], "texture": "#1"},
				"down": {"uv": [2.2, 10.3, 4.6, 9.7], "texture": "#1"}
			}
		},
		{
			"from": [7, 7.2, 1.2],
			"to": [9, 8.3, 4.9],
			"faces": {
				"north": {"uv": [3, 5, 12.7, 12.4], "texture": "#0"},
				"east": {"uv": [3, 5, 12.7, 12.4], "texture": "#0"},
				"south": {"uv": [3, 5, 12.7, 12.4], "texture": "#0"},
				"west": {"uv": [3, 5, 12.7, 12.4], "texture": "#0"},
				"up": {"uv": [3, 5, 12.7, 12.4], "texture": "#0"},
				"down": {"uv": [3, 5, 12.7, 12.4], "texture": "#0"}
			}
		},
		{
			"from": [7, 6.7, 5],
			"to": [9, 8.1, 6.6],
			"faces": {
				"north": {"uv": [2.2, 10.3, 4.5, 9.9], "texture": "#1"},
				"east": {"uv": [2.2, 10.3, 4.5, 9.9], "texture": "#1"},
				"south": {"uv": [2.2, 10.3, 4.5, 9.9], "texture": "#1"},
				"west": {"uv": [2.2, 10.3, 4.5, 9.9], "texture": "#1"},
				"up": {"uv": [2.2, 10.3, 4.5, 9.9], "texture": "#1"},
				"down": {"uv": [2.2, 10.3, 4.5, 9.9], "texture": "#1"}
			}
		},
		{
			"from": [7.2, 6.9, 1.3],
			"to": [8.8, 8.6, 4.7],
			"faces": {
				"north": {"uv": [3, 5, 6.4, 6.7], "texture": "#0"},
				"east": {"uv": [3, 5, 6.4, 6.7], "texture": "#0"},
				"south": {"uv": [3, 5, 6.4, 6.7], "texture": "#0"},
				"west": {"uv": [3, 5, 6.4, 6.7], "texture": "#0"},
				"up": {"uv": [3, 5, 6.4, 6.7], "texture": "#0"},
				"down": {"uv": [3, 5, 6.4, 6.7], "texture": "#0"}
			}
		},
		{
			"from": [7.2, 6.8, 1.6],
			"to": [8.8, 8.7, 2.9],
			"faces": {
				"north": {"uv": [3, 5, 4.3, 6.9], "texture": "#0"},
				"east": {"uv": [3, 5, 4.3, 6.9], "texture": "#0"},
				"south": {"uv": [3, 5, 4.3, 6.9], "texture": "#0"},
				"west": {"uv": [3, 5, 4.3, 6.9], "texture": "#0"},
				"up": {"uv": [3, 5, 4.3, 6.9], "texture": "#0"},
				"down": {"uv": [3, 5, 4.3, 6.9], "texture": "#0"}
			}
		},
		{
			"from": [7, 0.7, 9.3],
			"to": [9, 2.1, 10.5],
			"rotation": {"angle": -45, "axis": "x", "origin": [0, 0, 0]},
			"faces": {
				"north": {"uv": [7.2, 10.3, 8.4, 11.7], "texture": "#1"},
				"east": {"uv": [7.2, 10.3, 8.4, 11.7], "texture": "#1"},
				"south": {"uv": [7.2, 10.3, 8.4, 11.7], "texture": "#1"},
				"west": {"uv": [7.2, 10.3, 8.4, 11.7], "texture": "#1"},
				"up": {"uv": [7.2, 10.3, 8.4, 11.7], "texture": "#1"},
				"down": {"uv": [7.2, 10.3, 8.4, 11.7], "texture": "#1"}
			}
		},
		{
			"from": [7, 13.2, 10.1],
			"to": [9, 14.6, 11.3],
			"rotation": {"angle": 45, "axis": "x", "origin": [0, 16, 0]},
			"faces": {
				"north": {"uv": [2.2, 11.7, 4.1, 11.3], "texture": "#1"},
				"east": {"uv": [2.2, 11.7, 4.1, 11.3], "texture": "#1"},
				"south": {"uv": [2.2, 11.7, 4.1, 11.3], "texture": "#1"},
				"west": {"uv": [2.2, 11.7, 4.1, 11.3], "texture": "#1"},
				"up": {"uv": [2.2, 11.7, 4.1, 11.3], "texture": "#1"},
				"down": {"uv": [2.2, 11.7, 4.1, 11.3], "texture": "#1"}
			}
		},
		{
			"from": [7.2, 6.8, 3.5],
			"to": [8.8, 8.7, 4.5],
			"faces": {
				"north": {"uv": [3, 5, 4, 6.9], "texture": "#0"},
				"east": {"uv": [3, 5, 4, 6.9], "texture": "#0"},
				"south": {"uv": [3, 5, 4, 6.9], "texture": "#0"},
				"west": {"uv": [3, 5, 4, 6.9], "texture": "#0"},
				"up": {"uv": [3, 5, 4, 6.9], "texture": "#0"},
				"down": {"uv": [3, 5, 4, 6.9], "texture": "#0"}
			}
		},
		{
			"from": [7.2, 7.4, 0.4],
			"to": [8.8, 8.1, 1.1],
			"faces": {
				"north": {"uv": [7.2, 10.3, 7.9, 11], "texture": "#1"},
				"east": {"uv": [7.2, 10.3, 7.9, 11], "texture": "#1"},
				"south": {"uv": [7.2, 10.3, 7.9, 11], "texture": "#1"},
				"west": {"uv": [7.2, 10.3, 7.9, 11], "texture": "#1"},
				"up": {"uv": [7.2, 10.3, 7.9, 11], "texture": "#1"},
				"down": {"uv": [7.2, 10.3, 7.9, 11], "texture": "#1"}
			}
		},
		{
			"from": [7.2, 7.5, -3],
			"to": [8.8, 8.5, -2.6],
			"rotation": {"angle": 22.5, "axis": "x", "origin": [0, 0, 0]},
			"faces": {
				"north": {"uv": [7.2, 10.3, 7.6, 11.3], "texture": "#1"},
				"east": {"uv": [7.2, 10.3, 7.6, 11.3], "texture": "#1"},
				"south": {"uv": [7.2, 10.3, 7.6, 11.3], "texture": "#1"},
				"west": {"uv": [7.2, 10.3, 7.6, 11.3], "texture": "#1"},
				"up": {"uv": [7.2, 10.3, 7.6, 11.3], "texture": "#1"},
				"down": {"uv": [7.2, 10.3, 7.6, 11.3], "texture": "#1"}
			}
		},
		{
			"from": [7.2, 8.1, 0.4],
			"to": [8.8, 8.9, 0.7],
			"faces": {
				"north": {"uv": [7.2, 10.3, 7.5, 11.1], "texture": "#1"},
				"east": {"uv": [7.2, 10.3, 7.5, 11.1], "texture": "#1"},
				"south": {"uv": [7.2, 10.3, 7.5, 11.1], "texture": "#1"},
				"west": {"uv": [7.2, 10.3, 7.5, 11.1], "texture": "#1"},
				"up": {"uv": [7.2, 10.3, 7.5, 11.1], "texture": "#1"},
				"down": {"uv": [7.2, 10.3, 7.5, 11.1], "texture": "#1"}
			}
		},
		{
			"from": [7.2, 7.2, -0.4],
			"to": [8.8, 7.6, 0.5],
			"faces": {
				"north": {"uv": [7.2, 10.3, 8.1, 10.7], "texture": "#1"},
				"east": {"uv": [7.2, 10.3, 8.1, 10.7], "texture": "#1"},
				"south": {"uv": [7.2, 10.3, 8.1, 10.7], "texture": "#1"},
				"west": {"uv": [7.2, 10.3, 8.1, 10.7], "texture": "#1"},
				"up": {"uv": [7.2, 10.3, 8.1, 10.7], "texture": "#1"},
				"down": {"uv": [7.2, 10.3, 8.1, 10.7], "texture": "#1"}
			}
		},
		{
			"from": [7.2, 6.6, 0.5],
			"to": [8.8, 7.6, 2.2],
			"rotation": {"angle": -22.5, "axis": "x", "origin": [0, 0, -0.4]},
			"faces": {
				"north": {"uv": [7.2, 10.3, 8.9, 11.3], "texture": "#1"},
				"east": {"uv": [7.2, 10.3, 8.9, 11.3], "texture": "#1"},
				"south": {"uv": [7.2, 10.3, 8.9, 11.3], "texture": "#1"},
				"west": {"uv": [7.2, 10.3, 8.9, 11.3], "texture": "#1"},
				"up": {"uv": [7.2, 10.3, 8.9, 11.3], "texture": "#1"},
				"down": {"uv": [7.2, 10.3, 8.9, 11.3], "texture": "#1"}
			}
		},
		{
			"from": [7.1, 6.1, 0.4],
			"to": [8.9, 7.6, 0.5],
			"rotation": {"angle": -22.5, "axis": "x", "origin": [0, 0, -0.4]},
			"faces": {
				"north": {"uv": [7.2, 10.3, 7.3, 11.8], "texture": "#1"},
				"east": {"uv": [7.2, 10.3, 7.3, 11.8], "texture": "#1"},
				"south": {"uv": [7.2, 10.3, 7.3, 11.8], "texture": "#1"},
				"west": {"uv": [7.2, 10.3, 7.3, 11.8], "texture": "#1"},
				"up": {"uv": [7.2, 10.3, 7.3, 11.8], "texture": "#1"},
				"down": {"uv": [7.2, 10.3, 7.3, 11.8], "texture": "#1"}
			}
		},
		{
			"from": [7.2, 5.3, -4.5],
			"to": [8.8, 5.7, -4.1],
			"rotation": {"angle": 22.5, "axis": "x", "origin": [0, 0, -0.4]},
			"faces": {
				"north": {"uv": [7.2, 10.3, 7.6, 10.7], "texture": "#1"},
				"east": {"uv": [7.2, 10.3, 7.6, 10.7], "texture": "#1"},
				"south": {"uv": [7.2, 10.3, 7.6, 10.7], "texture": "#1"},
				"west": {"uv": [7.2, 10.3, 7.6, 10.7], "texture": "#1"},
				"up": {"uv": [7.2, 10.3, 7.6, 10.7], "texture": "#1"},
				"down": {"uv": [7.2, 10.3, 7.6, 10.7], "texture": "#1"}
			}
		},
		{
			"from": [7.2, 4.9, -4.2],
			"to": [8.8, 5.3, -4.1],
			"rotation": {"angle": 22.5, "axis": "x", "origin": [0, 0, -0.4]},
			"faces": {
				"north": {"uv": [7.2, 10.3, 7.3, 10.7], "texture": "#1"},
				"east": {"uv": [7.2, 10.3, 7.3, 10.7], "texture": "#1"},
				"south": {"uv": [7.2, 10.3, 7.3, 10.7], "texture": "#1"},
				"west": {"uv": [7.2, 10.3, 7.3, 10.7], "texture": "#1"},
				"up": {"uv": [7.2, 10.3, 7.3, 10.7], "texture": "#1"},
				"down": {"uv": [7.2, 10.3, 7.3, 10.7], "texture": "#1"}
			}
		},
		{
			"from": [7.2, 5, -4.3],
			"to": [8.8, 5.3, -4.2],
			"rotation": {"angle": 22.5, "axis": "x", "origin": [0, 0, -0.4]},
			"faces": {
				"north": {"uv": [7.2, 10.3, 7.3, 10.6], "texture": "#1"},
				"east": {"uv": [7.2, 10.3, 7.3, 10.6], "texture": "#1"},
				"south": {"uv": [7.2, 10.3, 7.3, 10.6], "texture": "#1"},
				"west": {"uv": [7.2, 10.3, 7.3, 10.6], "texture": "#1"},
				"up": {"uv": [7.2, 10.3, 7.3, 10.6], "texture": "#1"},
				"down": {"uv": [7.2, 10.3, 7.3, 10.6], "texture": "#1"}
			}
		},
		{
			"from": [7.2, 5.1, -4.4],
			"to": [8.8, 5.3, -4.3],
			"rotation": {"angle": 22.5, "axis": "x", "origin": [0, 0, -0.4]},
			"faces": {
				"north": {"uv": [7.2, 10.3, 7.3, 10.5], "texture": "#1"},
				"east": {"uv": [7.2, 10.3, 7.3, 10.5], "texture": "#1"},
				"south": {"uv": [7.2, 10.3, 7.3, 10.5], "texture": "#1"},
				"west": {"uv": [7.2, 10.3, 7.3, 10.5], "texture": "#1"},
				"up": {"uv": [7.2, 10.3, 7.3, 10.5], "texture": "#1"},
				"down": {"uv": [7.2, 10.3, 7.3, 10.5], "texture": "#1"}
			}
		},
		{
			"from": [7.2, 6.4, -3],
			"to": [8.8, 6.7, -2.6],
			"rotation": {"angle": 22.5, "axis": "x", "origin": [0, 0, 0]},
			"faces": {
				"north": {"uv": [7.2, 10.3, 7.6, 10.6], "texture": "#1"},
				"east": {"uv": [7.2, 10.3, 7.6, 10.6], "texture": "#1"},
				"south": {"uv": [7.2, 10.3, 7.6, 10.6], "texture": "#1"},
				"west": {"uv": [7.2, 10.3, 7.6, 10.6], "texture": "#1"},
				"up": {"uv": [7.2, 10.3, 7.6, 10.6], "texture": "#1"},
				"down": {"uv": [7.2, 10.3, 7.6, 10.6], "texture": "#1"}
			}
		},
		{
			"from": [7.2, 6.8, -3.2],
			"to": [8.8, 7.3, -2.9],
			"rotation": {"angle": 22.5, "axis": "x", "origin": [0, 0, 0]},
			"faces": {
				"north": {"uv": [7.2, 10.3, 7.5, 10.8], "texture": "#1"},
				"east": {"uv": [7.2, 10.3, 7.5, 10.8], "texture": "#1"},
				"south": {"uv": [7.2, 10.3, 7.5, 10.8], "texture": "#1"},
				"west": {"uv": [7.2, 10.3, 7.5, 10.8], "texture": "#1"},
				"up": {"uv": [7.2, 10.3, 7.5, 10.8], "texture": "#1"},
				"down": {"uv": [7.2, 10.3, 7.5, 10.8], "texture": "#1"}
			}
		},
		{
			"from": [7.2, 6.7, 0.5],
			"to": [8.8, 7.4, 1.1],
			"faces": {
				"north": {"uv": [7.2, 10.3, 7.8, 11], "texture": "#1"},
				"east": {"uv": [7.2, 10.3, 7.8, 11], "texture": "#1"},
				"south": {"uv": [7.2, 10.3, 7.8, 11], "texture": "#1"},
				"west": {"uv": [7.2, 10.3, 7.8, 11], "texture": "#1"},
				"up": {"uv": [7.2, 10.3, 7.8, 11], "texture": "#1"},
				"down": {"uv": [7.2, 10.3, 7.8, 11], "texture": "#1"}
			}
		},
		{
			"from": [7.2, 3.7, 5.1],
			"to": [8.8, 4.4, 5.7],
			"rotation": {"angle": -45, "axis": "x", "origin": [0, 0, 0]},
			"faces": {
				"north": {"uv": [7.2, 10.3, 7.8, 11], "texture": "#1"},
				"east": {"uv": [7.2, 10.3, 7.8, 11], "texture": "#1"},
				"south": {"uv": [7.2, 10.3, 7.8, 11], "texture": "#1"},
				"west": {"uv": [7.2, 10.3, 7.8, 11], "texture": "#1"},
				"up": {"uv": [7.2, 10.3, 7.8, 11], "texture": "#1"},
				"down": {"uv": [7.2, 10.3, 7.8, 11], "texture": "#1"}
			}
		},
		{
			"from": [7.2, 6.2, 1],
			"to": [8.8, 6.7, 4],
			"faces": {
				"north": {"uv": [7.2, 10.3, 10.2, 10.8], "texture": "#1"},
				"east": {"uv": [7.2, 10.3, 10.2, 10.8], "texture": "#1"},
				"south": {"uv": [7.2, 10.3, 10.2, 10.8], "texture": "#1"},
				"west": {"uv": [7.2, 10.3, 10.2, 10.8], "texture": "#1"},
				"up": {"uv": [7.2, 10.3, 10.2, 10.8], "texture": "#1"},
				"down": {"uv": [7.2, 10.3, 10.2, 10.8], "texture": "#1"}
			}
		},
		{
			"from": [7.2, 6.1, 4],
			"to": [8.8, 6.8, 4.1],
			"faces": {
				"north": {"uv": [3, 5, 1.1, 5.7], "texture": "#1"},
				"east": {"uv": [3, 5, 1.1, 5.7], "texture": "#1"},
				"south": {"uv": [3, 5, 1.1, 5.7], "texture": "#1"},
				"west": {"uv": [3, 5, 1.1, 5.7], "texture": "#1"},
				"up": {"uv": [3, 5, 1.1, 5.7], "texture": "#1"},
				"down": {"uv": [3, 5, 1.1, 5.7], "texture": "#1"}
			}
		},
		{
			"from": [7.3, 6.1, 4.1],
			"to": [8.7, 6.8, 4.2],
			"faces": {
				"north": {"uv": [3, 5, 1.1, 5.7], "texture": "#1"},
				"east": {"uv": [3, 5, 1.1, 5.7], "texture": "#1"},
				"south": {"uv": [3, 5, 1.1, 5.7], "texture": "#1"},
				"west": {"uv": [3, 5, 1.1, 5.7], "texture": "#1"},
				"up": {"uv": [3, 5, 1.1, 5.7], "texture": "#1"},
				"down": {"uv": [3, 5, 1.1, 5.7], "texture": "#1"}
			}
		},
		{
			"from": [7.1, 6, 4.2],
			"to": [8.9, 6.9, 4.3],
			"faces": {
				"north": {"uv": [3, 5, 1.1, 5.9], "texture": "#1"},
				"east": {"uv": [3, 5, 1.1, 5.9], "texture": "#1"},
				"south": {"uv": [3, 5, 1.1, 5.9], "texture": "#1"},
				"west": {"uv": [3, 5, 1.1, 5.9], "texture": "#1"},
				"up": {"uv": [3, 5, 1.1, 5.9], "texture": "#1"},
				"down": {"uv": [3, 5, 1.1, 5.9], "texture": "#1"}
			}
		},
		{
			"from": [7.2, 6.1, 4.3],
			"to": [8.8, 6.8, 4.4],
			"faces": {
				"north": {"uv": [3, 5, 1.1, 5.7], "texture": "#1"},
				"east": {"uv": [3, 5, 1.1, 5.7], "texture": "#1"},
				"south": {"uv": [3, 5, 1.1, 5.7], "texture": "#1"},
				"west": {"uv": [3, 5, 1.1, 5.7], "texture": "#1"},
				"up": {"uv": [3, 5, 1.1, 5.7], "texture": "#1"},
				"down": {"uv": [3, 5, 1.1, 5.7], "texture": "#1"}
			}
		},
		{
			"from": [7.1, 6, 4.4],
			"to": [8.9, 6.9, 4.5],
			"faces": {
				"north": {"uv": [3, 5, 1.1, 5.9], "texture": "#1"},
				"east": {"uv": [3, 5, 1.1, 5.9], "texture": "#1"},
				"south": {"uv": [3, 5, 1.1, 5.9], "texture": "#1"},
				"west": {"uv": [3, 5, 1.1, 5.9], "texture": "#1"},
				"up": {"uv": [3, 5, 1.1, 5.9], "texture": "#1"},
				"down": {"uv": [3, 5, 1.1, 5.9], "texture": "#1"}
			}
		},
		{
			"from": [7.3, 6.1, 4.5],
			"to": [8.7, 6.8, 4.6],
			"faces": {
				"north": {"uv": [3, 5, 1.1, 5.7], "texture": "#1"},
				"east": {"uv": [3, 5, 1.1, 5.7], "texture": "#1"},
				"south": {"uv": [3, 5, 1.1, 5.7], "texture": "#1"},
				"west": {"uv": [3, 5, 1.1, 5.7], "texture": "#1"},
				"up": {"uv": [3, 5, 1.1, 5.7], "texture": "#1"},
				"down": {"uv": [3, 5, 1.1, 5.7], "texture": "#1"}
			}
		},
		{
			"from": [7.2, 6.1, 4.6],
			"to": [8.8, 6.8, 4.7],
			"faces": {
				"north": {"uv": [3, 5, 1.1, 5.7], "texture": "#1"},
				"east": {"uv": [3, 5, 1.1, 5.7], "texture": "#1"},
				"south": {"uv": [3, 5, 1.1, 5.7], "texture": "#1"},
				"west": {"uv": [3, 5, 1.1, 5.7], "texture": "#1"},
				"up": {"uv": [3, 5, 1.1, 5.7], "texture": "#1"},
				"down": {"uv": [3, 5, 1.1, 5.7], "texture": "#1"}
			}
		},
		{
			"from": [7.3, 6.7, 1],
			"to": [8.7, 6.8, 5.1],
			"faces": {
				"north": {"uv": [7.2, 10.3, 11.3, 10.4], "texture": "#1"},
				"east": {"uv": [7.2, 10.3, 11.3, 10.4], "texture": "#1"},
				"south": {"uv": [7.2, 10.3, 11.3, 10.4], "texture": "#1"},
				"west": {"uv": [7.2, 10.3, 11.3, 10.4], "texture": "#1"},
				"up": {"uv": [7.2, 10.3, 11.3, 10.4], "texture": "#1"},
				"down": {"uv": [7.2, 10.3, 11.3, 10.4], "texture": "#1"}
			}
		},
		{
			"from": [7.6, 11.8, 10.5],
			"to": [8.4, 13, 12.2],
			"rotation": {"angle": 22.5, "axis": "x", "origin": [0, 0, 0]},
			"faces": {
				"north": {"uv": [6.4, 9.7, 9.1, 12.9], "texture": "#1"},
				"east": {"uv": [6.4, 9.7, 9.1, 12.9], "texture": "#1"},
				"south": {"uv": [6.4, 9.7, 9.1, 12.9], "texture": "#1"},
				"west": {"uv": [6.4, 9.7, 9.1, 12.9], "texture": "#1"},
				"up": {"uv": [6.4, 9.7, 9.1, 12.9], "texture": "#1"},
				"down": {"uv": [6.4, 9.7, 9.1, 12.9], "texture": "#1"}
			}
		},
		{
			"from": [7.2, 2.8, 3.7],
			"to": [8.8, 3.6, 5],
			"rotation": {"angle": -45, "axis": "x", "origin": [0, 0.1, -0.2]},
			"faces": {
				"north": {"uv": [7.2, 10.3, 8.5, 11.1], "texture": "#1"},
				"east": {"uv": [7.2, 10.3, 8.5, 11.1], "texture": "#1"},
				"south": {"uv": [7.2, 10.3, 8.5, 11.1], "texture": "#1"},
				"west": {"uv": [7.2, 10.3, 8.5, 11.1], "texture": "#1"},
				"up": {"uv": [7.2, 10.3, 8.5, 11.1], "texture": "#1"},
				"down": {"uv": [7.2, 10.3, 8.5, 11.1], "texture": "#1"}
			}
		},
		{
			"from": [7.2, 4.5, 3.2],
			"to": [8.8, 5.3, 4],
			"rotation": {"angle": -22.5, "axis": "x", "origin": [0, 0.1, -0.2]},
			"faces": {
				"north": {"uv": [7.2, 10.3, 8, 11.1], "texture": "#1"},
				"east": {"uv": [7.2, 10.3, 8, 11.1], "texture": "#1"},
				"south": {"uv": [7.2, 10.3, 8, 11.1], "texture": "#1"},
				"west": {"uv": [7.2, 10.3, 8, 11.1], "texture": "#1"},
				"up": {"uv": [7.2, 10.3, 8, 11.1], "texture": "#1"},
				"down": {"uv": [7.2, 10.3, 8, 11.1], "texture": "#1"}
			}
		},
		{
			"from": [7.2, 5.7, 1.8],
			"to": [8.8, 5.9, 2.9],
			"rotation": {"angle": 0, "axis": "y", "origin": [0, 0.1, -0.2]},
			"faces": {
				"north": {"uv": [7.2, 10.3, 8.3, 10.5], "texture": "#1"},
				"east": {"uv": [7.2, 10.3, 8.3, 10.5], "texture": "#1"},
				"south": {"uv": [7.2, 10.3, 8.3, 10.5], "texture": "#1"},
				"west": {"uv": [7.2, 10.3, 8.3, 10.5], "texture": "#1"},
				"up": {"uv": [7.2, 10.3, 8.3, 10.5], "texture": "#1"},
				"down": {"uv": [7.2, 10.3, 8.3, 10.5], "texture": "#1"}
			}
		},
		{
			"from": [7.2, 5.8, 2.7],
			"to": [8.8, 6.5, 2.9],
			"rotation": {"angle": 0, "axis": "y", "origin": [0, 0.1, 0.1]},
			"faces": {
				"north": {"uv": [7.2, 10.3, 7.4, 11], "texture": "#1"},
				"east": {"uv": [7.2, 10.3, 7.4, 11], "texture": "#1"},
				"south": {"uv": [7.2, 10.3, 7.4, 11], "texture": "#1"},
				"west": {"uv": [7.2, 10.3, 7.4, 11], "texture": "#1"},
				"up": {"uv": [7.2, 10.3, 7.4, 11], "texture": "#1"},
				"down": {"uv": [7.2, 10.3, 7.4, 11], "texture": "#1"}
			}
		},
		{
			"from": [7.2, 6.3, 0.2],
			"to": [8.8, 6.6, 0.8],
			"rotation": {"angle": 22.5, "axis": "x", "origin": [0, 0.1, 0.1]},
			"faces": {
				"north": {"uv": [7.2, 10.3, 7.8, 10.6], "texture": "#1"},
				"east": {"uv": [7.2, 10.3, 7.8, 10.6], "texture": "#1"},
				"south": {"uv": [7.2, 10.3, 7.8, 10.6], "texture": "#1"},
				"west": {"uv": [7.2, 10.3, 7.8, 10.6], "texture": "#1"},
				"up": {"uv": [7.2, 10.3, 7.8, 10.6], "texture": "#1"},
				"down": {"uv": [7.2, 10.3, 7.8, 10.6], "texture": "#1"}
			}
		},
		{
			"from": [7.2, 6.6, 2.2],
			"to": [8.8, 7.1, 2.8],
			"rotation": {"angle": -22.5, "axis": "x", "origin": [0, 0, -0.4]},
			"faces": {
				"north": {"uv": [7.2, 10.3, 7.8, 10.8], "texture": "#1"},
				"east": {"uv": [7.2, 10.3, 7.8, 10.8], "texture": "#1"},
				"south": {"uv": [7.2, 10.3, 7.8, 10.8], "texture": "#1"},
				"west": {"uv": [7.2, 10.3, 7.8, 10.8], "texture": "#1"},
				"up": {"uv": [7.2, 10.3, 7.8, 10.8], "texture": "#1"},
				"down": {"uv": [7.2, 10.3, 7.8, 10.8], "texture": "#1"}
			}
		},
		{
			"from": [7.8, 12.2, 8.5],
			"to": [8.2, 12.8, 8.8],
			"rotation": {"angle": 22.5, "axis": "x", "origin": [0, 0, 0]},
			"faces": {
				"north": {"uv": [6.4, 9.7, 7.7, 12.3], "texture": "#1"},
				"east": {"uv": [6.4, 9.7, 7.7, 12.3], "texture": "#1"},
				"south": {"uv": [6.4, 9.7, 7.7, 12.3], "texture": "#1"},
				"west": {"uv": [6.4, 9.7, 7.7, 12.3], "texture": "#1"},
				"up": {"uv": [6.4, 9.7, 7.7, 12.3], "texture": "#1"},
				"down": {"uv": [6.4, 9.7, 7.7, 12.3], "texture": "#1"}
			}
		},
		{
			"from": [7.8, 3.6, 8.9],
			"to": [8.2, 4.2, 9.2],
			"rotation": {"angle": -22.5, "axis": "x", "origin": [0, 16, 0]},
			"faces": {
				"north": {"uv": [7, 10.3, 8.3, 12.9], "texture": "#1"},
				"east": {"uv": [7, 10.3, 8.3, 12.9], "texture": "#1"},
				"south": {"uv": [7, 10.3, 8.3, 12.9], "texture": "#1"},
				"west": {"uv": [7, 10.3, 8.3, 12.9], "texture": "#1"},
				"up": {"uv": [7, 10.3, 8.3, 12.9], "texture": "#1"},
				"down": {"uv": [7, 10.3, 8.3, 12.9], "texture": "#1"}
			}
		},
		{
			"from": [7.8, 12.2, 9.9],
			"to": [8.2, 12.8, 10.2],
			"rotation": {"angle": 22.5, "axis": "x", "origin": [0, 0, 1.4]},
			"faces": {
				"north": {"uv": [6.4, 9.7, 7.7, 12.3], "texture": "#1"},
				"east": {"uv": [6.4, 9.7, 7.7, 12.3], "texture": "#1"},
				"south": {"uv": [6.4, 9.7, 7.7, 12.3], "texture": "#1"},
				"west": {"uv": [6.4, 9.7, 7.7, 12.3], "texture": "#1"},
				"up": {"uv": [6.4, 9.7, 7.7, 12.3], "texture": "#1"},
				"down": {"uv": [6.4, 9.7, 7.7, 12.3], "texture": "#1"}
			}
		},
		{
			"from": [7.8, 3.6, 10.3],
			"to": [8.2, 4.2, 10.6],
			"rotation": {"angle": -22.5, "axis": "x", "origin": [0, 16, 1.4]},
			"faces": {
				"north": {"uv": [7, 10.3, 8.3, 12.9], "texture": "#1"},
				"east": {"uv": [7, 10.3, 8.3, 12.9], "texture": "#1"},
				"south": {"uv": [7, 10.3, 8.3, 12.9], "texture": "#1"},
				"west": {"uv": [7, 10.3, 8.3, 12.9], "texture": "#1"},
				"up": {"uv": [7, 10.3, 8.3, 12.9], "texture": "#1"},
				"down": {"uv": [7, 10.3, 8.3, 12.9], "texture": "#1"}
			}
		},
		{
			"from": [7.8, 12.2, 11.3],
			"to": [8.2, 12.8, 11.6],
			"rotation": {"angle": 22.5, "axis": "x", "origin": [0, 0, 2.8]},
			"faces": {
				"north": {"uv": [6.4, 9.7, 7.7, 12.3], "texture": "#1"},
				"east": {"uv": [6.4, 9.7, 7.7, 12.3], "texture": "#1"},
				"south": {"uv": [6.4, 9.7, 7.7, 12.3], "texture": "#1"},
				"west": {"uv": [6.4, 9.7, 7.7, 12.3], "texture": "#1"},
				"up": {"uv": [6.4, 9.7, 7.7, 12.3], "texture": "#1"},
				"down": {"uv": [6.4, 9.7, 7.7, 12.3], "texture": "#1"}
			}
		},
		{
			"from": [7.8, 3.6, 11.7],
			"to": [8.2, 4.2, 12],
			"rotation": {"angle": -22.5, "axis": "x", "origin": [0, 16, 2.8]},
			"faces": {
				"north": {"uv": [7, 10.3, 8.3, 12.9], "texture": "#1"},
				"east": {"uv": [7, 10.3, 8.3, 12.9], "texture": "#1"},
				"south": {"uv": [7, 10.3, 8.3, 12.9], "texture": "#1"},
				"west": {"uv": [7, 10.3, 8.3, 12.9], "texture": "#1"},
				"up": {"uv": [7, 10.3, 8.3, 12.9], "texture": "#1"},
				"down": {"uv": [7, 10.3, 8.3, 12.9], "texture": "#1"}
			}
		},
		{
			"from": [7.8, 12.2, 12.7],
			"to": [8.2, 13.1, 13],
			"rotation": {"angle": 22.5, "axis": "x", "origin": [0, 0.3, 4.2]},
			"faces": {
				"north": {"uv": [6.4, 9.7, 7.7, 12.6], "texture": "#1"},
				"east": {"uv": [6.4, 9.7, 7.7, 12.6], "texture": "#1"},
				"south": {"uv": [6.4, 9.7, 7.7, 12.6], "texture": "#1"},
				"west": {"uv": [6.4, 9.7, 7.7, 12.6], "texture": "#1"},
				"up": {"uv": [6.4, 9.7, 7.7, 12.6], "texture": "#1"},
				"down": {"uv": [6.4, 9.7, 7.7, 12.6], "texture": "#1"}
			}
		},
		{
			"from": [7.8, 3.6, 13.1],
			"to": [8.2, 4.5, 13.4],
			"rotation": {"angle": -22.5, "axis": "x", "origin": [0, 16.3, 4.2]},
			"faces": {
				"north": {"uv": [7, 10.3, 8.3, 13.2], "texture": "#1"},
				"east": {"uv": [7, 10.3, 8.3, 13.2], "texture": "#1"},
				"south": {"uv": [7, 10.3, 8.3, 13.2], "texture": "#1"},
				"west": {"uv": [7, 10.3, 8.3, 13.2], "texture": "#1"},
				"up": {"uv": [7, 10.3, 8.3, 13.2], "texture": "#1"},
				"down": {"uv": [7, 10.3, 8.3, 13.2], "texture": "#1"}
			}
		},
		{
			"from": [7.3, 17.6, 7.8],
			"to": [8.7, 19.5, 8.1],
			"rotation": {"angle": 45, "axis": "x", "origin": [0, 0, 0]},
			"faces": {
				"north": {"uv": [3, 0, 5.6, 0.8], "texture": "#1"},
				"east": {"uv": [3, 0, 5.6, 0.8], "texture": "#1"},
				"south": {"uv": [3, 0, 5.6, 0.8], "texture": "#1"},
				"west": {"uv": [3, 0, 5.6, 0.8], "texture": "#1"},
				"up": {"uv": [3, 0, 5.6, 0.8], "texture": "#1"},
				"down": {"uv": [3, 0, 5.6, 0.8], "texture": "#1"}
			}
		},
		{
			"from": [7.3, 17.9, 7.5],
			"to": [8.7, 19.2, 7.8],
			"rotation": {"angle": 45, "axis": "x", "origin": [0, 0, 0]},
			"faces": {
				"north": {"uv": [3, 0, 5.6, 0.8], "texture": "#1"},
				"east": {"uv": [3, 0, 5.6, 0.8], "texture": "#1"},
				"south": {"uv": [3, 0, 5.6, 0.8], "texture": "#1"},
				"west": {"uv": [3, 0, 5.6, 0.8], "texture": "#1"},
				"up": {"uv": [3, 0, 5.6, 0.8], "texture": "#1"},
				"down": {"uv": [3, 0, 5.6, 0.8], "texture": "#1"}
			}
		},
		{
			"from": [7.3, 18.1, 7.2],
			"to": [8.7, 18.9, 7.5],
			"rotation": {"angle": 45, "axis": "x", "origin": [0, 0, 0]},
			"faces": {
				"north": {"uv": [3, 0, 5.6, 0.8], "texture": "#1"},
				"east": {"uv": [3, 0, 5.6, 0.8], "texture": "#1"},
				"south": {"uv": [3, 0, 5.6, 0.8], "texture": "#1"},
				"west": {"uv": [3, 0, 5.6, 0.8], "texture": "#1"},
				"up": {"uv": [3, 0, 5.6, 0.8], "texture": "#1"},
				"down": {"uv": [3, 0, 5.6, 0.8], "texture": "#1"}
			}
		},
		{
			"from": [7.3, 18.3, 6.9],
			"to": [8.7, 18.6, 7.2],
			"rotation": {"angle": 45, "axis": "x", "origin": [0, 0, 0]},
			"faces": {
				"north": {"uv": [3, 0, 5.6, 0.8], "texture": "#1"},
				"east": {"uv": [3, 0, 5.6, 0.8], "texture": "#1"},
				"south": {"uv": [3, 0, 5.6, 0.8], "texture": "#1"},
				"west": {"uv": [3, 0, 5.6, 0.8], "texture": "#1"},
				"up": {"uv": [3, 0, 5.6, 0.8], "texture": "#1"},
				"down": {"uv": [3, 0, 5.6, 0.8], "texture": "#1"}
			}
		},
		{
			"from": [7.4, 8, 17.8],
			"to": [8.6, 8.3, 19.5],
			"faces": {
				"north": {"uv": [3, 0, 5.6, 0.8], "texture": "#1"},
				"east": {"uv": [3, 0, 5.6, 0.8], "texture": "#1"},
				"south": {"uv": [3, 0, 5.6, 0.8], "texture": "#1"},
				"west": {"uv": [3, 0, 5.6, 0.8], "texture": "#1"},
				"up": {"uv": [3, 0, 5.6, 0.8], "texture": "#1"},
				"down": {"uv": [3, 0, 5.6, 0.8], "texture": "#1"}
			}
		},
		{
			"from": [7.4, 6.6, 16.7],
			"to": [8.6, 8.3, 17.5],
			"faces": {
				"north": {"uv": [3.2, 9.2, 4.6, 11], "texture": "#1"},
				"east": {"uv": [3.2, 9.2, 4.6, 11], "texture": "#1"},
				"south": {"uv": [3.2, 9.2, 4.6, 11], "texture": "#1"},
				"west": {"uv": [3.2, 9.2, 4.6, 11], "texture": "#1"},
				"up": {"uv": [3.2, 9.2, 4.6, 11], "texture": "#1"},
				"down": {"uv": [3.2, 9.2, 4.6, 11], "texture": "#1"}
			}
		},
		{
			"from": [7.6, 5.9, 16.8],
			"to": [8.4, 6.6, 17.4],
			"faces": {
				"north": {"uv": [3.2, 9.2, 4.6, 11], "texture": "#1"},
				"east": {"uv": [3.2, 9.2, 4.6, 11], "texture": "#1"},
				"south": {"uv": [3.2, 9.2, 4.6, 11], "texture": "#1"},
				"west": {"uv": [3.2, 9.2, 4.6, 11], "texture": "#1"},
				"up": {"uv": [3.2, 9.2, 4.6, 11], "texture": "#1"},
				"down": {"uv": [3.2, 9.2, 4.6, 11], "texture": "#1"}
			}
		},
		{
			"from": [7.6, 15.8, 7.5],
			"to": [8.4, 16.5, 8.1],
			"rotation": {"angle": 45, "axis": "x", "origin": [0, 0, 0]},
			"faces": {
				"north": {"uv": [3.2, 9.2, 4.6, 11], "texture": "#1"},
				"east": {"uv": [3.2, 9.2, 4.6, 11], "texture": "#1"},
				"south": {"uv": [3.2, 9.2, 4.6, 11], "texture": "#1"},
				"west": {"uv": [3.2, 9.2, 4.6, 11], "texture": "#1"},
				"up": {"uv": [3.2, 9.2, 4.6, 11], "texture": "#1"},
				"down": {"uv": [3.2, 9.2, 4.6, 11], "texture": "#1"}
			}
		},
		{
			"from": [7.6, 12.1, 13.7],
			"to": [8.4, 12.4, 14.8],
			"rotation": {"angle": 22.5, "axis": "x", "origin": [0, 0, 0]},
			"faces": {
				"north": {"uv": [3, 5, 11.8, 9.3], "texture": "#2"},
				"east": {"uv": [3, 5, 11.8, 9.3], "texture": "#2"},
				"south": {"uv": [3, 5, 11.8, 9.3], "texture": "#2"},
				"west": {"uv": [3, 5, 11.8, 9.3], "texture": "#2"},
				"up": {"uv": [3, 5, 11.8, 9.3], "texture": "#2"},
				"down": {"uv": [3, 5, 11.8, 9.3], "texture": "#2"}
			}
		},
		{
			"from": [7.6, 12.1, 14.8],
			"to": [8.4, 12.4, 16.5],
			"rotation": {"angle": 22.5, "axis": "x", "origin": [0, 0, 0]},
			"faces": {
				"north": {"uv": [3, 5, 11.8, 9.3], "texture": "#2"},
				"east": {"uv": [3, 5, 11.8, 9.3], "texture": "#2"},
				"south": {"uv": [3, 5, 11.8, 9.3], "texture": "#2"},
				"west": {"uv": [3, 5, 11.8, 9.3], "texture": "#2"},
				"up": {"uv": [3, 5, 11.8, 9.3], "texture": "#2"},
				"down": {"uv": [3, 5, 11.8, 9.3], "texture": "#2"}
			}
		},
		{
			"from": [7.7, 12.4, 14.8],
			"to": [8.3, 12.8, 15.4],
			"rotation": {"angle": 22.5, "axis": "x", "origin": [0, 0, 0]},
			"faces": {
				"north": {"uv": [3, 10, 10.2, 14], "texture": "#2"},
				"east": {"uv": [3, 10, 10.2, 14], "texture": "#2"},
				"south": {"uv": [3, 10, 10.2, 14], "texture": "#2"},
				"west": {"uv": [3, 10, 10.2, 14], "texture": "#2"},
				"up": {"uv": [3, 10, 10.2, 14], "texture": "#2"},
				"down": {"uv": [3, 10, 10.2, 14], "texture": "#2"}
			}
		},
		{
			"from": [7.7, 11.7, 15.4],
			"to": [8.3, 12.6, 15.7],
			"rotation": {"angle": 22.5, "axis": "x", "origin": [0, 0, 0]},
			"faces": {
				"north": {"uv": [3, 10, 11.8, 14.3], "texture": "#2"},
				"east": {"uv": [3, 10, 11.8, 14.3], "texture": "#2"},
				"south": {"uv": [3, 10, 11.8, 14.3], "texture": "#2"},
				"west": {"uv": [3, 10, 11.8, 14.3], "texture": "#2"},
				"up": {"uv": [3, 10, 11.8, 14.3], "texture": "#2"},
				"down": {"uv": [3, 10, 11.8, 14.3], "texture": "#2"}
			}
		},
		{
			"from": [7.7, 4.8, 19],
			"to": [8.3, 5.4, 20.8],
			"faces": {
				"north": {"uv": [3, 5, 11.8, 9.3], "texture": "#2"},
				"east": {"uv": [3, 5, 11.8, 9.3], "texture": "#2"},
				"south": {"uv": [3, 5, 11.8, 9.3], "texture": "#2"},
				"west": {"uv": [3, 5, 11.8, 9.3], "texture": "#2"},
				"up": {"uv": [3, 5, 11.8, 9.3], "texture": "#2"},
				"down": {"uv": [3, 5, 11.8, 9.3], "texture": "#2"}
			}
		},
		{
			"from": [7.8, 12.5, 15.1],
			"to": [8.2, 13.2, 17.3],
			"rotation": {"angle": 22.5, "axis": "x", "origin": [0, 0, 0]},
			"faces": {
				"north": {"uv": [3, 10, 11.8, 14.3], "texture": "#2"},
				"east": {"uv": [3, 10, 11.8, 14.3], "texture": "#2"},
				"south": {"uv": [3, 10, 11.8, 14.3], "texture": "#2"},
				"west": {"uv": [3, 10, 11.8, 14.3], "texture": "#2"},
				"up": {"uv": [3, 10, 11.8, 14.3], "texture": "#2"},
				"down": {"uv": [3, 10, 11.8, 14.3], "texture": "#2"}
			}
		},
		{
			"from": [7.8, 12.8, 15],
			"to": [8.2, 13.3, 15.3],
			"rotation": {"angle": 22.5, "axis": "x", "origin": [0, 0, 0]},
			"faces": {
				"north": {"uv": [3, 6, 9.9, 10.1], "texture": "#2"},
				"east": {"uv": [3, 6, 9.9, 10.1], "texture": "#2"},
				"south": {"uv": [3, 6, 9.9, 10.1], "texture": "#2"},
				"west": {"uv": [3, 6, 9.9, 10.1], "texture": "#2"},
				"up": {"uv": [3, 6, 9.9, 10.1], "texture": "#2"},
				"down": {"uv": [3, 6, 9.9, 10.1], "texture": "#2"}
			}
		},
		{
			"from": [7.7, 12.8, 14.9],
			"to": [8.3, 13.3, 15],
			"rotation": {"angle": 22.5, "axis": "x", "origin": [0, 0, 0]},
			"faces": {
				"north": {"uv": [3, 10, 9.7, 14.1], "texture": "#2"},
				"east": {"uv": [3, 10, 9.7, 14.1], "texture": "#2"},
				"south": {"uv": [3, 10, 9.7, 14.1], "texture": "#2"},
				"west": {"uv": [3, 10, 9.7, 14.1], "texture": "#2"},
				"up": {"uv": [3, 10, 9.7, 14.1], "texture": "#2"},
				"down": {"uv": [3, 10, 9.7, 14.1], "texture": "#2"}
			}
		},
		{
			"from": [7.7, 12.4, 14.4],
			"to": [8.3, 12.5, 14.8],
			"rotation": {"angle": 22.5, "axis": "x", "origin": [0, 0, 0]},
			"faces": {
				"north": {"uv": [3, 10, 10, 13.7], "texture": "#2"},
				"east": {"uv": [3, 10, 10, 13.7], "texture": "#2"},
				"south": {"uv": [3, 10, 10, 13.7], "texture": "#2"},
				"west": {"uv": [3, 10, 10, 13.7], "texture": "#2"},
				"up": {"uv": [3, 10, 10, 13.7], "texture": "#2"},
				"down": {"uv": [3, 10, 10, 13.7], "texture": "#2"}
			}
		},
		{
			"from": [7.7, 12.5, 14.6],
			"to": [8.3, 12.6, 14.8],
			"rotation": {"angle": 22.5, "axis": "x", "origin": [0, 0, 0]},
			"faces": {
				"north": {"uv": [3, 10, 9.8, 13.7], "texture": "#2"},
				"east": {"uv": [3, 10, 9.8, 13.7], "texture": "#2"},
				"south": {"uv": [3, 10, 9.8, 13.7], "texture": "#2"},
				"west": {"uv": [3, 10, 9.8, 13.7], "texture": "#2"},
				"up": {"uv": [3, 10, 9.8, 13.7], "texture": "#2"},
				"down": {"uv": [3, 10, 9.8, 13.7], "texture": "#2"}
			}
		},
		{
			"from": [7.7, 12.6, 14.7],
			"to": [8.3, 12.7, 14.8],
			"rotation": {"angle": 22.5, "axis": "x", "origin": [0, 0, 0]},
			"faces": {
				"north": {"uv": [3, 10, 9.7, 13.7], "texture": "#2"},
				"east": {"uv": [3, 10, 9.7, 13.7], "texture": "#2"},
				"south": {"uv": [3, 10, 9.7, 13.7], "texture": "#2"},
				"west": {"uv": [3, 10, 9.7, 13.7], "texture": "#2"},
				"up": {"uv": [3, 10, 9.7, 13.7], "texture": "#2"},
				"down": {"uv": [3, 10, 9.7, 13.7], "texture": "#2"}
			}
		},
		{
			"from": [7.7, 5, 20.8],
			"to": [8.3, 5.4, 21.6],
			"faces": {
				"north": {"uv": [3, 5, 11.8, 9.3], "texture": "#2"},
				"east": {"uv": [3, 5, 11.8, 9.3], "texture": "#2"},
				"south": {"uv": [3, 5, 11.8, 9.3], "texture": "#2"},
				"west": {"uv": [3, 5, 11.8, 9.3], "texture": "#2"},
				"up": {"uv": [3, 5, 11.8, 9.3], "texture": "#2"},
				"down": {"uv": [3, 5, 11.8, 9.3], "texture": "#2"}
			}
		},
		{
			"from": [7.7, 5.2, 21.6],
			"to": [8.3, 5.5, 22.5],
			"faces": {
				"north": {"uv": [3, 10, 10.5, 13.9], "texture": "#2"},
				"east": {"uv": [3, 10, 10.5, 13.9], "texture": "#2"},
				"south": {"uv": [3, 10, 10.5, 13.9], "texture": "#2"},
				"west": {"uv": [3, 10, 10.5, 13.9], "texture": "#2"},
				"up": {"uv": [3, 10, 10.5, 13.9], "texture": "#2"},
				"down": {"uv": [3, 10, 10.5, 13.9], "texture": "#2"}
			}
		},
		{
			"from": [7.7, 13, 17.3],
			"to": [8.3, 13.2, 17.8],
			"rotation": {"angle": 22.5, "axis": "x", "origin": [0, 0, 0]},
			"faces": {
				"north": {"uv": [3, 5, 11.8, 9.3], "texture": "#2"},
				"east": {"uv": [3, 5, 11.8, 9.3], "texture": "#2"},
				"south": {"uv": [3, 5, 11.8, 9.3], "texture": "#2"},
				"west": {"uv": [3, 5, 11.8, 9.3], "texture": "#2"},
				"up": {"uv": [3, 5, 11.8, 9.3], "texture": "#2"},
				"down": {"uv": [3, 5, 11.8, 9.3], "texture": "#2"}
			}
		},
		{
			"from": [7.8, 13.2, 16.1],
			"to": [8.2, 13.4, 17.3],
			"rotation": {"angle": 22.5, "axis": "x", "origin": [0, 0, 0]},
			"faces": {
				"north": {"uv": [3, 10, 10.8, 13.8], "texture": "#2"},
				"east": {"uv": [3, 10, 10.8, 13.8], "texture": "#2"},
				"south": {"uv": [3, 10, 10.8, 13.8], "texture": "#2"},
				"west": {"uv": [3, 10, 10.8, 13.8], "texture": "#2"},
				"up": {"uv": [3, 10, 10.8, 13.8], "texture": "#2"},
				"down": {"uv": [3, 10, 10.8, 13.8], "texture": "#2"}
			}
		},
		{
			"from": [7.8, 13.2, 17.3],
			"to": [8.2, 13.5, 18.2],
			"rotation": {"angle": 22.5, "axis": "x", "origin": [0, 0, 0]},
			"faces": {
				"north": {"uv": [3, 10, 10.5, 13.9], "texture": "#2"},
				"east": {"uv": [3, 10, 10.5, 13.9], "texture": "#2"},
				"south": {"uv": [3, 10, 10.5, 13.9], "texture": "#2"},
				"west": {"uv": [3, 10, 10.5, 13.9], "texture": "#2"},
				"up": {"uv": [3, 10, 10.5, 13.9], "texture": "#2"},
				"down": {"uv": [3, 10, 10.5, 13.9], "texture": "#2"}
			}
		},
		{
			"from": [7.8, 13.4, 18],
			"to": [8.2, 13.7, 18.7],
			"rotation": {"angle": 22.5, "axis": "x", "origin": [0, 0, 0]},
			"faces": {
				"north": {"uv": [3, 10, 10.3, 13.9], "texture": "#2"},
				"east": {"uv": [3, 10, 10.3, 13.9], "texture": "#2"},
				"south": {"uv": [3, 10, 10.3, 13.9], "texture": "#2"},
				"west": {"uv": [3, 10, 10.3, 13.9], "texture": "#2"},
				"up": {"uv": [3, 10, 10.3, 13.9], "texture": "#2"},
				"down": {"uv": [3, 10, 10.3, 13.9], "texture": "#2"}
			}
		},
		{
			"from": [7.7, 13.3, 18],
			"to": [8.3, 13.6, 18.3],
			"rotation": {"angle": 22.5, "axis": "x", "origin": [0, 0, 0]},
			"faces": {
				"north": {"uv": [3, 5, 11.8, 9.3], "texture": "#2"},
				"east": {"uv": [3, 5, 11.8, 9.3], "texture": "#2"},
				"south": {"uv": [3, 5, 11.8, 9.3], "texture": "#2"},
				"west": {"uv": [3, 5, 11.8, 9.3], "texture": "#2"},
				"up": {"uv": [3, 5, 11.8, 9.3], "texture": "#2"},
				"down": {"uv": [3, 5, 11.8, 9.3], "texture": "#2"}
			}
		},
		{
			"from": [7.7, 12.3, 15.7],
			"to": [8.3, 12.6, 16.2],
			"rotation": {"angle": 22.5, "axis": "x", "origin": [0, 0, 0]},
			"faces": {
				"north": {"uv": [3, 5, 11.8, 9.3], "texture": "#2"},
				"east": {"uv": [3, 5, 11.8, 9.3], "texture": "#2"},
				"south": {"uv": [3, 5, 11.8, 9.3], "texture": "#2"},
				"west": {"uv": [3, 5, 11.8, 9.3], "texture": "#2"},
				"up": {"uv": [3, 5, 11.8, 9.3], "texture": "#2"},
				"down": {"uv": [3, 5, 11.8, 9.3], "texture": "#2"}
			}
		},
		{
			"from": [7.2, 4.3, 3.4],
			"to": [8.8, 4.5, 3.6],
			"rotation": {"angle": -22.5, "axis": "x", "origin": [0, 0.1, -0.2]},
			"faces": {
				"north": {"uv": [7.2, 10.3, 7.4, 10.5], "texture": "#1"},
				"east": {"uv": [7.2, 10.3, 7.4, 10.5], "texture": "#1"},
				"south": {"uv": [7.2, 10.3, 7.4, 10.5], "texture": "#1"},
				"west": {"uv": [7.2, 10.3, 7.4, 10.5], "texture": "#1"},
				"up": {"uv": [7.2, 10.3, 7.4, 10.5], "texture": "#1"},
				"down": {"uv": [7.2, 10.3, 7.4, 10.5], "texture": "#1"}
			}
		}
	],
	"display": {
		"thirdperson_righthand": {
			"rotation": [66, 180, 0],
			"translation": [0, 6.75, 2.25],
			"scale": [1.29, 0.85, 0.86]
		},
		"thirdperson_lefthand": {
			"rotation": [66, 180, 0],
			"translation": [0, 6.75, 2.25],
			"scale": [1.29, 0.85, 0.86]
		},
		"firstperson_righthand": {
			"rotation": [0, 180, 0],
			"translation": [1.75, 0, 0]
		},
		"firstperson_lefthand": {
			"rotation": [0, 180, 0],
			"translation": [1.25, -0.5, 0]
		},
		"gui": {
			"rotation": [109, 124, -107],
			"translation": [-1.75, 0.25, 0]
		}
	}
}