{
	"credit": "Made with Blockbench",
	"parent": "78",
	"textures": {
		"0": "minecraft:block/bee_nest_top",
		"1": "minecraft:block/white_concrete",
		"2": "minecraft:block/black_wool",
		"3": "minecraft:block/dispenser_front",
		"particle": "minecraft:block/bee_nest_top"
	},
	"elements": [
		{
			"from": [5.2, 4.9, 5],
			"to": [8.6, 6.7, 7],
			"faces": {
				"north": {"uv": [0, 0, 3.8, 1.7], "texture": "#1"},
				"east": {"uv": [0, 0, 3.8, 1.7], "texture": "#1"},
				"south": {"uv": [0, 0, 3.8, 1.7], "texture": "#1"},
				"west": {"uv": [0, 0, 3.8, 1.7], "texture": "#1"},
				"up": {"uv": [0, 0, 3.8, 1.7], "texture": "#1"},
				"down": {"uv": [0, 0, 3.8, 1.7], "texture": "#1"}
			}
		},
		{
			"from": [5.4, 7.6, 5.1],
			"to": [8.6, 10.3, 6.9],
			"rotation": {"angle": -22.5, "axis": "z", "origin": [0, 0, 0]},
			"faces": {
				"north": {"uv": [0, 0, 3.2, 3], "texture": "#2"},
				"east": {"uv": [0, 0, 3.2, 3], "texture": "#2"},
				"south": {"uv": [0, 0, 3.2, 3], "texture": "#2"},
				"west": {"uv": [0, 0, 3.2, 3], "texture": "#2"},
				"up": {"uv": [0, 0, 3.2, 3], "texture": "#2"},
				"down": {"uv": [0, 0, 3.2, 3], "texture": "#2"}
			}
		},
		{
			"from": [-0.5, 6.7, 5.3],
			"to": [0, 7.9, 6.7],
			"faces": {
				"north": {"uv": [2, 1, 3.5, 2.2], "texture": "#2"},
				"east": {"uv": [2, 1, 3.5, 2.2], "texture": "#2"},
				"south": {"uv": [2, 1, 3.5, 2.2], "texture": "#2"},
				"west": {"uv": [5.6, 7.7, 10.3, 12.3], "texture": "#3"},
				"up": {"uv": [2, 1, 3.5, 2.2], "texture": "#2"},
				"down": {"uv": [2, 1, 3.5, 2.2], "texture": "#2"}
			}
		},
		{
			"from": [-0.5, 5.3, 5.3],
			"to": [0, 6.5, 6.7],
			"faces": {
				"north": {"uv": [2, 1, 3.5, 2.2], "texture": "#2"},
				"east": {"uv": [2, 1, 3.5, 2.2], "texture": "#2"},
				"south": {"uv": [2, 1, 3.5, 2.2], "texture": "#2"},
				"west": {"uv": [5.6, 7.7, 10.3, 12.3], "texture": "#3"},
				"up": {"uv": [2, 1, 3.5, 2.2], "texture": "#2"},
				"down": {"uv": [2, 1, 3.5, 2.2], "texture": "#2"}
			}
		},
		{
			"from": [0, 8, 5.2],
			"to": [7.8, 8.2, 6.8],
			"faces": {
				"north": {"uv": [1, 2.2, 1.8, 2.2], "texture": "#0"},
				"east": {"uv": [1, 2.2, 1.8, 2.2], "texture": "#0"},
				"south": {"uv": [1, 2.2, 1.8, 2.2], "texture": "#0"},
				"west": {"uv": [1, 2.2, 1.8, 2.2], "texture": "#0"},
				"up": {"uv": [1, 2.2, 1.8, 2.2], "texture": "#0"},
				"down": {"uv": [1, 2.2, 1.8, 2.2], "texture": "#0"}
			}
		},
		{
			"from": [0, 6.7, 5],
			"to": [9, 8, 7],
			"faces": {
				"north": {"uv": [1, 2.7, 2, 3.6], "texture": "#0"},
				"east": {"uv": [1, 2.7, 1.8, 2.8], "texture": "#0"},
				"south": {"uv": [1, 2.7, 1.8, 2.8], "texture": "#0"},
				"west": {"uv": [1, 2.7, 1.8, 2.8], "texture": "#0"},
				"up": {"uv": [1, 2.7, 1.8, 2.8], "texture": "#0"},
				"down": {"uv": [1, 2.7, 1.8, 2.8], "texture": "#0"}
			}
		},
		{
			"from": [0, 5, 5],
			"to": [5.2, 6.7, 7],
			"faces": {
				"north": {"uv": [1, 2.7, 2, 3.6], "rotation": 180, "texture": "#0"},
				"east": {"uv": [1, 2.7, 2, 3.6], "rotation": 180, "texture": "#0"},
				"south": {"uv": [1, 2.7, 2, 3.6], "rotation": 180, "texture": "#0"},
				"west": {"uv": [1, 2.7, 2, 3.6], "rotation": 180, "texture": "#0"},
				"up": {"uv": [1, 2.7, 2, 3.6], "rotation": 180, "texture": "#0"},
				"down": {"uv": [1, 2.7, 2, 3.6], "rotation": 180, "texture": "#0"}
			}
		},
		{
			"from": [0.7, 6.1, 7],
			"to": [0.8, 7, 7.1],
			"rotation": {"angle": 0, "axis": "y", "origin": [1.1, 2.9, 13.9]},
			"faces": {
				"north": {"uv": [0, 0, 0.1, 0.9], "texture": "#2"},
				"east": {"uv": [0, 0, 0.1, 0.9], "texture": "#2"},
				"south": {"uv": [0, 0, 0.1, 0.9], "texture": "#2"},
				"west": {"uv": [0, 0, 0.1, 0.9], "texture": "#2"},
				"up": {"uv": [0, 0, 0.1, 0.9], "texture": "#2"},
				"down": {"uv": [0, 0, 0.1, 0.9], "texture": "#2"}
			}
		},
		{
			"from": [0.8, 5.8, 7],
			"to": [1.1, 7.4, 7.1],
			"rotation": {"angle": 0, "axis": "y", "origin": [1.1, 2.9, 13.9]},
			"faces": {
				"north": {"uv": [0, 0, 0.3, 1.6], "texture": "#2"},
				"east": {"uv": [0, 0, 0.3, 1.6], "texture": "#2"},
				"south": {"uv": [0, 0, 0.3, 1.6], "texture": "#2"},
				"west": {"uv": [0, 0, 0.3, 1.6], "texture": "#2"},
				"up": {"uv": [0, 0, 0.3, 1.6], "texture": "#2"},
				"down": {"uv": [0, 0, 0.3, 1.6], "texture": "#2"}
			}
		},
		{
			"from": [1.1, 5.8, 7],
			"to": [3.1, 7.4, 7.1],
			"rotation": {"angle": 0, "axis": "y", "origin": [1.1, 2.9, 13.9]},
			"faces": {
				"north": {"uv": [0, 0, 2, 1.6], "texture": "#2"},
				"east": {"uv": [0, 0, 2, 1.6], "texture": "#2"},
				"south": {"uv": [0, 0, 2, 1.6], "texture": "#2"},
				"west": {"uv": [0, 0, 2, 1.6], "texture": "#2"},
				"up": {"uv": [0, 0, 2, 1.6], "texture": "#2"},
				"down": {"uv": [0, 0, 2, 1.6], "texture": "#2"}
			}
		},
		{
			"from": [1.1, 7.4, 7],
			"to": [3.1, 7.7, 7.1],
			"rotation": {"angle": 0, "axis": "y", "origin": [1.1, 2.9, 13.9]},
			"faces": {
				"north": {"uv": [0, 0, 2, 0.3], "texture": "#2"},
				"east": {"uv": [0, 0, 2, 0.3], "texture": "#2"},
				"south": {"uv": [0, 0, 2, 0.3], "texture": "#2"},
				"west": {"uv": [0, 0, 2, 0.3], "texture": "#2"},
				"up": {"uv": [0, 0, 2, 0.3], "texture": "#2"},
				"down": {"uv": [0, 0, 2, 0.3], "texture": "#2"}
			}
		},
		{
			"from": [5.7, 4.3, 7],
			"to": [5.9, 5, 7.1],
			"rotation": {"angle": 45, "axis": "z", "origin": [1.1, 2.9, 13.9]},
			"faces": {
				"north": {"uv": [0, 0, 0.2, 0.7], "texture": "#2"},
				"east": {"uv": [0, 0, 0.2, 0.7], "texture": "#2"},
				"south": {"uv": [0, 0, 0.2, 0.7], "texture": "#2"},
				"west": {"uv": [0, 0, 0.2, 0.7], "texture": "#2"},
				"up": {"uv": [0, 0, 0.2, 0.7], "texture": "#2"},
				"down": {"uv": [0, 0, 0.2, 0.7], "texture": "#2"}
			}
		},
		{
			"from": [1.4, 7.7, 7],
			"to": [2.8, 7.8, 7.1],
			"rotation": {"angle": 0, "axis": "y", "origin": [1.1, 2.9, 13.9]},
			"faces": {
				"north": {"uv": [0, 0, 1.4, 0.1], "texture": "#2"},
				"east": {"uv": [0, 0, 1.4, 0.1], "texture": "#2"},
				"south": {"uv": [0, 0, 1.4, 0.1], "texture": "#2"},
				"west": {"uv": [0, 0, 1.4, 0.1], "texture": "#2"},
				"up": {"uv": [0, 0, 1.4, 0.1], "texture": "#2"},
				"down": {"uv": [0, 0, 1.4, 0.1], "texture": "#2"}
			}
		},
		{
			"from": [3.9, 6.1, 7],
			"to": [4.6, 6.3, 7.1],
			"rotation": {"angle": 45, "axis": "z", "origin": [1.1, 2.9, 13.9]},
			"faces": {
				"north": {"uv": [0, 0, 0.2, 0.7], "rotation": 270, "texture": "#2"},
				"east": {"uv": [0, 0, 0.2, 0.7], "rotation": 270, "texture": "#2"},
				"south": {"uv": [0, 0, 0.2, 0.7], "rotation": 270, "texture": "#2"},
				"west": {"uv": [0, 0, 0.2, 0.7], "rotation": 270, "texture": "#2"},
				"up": {"uv": [0, 0, 0.2, 0.7], "rotation": 270, "texture": "#2"},
				"down": {"uv": [0, 0, 0.2, 0.7], "rotation": 270, "texture": "#2"}
			}
		},
		{
			"from": [3.1, 5.8, 7],
			"to": [3.4, 7.4, 7.1],
			"rotation": {"angle": 0, "axis": "y", "origin": [1.1, 2.9, 13.9]},
			"faces": {
				"north": {"uv": [0, 0, 0.3, 1.6], "texture": "#2"},
				"east": {"uv": [0, 0, 0.3, 1.6], "texture": "#2"},
				"south": {"uv": [0, 0, 0.3, 1.6], "texture": "#2"},
				"west": {"uv": [0, 0, 0.3, 1.6], "texture": "#2"},
				"up": {"uv": [0, 0, 0.3, 1.6], "texture": "#2"},
				"down": {"uv": [0, 0, 0.3, 1.6], "texture": "#2"}
			}
		},
		{
			"from": [3.4, 6.1, 7],
			"to": [3.5, 7, 7.1],
			"rotation": {"angle": 0, "axis": "y", "origin": [1.1, 2.9, 13.9]},
			"faces": {
				"north": {"uv": [0, 0, 0.1, 0.9], "texture": "#2"},
				"east": {"uv": [0, 0, 0.1, 0.9], "texture": "#2"},
				"south": {"uv": [0, 0, 0.1, 0.9], "texture": "#2"},
				"west": {"uv": [0, 0, 0.1, 0.9], "texture": "#2"},
				"up": {"uv": [0, 0, 0.1, 0.9], "texture": "#2"},
				"down": {"uv": [0, 0, 0.1, 0.9], "texture": "#2"}
			}
		},
		{
			"from": [4.2, 3.3, 7],
			"to": [4.9, 3.5, 7.1],
			"rotation": {"angle": 45, "axis": "z", "origin": [1.1, 2.9, 13.9]},
			"faces": {
				"north": {"uv": [0, 0, 0.2, 0.7], "rotation": 270, "texture": "#2"},
				"east": {"uv": [0, 0, 0.2, 0.7], "rotation": 270, "texture": "#2"},
				"south": {"uv": [0, 0, 0.2, 0.7], "rotation": 270, "texture": "#2"},
				"west": {"uv": [0, 0, 0.2, 0.7], "rotation": 270, "texture": "#2"},
				"up": {"uv": [0, 0, 0.2, 0.7], "rotation": 270, "texture": "#2"},
				"down": {"uv": [0, 0, 0.2, 0.7], "rotation": 270, "texture": "#2"}
			}
		},
		{
			"from": [1.1, 5.5, 7],
			"to": [3.1, 5.8, 7.1],
			"rotation": {"angle": 0, "axis": "y", "origin": [1.1, 2.9, 13.9]},
			"faces": {
				"north": {"uv": [0, 0, 2, 0.3], "texture": "#2"},
				"east": {"uv": [0, 0, 2, 0.3], "texture": "#2"},
				"south": {"uv": [0, 0, 2, 0.3], "texture": "#2"},
				"west": {"uv": [0, 0, 2, 0.3], "texture": "#2"},
				"up": {"uv": [0, 0, 2, 0.3], "texture": "#2"},
				"down": {"uv": [0, 0, 2, 0.3], "texture": "#2"}
			}
		},
		{
			"from": [1.4, 5.4, 7],
			"to": [2.8, 5.5, 7.1],
			"rotation": {"angle": 0, "axis": "y", "origin": [1.1, 2.9, 13.9]},
			"faces": {
				"north": {"uv": [0, 0, 1.4, 0.1], "texture": "#2"},
				"east": {"uv": [0, 0, 1.4, 0.1], "texture": "#2"},
				"south": {"uv": [0, 0, 1.4, 0.1], "texture": "#2"},
				"west": {"uv": [0, 0, 1.4, 0.1], "texture": "#2"},
				"up": {"uv": [0, 0, 1.4, 0.1], "texture": "#2"},
				"down": {"uv": [0, 0, 1.4, 0.1], "texture": "#2"}
			}
		},
		{
			"from": [3, 4.6, 7],
			"to": [3.2, 5.3, 7.1],
			"rotation": {"angle": 45, "axis": "z", "origin": [1.1, 2.9, 13.9]},
			"faces": {
				"north": {"uv": [0, 0, 0.2, 0.7], "texture": "#2"},
				"east": {"uv": [0, 0, 0.2, 0.7], "texture": "#2"},
				"south": {"uv": [0, 0, 0.2, 0.7], "texture": "#2"},
				"west": {"uv": [0, 0, 0.2, 0.7], "texture": "#2"},
				"up": {"uv": [0, 0, 0.2, 0.7], "texture": "#2"},
				"down": {"uv": [0, 0, 0.2, 0.7], "texture": "#2"}
			}
		},
		{
			"from": [2, 5.7, 7.1],
			"to": [2.2, 6.8, 7.2],
			"rotation": {"angle": 0, "axis": "y", "origin": [1.1, 2.9, 13.9]},
			"faces": {
				"north": {"uv": [0, 0, 16, 16], "texture": "#1"},
				"east": {"uv": [0, 0, 16, 16], "texture": "#1"},
				"south": {"uv": [0, 0, 16, 16], "texture": "#1"},
				"west": {"uv": [0, 0, 16, 16], "texture": "#1"},
				"up": {"uv": [0, 0, 16, 16], "texture": "#1"},
				"down": {"uv": [0, 0, 16, 16], "texture": "#1"}
			}
		},
		{
			"from": [4.4, 4.7, 7.1],
			"to": [5.1, 4.9, 7.2],
			"rotation": {"angle": 45, "axis": "z", "origin": [1.1, 2.9, 13.9]},
			"faces": {
				"north": {"uv": [0, 0, 16, 16], "rotation": 90, "texture": "#1"},
				"east": {"uv": [0, 0, 16, 16], "rotation": 90, "texture": "#1"},
				"south": {"uv": [0, 0, 16, 16], "rotation": 90, "texture": "#1"},
				"west": {"uv": [0, 0, 16, 16], "rotation": 90, "texture": "#1"},
				"up": {"uv": [0, 0, 16, 16], "rotation": 90, "texture": "#1"},
				"down": {"uv": [0, 0, 16, 16], "rotation": 90, "texture": "#1"}
			}
		},
		{
			"from": [4.3, 4.8, 7.1],
			"to": [4.5, 5.5, 7.2],
			"rotation": {"angle": 45, "axis": "z", "origin": [1.1, 2.9, 13.9]},
			"faces": {
				"north": {"uv": [0, 0, 16, 16], "texture": "#1"},
				"east": {"uv": [0, 0, 16, 16], "texture": "#1"},
				"south": {"uv": [0, 0, 16, 16], "texture": "#1"},
				"west": {"uv": [0, 0, 16, 16], "texture": "#1"},
				"up": {"uv": [0, 0, 16, 16], "texture": "#1"},
				"down": {"uv": [0, 0, 16, 16], "texture": "#1"}
			}
		},
		{
			"from": [4.4, 5.4, 7.1],
			"to": [5.1, 5.6, 7.2],
			"rotation": {"angle": 45, "axis": "z", "origin": [1.1, 2.9, 13.9]},
			"faces": {
				"north": {"uv": [0, 0, 16, 16], "rotation": 90, "texture": "#1"},
				"east": {"uv": [0, 0, 16, 16], "rotation": 90, "texture": "#1"},
				"south": {"uv": [0, 0, 16, 16], "rotation": 90, "texture": "#1"},
				"west": {"uv": [0, 0, 16, 16], "rotation": 90, "texture": "#1"},
				"up": {"uv": [0, 0, 16, 16], "rotation": 90, "texture": "#1"},
				"down": {"uv": [0, 0, 16, 16], "rotation": 90, "texture": "#1"}
			}
		},
		{
			"from": [5, 4.8, 7.1],
			"to": [5.2, 5.5, 7.2],
			"rotation": {"angle": 45, "axis": "z", "origin": [1.1, 2.9, 13.9]},
			"faces": {
				"north": {"uv": [0, 0, 16, 16], "texture": "#1"},
				"east": {"uv": [0, 0, 16, 16], "texture": "#1"},
				"south": {"uv": [0, 0, 16, 16], "texture": "#1"},
				"west": {"uv": [0, 0, 16, 16], "texture": "#1"},
				"up": {"uv": [0, 0, 16, 16], "texture": "#1"},
				"down": {"uv": [0, 0, 16, 16], "texture": "#1"}
			}
		},
		{
			"from": [1.1, 5.8, 4.9],
			"to": [3.1, 7.4, 5],
			"rotation": {"angle": 0, "axis": "y", "origin": [3.1, 2.9, -1.9]},
			"faces": {
				"north": {"uv": [0, 0, 2, 1.6], "texture": "#2"},
				"east": {"uv": [0, 0, 2, 1.6], "texture": "#2"},
				"south": {"uv": [0, 0, 2, 1.6], "texture": "#2"},
				"west": {"uv": [0, 0, 2, 1.6], "texture": "#2"},
				"up": {"uv": [0, 0, 2, 1.6], "rotation": 180, "texture": "#2"},
				"down": {"uv": [0, 0, 2, 1.6], "rotation": 180, "texture": "#2"}
			}
		},
		{
			"from": [3.1, 5.8, 4.9],
			"to": [3.4, 7.4, 5],
			"rotation": {"angle": 0, "axis": "y", "origin": [3.1, 2.9, -1.9]},
			"faces": {
				"north": {"uv": [0, 0, 0.3, 1.6], "texture": "#2"},
				"east": {"uv": [0, 0, 0.3, 1.6], "texture": "#2"},
				"south": {"uv": [0, 0, 0.3, 1.6], "texture": "#2"},
				"west": {"uv": [0, 0, 0.3, 1.6], "texture": "#2"},
				"up": {"uv": [0, 0, 0.3, 1.6], "rotation": 180, "texture": "#2"},
				"down": {"uv": [0, 0, 0.3, 1.6], "rotation": 180, "texture": "#2"}
			}
		},
		{
			"from": [3.4, 6.1, 4.9],
			"to": [3.5, 7, 5],
			"rotation": {"angle": 0, "axis": "y", "origin": [3.1, 2.9, -1.9]},
			"faces": {
				"north": {"uv": [0, 0, 0.1, 0.9], "texture": "#2"},
				"east": {"uv": [0, 0, 0.1, 0.9], "texture": "#2"},
				"south": {"uv": [0, 0, 0.1, 0.9], "texture": "#2"},
				"west": {"uv": [0, 0, 0.1, 0.9], "texture": "#2"},
				"up": {"uv": [0, 0, 0.1, 0.9], "rotation": 180, "texture": "#2"},
				"down": {"uv": [0, 0, 0.1, 0.9], "rotation": 180, "texture": "#2"}
			}
		},
		{
			"from": [-0.4, 6.1, 4.9],
			"to": [0.3, 6.3, 5],
			"rotation": {"angle": -45, "axis": "z", "origin": [3.1, 2.9, -1.9]},
			"faces": {
				"north": {"uv": [0, 0, 0.2, 0.7], "rotation": 270, "texture": "#2"},
				"east": {"uv": [0, 0, 0.2, 0.7], "rotation": 270, "texture": "#2"},
				"south": {"uv": [0, 0, 0.2, 0.7], "rotation": 270, "texture": "#2"},
				"west": {"uv": [0, 0, 0.2, 0.7], "rotation": 270, "texture": "#2"},
				"up": {"uv": [0, 0, 0.2, 0.7], "rotation": 90, "texture": "#2"},
				"down": {"uv": [0, 0, 0.2, 0.7], "rotation": 90, "texture": "#2"}
			}
		},
		{
			"from": [1.1, 7.4, 4.9],
			"to": [3.1, 7.7, 5],
			"rotation": {"angle": 0, "axis": "y", "origin": [3.1, 2.9, -1.9]},
			"faces": {
				"north": {"uv": [0, 0, 2, 0.3], "texture": "#2"},
				"east": {"uv": [0, 0, 2, 0.3], "texture": "#2"},
				"south": {"uv": [0, 0, 2, 0.3], "texture": "#2"},
				"west": {"uv": [0, 0, 2, 0.3], "texture": "#2"},
				"up": {"uv": [0, 0, 2, 0.3], "rotation": 180, "texture": "#2"},
				"down": {"uv": [0, 0, 2, 0.3], "rotation": 180, "texture": "#2"}
			}
		},
		{
			"from": [1.4, 7.7, 4.9],
			"to": [2.8, 7.8, 5],
			"rotation": {"angle": 0, "axis": "y", "origin": [3.1, 2.9, -1.9]},
			"faces": {
				"north": {"uv": [0, 0, 1.4, 0.1], "texture": "#2"},
				"east": {"uv": [0, 0, 1.4, 0.1], "texture": "#2"},
				"south": {"uv": [0, 0, 1.4, 0.1], "texture": "#2"},
				"west": {"uv": [0, 0, 1.4, 0.1], "texture": "#2"},
				"up": {"uv": [0, 0, 1.4, 0.1], "rotation": 180, "texture": "#2"},
				"down": {"uv": [0, 0, 1.4, 0.1], "rotation": 180, "texture": "#2"}
			}
		},
		{
			"from": [-1.7, 4.3, 4.9],
			"to": [-1.5, 5, 5],
			"rotation": {"angle": -45, "axis": "z", "origin": [3.1, 2.9, -1.9]},
			"faces": {
				"north": {"uv": [0, 0, 0.2, 0.7], "texture": "#2"},
				"east": {"uv": [0, 0, 0.2, 0.7], "texture": "#2"},
				"south": {"uv": [0, 0, 0.2, 0.7], "texture": "#2"},
				"west": {"uv": [0, 0, 0.2, 0.7], "texture": "#2"},
				"up": {"uv": [0, 0, 0.2, 0.7], "rotation": 180, "texture": "#2"},
				"down": {"uv": [0, 0, 0.2, 0.7], "rotation": 180, "texture": "#2"}
			}
		},
		{
			"from": [0.8, 5.8, 4.9],
			"to": [1.1, 7.4, 5],
			"rotation": {"angle": 0, "axis": "y", "origin": [3.1, 2.9, -1.9]},
			"faces": {
				"north": {"uv": [0, 0, 0.3, 1.6], "texture": "#2"},
				"east": {"uv": [0, 0, 0.3, 1.6], "texture": "#2"},
				"south": {"uv": [0, 0, 0.3, 1.6], "texture": "#2"},
				"west": {"uv": [0, 0, 0.3, 1.6], "texture": "#2"},
				"up": {"uv": [0, 0, 0.3, 1.6], "rotation": 180, "texture": "#2"},
				"down": {"uv": [0, 0, 0.3, 1.6], "rotation": 180, "texture": "#2"}
			}
		},
		{
			"from": [0.7, 6.1, 4.9],
			"to": [0.8, 7, 5],
			"rotation": {"angle": 0, "axis": "y", "origin": [3.1, 2.9, -1.9]},
			"faces": {
				"north": {"uv": [0, 0, 0.1, 0.9], "texture": "#2"},
				"east": {"uv": [0, 0, 0.1, 0.9], "texture": "#2"},
				"south": {"uv": [0, 0, 0.1, 0.9], "texture": "#2"},
				"west": {"uv": [0, 0, 0.1, 0.9], "texture": "#2"},
				"up": {"uv": [0, 0, 0.1, 0.9], "rotation": 180, "texture": "#2"},
				"down": {"uv": [0, 0, 0.1, 0.9], "rotation": 180, "texture": "#2"}
			}
		},
		{
			"from": [1.1, 5.5, 4.9],
			"to": [3.1, 5.8, 5],
			"rotation": {"angle": 0, "axis": "y", "origin": [3.1, 2.9, -1.9]},
			"faces": {
				"north": {"uv": [0, 0, 2, 0.3], "texture": "#2"},
				"east": {"uv": [0, 0, 2, 0.3], "texture": "#2"},
				"south": {"uv": [0, 0, 2, 0.3], "texture": "#2"},
				"west": {"uv": [0, 0, 2, 0.3], "texture": "#2"},
				"up": {"uv": [0, 0, 2, 0.3], "rotation": 180, "texture": "#2"},
				"down": {"uv": [0, 0, 2, 0.3], "rotation": 180, "texture": "#2"}
			}
		},
		{
			"from": [1, 4.6, 4.9],
			"to": [1.2, 5.3, 5],
			"rotation": {"angle": -45, "axis": "z", "origin": [3.1, 2.9, -1.9]},
			"faces": {
				"north": {"uv": [0, 0, 0.2, 0.7], "texture": "#2"},
				"east": {"uv": [0, 0, 0.2, 0.7], "texture": "#2"},
				"south": {"uv": [0, 0, 0.2, 0.7], "texture": "#2"},
				"west": {"uv": [0, 0, 0.2, 0.7], "texture": "#2"},
				"up": {"uv": [0, 0, 0.2, 0.7], "rotation": 180, "texture": "#2"},
				"down": {"uv": [0, 0, 0.2, 0.7], "rotation": 180, "texture": "#2"}
			}
		},
		{
			"from": [1.4, 5.4, 4.9],
			"to": [2.8, 5.5, 5],
			"rotation": {"angle": 0, "axis": "y", "origin": [3.1, 2.9, -1.9]},
			"faces": {
				"north": {"uv": [0, 0, 1.4, 0.1], "texture": "#2"},
				"east": {"uv": [0, 0, 1.4, 0.1], "texture": "#2"},
				"south": {"uv": [0, 0, 1.4, 0.1], "texture": "#2"},
				"west": {"uv": [0, 0, 1.4, 0.1], "texture": "#2"},
				"up": {"uv": [0, 0, 1.4, 0.1], "rotation": 180, "texture": "#2"},
				"down": {"uv": [0, 0, 1.4, 0.1], "rotation": 180, "texture": "#2"}
			}
		},
		{
			"from": [-0.7, 3.3, 4.9],
			"to": [0, 3.5, 5],
			"rotation": {"angle": -45, "axis": "z", "origin": [3.1, 2.9, -1.9]},
			"faces": {
				"north": {"uv": [0, 0, 0.2, 0.7], "rotation": 270, "texture": "#2"},
				"east": {"uv": [0, 0, 0.2, 0.7], "rotation": 270, "texture": "#2"},
				"south": {"uv": [0, 0, 0.2, 0.7], "rotation": 270, "texture": "#2"},
				"west": {"uv": [0, 0, 0.2, 0.7], "rotation": 270, "texture": "#2"},
				"up": {"uv": [0, 0, 0.2, 0.7], "rotation": 90, "texture": "#2"},
				"down": {"uv": [0, 0, 0.2, 0.7], "rotation": 90, "texture": "#2"}
			}
		},
		{
			"from": [-0.3, 4.8, 4.8],
			"to": [-0.1, 5.5, 4.9],
			"rotation": {"angle": -45, "axis": "z", "origin": [3.1, 2.9, -1.9]},
			"faces": {
				"north": {"uv": [0, 0, 16, 16], "texture": "#1"},
				"east": {"uv": [0, 0, 16, 16], "texture": "#1"},
				"south": {"uv": [0, 0, 16, 16], "texture": "#1"},
				"west": {"uv": [0, 0, 16, 16], "texture": "#1"},
				"up": {"uv": [0, 0, 16, 16], "rotation": 180, "texture": "#1"},
				"down": {"uv": [0, 0, 16, 16], "rotation": 180, "texture": "#1"}
			}
		},
		{
			"from": [-0.9, 5.4, 4.8],
			"to": [-0.2, 5.6, 4.9],
			"rotation": {"angle": -45, "axis": "z", "origin": [3.1, 2.9, -1.9]},
			"faces": {
				"north": {"uv": [0, 0, 16, 16], "rotation": 90, "texture": "#1"},
				"east": {"uv": [0, 0, 16, 16], "rotation": 90, "texture": "#1"},
				"south": {"uv": [0, 0, 16, 16], "rotation": 90, "texture": "#1"},
				"west": {"uv": [0, 0, 16, 16], "rotation": 90, "texture": "#1"},
				"up": {"uv": [0, 0, 16, 16], "rotation": 270, "texture": "#1"},
				"down": {"uv": [0, 0, 16, 16], "rotation": 270, "texture": "#1"}
			}
		},
		{
			"from": [-1, 4.8, 4.8],
			"to": [-0.8, 5.5, 4.9],
			"rotation": {"angle": -45, "axis": "z", "origin": [3.1, 2.9, -1.9]},
			"faces": {
				"north": {"uv": [0, 0, 16, 16], "texture": "#1"},
				"east": {"uv": [0, 0, 16, 16], "texture": "#1"},
				"south": {"uv": [0, 0, 16, 16], "texture": "#1"},
				"west": {"uv": [0, 0, 16, 16], "texture": "#1"},
				"up": {"uv": [0, 0, 16, 16], "rotation": 180, "texture": "#1"},
				"down": {"uv": [0, 0, 16, 16], "rotation": 180, "texture": "#1"}
			}
		},
		{
			"from": [-0.9, 4.7, 4.8],
			"to": [-0.2, 4.9, 4.9],
			"rotation": {"angle": -45, "axis": "z", "origin": [3.1, 2.9, -1.9]},
			"faces": {
				"north": {"uv": [0, 0, 16, 16], "rotation": 90, "texture": "#1"},
				"east": {"uv": [0, 0, 16, 16], "rotation": 90, "texture": "#1"},
				"south": {"uv": [0, 0, 16, 16], "rotation": 90, "texture": "#1"},
				"west": {"uv": [0, 0, 16, 16], "rotation": 90, "texture": "#1"},
				"up": {"uv": [0, 0, 16, 16], "rotation": 270, "texture": "#1"},
				"down": {"uv": [0, 0, 16, 16], "rotation": 270, "texture": "#1"}
			}
		},
		{
			"from": [2, 5.7, 4.8],
			"to": [2.2, 6.8, 4.9],
			"rotation": {"angle": 0, "axis": "y", "origin": [3.1, 2.9, -1.9]},
			"faces": {
				"north": {"uv": [0, 0, 16, 16], "texture": "#1"},
				"east": {"uv": [0, 0, 16, 16], "texture": "#1"},
				"south": {"uv": [0, 0, 16, 16], "texture": "#1"},
				"west": {"uv": [0, 0, 16, 16], "texture": "#1"},
				"up": {"uv": [0, 0, 16, 16], "rotation": 180, "texture": "#1"},
				"down": {"uv": [0, 0, 16, 16], "rotation": 180, "texture": "#1"}
			}
		},
		{
			"from": [-0.4, 4.6, 5.2],
			"to": [0.4, 5, 6.8],
			"rotation": {"angle": -22.5, "axis": "z", "origin": [0, -0.2, 0]},
			"faces": {
				"north": {"uv": [0, 0, 3.2, 3], "texture": "#2"},
				"east": {"uv": [0, 0, 3.2, 3], "texture": "#2"},
				"south": {"uv": [0, 0, 3.2, 3], "texture": "#2"},
				"west": {"uv": [0, 0, 3.2, 3], "texture": "#2"},
				"up": {"uv": [0, 0, 3.2, 3], "texture": "#2"},
				"down": {"uv": [0, 0, 3.2, 3], "texture": "#2"}
			}
		},
		{
			"from": [0, 4.4, 5.1],
			"to": [3.6, 5, 6.9],
			"rotation": {"angle": 0, "axis": "y", "origin": [0, -0.2, 0]},
			"faces": {
				"north": {"uv": [1, 2.7, 2, 3.6], "rotation": 180, "texture": "#0"},
				"east": {"uv": [1, 2.7, 2, 3.6], "rotation": 180, "texture": "#0"},
				"south": {"uv": [1, 2.7, 2, 3.6], "rotation": 180, "texture": "#0"},
				"west": {"uv": [1, 2.7, 2, 3.6], "rotation": 180, "texture": "#0"},
				"up": {"uv": [1, 2.7, 2, 3.6], "rotation": 180, "texture": "#0"},
				"down": {"uv": [1, 2.7, 2, 3.6], "rotation": 180, "texture": "#0"}
			}
		},
		{
			"from": [-0.5, 4.5, 5.7],
			"to": [0, 5.1, 6.3],
			"faces": {
				"north": {"uv": [2, 1, 3.5, 2.2], "texture": "#2"},
				"east": {"uv": [2, 1, 3.5, 2.2], "texture": "#2"},
				"south": {"uv": [2, 1, 3.5, 2.2], "texture": "#2"},
				"west": {"uv": [6.9, 8.9, 9.1, 11], "texture": "#3"},
				"up": {"uv": [2, 1, 3.5, 2.2], "texture": "#2"},
				"down": {"uv": [2, 1, 3.5, 2.2], "texture": "#2"}
			}
		}
	],
	"display": {
		"thirdperson_righthand": {
			"rotation": [67, -90, 0],
			"translation": [-3, 3.25, 5.5],
			"scale": [1.4, 1.4, 1.4]
		},
		"thirdperson_lefthand": {
			"rotation": [67, 90, 0],
			"translation": [2.75, 3.25, 5.5],
			"scale": [1.4, 1.4, 1.4]
		},
		"firstperson_righthand": {
			"rotation": [0, -102, 0],
			"scale": [1, 1, 1.4]
		},
		"firstperson_lefthand": {
			"rotation": [0, 87, 0],
			"translation": [3.25, 1, 3],
			"scale": [1, 1, 1.4]
		},
		"ground": {
			"translation": [0.5, 0, 1.75]
		},
		"gui": {
			"rotation": [0, 0, -24],
			"translation": [4.75, 0.5, 0],
			"scale": [1.4, 1.4, 1.4]
		}
	}
}