{
	"credit": "Made with Blockbench",
	"parent": "79",
	"textures": {
		"0": "minecraft:block/dispenser_front_vertical",
		"2": "minecraft:block/dark_prismarine",
		"3": "minecraft:block/deepslate_tiles",
		"4": "minecraft:block/shroomlight",
		"particle": "minecraft:block/dispenser_front_vertical"
	},
	"elements": [
		{
			"from": [6, 5.2, 7],
			"to": [16, 8, 9],
			"faces": {
				"north": {"uv": [10.4, 1, 11, 3.5], "texture": "#2"},
				"east": {"uv": [10.4, 1, 11, 3.5], "texture": "#2"},
				"south": {"uv": [10.4, 1, 11, 3.5], "texture": "#2"},
				"west": {"uv": [10.4, 1, 11, 3.5], "texture": "#2"},
				"up": {"uv": [10.4, 1, 11, 3.5], "texture": "#2"},
				"down": {"uv": [10.4, 1, 11, 3.5], "texture": "#2"}
			}
		},
		{
			"from": [16, 5.8, 7.1],
			"to": [24.1, 7.7, 8.9],
			"faces": {
				"north": {"uv": [10.4, 1, 11, 3.5], "texture": "#2"},
				"east": {"uv": [10.4, 1, 11, 3.5], "texture": "#2"},
				"south": {"uv": [10.4, 1, 11, 3.5], "texture": "#2"},
				"west": {"uv": [10.4, 1, 11, 3.5], "texture": "#2"},
				"up": {"uv": [10.4, 1, 11, 3.5], "texture": "#2"},
				"down": {"uv": [10.4, 1, 11, 3.5], "texture": "#2"}
			}
		},
		{
			"from": [16, 13, 7.1],
			"to": [20.2, 14.6, 8.9],
			"rotation": {"angle": -22.5, "axis": "z", "origin": [0, 0, 0]},
			"faces": {
				"north": {"uv": [10.4, 1, 11, 3.5], "texture": "#2"},
				"east": {"uv": [10.4, 1, 11, 3.5], "texture": "#2"},
				"south": {"uv": [10.4, 1, 11, 3.5], "texture": "#2"},
				"west": {"uv": [10.4, 1, 11, 3.5], "texture": "#2"},
				"up": {"uv": [10.4, 1, 11, 3.5], "texture": "#2"},
				"down": {"uv": [10.4, 1, 11, 3.5], "texture": "#2"}
			}
		},
		{
			"from": [10.2, 12.9, 7.1],
			"to": [11.4, 13.4, 8.9],
			"rotation": {"angle": -22.5, "axis": "z", "origin": [0, 0, 0]},
			"faces": {
				"north": {"uv": [10.4, 1, 11, 3.5], "texture": "#2"},
				"east": {"uv": [10.4, 1, 11, 3.5], "texture": "#2"},
				"south": {"uv": [10.4, 1, 11, 3.5], "texture": "#2"},
				"west": {"uv": [10.4, 1, 11, 3.5], "texture": "#2"},
				"up": {"uv": [10.4, 1, 11, 3.5], "texture": "#2"},
				"down": {"uv": [10.4, 1, 11, 3.5], "texture": "#2"}
			}
		},
		{
			"from": [6, 8, 7.1],
			"to": [14.6, 8.5, 8.9],
			"faces": {
				"north": {"uv": [10.4, 1, 11, 3.5], "texture": "#2"},
				"east": {"uv": [10.4, 1, 11, 3.5], "texture": "#2"},
				"south": {"uv": [10.4, 1, 11, 3.5], "texture": "#2"},
				"west": {"uv": [10.4, 1, 11, 3.5], "texture": "#2"},
				"up": {"uv": [10.4, 1, 11, 3.5], "texture": "#2"},
				"down": {"uv": [10.4, 1, 11, 3.5], "texture": "#2"}
			}
		},
		{
			"from": [6.9, 12.6, 7.2],
			"to": [8.6, 14, 8.8],
			"rotation": {"angle": -45, "axis": "z", "origin": [0, 0, 0]},
			"faces": {
				"north": {"uv": [0, 1, 2.2, 4], "rotation": 270, "texture": "#0"},
				"east": {"uv": [0, 1, 2.2, 4], "rotation": 270, "texture": "#0"},
				"south": {"uv": [0, 1, 2.2, 4], "rotation": 270, "texture": "#0"},
				"west": {"uv": [0, 1, 2.2, 4], "rotation": 270, "texture": "#0"},
				"up": {"uv": [0, 1, 2.2, 4], "rotation": 270, "texture": "#0"},
				"down": {"uv": [0, 1, 2.2, 4], "rotation": 270, "texture": "#0"}
			}
		},
		{
			"from": [14, 4, 7.2],
			"to": [15.1, 5, 8.8],
			"faces": {
				"north": {"uv": [0, 1, 2.2, 4], "rotation": 270, "texture": "#0"},
				"east": {"uv": [0, 1, 2.2, 4], "rotation": 270, "texture": "#0"},
				"south": {"uv": [0, 1, 2.2, 4], "rotation": 270, "texture": "#0"},
				"west": {"uv": [0, 1, 2.2, 4], "rotation": 270, "texture": "#0"},
				"up": {"uv": [0, 1, 2.2, 4], "rotation": 270, "texture": "#0"},
				"down": {"uv": [0, 1, 2.2, 4], "rotation": 270, "texture": "#0"}
			}
		},
		{
			"from": [12, 3.9, 7.2],
			"to": [14.2, 4.3, 8.8],
			"faces": {
				"north": {"uv": [0, 1, 2.2, 4], "rotation": 270, "texture": "#0"},
				"east": {"uv": [0, 1, 2.2, 4], "rotation": 270, "texture": "#0"},
				"south": {"uv": [0, 1, 2.2, 4], "rotation": 270, "texture": "#0"},
				"west": {"uv": [0, 1, 2.2, 4], "rotation": 270, "texture": "#0"},
				"up": {"uv": [0, 1, 2.2, 4], "rotation": 270, "texture": "#0"},
				"down": {"uv": [0, 1, 2.2, 4], "rotation": 270, "texture": "#0"}
			}
		},
		{
			"from": [9.8, 3.5, 7.1],
			"to": [12, 5.2, 8.9],
			"faces": {
				"north": {"uv": [10.4, 1, 11, 3.5], "texture": "#2"},
				"east": {"uv": [10.4, 1, 11, 3.5], "texture": "#2"},
				"south": {"uv": [10.4, 1, 11, 3.5], "texture": "#2"},
				"west": {"uv": [10.4, 1, 11, 3.5], "texture": "#2"},
				"up": {"uv": [10.4, 1, 11, 3.5], "texture": "#2"},
				"down": {"uv": [10.4, 1, 11, 3.5], "texture": "#2"}
			}
		},
		{
			"from": [9.9, 2.3, 7.1],
			"to": [11.9, 3.5, 8.9],
			"faces": {
				"north": {"uv": [0, 1, 2.2, 4], "rotation": 270, "texture": "#0"},
				"east": {"uv": [0, 1, 2.2, 4], "rotation": 270, "texture": "#0"},
				"south": {"uv": [0, 1, 2.2, 4], "rotation": 270, "texture": "#0"},
				"west": {"uv": [0, 1, 2.2, 4], "rotation": 270, "texture": "#0"},
				"up": {"uv": [0, 1, 2.2, 4], "rotation": 270, "texture": "#0"},
				"down": {"uv": [0, 1, 2.2, 4], "rotation": 270, "texture": "#0"}
			}
		},
		{
			"from": [0.3, 0.3, 11.7],
			"to": [10.5, 2.2, 13.5],
			"rotation": {"angle": -45, "axis": "x", "origin": [0, 0, 0]},
			"faces": {
				"north": {"uv": [6.1, 10, 7.9, 11.9], "texture": "#3"},
				"east": {"uv": [6.1, 10, 7.9, 11.9], "texture": "#3"},
				"south": {"uv": [6.1, 10, 7.9, 11.9], "texture": "#3"},
				"west": {"uv": [5.1, 5, 10.9, 10.9], "texture": "#0"},
				"up": {"uv": [6.1, 10, 7.9, 11.9], "texture": "#3"},
				"down": {"uv": [6.1, 10, 7.9, 11.9], "texture": "#3"}
			}
		},
		{
			"from": [0.5, 8, 7.1],
			"to": [6, 8.4, 8.9],
			"faces": {
				"north": {"uv": [8, 15, 11.5, 15.5], "texture": "#0"},
				"east": {"uv": [8, 15, 11.5, 15.5], "texture": "#0"},
				"south": {"uv": [8, 15, 11.5, 15.5], "texture": "#0"},
				"west": {"uv": [8, 15, 11.5, 15.5], "texture": "#0"},
				"up": {"uv": [8, 15, 11.5, 15.5], "texture": "#0"},
				"down": {"uv": [8, 15, 11.5, 15.5], "texture": "#0"}
			}
		},
		{
			"from": [10.5, 8.9, 7.1],
			"to": [14.6, 10.6, 8.9],
			"faces": {
				"north": {"uv": [6.1, 10, 7.9, 11.9], "texture": "#3"},
				"east": {"uv": [5.1, 5, 10.9, 10.9], "texture": "#0"},
				"south": {"uv": [6.1, 10, 7.9, 11.9], "texture": "#3"},
				"west": {"uv": [6.1, 10, 7.9, 11.9], "texture": "#3"},
				"up": {"uv": [6.1, 10, 7.9, 11.9], "texture": "#3"},
				"down": {"uv": [6.1, 10, 7.9, 11.9], "texture": "#3"}
			}
		},
		{
			"from": [-8, 5.7, 7.1],
			"to": [4.9, 7.6, 8.9],
			"faces": {
				"north": {"uv": [1.9, 0.9, 13.9, 1.9], "texture": "#0"},
				"east": {"uv": [1.9, 0.9, 13.9, 1.9], "texture": "#0"},
				"south": {"uv": [1.9, 0.9, 13.9, 1.9], "texture": "#0"},
				"west": {"uv": [1.9, 0.9, 13.9, 1.9], "texture": "#0"},
				"up": {"uv": [1.9, 0.9, 13.9, 1.9], "texture": "#0"},
				"down": {"uv": [1.9, 0.9, 13.9, 1.9], "texture": "#0"}
			}
		},
		{
			"from": [-13, 5.5, 7.1],
			"to": [-8, 7.8, 8.9],
			"faces": {
				"north": {"uv": [12.1, 14, 12.9, 15.9], "texture": "#3"},
				"east": {"uv": [12.1, 14, 12.9, 15.9], "texture": "#3"},
				"south": {"uv": [12.1, 14, 12.9, 15.9], "texture": "#3"},
				"west": {"uv": [12.1, 14, 12.9, 15.9], "texture": "#3"},
				"up": {"uv": [12.1, 14, 12.9, 15.9], "texture": "#3"},
				"down": {"uv": [12.1, 14, 12.9, 15.9], "texture": "#3"}
			}
		},
		{
			"from": [-15.1, -5.4, 7.1],
			"to": [-13.1, -4.2, 8.9],
			"rotation": {"angle": -45, "axis": "z", "origin": [0, 0, 0]},
			"faces": {
				"north": {"uv": [12.1, 14, 12.9, 15.9], "texture": "#3"},
				"east": {"uv": [12.1, 14, 12.9, 15.9], "texture": "#3"},
				"south": {"uv": [12.1, 14, 12.9, 15.9], "texture": "#3"},
				"west": {"uv": [0, 0, 3.5, 1.9], "texture": "#0"},
				"up": {"uv": [0, 0, 3.5, 1.9], "texture": "#0"},
				"down": {"uv": [6, 5, 11, 10.8], "texture": "#0"}
			}
		},
		{
			"from": [-14.5, 6.9, 7.1],
			"to": [-13, 7.8, 8.9],
			"faces": {
				"north": {"uv": [12.1, 14, 12.9, 15.9], "texture": "#3"},
				"east": {"uv": [12.1, 14, 12.9, 15.9], "texture": "#3"},
				"south": {"uv": [12.1, 14, 12.9, 15.9], "texture": "#3"},
				"west": {"uv": [5, 4.6, 11, 6.7], "texture": "#0"},
				"up": {"uv": [12.1, 14, 12.9, 15.9], "texture": "#3"},
				"down": {"uv": [0, 0, 3.5, 1.9], "texture": "#0"}
			}
		},
		{
			"from": [0.8, 5, 7.2],
			"to": [16, 5.7, 8.8],
			"faces": {
				"north": {"uv": [10.4, 1, 11, 3.5], "texture": "#2"},
				"east": {"uv": [10.4, 1, 11, 3.5], "texture": "#2"},
				"south": {"uv": [10.4, 1, 11, 3.5], "texture": "#2"},
				"west": {"uv": [10.4, 1, 11, 3.5], "texture": "#2"},
				"up": {"uv": [10.4, 1, 11, 3.5], "texture": "#2"},
				"down": {"uv": [10.4, 1, 11, 3.5], "texture": "#2"}
			}
		},
		{
			"from": [15.9, -4.3, 7.2],
			"to": [16.3, -2.6, 8.8],
			"rotation": {"angle": 22.5, "axis": "z", "origin": [0, 0, 0]},
			"faces": {
				"north": {"uv": [0, 0, 0.4, 1], "rotation": 270, "texture": "#2"},
				"east": {"uv": [0, 0, 0.4, 1], "rotation": 270, "texture": "#2"},
				"south": {"uv": [0, 0, 0.4, 1], "rotation": 270, "texture": "#2"},
				"west": {"uv": [0, 0, 0.4, 1], "rotation": 270, "texture": "#2"},
				"up": {"uv": [0, 0, 0.4, 1], "rotation": 270, "texture": "#2"},
				"down": {"uv": [0, 0, 0.4, 1], "rotation": 270, "texture": "#2"}
			}
		},
		{
			"from": [14.9, -4.3, 7.2],
			"to": [15.9, -3.9, 8.8],
			"rotation": {"angle": 22.5, "axis": "z", "origin": [0, 0, 0]},
			"faces": {
				"north": {"uv": [0, 0, 0.4, 1], "rotation": 270, "texture": "#2"},
				"east": {"uv": [0, 0, 0.4, 1], "rotation": 270, "texture": "#2"},
				"south": {"uv": [0, 0, 0.4, 1], "rotation": 270, "texture": "#2"},
				"west": {"uv": [0, 0, 0.4, 1], "rotation": 270, "texture": "#2"},
				"up": {"uv": [0, 0, 0.4, 1], "rotation": 270, "texture": "#2"},
				"down": {"uv": [0, 0, 0.4, 1], "rotation": 270, "texture": "#2"}
			}
		},
		{
			"from": [14.9, -3.9, 7.2],
			"to": [15.9, -2.7, 8.8],
			"rotation": {"angle": 22.5, "axis": "z", "origin": [0, 0, 0]},
			"faces": {
				"north": {"uv": [0, 1, 2.2, 4], "rotation": 270, "texture": "#0"},
				"east": {"uv": [0, 1, 2.2, 4], "rotation": 270, "texture": "#0"},
				"south": {"uv": [0, 1, 2.2, 4], "rotation": 270, "texture": "#0"},
				"west": {"uv": [0, 1, 2.2, 4], "rotation": 270, "texture": "#0"},
				"up": {"uv": [0, 1, 2.2, 4], "rotation": 270, "texture": "#0"},
				"down": {"uv": [0, 1, 2.2, 4], "rotation": 270, "texture": "#0"}
			}
		},
		{
			"from": [6.9, 4.4, 7.1],
			"to": [8.8, 5.5, 8.9],
			"rotation": {"angle": 22.5, "axis": "z", "origin": [0, 0, 0]},
			"faces": {
				"north": {"uv": [11.4, 1, 12, 3.5], "rotation": 270, "texture": "#2"},
				"east": {"uv": [11.4, 1, 12, 3.5], "rotation": 90, "texture": "#2"},
				"south": {"uv": [11.4, 1, 12, 3.5], "rotation": 90, "texture": "#2"},
				"west": {"uv": [11.4, 1, 12, 3.5], "rotation": 90, "texture": "#2"},
				"up": {"uv": [11.4, 1, 12, 3.5], "rotation": 90, "texture": "#2"},
				"down": {"uv": [11.4, 1, 12, 3.5], "rotation": 90, "texture": "#2"}
			}
		},
		{
			"from": [4.2, 5.6, 7],
			"to": [6, 7.7, 9],
			"faces": {
				"north": {"uv": [11.4, 1, 12, 1.5], "texture": "#2"},
				"east": {"uv": [11.4, 1, 12, 1.5], "texture": "#2"},
				"south": {"uv": [11.4, 1, 12, 1.5], "texture": "#2"},
				"west": {"uv": [11.4, 1, 12, 1.5], "texture": "#2"},
				"up": {"uv": [11.4, 1, 12, 1.5], "texture": "#2"},
				"down": {"uv": [11.4, 1, 12, 1.5], "texture": "#2"}
			}
		},
		{
			"from": [24.1, 4, 7.1],
			"to": [24.5, 7.9, 8.9],
			"faces": {
				"north": {"uv": [8.4, 0, 9, 2.5], "texture": "#0"},
				"east": {"uv": [8.4, 0, 9, 2.5], "texture": "#0"},
				"south": {"uv": [8.4, 0, 9, 2.5], "texture": "#0"},
				"west": {"uv": [8.4, 0, 9, 2.5], "texture": "#0"},
				"up": {"uv": [8.4, 0, 9, 2.5], "texture": "#0"},
				"down": {"uv": [8.4, 0, 9, 2.5], "texture": "#0"}
			}
		},
		{
			"from": [20.2, 13, 7.1],
			"to": [20.4, 14, 8.9],
			"rotation": {"angle": -22.5, "axis": "z", "origin": [0, 0, 0]},
			"faces": {
				"north": {"uv": [10.4, 1, 11, 3.5], "texture": "#2"},
				"east": {"uv": [10.4, 1, 11, 3.5], "texture": "#2"},
				"south": {"uv": [10.4, 1, 11, 3.5], "texture": "#2"},
				"west": {"uv": [10.4, 1, 11, 3.5], "texture": "#2"},
				"up": {"uv": [10.4, 1, 11, 3.5], "texture": "#2"},
				"down": {"uv": [10.4, 1, 11, 3.5], "texture": "#2"}
			}
		},
		{
			"from": [20.4, 13, 7.1],
			"to": [20.6, 13.3, 8.9],
			"rotation": {"angle": -22.5, "axis": "z", "origin": [0, 0, 0]},
			"faces": {
				"north": {"uv": [10.4, 1, 11, 3.5], "texture": "#2"},
				"east": {"uv": [10.4, 1, 11, 3.5], "texture": "#2"},
				"south": {"uv": [10.4, 1, 11, 3.5], "texture": "#2"},
				"west": {"uv": [10.4, 1, 11, 3.5], "texture": "#2"},
				"up": {"uv": [10.4, 1, 11, 3.5], "texture": "#2"},
				"down": {"uv": [10.4, 1, 11, 3.5], "texture": "#2"}
			}
		},
		{
			"from": [20.6, 13, 7.1],
			"to": [20.7, 13.1, 8.9],
			"rotation": {"angle": -22.5, "axis": "z", "origin": [0, 0, 0]},
			"faces": {
				"north": {"uv": [10.4, 1, 11, 3.5], "texture": "#2"},
				"east": {"uv": [10.4, 1, 11, 3.5], "texture": "#2"},
				"south": {"uv": [10.4, 1, 11, 3.5], "texture": "#2"},
				"west": {"uv": [10.4, 1, 11, 3.5], "texture": "#2"},
				"up": {"uv": [10.4, 1, 11, 3.5], "texture": "#2"},
				"down": {"uv": [10.4, 1, 11, 3.5], "texture": "#2"}
			}
		},
		{
			"from": [23.9, 4.2, 7.1],
			"to": [24.1, 5.3, 8.9],
			"faces": {
				"north": {"uv": [10.4, 1, 11, 3.5], "texture": "#2"},
				"east": {"uv": [10.4, 1, 11, 3.5], "texture": "#2"},
				"south": {"uv": [10.4, 1, 11, 3.5], "texture": "#2"},
				"west": {"uv": [10.4, 1, 11, 3.5], "texture": "#2"},
				"up": {"uv": [10.4, 1, 11, 3.5], "texture": "#2"},
				"down": {"uv": [10.4, 1, 11, 3.5], "texture": "#2"}
			}
		},
		{
			"from": [22.2, 7.7, 7.1],
			"to": [24.1, 7.8, 8.9],
			"faces": {
				"north": {"uv": [8.4, 0, 9, 2.5], "texture": "#0"},
				"east": {"uv": [8.4, 0, 9, 2.5], "texture": "#0"},
				"south": {"uv": [8.4, 0, 9, 2.5], "texture": "#0"},
				"west": {"uv": [8.4, 0, 9, 2.5], "texture": "#0"},
				"up": {"uv": [8.4, 0, 9, 2.5], "texture": "#0"},
				"down": {"uv": [8.4, 0, 9, 2.5], "texture": "#0"}
			}
		},
		{
			"from": [10.34, 7.265, 6.89],
			"to": [12.32, 7.43, 7.055],
			"rotation": {"angle": 0, "axis": "y", "origin": [22.715, -13.03, -1.69]},
			"faces": {
				"north": {"uv": [9, 4, 12, 7], "texture": "#4"},
				"east": {"uv": [9, 4, 12, 7], "texture": "#4"},
				"south": {"uv": [9, 4, 12, 7], "texture": "#4"},
				"west": {"uv": [9, 4, 12, 7], "texture": "#4"},
				"up": {"uv": [9, 4, 12, 7], "texture": "#4"},
				"down": {"uv": [9, 4, 12, 7], "texture": "#4"}
			}
		},
		{
			"from": [10.505, 6.935, 6.89],
			"to": [11.99, 7.1, 7.055],
			"rotation": {"angle": 0, "axis": "y", "origin": [22.715, -13.03, -1.69]},
			"faces": {
				"north": {"uv": [9, 4, 12, 7], "texture": "#4"},
				"east": {"uv": [9, 4, 12, 7], "texture": "#4"},
				"south": {"uv": [9, 4, 12, 7], "texture": "#4"},
				"west": {"uv": [9, 4, 12, 7], "texture": "#4"},
				"up": {"uv": [9, 4, 12, 7], "texture": "#4"},
				"down": {"uv": [9, 4, 12, 7], "texture": "#4"}
			}
		},
		{
			"from": [9.68, 7.1, 6.89],
			"to": [10.175, 7.265, 7.055],
			"rotation": {"angle": 0, "axis": "y", "origin": [22.715, -13.03, -1.69]},
			"faces": {
				"north": {"uv": [9, 4, 12, 7], "texture": "#4"},
				"east": {"uv": [9, 4, 12, 7], "texture": "#4"},
				"south": {"uv": [9, 4, 12, 7], "texture": "#4"},
				"west": {"uv": [9, 4, 12, 7], "texture": "#4"},
				"up": {"uv": [9, 4, 12, 7], "texture": "#4"},
				"down": {"uv": [9, 4, 12, 7], "texture": "#4"}
			}
		},
		{
			"from": [9.845, 6.935, 6.89],
			"to": [10.01, 7.1, 7.055],
			"rotation": {"angle": 0, "axis": "y", "origin": [22.715, -13.03, -1.69]},
			"faces": {
				"north": {"uv": [9, 4, 12, 7], "texture": "#4"},
				"east": {"uv": [9, 4, 12, 7], "texture": "#4"},
				"south": {"uv": [9, 4, 12, 7], "texture": "#4"},
				"west": {"uv": [9, 4, 12, 7], "texture": "#4"},
				"up": {"uv": [9, 4, 12, 7], "texture": "#4"},
				"down": {"uv": [9, 4, 12, 7], "texture": "#4"}
			}
		},
		{
			"from": [10.505, 7.1, 6.89],
			"to": [10.67, 7.265, 7.055],
			"rotation": {"angle": 0, "axis": "y", "origin": [22.715, -13.03, -1.69]},
			"faces": {
				"north": {"uv": [9, 4, 12, 7], "texture": "#4"},
				"east": {"uv": [9, 4, 12, 7], "texture": "#4"},
				"south": {"uv": [9, 4, 12, 7], "texture": "#4"},
				"west": {"uv": [9, 4, 12, 7], "texture": "#4"},
				"up": {"uv": [9, 4, 12, 7], "texture": "#4"},
				"down": {"uv": [9, 4, 12, 7], "texture": "#4"}
			}
		},
		{
			"from": [7.535, 7.265, 6.89],
			"to": [9.515, 7.43, 7.055],
			"rotation": {"angle": 0, "axis": "y", "origin": [22.715, -13.03, -1.69]},
			"faces": {
				"north": {"uv": [9, 4, 12, 7], "texture": "#4"},
				"east": {"uv": [9, 4, 12, 7], "texture": "#4"},
				"south": {"uv": [9, 4, 12, 7], "texture": "#4"},
				"west": {"uv": [9, 4, 12, 7], "texture": "#4"},
				"up": {"uv": [9, 4, 12, 7], "texture": "#4"},
				"down": {"uv": [9, 4, 12, 7], "texture": "#4"}
			}
		},
		{
			"from": [7.865, 6.935, 6.89],
			"to": [9.35, 7.1, 7.055],
			"rotation": {"angle": 0, "axis": "y", "origin": [22.715, -13.03, -1.69]},
			"faces": {
				"north": {"uv": [9, 4, 12, 7], "texture": "#4"},
				"east": {"uv": [9, 4, 12, 7], "texture": "#4"},
				"south": {"uv": [9, 4, 12, 7], "texture": "#4"},
				"west": {"uv": [9, 4, 12, 7], "texture": "#4"},
				"up": {"uv": [9, 4, 12, 7], "texture": "#4"},
				"down": {"uv": [9, 4, 12, 7], "texture": "#4"}
			}
		},
		{
			"from": [9.35, 6.77, 6.89],
			"to": [9.68, 6.935, 7.055],
			"rotation": {"angle": 0, "axis": "y", "origin": [22.715, -13.03, -1.69]},
			"faces": {
				"north": {"uv": [9, 4, 12, 7], "texture": "#4"},
				"east": {"uv": [9, 4, 12, 7], "texture": "#4"},
				"south": {"uv": [9, 4, 12, 7], "texture": "#4"},
				"west": {"uv": [9, 4, 12, 7], "texture": "#4"},
				"up": {"uv": [9, 4, 12, 7], "texture": "#4"},
				"down": {"uv": [9, 4, 12, 7], "texture": "#4"}
			}
		},
		{
			"from": [9.185, 7.1, 6.89],
			"to": [9.35, 7.265, 7.055],
			"rotation": {"angle": 0, "axis": "y", "origin": [22.715, -13.03, -1.69]},
			"faces": {
				"north": {"uv": [9, 4, 12, 7], "texture": "#4"},
				"east": {"uv": [9, 4, 12, 7], "texture": "#4"},
				"south": {"uv": [9, 4, 12, 7], "texture": "#4"},
				"west": {"uv": [9, 4, 12, 7], "texture": "#4"},
				"up": {"uv": [9, 4, 12, 7], "texture": "#4"},
				"down": {"uv": [9, 4, 12, 7], "texture": "#4"}
			}
		},
		{
			"from": [9.68, 6.44, 6.89],
			"to": [10.175, 6.935, 7.055],
			"rotation": {"angle": 0, "axis": "y", "origin": [22.715, -13.03, -1.69]},
			"faces": {
				"north": {"uv": [9, 4, 12, 7], "texture": "#4"},
				"east": {"uv": [9, 4, 12, 7], "texture": "#4"},
				"south": {"uv": [9, 4, 12, 7], "texture": "#4"},
				"west": {"uv": [9, 4, 12, 7], "texture": "#4"},
				"up": {"uv": [9, 4, 12, 7], "texture": "#4"},
				"down": {"uv": [9, 4, 12, 7], "texture": "#4"}
			}
		},
		{
			"from": [10.175, 6.77, 6.89],
			"to": [10.505, 6.935, 7.055],
			"rotation": {"angle": 0, "axis": "y", "origin": [22.715, -13.03, -1.69]},
			"faces": {
				"north": {"uv": [9, 4, 12, 7], "texture": "#4"},
				"east": {"uv": [9, 4, 12, 7], "texture": "#4"},
				"south": {"uv": [9, 4, 12, 7], "texture": "#4"},
				"west": {"uv": [9, 4, 12, 7], "texture": "#4"},
				"up": {"uv": [9, 4, 12, 7], "texture": "#4"},
				"down": {"uv": [9, 4, 12, 7], "texture": "#4"}
			}
		},
		{
			"from": [10.505, 6.605, 6.89],
			"to": [11.495, 6.77, 7.055],
			"rotation": {"angle": 0, "axis": "y", "origin": [22.715, -13.03, -1.69]},
			"faces": {
				"north": {"uv": [9, 4, 12, 7], "texture": "#4"},
				"east": {"uv": [9, 4, 12, 7], "texture": "#4"},
				"south": {"uv": [9, 4, 12, 7], "texture": "#4"},
				"west": {"uv": [9, 4, 12, 7], "texture": "#4"},
				"up": {"uv": [9, 4, 12, 7], "texture": "#4"},
				"down": {"uv": [9, 4, 12, 7], "texture": "#4"}
			}
		},
		{
			"from": [9.845, 6.275, 6.89],
			"to": [10.01, 6.44, 7.055],
			"rotation": {"angle": 0, "axis": "y", "origin": [22.715, -13.03, -1.69]},
			"faces": {
				"north": {"uv": [9, 4, 12, 7], "texture": "#4"},
				"east": {"uv": [9, 4, 12, 7], "texture": "#4"},
				"south": {"uv": [9, 4, 12, 7], "texture": "#4"},
				"west": {"uv": [9, 4, 12, 7], "texture": "#4"},
				"up": {"uv": [9, 4, 12, 7], "texture": "#4"},
				"down": {"uv": [9, 4, 12, 7], "texture": "#4"}
			}
		},
		{
			"from": [10.175, 6.11, 6.89],
			"to": [10.34, 6.44, 7.055],
			"rotation": {"angle": 0, "axis": "y", "origin": [22.715, -13.03, -1.69]},
			"faces": {
				"north": {"uv": [9, 4, 12, 7], "texture": "#4"},
				"east": {"uv": [9, 4, 12, 7], "texture": "#4"},
				"south": {"uv": [9, 4, 12, 7], "texture": "#4"},
				"west": {"uv": [9, 4, 12, 7], "texture": "#4"},
				"up": {"uv": [9, 4, 12, 7], "texture": "#4"},
				"down": {"uv": [9, 4, 12, 7], "texture": "#4"}
			}
		},
		{
			"from": [9.515, 6.11, 6.89],
			"to": [9.68, 6.44, 7.055],
			"rotation": {"angle": 0, "axis": "y", "origin": [22.715, -13.03, -1.69]},
			"faces": {
				"north": {"uv": [9, 4, 12, 7], "texture": "#4"},
				"east": {"uv": [9, 4, 12, 7], "texture": "#4"},
				"south": {"uv": [9, 4, 12, 7], "texture": "#4"},
				"west": {"uv": [9, 4, 12, 7], "texture": "#4"},
				"up": {"uv": [9, 4, 12, 7], "texture": "#4"},
				"down": {"uv": [9, 4, 12, 7], "texture": "#4"}
			}
		},
		{
			"from": [17.105, 10.235, 6.89],
			"to": [18.095, 10.4, 7.055],
			"rotation": {"angle": 22.5, "axis": "z", "origin": [22.715, -13.03, -1.69]},
			"faces": {
				"north": {"uv": [9, 4, 12, 7], "texture": "#4"},
				"east": {"uv": [9, 4, 12, 7], "texture": "#4"},
				"south": {"uv": [9, 4, 12, 7], "texture": "#4"},
				"west": {"uv": [9, 4, 12, 7], "texture": "#4"},
				"up": {"uv": [9, 4, 12, 7], "texture": "#4"},
				"down": {"uv": [9, 4, 12, 7], "texture": "#4"}
			}
		},
		{
			"from": [8.36, 6.605, 6.89],
			"to": [9.35, 6.77, 7.055],
			"rotation": {"angle": 0, "axis": "y", "origin": [22.715, -13.03, -1.69]},
			"faces": {
				"north": {"uv": [9, 4, 12, 7], "texture": "#4"},
				"east": {"uv": [9, 4, 12, 7], "texture": "#4"},
				"south": {"uv": [9, 4, 12, 7], "texture": "#4"},
				"west": {"uv": [9, 4, 12, 7], "texture": "#4"},
				"up": {"uv": [9, 4, 12, 7], "texture": "#4"},
				"down": {"uv": [9, 4, 12, 7], "texture": "#4"}
			}
		},
		{
			"from": [20.305, 3.7, 6.89],
			"to": [21.295, 3.865, 7.055],
			"rotation": {"angle": -22.5, "axis": "z", "origin": [22.715, 30.23, -1.69]},
			"faces": {
				"north": {"uv": [9, 7, 12, 4], "texture": "#4"},
				"east": {"uv": [9, 7, 12, 4], "texture": "#4"},
				"south": {"uv": [9, 7, 12, 4], "texture": "#4"},
				"west": {"uv": [9, 7, 12, 4], "texture": "#4"},
				"up": {"uv": [9, 7, 12, 4], "texture": "#4"},
				"down": {"uv": [9, 7, 12, 4], "texture": "#4"}
			}
		},
		{
			"from": [10.34, 7.265, 8.99],
			"to": [12.32, 7.43, 9.155],
			"rotation": {"angle": 0, "axis": "y", "origin": [22.715, -13.03, 0.41]},
			"faces": {
				"north": {"uv": [9, 4, 12, 7], "texture": "#4"},
				"east": {"uv": [9, 4, 12, 7], "texture": "#4"},
				"south": {"uv": [9, 4, 12, 7], "texture": "#4"},
				"west": {"uv": [9, 4, 12, 7], "texture": "#4"},
				"up": {"uv": [9, 4, 12, 7], "texture": "#4"},
				"down": {"uv": [9, 4, 12, 7], "texture": "#4"}
			}
		},
		{
			"from": [10.505, 6.935, 8.99],
			"to": [11.99, 7.1, 9.155],
			"rotation": {"angle": 0, "axis": "y", "origin": [22.715, -13.03, 0.41]},
			"faces": {
				"north": {"uv": [9, 4, 12, 7], "texture": "#4"},
				"east": {"uv": [9, 4, 12, 7], "texture": "#4"},
				"south": {"uv": [9, 4, 12, 7], "texture": "#4"},
				"west": {"uv": [9, 4, 12, 7], "texture": "#4"},
				"up": {"uv": [9, 4, 12, 7], "texture": "#4"},
				"down": {"uv": [9, 4, 12, 7], "texture": "#4"}
			}
		},
		{
			"from": [10.505, 7.1, 8.99],
			"to": [10.67, 7.265, 9.155],
			"rotation": {"angle": 0, "axis": "y", "origin": [22.715, -13.03, 0.41]},
			"faces": {
				"north": {"uv": [9, 4, 12, 7], "texture": "#4"},
				"east": {"uv": [9, 4, 12, 7], "texture": "#4"},
				"south": {"uv": [9, 4, 12, 7], "texture": "#4"},
				"west": {"uv": [9, 4, 12, 7], "texture": "#4"},
				"up": {"uv": [9, 4, 12, 7], "texture": "#4"},
				"down": {"uv": [9, 4, 12, 7], "texture": "#4"}
			}
		},
		{
			"from": [10.505, 6.605, 8.99],
			"to": [11.495, 6.77, 9.155],
			"rotation": {"angle": 0, "axis": "y", "origin": [22.715, -13.03, 0.41]},
			"faces": {
				"north": {"uv": [9, 4, 12, 7], "texture": "#4"},
				"east": {"uv": [9, 4, 12, 7], "texture": "#4"},
				"south": {"uv": [9, 4, 12, 7], "texture": "#4"},
				"west": {"uv": [9, 4, 12, 7], "texture": "#4"},
				"up": {"uv": [9, 4, 12, 7], "texture": "#4"},
				"down": {"uv": [9, 4, 12, 7], "texture": "#4"}
			}
		},
		{
			"from": [10.175, 6.77, 8.99],
			"to": [10.505, 6.935, 9.155],
			"rotation": {"angle": 0, "axis": "y", "origin": [22.715, -13.03, 0.41]},
			"faces": {
				"north": {"uv": [9, 4, 12, 7], "texture": "#4"},
				"east": {"uv": [9, 4, 12, 7], "texture": "#4"},
				"south": {"uv": [9, 4, 12, 7], "texture": "#4"},
				"west": {"uv": [9, 4, 12, 7], "texture": "#4"},
				"up": {"uv": [9, 4, 12, 7], "texture": "#4"},
				"down": {"uv": [9, 4, 12, 7], "texture": "#4"}
			}
		},
		{
			"from": [20.305, 3.7, 8.99],
			"to": [21.295, 3.865, 9.155],
			"rotation": {"angle": -22.5, "axis": "z", "origin": [22.715, 30.23, 0.41]},
			"faces": {
				"north": {"uv": [9, 7, 12, 4], "texture": "#4"},
				"east": {"uv": [9, 7, 12, 4], "texture": "#4"},
				"south": {"uv": [9, 7, 12, 4], "texture": "#4"},
				"west": {"uv": [9, 7, 12, 4], "texture": "#4"},
				"up": {"uv": [9, 7, 12, 4], "texture": "#4"},
				"down": {"uv": [9, 7, 12, 4], "texture": "#4"}
			}
		},
		{
			"from": [9.68, 7.1, 8.99],
			"to": [10.175, 7.265, 9.155],
			"rotation": {"angle": 0, "axis": "y", "origin": [22.715, -13.03, 0.41]},
			"faces": {
				"north": {"uv": [9, 4, 12, 7], "texture": "#4"},
				"east": {"uv": [9, 4, 12, 7], "texture": "#4"},
				"south": {"uv": [9, 4, 12, 7], "texture": "#4"},
				"west": {"uv": [9, 4, 12, 7], "texture": "#4"},
				"up": {"uv": [9, 4, 12, 7], "texture": "#4"},
				"down": {"uv": [9, 4, 12, 7], "texture": "#4"}
			}
		},
		{
			"from": [9.845, 6.935, 8.99],
			"to": [10.01, 7.1, 9.155],
			"rotation": {"angle": 0, "axis": "y", "origin": [22.715, -13.03, 0.41]},
			"faces": {
				"north": {"uv": [9, 4, 12, 7], "texture": "#4"},
				"east": {"uv": [9, 4, 12, 7], "texture": "#4"},
				"south": {"uv": [9, 4, 12, 7], "texture": "#4"},
				"west": {"uv": [9, 4, 12, 7], "texture": "#4"},
				"up": {"uv": [9, 4, 12, 7], "texture": "#4"},
				"down": {"uv": [9, 4, 12, 7], "texture": "#4"}
			}
		},
		{
			"from": [9.68, 6.44, 8.99],
			"to": [10.175, 6.935, 9.155],
			"rotation": {"angle": 0, "axis": "y", "origin": [22.715, -13.03, 0.41]},
			"faces": {
				"north": {"uv": [9, 4, 12, 7], "texture": "#4"},
				"east": {"uv": [9, 4, 12, 7], "texture": "#4"},
				"south": {"uv": [9, 4, 12, 7], "texture": "#4"},
				"west": {"uv": [9, 4, 12, 7], "texture": "#4"},
				"up": {"uv": [9, 4, 12, 7], "texture": "#4"},
				"down": {"uv": [9, 4, 12, 7], "texture": "#4"}
			}
		},
		{
			"from": [10.175, 6.11, 8.99],
			"to": [10.34, 6.44, 9.155],
			"rotation": {"angle": 0, "axis": "y", "origin": [22.715, -13.03, 0.41]},
			"faces": {
				"north": {"uv": [9, 4, 12, 7], "texture": "#4"},
				"east": {"uv": [9, 4, 12, 7], "texture": "#4"},
				"south": {"uv": [9, 4, 12, 7], "texture": "#4"},
				"west": {"uv": [9, 4, 12, 7], "texture": "#4"},
				"up": {"uv": [9, 4, 12, 7], "texture": "#4"},
				"down": {"uv": [9, 4, 12, 7], "texture": "#4"}
			}
		},
		{
			"from": [9.845, 6.275, 8.99],
			"to": [10.01, 6.44, 9.155],
			"rotation": {"angle": 0, "axis": "y", "origin": [22.715, -13.03, 0.41]},
			"faces": {
				"north": {"uv": [9, 4, 12, 7], "texture": "#4"},
				"east": {"uv": [9, 4, 12, 7], "texture": "#4"},
				"south": {"uv": [9, 4, 12, 7], "texture": "#4"},
				"west": {"uv": [9, 4, 12, 7], "texture": "#4"},
				"up": {"uv": [9, 4, 12, 7], "texture": "#4"},
				"down": {"uv": [9, 4, 12, 7], "texture": "#4"}
			}
		},
		{
			"from": [9.35, 6.77, 8.99],
			"to": [9.68, 6.935, 9.155],
			"rotation": {"angle": 0, "axis": "y", "origin": [22.715, -13.03, 0.41]},
			"faces": {
				"north": {"uv": [9, 4, 12, 7], "texture": "#4"},
				"east": {"uv": [9, 4, 12, 7], "texture": "#4"},
				"south": {"uv": [9, 4, 12, 7], "texture": "#4"},
				"west": {"uv": [9, 4, 12, 7], "texture": "#4"},
				"up": {"uv": [9, 4, 12, 7], "texture": "#4"},
				"down": {"uv": [9, 4, 12, 7], "texture": "#4"}
			}
		},
		{
			"from": [17.105, 10.235, 8.99],
			"to": [18.095, 10.4, 9.155],
			"rotation": {"angle": 22.5, "axis": "z", "origin": [22.715, -13.03, 0.41]},
			"faces": {
				"north": {"uv": [9, 4, 12, 7], "texture": "#4"},
				"east": {"uv": [9, 4, 12, 7], "texture": "#4"},
				"south": {"uv": [9, 4, 12, 7], "texture": "#4"},
				"west": {"uv": [9, 4, 12, 7], "texture": "#4"},
				"up": {"uv": [9, 4, 12, 7], "texture": "#4"},
				"down": {"uv": [9, 4, 12, 7], "texture": "#4"}
			}
		},
		{
			"from": [9.515, 6.11, 8.99],
			"to": [9.68, 6.44, 9.155],
			"rotation": {"angle": 0, "axis": "y", "origin": [22.715, -13.03, 0.41]},
			"faces": {
				"north": {"uv": [9, 4, 12, 7], "texture": "#4"},
				"east": {"uv": [9, 4, 12, 7], "texture": "#4"},
				"south": {"uv": [9, 4, 12, 7], "texture": "#4"},
				"west": {"uv": [9, 4, 12, 7], "texture": "#4"},
				"up": {"uv": [9, 4, 12, 7], "texture": "#4"},
				"down": {"uv": [9, 4, 12, 7], "texture": "#4"}
			}
		},
		{
			"from": [8.36, 6.605, 8.99],
			"to": [9.35, 6.77, 9.155],
			"rotation": {"angle": 0, "axis": "y", "origin": [22.715, -13.03, 0.41]},
			"faces": {
				"north": {"uv": [9, 4, 12, 7], "texture": "#4"},
				"east": {"uv": [9, 4, 12, 7], "texture": "#4"},
				"south": {"uv": [9, 4, 12, 7], "texture": "#4"},
				"west": {"uv": [9, 4, 12, 7], "texture": "#4"},
				"up": {"uv": [9, 4, 12, 7], "texture": "#4"},
				"down": {"uv": [9, 4, 12, 7], "texture": "#4"}
			}
		},
		{
			"from": [7.865, 6.935, 8.99],
			"to": [9.35, 7.1, 9.155],
			"rotation": {"angle": 0, "axis": "y", "origin": [22.715, -13.03, 0.41]},
			"faces": {
				"north": {"uv": [9, 4, 12, 7], "texture": "#4"},
				"east": {"uv": [9, 4, 12, 7], "texture": "#4"},
				"south": {"uv": [9, 4, 12, 7], "texture": "#4"},
				"west": {"uv": [9, 4, 12, 7], "texture": "#4"},
				"up": {"uv": [9, 4, 12, 7], "texture": "#4"},
				"down": {"uv": [9, 4, 12, 7], "texture": "#4"}
			}
		},
		{
			"from": [7.535, 7.265, 8.99],
			"to": [9.515, 7.43, 9.155],
			"rotation": {"angle": 0, "axis": "y", "origin": [22.715, -13.03, 0.41]},
			"faces": {
				"north": {"uv": [9, 4, 12, 7], "texture": "#4"},
				"east": {"uv": [9, 4, 12, 7], "texture": "#4"},
				"south": {"uv": [9, 4, 12, 7], "texture": "#4"},
				"west": {"uv": [9, 4, 12, 7], "texture": "#4"},
				"up": {"uv": [9, 4, 12, 7], "texture": "#4"},
				"down": {"uv": [9, 4, 12, 7], "texture": "#4"}
			}
		},
		{
			"from": [9.185, 7.1, 8.99],
			"to": [9.35, 7.265, 9.155],
			"rotation": {"angle": 0, "axis": "y", "origin": [22.715, -13.03, 0.41]},
			"faces": {
				"north": {"uv": [9, 4, 12, 7], "texture": "#4"},
				"east": {"uv": [9, 4, 12, 7], "texture": "#4"},
				"south": {"uv": [9, 4, 12, 7], "texture": "#4"},
				"west": {"uv": [9, 4, 12, 7], "texture": "#4"},
				"up": {"uv": [9, 4, 12, 7], "texture": "#4"},
				"down": {"uv": [9, 4, 12, 7], "texture": "#4"}
			}
		},
		{
			"from": [4.3, 4.5, 7.2],
			"to": [8.5, 5, 8.8],
			"faces": {
				"north": {"uv": [10.4, 1, 11, 3.5], "texture": "#2"},
				"east": {"uv": [10.4, 1, 11, 3.5], "texture": "#2"},
				"south": {"uv": [10.4, 1, 11, 3.5], "texture": "#2"},
				"west": {"uv": [10.4, 1, 11, 3.5], "texture": "#2"},
				"up": {"uv": [10.4, 1, 11, 3.5], "texture": "#2"},
				"down": {"uv": [10.4, 1, 11, 3.5], "texture": "#2"}
			}
		}
	],
	"display": {
		"thirdperson_righthand": {
			"rotation": [69, -90, 0],
			"translation": [0, 5.75, 5.75]
		},
		"thirdperson_lefthand": {
			"rotation": [69, 90, 0],
			"translation": [0, 5.75, 5.75]
		},
		"firstperson_righthand": {
			"rotation": [0, -96, 0]
		},
		"firstperson_lefthand": {
			"rotation": [0, 93, 0]
		},
		"gui": {
			"rotation": [0, 0, -41],
			"translation": [1, 0, 0],
			"scale": [0.48, 0.48, 0.48]
		}
	}
}