{
	"credit": "Made with Blockbench",
	"parent": "84",
	"textures": {
		"0": "minecraft:block/redstone_block",
		"1": "minecraft:block/yellow_concrete",
		"3": "minecraft:block/bedrock",
		"4": "minecraft:block/black_wool",
		"5": "minecraft:block/white_concrete",
		"particle": "minecraft:block/redstone_block"
	},
	"elements": [
		{
			"from": [7.56, 8.58, 7.56],
			"to": [8.44, 19.76, 8.44],
			"rotation": {"angle": 0, "axis": "y", "origin": [4.48, 10.08, 4.48]},
			"faces": {
				"north": {"uv": [0, 0, 2, 16], "texture": "#1"},
				"east": {"uv": [0, 0, 2, 16], "texture": "#1"},
				"south": {"uv": [0, 0, 2, 16], "texture": "#1"},
				"west": {"uv": [0, 0, 2, 16], "texture": "#1"},
				"up": {"uv": [0, 0, 2, 16], "texture": "#1"},
				"down": {"uv": [0, 0, 2, 16], "texture": "#1"}
			}
		},
		{
			"from": [7.648, 16.38, 6.856],
			"to": [8.352, 19.76, 7.56],
			"rotation": {"angle": 0, "axis": "y", "origin": [4.48, 10.08, 4.48]},
			"faces": {
				"north": {"uv": [0, 0, 1.6, 16], "texture": "#1"},
				"east": {"uv": [0, 0, 1.6, 16], "texture": "#1"},
				"south": {"uv": [0, 0, 1.6, 16], "texture": "#1"},
				"west": {"uv": [0, 0, 1.6, 16], "texture": "#1"},
				"up": {"uv": [0, 0, 1.6, 16], "texture": "#1"},
				"down": {"uv": [0, 0, 1.6, 16], "texture": "#1"}
			}
		},
		{
			"from": [7.648, 19.892, 2.984],
			"to": [8.352, 22.236, 3.688],
			"rotation": {"angle": 22.5, "axis": "x", "origin": [4.48, 10.08, 4.48]},
			"faces": {
				"north": {"uv": [0, 0, 1.6, 5.1], "texture": "#1"},
				"east": {"uv": [0, 0, 1.6, 5.1], "texture": "#1"},
				"south": {"uv": [0, 0, 1.6, 5.1], "texture": "#1"},
				"west": {"uv": [0, 0, 1.6, 5.1], "texture": "#1"},
				"up": {"uv": [0, 0, 1.6, 5.1], "texture": "#1"},
				"down": {"uv": [0, 0, 1.6, 5.1], "texture": "#1"}
			}
		},
		{
			"from": [7.648, 14.48, 7.604],
			"to": [8.352, 21.608, 8.44],
			"rotation": {"angle": 0, "axis": "y", "origin": [4.48, 10.08, 4.48]},
			"faces": {
				"north": {"uv": [0, 0, 1.9, 16], "texture": "#1"},
				"east": {"uv": [0, 0, 1.9, 16], "texture": "#1"},
				"south": {"uv": [0, 0, 1.9, 16], "texture": "#1"},
				"west": {"uv": [0, 0, 1.9, 16], "texture": "#1"},
				"up": {"uv": [0, 0, 1.9, 16], "texture": "#1"},
				"down": {"uv": [0, 0, 1.9, 16], "texture": "#1"}
			}
		},
		{
			"from": [7.56, 19.08, -0.24],
			"to": [8.44, 19.76, 0.44],
			"rotation": {"angle": 45, "axis": "x", "origin": [4.48, 10.08, 4.48]},
			"faces": {
				"north": {"uv": [0, 0, 2, 16], "texture": "#1"},
				"east": {"uv": [0, 0, 2, 16], "texture": "#1"},
				"south": {"uv": [0, 0, 2, 16], "texture": "#1"},
				"west": {"uv": [0, 0, 2, 16], "texture": "#1"},
				"up": {"uv": [0, 0, 2, 16], "texture": "#1"},
				"down": {"uv": [0, 0, 2, 16], "texture": "#1"}
			}
		},
		{
			"from": [7.648, 16.38, 8.44],
			"to": [8.352, 19.76, 9.144],
			"rotation": {"angle": 0, "axis": "y", "origin": [11.52, 10.08, 11.52]},
			"faces": {
				"north": {"uv": [0, 0, 1.6, 16], "texture": "#1"},
				"east": {"uv": [0, 0, 1.6, 16], "texture": "#1"},
				"south": {"uv": [0, 0, 1.6, 16], "texture": "#1"},
				"west": {"uv": [0, 0, 1.6, 16], "texture": "#1"},
				"up": {"uv": [0, 0, 1.6, 16], "texture": "#1"},
				"down": {"uv": [0, 0, 1.6, 16], "texture": "#1"}
			}
		},
		{
			"from": [7.648, 19.892, 12.312],
			"to": [8.352, 22.236, 13.016],
			"rotation": {"angle": -22.5, "axis": "x", "origin": [11.52, 10.08, 11.52]},
			"faces": {
				"north": {"uv": [0, 0, 1.6, 5.1], "texture": "#1"},
				"east": {"uv": [0, 0, 1.6, 5.1], "texture": "#1"},
				"south": {"uv": [0, 0, 1.6, 5.1], "texture": "#1"},
				"west": {"uv": [0, 0, 1.6, 5.1], "texture": "#1"},
				"up": {"uv": [0, 0, 1.6, 5.1], "texture": "#1"},
				"down": {"uv": [0, 0, 1.6, 5.1], "texture": "#1"}
			}
		},
		{
			"from": [7.648, 15.18, 8.44],
			"to": [8.352, 16.38, 8.944],
			"rotation": {"angle": 0, "axis": "y", "origin": [11.52, 10.08, 11.52]},
			"faces": {
				"north": {"uv": [0, 0, 1.6, 16], "texture": "#1"},
				"east": {"uv": [0, 0, 1.6, 16], "texture": "#1"},
				"south": {"uv": [0, 0, 1.6, 16], "texture": "#1"},
				"west": {"uv": [0, 0, 1.6, 16], "texture": "#1"},
				"up": {"uv": [0, 0, 1.6, 16], "texture": "#1"},
				"down": {"uv": [0, 0, 1.6, 16], "texture": "#1"}
			}
		},
		{
			"from": [7.648, 15.18, 7.056],
			"to": [8.352, 16.38, 7.56],
			"rotation": {"angle": 0, "axis": "y", "origin": [4.48, 10.08, 4.48]},
			"faces": {
				"north": {"uv": [0, 0, 1.6, 16], "texture": "#1"},
				"east": {"uv": [0, 0, 1.6, 16], "texture": "#1"},
				"south": {"uv": [0, 0, 1.6, 16], "texture": "#1"},
				"west": {"uv": [0, 0, 1.6, 16], "texture": "#1"},
				"up": {"uv": [0, 0, 1.6, 16], "texture": "#1"},
				"down": {"uv": [0, 0, 1.6, 16], "texture": "#1"}
			}
		},
		{
			"from": [7.648, 8.58, 8.44],
			"to": [8.352, 15.18, 8.844],
			"rotation": {"angle": 0, "axis": "y", "origin": [11.52, 10.08, 11.52]},
			"faces": {
				"north": {"uv": [0, 0, 1.6, 16], "texture": "#1"},
				"east": {"uv": [0, 0, 1.6, 16], "texture": "#1"},
				"south": {"uv": [0, 0, 1.6, 16], "texture": "#1"},
				"west": {"uv": [0, 0, 1.6, 16], "texture": "#1"},
				"up": {"uv": [0, 0, 1.6, 16], "texture": "#1"},
				"down": {"uv": [0, 0, 1.6, 16], "texture": "#1"}
			}
		},
		{
			"from": [7.648, 8.58, 7.156],
			"to": [8.352, 15.18, 7.56],
			"rotation": {"angle": 0, "axis": "y", "origin": [4.48, 10.08, 4.48]},
			"faces": {
				"north": {"uv": [0, 0, 1.6, 16], "texture": "#1"},
				"east": {"uv": [0, 0, 1.6, 16], "texture": "#1"},
				"south": {"uv": [0, 0, 1.6, 16], "texture": "#1"},
				"west": {"uv": [0, 0, 1.6, 16], "texture": "#1"},
				"up": {"uv": [0, 0, 1.6, 16], "texture": "#1"},
				"down": {"uv": [0, 0, 1.6, 16], "texture": "#1"}
			}
		},
		{
			"from": [7.66, 20.68, -1.54],
			"to": [8.34, 21.06, -1.16],
			"rotation": {"angle": 45, "axis": "x", "origin": [4.48, 10.08, 4.48]},
			"faces": {
				"north": {"uv": [0, 0, 2, 16], "texture": "#1"},
				"east": {"uv": [0, 0, 2, 16], "texture": "#1"},
				"south": {"uv": [0, 0, 2, 16], "texture": "#1"},
				"west": {"uv": [0, 0, 2, 16], "texture": "#1"},
				"up": {"uv": [0, 0, 2, 16], "texture": "#1"},
				"down": {"uv": [0, 0, 2, 16], "texture": "#1"}
			}
		},
		{
			"from": [7.648, 9.18, 7.94],
			"to": [8.352, 9.68, 8.944],
			"rotation": {"angle": -22.5, "axis": "x", "origin": [11.52, 10.08, 11.52]},
			"faces": {
				"north": {"uv": [0, 0, 1.6, 16], "texture": "#1"},
				"east": {"uv": [0, 0, 1.6, 16], "texture": "#1"},
				"south": {"uv": [0, 0, 1.6, 16], "texture": "#1"},
				"west": {"uv": [0, 0, 1.6, 16], "texture": "#1"},
				"up": {"uv": [0, 0, 1.6, 16], "texture": "#1"},
				"down": {"uv": [0, 0, 1.6, 16], "texture": "#1"}
			}
		},
		{
			"from": [7.648, 7.68, 7.64],
			"to": [8.352, 8.18, 8.644],
			"rotation": {"angle": -22.5, "axis": "x", "origin": [11.52, 10.08, 11.52]},
			"faces": {
				"north": {"uv": [0, 0, 1.6, 16], "texture": "#1"},
				"east": {"uv": [0, 0, 1.6, 16], "texture": "#1"},
				"south": {"uv": [0, 0, 1.6, 16], "texture": "#1"},
				"west": {"uv": [0, 0, 1.6, 16], "texture": "#1"},
				"up": {"uv": [0, 0, 1.6, 16], "texture": "#1"},
				"down": {"uv": [0, 0, 1.6, 16], "texture": "#1"}
			}
		},
		{
			"from": [7.648, 8.28, 8.54],
			"to": [8.352, 8.78, 9.544],
			"rotation": {"angle": 0, "axis": "y", "origin": [11.52, 10.08, 11.52]},
			"faces": {
				"north": {"uv": [0, 0, 1.6, 16], "texture": "#1"},
				"east": {"uv": [0, 0, 1.6, 16], "texture": "#1"},
				"south": {"uv": [0, 0, 1.6, 16], "texture": "#1"},
				"west": {"uv": [0, 0, 1.6, 16], "texture": "#1"},
				"up": {"uv": [0, 0, 1.6, 16], "texture": "#1"},
				"down": {"uv": [0, 0, 1.6, 16], "texture": "#1"}
			}
		},
		{
			"from": [7.648, 8.98, 7.64],
			"to": [8.352, 9.48, 8.644],
			"rotation": {"angle": -45, "axis": "x", "origin": [11.52, 10.08, 11.52]},
			"faces": {
				"north": {"uv": [0, 0, 1.6, 16], "texture": "#1"},
				"east": {"uv": [0, 0, 1.6, 16], "texture": "#1"},
				"south": {"uv": [0, 0, 1.6, 16], "texture": "#1"},
				"west": {"uv": [0, 0, 1.6, 16], "texture": "#1"},
				"up": {"uv": [0, 0, 1.6, 16], "texture": "#1"},
				"down": {"uv": [0, 0, 1.6, 16], "texture": "#1"}
			}
		},
		{
			"from": [7.648, 8.08, 7.84],
			"to": [8.352, 9.28, 8.244],
			"rotation": {"angle": -22.5, "axis": "x", "origin": [11.52, 10.08, 11.52]},
			"faces": {
				"north": {"uv": [0, 0, 1.6, 16], "texture": "#1"},
				"east": {"uv": [0, 0, 1.6, 16], "texture": "#1"},
				"south": {"uv": [0, 0, 1.6, 16], "texture": "#1"},
				"west": {"uv": [0, 0, 1.6, 16], "texture": "#1"},
				"up": {"uv": [0, 0, 1.6, 16], "texture": "#1"},
				"down": {"uv": [0, 0, 1.6, 16], "texture": "#1"}
			}
		},
		{
			"from": [7.648, 8.28, 6.456],
			"to": [8.352, 8.78, 7.46],
			"rotation": {"angle": 0, "axis": "y", "origin": [11.52, 10.08, 4.48]},
			"faces": {
				"north": {"uv": [1.6, 0, 0, 16], "texture": "#1"},
				"east": {"uv": [1.6, 0, 0, 16], "texture": "#1"},
				"south": {"uv": [1.6, 0, 0, 16], "texture": "#1"},
				"west": {"uv": [1.6, 0, 0, 16], "texture": "#1"},
				"up": {"uv": [1.6, 0, 0, 16], "texture": "#1"},
				"down": {"uv": [1.6, 0, 0, 16], "texture": "#1"}
			}
		},
		{
			"from": [7.648, 9.18, 7.056],
			"to": [8.352, 9.68, 8.06],
			"rotation": {"angle": 22.5, "axis": "x", "origin": [11.52, 10.08, 4.48]},
			"faces": {
				"north": {"uv": [1.6, 0, 0, 16], "texture": "#1"},
				"east": {"uv": [1.6, 0, 0, 16], "texture": "#1"},
				"south": {"uv": [1.6, 0, 0, 16], "texture": "#1"},
				"west": {"uv": [1.6, 0, 0, 16], "texture": "#1"},
				"up": {"uv": [1.6, 0, 0, 16], "texture": "#1"},
				"down": {"uv": [1.6, 0, 0, 16], "texture": "#1"}
			}
		},
		{
			"from": [7.648, 8.08, 7.756],
			"to": [8.352, 9.28, 8.16],
			"rotation": {"angle": 22.5, "axis": "x", "origin": [11.52, 10.08, 4.48]},
			"faces": {
				"north": {"uv": [1.6, 0, 0, 16], "texture": "#1"},
				"east": {"uv": [1.6, 0, 0, 16], "texture": "#1"},
				"south": {"uv": [1.6, 0, 0, 16], "texture": "#1"},
				"west": {"uv": [1.6, 0, 0, 16], "texture": "#1"},
				"up": {"uv": [1.6, 0, 0, 16], "texture": "#1"},
				"down": {"uv": [1.6, 0, 0, 16], "texture": "#1"}
			}
		},
		{
			"from": [7.648, 7.68, 7.356],
			"to": [8.352, 8.18, 8.36],
			"rotation": {"angle": 22.5, "axis": "x", "origin": [11.52, 10.08, 4.48]},
			"faces": {
				"north": {"uv": [1.6, 0, 0, 16], "texture": "#1"},
				"east": {"uv": [1.6, 0, 0, 16], "texture": "#1"},
				"south": {"uv": [1.6, 0, 0, 16], "texture": "#1"},
				"west": {"uv": [1.6, 0, 0, 16], "texture": "#1"},
				"up": {"uv": [1.6, 0, 0, 16], "texture": "#1"},
				"down": {"uv": [1.6, 0, 0, 16], "texture": "#1"}
			}
		},
		{
			"from": [7.648, 8.98, 7.356],
			"to": [8.352, 9.48, 8.36],
			"rotation": {"angle": 45, "axis": "x", "origin": [11.52, 10.08, 4.48]},
			"faces": {
				"north": {"uv": [1.6, 0, 0, 16], "texture": "#1"},
				"east": {"uv": [1.6, 0, 0, 16], "texture": "#1"},
				"south": {"uv": [1.6, 0, 0, 16], "texture": "#1"},
				"west": {"uv": [1.6, 0, 0, 16], "texture": "#1"},
				"up": {"uv": [1.6, 0, 0, 16], "texture": "#1"},
				"down": {"uv": [1.6, 0, 0, 16], "texture": "#1"}
			}
		},
		{
			"from": [7.46, 7.38, 9.56],
			"to": [8.54, 8.16, 10.34],
			"rotation": {"angle": 45, "axis": "x", "origin": [4.48, 8.28, 4.48]},
			"faces": {
				"north": {"uv": [0, 0, 2, 16], "texture": "#0"},
				"east": {"uv": [0, 0, 2, 16], "texture": "#0"},
				"south": {"uv": [0, 0, 2, 16], "texture": "#0"},
				"west": {"uv": [0, 0, 2, 16], "texture": "#0"},
				"up": {"uv": [0, 0, 2, 16], "texture": "#0"},
				"down": {"uv": [0, 0, 2, 16], "texture": "#0"}
			}
		},
		{
			"from": [7.46, 3.38, 7.46],
			"to": [8.54, 4.06, 8.54],
			"rotation": {"angle": 0, "axis": "x", "origin": [4.48, 8.28, 4.48]},
			"faces": {
				"north": {"uv": [0, 0, 2, 16], "texture": "#0"},
				"east": {"uv": [0, 0, 2, 16], "texture": "#0"},
				"south": {"uv": [0, 0, 2, 16], "texture": "#0"},
				"west": {"uv": [0, 0, 2, 16], "texture": "#0"},
				"up": {"uv": [0, 0, 2, 16], "texture": "#0"},
				"down": {"uv": [0, 0, 2, 16], "texture": "#0"}
			}
		},
		{
			"from": [7.46, 6.88, 10.06],
			"to": [8.54, 7.66, 10.84],
			"rotation": {"angle": 45, "axis": "x", "origin": [4.48, 8.28, 4.48]},
			"faces": {
				"north": {"uv": [0, 0, 2, 16], "texture": "#0"},
				"east": {"uv": [0, 0, 2, 16], "texture": "#0"},
				"south": {"uv": [0, 0, 2, 16], "texture": "#0"},
				"west": {"uv": [0, 0, 2, 16], "texture": "#0"},
				"up": {"uv": [0, 0, 2, 16], "texture": "#0"},
				"down": {"uv": [0, 0, 2, 16], "texture": "#0"}
			}
		},
		{
			"from": [7.46, 1.08, 7.46],
			"to": [8.54, 1.76, 8.54],
			"rotation": {"angle": 0, "axis": "y", "origin": [4.48, 5.98, 4.48]},
			"faces": {
				"north": {"uv": [0, 0, 2, 16], "texture": "#0"},
				"east": {"uv": [0, 0, 2, 16], "texture": "#0"},
				"south": {"uv": [0, 0, 2, 16], "texture": "#0"},
				"west": {"uv": [0, 0, 2, 16], "texture": "#0"},
				"up": {"uv": [0, 0, 2, 16], "texture": "#0"},
				"down": {"uv": [0, 0, 2, 16], "texture": "#0"}
			}
		},
		{
			"from": [7.46, 5.08, 9.56],
			"to": [8.54, 5.86, 10.34],
			"rotation": {"angle": 45, "axis": "x", "origin": [4.48, 5.98, 4.48]},
			"faces": {
				"north": {"uv": [0, 0, 2, 16], "texture": "#0"},
				"east": {"uv": [0, 0, 2, 16], "texture": "#0"},
				"south": {"uv": [0, 0, 2, 16], "texture": "#0"},
				"west": {"uv": [0, 0, 2, 16], "texture": "#0"},
				"up": {"uv": [0, 0, 2, 16], "texture": "#0"},
				"down": {"uv": [0, 0, 2, 16], "texture": "#0"}
			}
		},
		{
			"from": [7.46, 4.58, 10.06],
			"to": [8.54, 5.36, 10.84],
			"rotation": {"angle": 45, "axis": "x", "origin": [4.48, 5.98, 4.48]},
			"faces": {
				"north": {"uv": [0, 0, 2, 16], "texture": "#0"},
				"east": {"uv": [0, 0, 2, 16], "texture": "#0"},
				"south": {"uv": [0, 0, 2, 16], "texture": "#0"},
				"west": {"uv": [0, 0, 2, 16], "texture": "#0"},
				"up": {"uv": [0, 0, 2, 16], "texture": "#0"},
				"down": {"uv": [0, 0, 2, 16], "texture": "#0"}
			}
		},
		{
			"from": [7.648, 0.48, 8.44],
			"to": [8.352, 6.38, 8.744],
			"rotation": {"angle": 0, "axis": "y", "origin": [11.52, 10.08, 11.52]},
			"faces": {
				"north": {"uv": [11.2, 15, 13.8, 16], "texture": "#3"},
				"east": {"uv": [11.2, 15, 13.8, 16], "texture": "#3"},
				"south": {"uv": [11.2, 15, 13.8, 16], "texture": "#3"},
				"west": {"uv": [11.2, 15, 13.8, 16], "texture": "#3"},
				"up": {"uv": [11.2, 15, 13.8, 16], "texture": "#3"},
				"down": {"uv": [11.2, 15, 13.8, 16], "texture": "#3"}
			}
		},
		{
			"from": [7.56, 0.48, 7.56],
			"to": [8.44, 6.38, 8.44],
			"rotation": {"angle": 0, "axis": "y", "origin": [4.48, 10.08, 4.48]},
			"faces": {
				"north": {"uv": [9.9, 12.8, 12.9, 13.8], "texture": "#3"},
				"east": {"uv": [9.9, 12.8, 12.9, 13.8], "texture": "#3"},
				"south": {"uv": [9.9, 12.8, 12.9, 13.8], "texture": "#3"},
				"west": {"uv": [9.9, 12.8, 12.9, 13.8], "texture": "#3"},
				"up": {"uv": [9.9, 12.8, 12.9, 13.8], "texture": "#3"},
				"down": {"uv": [9.9, 12.8, 12.9, 13.8], "texture": "#3"}
			}
		},
		{
			"from": [7.648, 0.48, 7.256],
			"to": [8.352, 6.38, 7.56],
			"rotation": {"angle": 0, "axis": "y", "origin": [4.48, 10.08, 4.48]},
			"faces": {
				"north": {"uv": [11.2, 15, 13.8, 16], "texture": "#3"},
				"east": {"uv": [11.2, 15, 13.8, 16], "texture": "#3"},
				"south": {"uv": [11.2, 15, 13.8, 16], "texture": "#3"},
				"west": {"uv": [11.2, 15, 13.8, 16], "texture": "#3"},
				"up": {"uv": [11.2, 15, 13.8, 16], "texture": "#3"},
				"down": {"uv": [11.2, 15, 13.8, 16], "texture": "#3"}
			}
		},
		{
			"from": [7.648, 4.32, 7.64],
			"to": [8.352, 4.82, 8.644],
			"rotation": {"angle": 22.5, "axis": "x", "origin": [4.48, 3.92, 11.22]},
			"faces": {
				"north": {"uv": [13.5, 9.7, 10.9, 8.7], "texture": "#3"},
				"east": {"uv": [13.5, 9.7, 10.9, 8.7], "texture": "#3"},
				"south": {"uv": [13.5, 9.7, 10.9, 8.7], "texture": "#3"},
				"west": {"uv": [13.5, 9.7, 10.9, 8.7], "texture": "#3"},
				"up": {"uv": [13.5, 9.7, 10.9, 8.7], "texture": "#3"},
				"down": {"uv": [13.5, 9.7, 10.9, 8.7], "texture": "#3"}
			}
		},
		{
			"from": [7.648, 5.22, 8.24],
			"to": [8.352, 5.72, 9.244],
			"rotation": {"angle": 0, "axis": "y", "origin": [4.48, 3.92, 11.22]},
			"faces": {
				"north": {"uv": [13.5, 9.7, 10.9, 8.7], "texture": "#3"},
				"east": {"uv": [13.5, 9.7, 10.9, 8.7], "texture": "#3"},
				"south": {"uv": [13.5, 9.7, 10.9, 8.7], "texture": "#3"},
				"west": {"uv": [13.5, 9.7, 10.9, 8.7], "texture": "#3"},
				"up": {"uv": [13.5, 9.7, 10.9, 8.7], "texture": "#3"},
				"down": {"uv": [13.5, 9.7, 10.9, 8.7], "texture": "#3"}
			}
		},
		{
			"from": [7.648, 3.42, 8.04],
			"to": [8.352, 3.92, 9.044],
			"rotation": {"angle": 22.5, "axis": "x", "origin": [4.48, 3.02, 11.62]},
			"faces": {
				"north": {"uv": [13.5, 9.7, 10.9, 8.7], "texture": "#3"},
				"east": {"uv": [13.5, 9.7, 10.9, 8.7], "texture": "#3"},
				"south": {"uv": [13.5, 9.7, 10.9, 8.7], "texture": "#3"},
				"west": {"uv": [13.5, 9.7, 10.9, 8.7], "texture": "#3"},
				"up": {"uv": [13.5, 9.7, 10.9, 8.7], "texture": "#3"},
				"down": {"uv": [13.5, 9.7, 10.9, 8.7], "texture": "#3"}
			}
		},
		{
			"from": [7.648, 4.32, 7.74],
			"to": [8.352, 4.82, 9.644],
			"rotation": {"angle": 0, "axis": "y", "origin": [4.48, 3.02, 11.62]},
			"faces": {
				"north": {"uv": [13.5, 9.7, 10.9, 8.7], "texture": "#3"},
				"east": {"uv": [13.5, 9.7, 10.9, 8.7], "texture": "#3"},
				"south": {"uv": [13.5, 9.7, 10.9, 8.7], "texture": "#3"},
				"west": {"uv": [13.5, 9.7, 10.9, 8.7], "texture": "#3"},
				"up": {"uv": [13.5, 9.7, 10.9, 8.7], "texture": "#3"},
				"down": {"uv": [13.5, 9.7, 10.9, 8.7], "texture": "#3"}
			}
		},
		{
			"from": [7.648, 2.62, 8.44],
			"to": [8.352, 3.12, 9.444],
			"rotation": {"angle": 22.5, "axis": "x", "origin": [4.48, 2.22, 12.02]},
			"faces": {
				"north": {"uv": [13.5, 9.7, 10.9, 8.7], "texture": "#3"},
				"east": {"uv": [13.5, 9.7, 10.9, 8.7], "texture": "#3"},
				"south": {"uv": [13.5, 9.7, 10.9, 8.7], "texture": "#3"},
				"west": {"uv": [13.5, 9.7, 10.9, 8.7], "texture": "#3"},
				"up": {"uv": [13.5, 9.7, 10.9, 8.7], "texture": "#3"},
				"down": {"uv": [13.5, 9.7, 10.9, 8.7], "texture": "#3"}
			}
		},
		{
			"from": [7.648, 3.52, 8.14],
			"to": [8.352, 4.02, 10.044],
			"rotation": {"angle": 0, "axis": "y", "origin": [4.48, 2.22, 12.02]},
			"faces": {
				"north": {"uv": [13.5, 9.7, 10.9, 8.7], "texture": "#3"},
				"east": {"uv": [13.5, 9.7, 10.9, 8.7], "texture": "#3"},
				"south": {"uv": [13.5, 9.7, 10.9, 8.7], "texture": "#3"},
				"west": {"uv": [13.5, 9.7, 10.9, 8.7], "texture": "#3"},
				"up": {"uv": [13.5, 9.7, 10.9, 8.7], "texture": "#3"},
				"down": {"uv": [13.5, 9.7, 10.9, 8.7], "texture": "#3"}
			}
		},
		{
			"from": [7.648, 4.82, 8.14],
			"to": [8.352, 5.22, 9.044],
			"rotation": {"angle": 0, "axis": "y", "origin": [4.48, 3.02, 12.02]},
			"faces": {
				"north": {"uv": [13.5, 9.7, 10.9, 8.7], "texture": "#3"},
				"east": {"uv": [13.5, 9.7, 10.9, 8.7], "texture": "#3"},
				"south": {"uv": [13.5, 9.7, 10.9, 8.7], "texture": "#3"},
				"west": {"uv": [13.5, 9.7, 10.9, 8.7], "texture": "#3"},
				"up": {"uv": [13.5, 9.7, 10.9, 8.7], "texture": "#3"},
				"down": {"uv": [13.5, 9.7, 10.9, 8.7], "texture": "#3"}
			}
		},
		{
			"from": [7.648, 3.92, 8.44],
			"to": [8.352, 4.32, 9.444],
			"rotation": {"angle": 0, "axis": "y", "origin": [4.48, 3.02, 12.02]},
			"faces": {
				"north": {"uv": [13.5, 9.7, 10.9, 8.7], "texture": "#3"},
				"east": {"uv": [13.5, 9.7, 10.9, 8.7], "texture": "#3"},
				"south": {"uv": [13.5, 9.7, 10.9, 8.7], "texture": "#3"},
				"west": {"uv": [13.5, 9.7, 10.9, 8.7], "texture": "#3"},
				"up": {"uv": [13.5, 9.7, 10.9, 8.7], "texture": "#3"},
				"down": {"uv": [13.5, 9.7, 10.9, 8.7], "texture": "#3"}
			}
		},
		{
			"from": [7.648, 4.32, 7.356],
			"to": [8.352, 4.82, 8.36],
			"rotation": {"angle": -22.5, "axis": "x", "origin": [4.48, 3.92, 4.78]},
			"faces": {
				"north": {"uv": [10.9, 9.7, 13.5, 8.7], "texture": "#3"},
				"east": {"uv": [10.9, 9.7, 13.5, 8.7], "texture": "#3"},
				"south": {"uv": [10.9, 9.7, 13.5, 8.7], "texture": "#3"},
				"west": {"uv": [10.9, 9.7, 13.5, 8.7], "texture": "#3"},
				"up": {"uv": [10.9, 9.7, 13.5, 8.7], "texture": "#3"},
				"down": {"uv": [10.9, 9.7, 13.5, 8.7], "texture": "#3"}
			}
		},
		{
			"from": [7.648, 5.22, 6.756],
			"to": [8.352, 5.72, 7.76],
			"rotation": {"angle": 0, "axis": "y", "origin": [4.48, 3.92, 4.78]},
			"faces": {
				"north": {"uv": [10.9, 9.7, 13.5, 8.7], "texture": "#3"},
				"east": {"uv": [10.9, 9.7, 13.5, 8.7], "texture": "#3"},
				"south": {"uv": [10.9, 9.7, 13.5, 8.7], "texture": "#3"},
				"west": {"uv": [10.9, 9.7, 13.5, 8.7], "texture": "#3"},
				"up": {"uv": [10.9, 9.7, 13.5, 8.7], "texture": "#3"},
				"down": {"uv": [10.9, 9.7, 13.5, 8.7], "texture": "#3"}
			}
		},
		{
			"from": [7.648, 4.82, 6.956],
			"to": [8.352, 5.22, 7.86],
			"rotation": {"angle": 0, "axis": "y", "origin": [4.48, 3.02, 3.98]},
			"faces": {
				"north": {"uv": [10.9, 9.7, 13.5, 8.7], "texture": "#3"},
				"east": {"uv": [10.9, 9.7, 13.5, 8.7], "texture": "#3"},
				"south": {"uv": [10.9, 9.7, 13.5, 8.7], "texture": "#3"},
				"west": {"uv": [10.9, 9.7, 13.5, 8.7], "texture": "#3"},
				"up": {"uv": [10.9, 9.7, 13.5, 8.7], "texture": "#3"},
				"down": {"uv": [10.9, 9.7, 13.5, 8.7], "texture": "#3"}
			}
		},
		{
			"from": [7.648, 3.42, 6.956],
			"to": [8.352, 3.92, 7.96],
			"rotation": {"angle": -22.5, "axis": "x", "origin": [4.48, 3.02, 4.38]},
			"faces": {
				"north": {"uv": [10.9, 9.7, 13.5, 8.7], "texture": "#3"},
				"east": {"uv": [10.9, 9.7, 13.5, 8.7], "texture": "#3"},
				"south": {"uv": [10.9, 9.7, 13.5, 8.7], "texture": "#3"},
				"west": {"uv": [10.9, 9.7, 13.5, 8.7], "texture": "#3"},
				"up": {"uv": [10.9, 9.7, 13.5, 8.7], "texture": "#3"},
				"down": {"uv": [10.9, 9.7, 13.5, 8.7], "texture": "#3"}
			}
		},
		{
			"from": [7.648, 4.32, 6.356],
			"to": [8.352, 4.82, 8.26],
			"rotation": {"angle": 0, "axis": "y", "origin": [4.48, 3.02, 4.38]},
			"faces": {
				"north": {"uv": [10.9, 9.7, 13.5, 8.7], "texture": "#3"},
				"east": {"uv": [10.9, 9.7, 13.5, 8.7], "texture": "#3"},
				"south": {"uv": [10.9, 9.7, 13.5, 8.7], "texture": "#3"},
				"west": {"uv": [10.9, 9.7, 13.5, 8.7], "texture": "#3"},
				"up": {"uv": [10.9, 9.7, 13.5, 8.7], "texture": "#3"},
				"down": {"uv": [10.9, 9.7, 13.5, 8.7], "texture": "#3"}
			}
		},
		{
			"from": [7.648, 3.92, 6.556],
			"to": [8.352, 4.32, 7.56],
			"rotation": {"angle": 0, "axis": "y", "origin": [4.48, 3.02, 3.98]},
			"faces": {
				"north": {"uv": [10.9, 9.7, 13.5, 8.7], "texture": "#3"},
				"east": {"uv": [10.9, 9.7, 13.5, 8.7], "texture": "#3"},
				"south": {"uv": [10.9, 9.7, 13.5, 8.7], "texture": "#3"},
				"west": {"uv": [10.9, 9.7, 13.5, 8.7], "texture": "#3"},
				"up": {"uv": [10.9, 9.7, 13.5, 8.7], "texture": "#3"},
				"down": {"uv": [10.9, 9.7, 13.5, 8.7], "texture": "#3"}
			}
		},
		{
			"from": [7.648, 2.62, 6.556],
			"to": [8.352, 3.12, 7.56],
			"rotation": {"angle": -22.5, "axis": "x", "origin": [4.48, 2.22, 3.98]},
			"faces": {
				"north": {"uv": [10.9, 9.7, 13.5, 8.7], "texture": "#3"},
				"east": {"uv": [10.9, 9.7, 13.5, 8.7], "texture": "#3"},
				"south": {"uv": [10.9, 9.7, 13.5, 8.7], "texture": "#3"},
				"west": {"uv": [10.9, 9.7, 13.5, 8.7], "texture": "#3"},
				"up": {"uv": [10.9, 9.7, 13.5, 8.7], "texture": "#3"},
				"down": {"uv": [10.9, 9.7, 13.5, 8.7], "texture": "#3"}
			}
		},
		{
			"from": [7.648, 3.52, 5.956],
			"to": [8.352, 4.02, 7.86],
			"rotation": {"angle": 0, "axis": "y", "origin": [4.48, 2.22, 3.98]},
			"faces": {
				"north": {"uv": [10.9, 9.7, 13.5, 8.7], "texture": "#3"},
				"east": {"uv": [10.9, 9.7, 13.5, 8.7], "texture": "#3"},
				"south": {"uv": [10.9, 9.7, 13.5, 8.7], "texture": "#3"},
				"west": {"uv": [10.9, 9.7, 13.5, 8.7], "texture": "#3"},
				"up": {"uv": [10.9, 9.7, 13.5, 8.7], "texture": "#3"},
				"down": {"uv": [10.9, 9.7, 13.5, 8.7], "texture": "#3"}
			}
		},
		{
			"from": [7.76, 6.28, 11.56],
			"to": [8.24, 7.96, 13.24],
			"rotation": {"angle": 45, "axis": "x", "origin": [4.48, 10.08, 4.48]},
			"faces": {
				"north": {"uv": [10.9, 8.7, 13.9, 9.7], "texture": "#3"},
				"east": {"uv": [10.9, 8.7, 13.9, 9.7], "texture": "#3"},
				"south": {"uv": [10.9, 8.7, 13.9, 9.7], "texture": "#3"},
				"west": {"uv": [10.9, 8.7, 13.9, 9.7], "texture": "#3"},
				"up": {"uv": [10.9, 8.7, 13.9, 9.7], "texture": "#3"},
				"down": {"uv": [10.9, 8.7, 13.9, 9.7], "texture": "#3"}
			}
		},
		{
			"from": [7.46, -0.02, 6.66],
			"to": [8.54, 0.48, 9.34],
			"rotation": {"angle": 0, "axis": "y", "origin": [4.48, 10.08, 4.48]},
			"faces": {
				"north": {"uv": [11, 4, 13, 5], "texture": "#3"},
				"east": {"uv": [11, 4, 13, 5], "texture": "#3"},
				"south": {"uv": [11, 4, 13, 5], "texture": "#3"},
				"west": {"uv": [11, 4, 13, 5], "texture": "#3"},
				"up": {"uv": [11, 4, 13, 5], "texture": "#3"},
				"down": {"uv": [11, 4, 13, 5], "texture": "#3"}
			}
		},
		{
			"from": [7.46, -3.52, 7.36],
			"to": [8.54, -0.02, 8.54],
			"rotation": {"angle": 0, "axis": "y", "origin": [4.48, 10.08, 4.48]},
			"faces": {
				"north": {"uv": [11, 15, 13.8, 15.7], "texture": "#3"},
				"east": {"uv": [11, 15, 13.8, 15.7], "texture": "#3"},
				"south": {"uv": [11, 15, 13.8, 15.7], "texture": "#3"},
				"west": {"uv": [11, 15, 13.8, 15.7], "texture": "#3"},
				"up": {"uv": [11, 15, 13.8, 15.7], "texture": "#3"},
				"down": {"uv": [11, 15, 13.8, 15.7], "texture": "#3"}
			}
		},
		{
			"from": [7.46, -4.02, 7.16],
			"to": [8.54, -3.52, 8.74],
			"rotation": {"angle": 0, "axis": "y", "origin": [4.48, 10.08, 4.48]},
			"faces": {
				"north": {"uv": [0, 0, 2, 2], "texture": "#4"},
				"east": {"uv": [0, 0, 2, 2], "texture": "#4"},
				"south": {"uv": [0, 0, 2, 2], "texture": "#4"},
				"west": {"uv": [0, 0, 2, 2], "texture": "#4"},
				"up": {"uv": [0, 0, 2, 2], "texture": "#4"},
				"down": {"uv": [0, 0, 2, 2], "texture": "#4"}
			}
		},
		{
			"from": [7.46, -2.72, 7.16],
			"to": [8.54, -2.22, 8.74],
			"rotation": {"angle": 0, "axis": "y", "origin": [4.48, 10.08, 4.48]},
			"faces": {
				"north": {"uv": [0, 0, 2, 2], "texture": "#4"},
				"east": {"uv": [0, 0, 2, 2], "texture": "#4"},
				"south": {"uv": [0, 0, 2, 2], "texture": "#4"},
				"west": {"uv": [0, 0, 2, 2], "texture": "#4"},
				"up": {"uv": [0, 0, 2, 2], "texture": "#4"},
				"down": {"uv": [0, 0, 2, 2], "texture": "#4"}
			}
		},
		{
			"from": [7.66, 0.68, 13.76],
			"to": [8.34, 1.66, 14.74],
			"rotation": {"angle": 45, "axis": "x", "origin": [4.48, 5.98, 4.48]},
			"faces": {
				"north": {"uv": [0, 0, 2, 16], "texture": "#1"},
				"east": {"uv": [0, 0, 2, 16], "texture": "#1"},
				"south": {"uv": [0, 0, 2, 16], "texture": "#1"},
				"west": {"uv": [0, 0, 2, 16], "texture": "#1"},
				"up": {"uv": [0, 0, 2, 16], "texture": "#1"},
				"down": {"uv": [0, 0, 2, 16], "texture": "#1"}
			}
		},
		{
			"from": [7.56037, -2.5262, 8.98369],
			"to": [8.43963, -2.15262, 9.35727],
			"rotation": {"angle": 45, "axis": "x", "origin": [6.31409, -1.85862, 6.31409]},
			"faces": {
				"north": {"uv": [0, 0, 2, 16], "texture": "#0"},
				"east": {"uv": [0, 0, 2, 16], "texture": "#0"},
				"south": {"uv": [0, 0, 2, 16], "texture": "#0"},
				"west": {"uv": [0, 0, 2, 16], "texture": "#0"},
				"up": {"uv": [0, 0, 2, 16], "texture": "#0"},
				"down": {"uv": [0, 0, 2, 16], "texture": "#0"}
			}
		},
		{
			"from": [7.56037, -2.88394, 8.98664],
			"to": [8.43963, -2.51035, 9.36023],
			"rotation": {"angle": 45, "axis": "x", "origin": [6.31409, -2.2134, 6.31409]},
			"faces": {
				"north": {"uv": [0, 0, 2, 16], "texture": "#0"},
				"east": {"uv": [0, 0, 2, 16], "texture": "#0"},
				"south": {"uv": [0, 0, 2, 16], "texture": "#0"},
				"west": {"uv": [0, 0, 2, 16], "texture": "#0"},
				"up": {"uv": [0, 0, 2, 16], "texture": "#0"},
				"down": {"uv": [0, 0, 2, 16], "texture": "#0"}
			}
		},
		{
			"from": [7.56037, -4.56027, 7.74137],
			"to": [8.43963, -4.23458, 8.25863],
			"rotation": {"angle": 0, "axis": "y", "origin": [6.31409, -2.2134, 6.31409]},
			"faces": {
				"north": {"uv": [0, 0, 2, 16], "texture": "#0"},
				"east": {"uv": [0, 0, 2, 16], "texture": "#0"},
				"south": {"uv": [0, 0, 2, 16], "texture": "#0"},
				"west": {"uv": [0, 0, 2, 16], "texture": "#0"},
				"up": {"uv": [0, 0, 2, 16], "texture": "#0"},
				"down": {"uv": [0, 0, 2, 16], "texture": "#0"}
			}
		},
		{
			"from": [7.56, 6.38, 7.16],
			"to": [8.44, 8.66, 8.84],
			"rotation": {"angle": 0, "axis": "y", "origin": [4.48, 10.08, 4.48]},
			"faces": {
				"north": {"uv": [12.1, 15.2, 13.9, 16], "texture": "#4"},
				"east": {"uv": [12.1, 15.2, 13.9, 16], "texture": "#4"},
				"south": {"uv": [12.1, 15.2, 13.9, 16], "texture": "#4"},
				"west": {"uv": [12.1, 15.2, 13.9, 16], "texture": "#4"},
				"up": {"uv": [12.1, 15.2, 13.9, 16], "texture": "#4"},
				"down": {"uv": [12.1, 15.2, 13.9, 16], "texture": "#4"}
			}
		},
		{
			"from": [7.448, 10.78, 8.456],
			"to": [8.552, 11.78, 8.66],
			"rotation": {"angle": 45, "axis": "x", "origin": [11.52, 10.08, 4.48]},
			"faces": {
				"north": {"uv": [0.8, 2, 0, 6.8], "texture": "#5"},
				"east": {"uv": [0.8, 2, 0, 6.8], "texture": "#5"},
				"south": {"uv": [0.8, 2, 0, 6.8], "texture": "#5"},
				"west": {"uv": [0.8, 2, 0, 6.8], "texture": "#5"},
				"up": {"uv": [0.8, 2, 0, 6.8], "texture": "#5"},
				"down": {"uv": [0.8, 2, 0, 6.8], "texture": "#5"}
			}
		},
		{
			"from": [7.448, 10.78, 7.34],
			"to": [8.552, 11.78, 7.544],
			"rotation": {"angle": -45, "axis": "x", "origin": [11.52, 10.08, 11.52]},
			"faces": {
				"north": {"uv": [0, 2, 0.8, 6.8], "texture": "#5"},
				"east": {"uv": [0, 2, 0.8, 6.8], "texture": "#5"},
				"south": {"uv": [0, 2, 0.8, 6.8], "texture": "#5"},
				"west": {"uv": [0, 2, 0.8, 6.8], "texture": "#5"},
				"up": {"uv": [0.8, 6.8, 0, 2], "texture": "#5"},
				"down": {"uv": [0.8, 6.8, 0, 2], "texture": "#5"}
			}
		},
		{
			"from": [7.448, 3.82, 7.34],
			"to": [8.552, 4.82, 7.544],
			"rotation": {"angle": 45, "axis": "x", "origin": [11.52, 5.52, 11.52]},
			"faces": {
				"north": {"uv": [0, 6.8, 0.8, 2], "texture": "#5"},
				"east": {"uv": [0, 6.8, 0.8, 2], "texture": "#5"},
				"south": {"uv": [0, 6.8, 0.8, 2], "texture": "#5"},
				"west": {"uv": [0, 6.8, 0.8, 2], "texture": "#5"},
				"up": {"uv": [0.8, 2, 0, 6.8], "texture": "#5"},
				"down": {"uv": [0.8, 2, 0, 6.8], "texture": "#5"}
			}
		},
		{
			"from": [7.448, 3.82, 8.456],
			"to": [8.552, 4.82, 8.66],
			"rotation": {"angle": -45, "axis": "x", "origin": [11.52, 5.52, 4.48]},
			"faces": {
				"north": {"uv": [0.8, 6.8, 0, 2], "texture": "#5"},
				"east": {"uv": [0.8, 6.8, 0, 2], "texture": "#5"},
				"south": {"uv": [0.8, 6.8, 0, 2], "texture": "#5"},
				"west": {"uv": [0.8, 6.8, 0, 2], "texture": "#5"},
				"up": {"uv": [0.8, 6.8, 0, 2], "texture": "#5"},
				"down": {"uv": [0.8, 6.8, 0, 2], "texture": "#5"}
			}
		},
		{
			"from": [7.448, 10.78, 7.34],
			"to": [8.552, 11.78, 7.544],
			"rotation": {"angle": -45, "axis": "x", "origin": [11.52, 10.08, 11.52]},
			"faces": {
				"north": {"uv": [0, 2, 0.8, 6.8], "texture": "#5"},
				"east": {"uv": [0, 2, 0.8, 6.8], "texture": "#5"},
				"south": {"uv": [0, 2, 0.8, 6.8], "texture": "#5"},
				"west": {"uv": [0, 2, 0.8, 6.8], "texture": "#5"},
				"up": {"uv": [0.8, 6.8, 0, 2], "texture": "#5"},
				"down": {"uv": [0.8, 6.8, 0, 2], "texture": "#5"}
			}
		},
		{
			"from": [7.448, 7.7, 7.42],
			"to": [8.552, 7.904, 8.62],
			"rotation": {"angle": 0, "axis": "x", "origin": [11.52, 10.08, 11.52]},
			"faces": {
				"north": {"uv": [0.8, 6.8, 0, 2], "rotation": 180, "texture": "#5"},
				"east": {"uv": [0, 2, 0.8, 6.8], "rotation": 90, "texture": "#5"},
				"south": {"uv": [0.8, 6.8, 0, 2], "texture": "#5"},
				"west": {"uv": [0, 2, 0.8, 6.8], "rotation": 270, "texture": "#5"},
				"up": {"uv": [0, 2, 0.8, 6.8], "texture": "#5"},
				"down": {"uv": [0, 2, 0.8, 6.8], "rotation": 180, "texture": "#5"}
			}
		},
		{
			"from": [7.448, 7.1, 7.42],
			"to": [8.552, 7.304, 8.62],
			"rotation": {"angle": 0, "axis": "y", "origin": [11.52, 10.08, 11.52]},
			"faces": {
				"north": {"uv": [0.8, 6.8, 0, 2], "rotation": 180, "texture": "#5"},
				"east": {"uv": [0, 2, 0.8, 6.8], "rotation": 90, "texture": "#5"},
				"south": {"uv": [0.8, 6.8, 0, 2], "texture": "#5"},
				"west": {"uv": [0, 2, 0.8, 6.8], "rotation": 270, "texture": "#5"},
				"up": {"uv": [0, 2, 0.8, 6.8], "texture": "#5"},
				"down": {"uv": [0, 2, 0.8, 6.8], "rotation": 180, "texture": "#5"}
			}
		},
		{
			"from": [7.448, 3.32, 8.456],
			"to": [8.552, 4.02, 8.66],
			"rotation": {"angle": -45, "axis": "x", "origin": [11.52, 5.02, 4.48]},
			"faces": {
				"north": {"uv": [0.8, 6.8, 0, 2], "texture": "#5"},
				"east": {"uv": [0.8, 6.8, 0, 2], "texture": "#5"},
				"south": {"uv": [0.8, 6.8, 0, 2], "texture": "#5"},
				"west": {"uv": [0.8, 6.8, 0, 2], "texture": "#5"},
				"up": {"uv": [0.8, 6.8, 0, 2], "texture": "#5"},
				"down": {"uv": [0.8, 6.8, 0, 2], "texture": "#5"}
			}
		},
		{
			"from": [7.448, 3.32, 7.34],
			"to": [8.552, 4.02, 7.544],
			"rotation": {"angle": 45, "axis": "x", "origin": [11.52, 5.02, 11.52]},
			"faces": {
				"north": {"uv": [0, 6.8, 0.8, 2], "texture": "#5"},
				"east": {"uv": [0, 6.8, 0.8, 2], "texture": "#5"},
				"south": {"uv": [0, 6.8, 0.8, 2], "texture": "#5"},
				"west": {"uv": [0, 6.8, 0.8, 2], "texture": "#5"},
				"up": {"uv": [0.8, 2, 0, 6.8], "texture": "#5"},
				"down": {"uv": [0.8, 2, 0, 6.8], "texture": "#5"}
			}
		},
		{
			"from": [7.448, 4.48, 7.896],
			"to": [8.552, 7.18, 8.1],
			"rotation": {"angle": 0, "axis": "x", "origin": [11.52, 10.08, 11.52]},
			"faces": {
				"north": {"uv": [0, 2, 0.8, 6.8], "rotation": 180, "texture": "#5"},
				"east": {"uv": [0, 2, 0.8, 6.8], "rotation": 180, "texture": "#5"},
				"south": {"uv": [0, 2, 0.8, 6.8], "rotation": 180, "texture": "#5"},
				"west": {"uv": [0, 2, 0.8, 6.8], "rotation": 180, "texture": "#5"},
				"up": {"uv": [0.8, 6.8, 0, 2], "texture": "#5"},
				"down": {"uv": [0.8, 6.8, 0, 2], "texture": "#5"}
			}
		},
		{
			"from": [7.648, 8.98, 7.056],
			"to": [8.352, 9.38, 7.356],
			"rotation": {"angle": 45, "axis": "x", "origin": [11.52, 10.08, 4.48]},
			"faces": {
				"north": {"uv": [1.6, 0, 0, 16], "texture": "#1"},
				"east": {"uv": [1.6, 0, 0, 16], "texture": "#1"},
				"south": {"uv": [1.6, 0, 0, 16], "texture": "#1"},
				"west": {"uv": [1.6, 0, 0, 16], "texture": "#1"},
				"up": {"uv": [1.6, 0, 0, 16], "texture": "#1"},
				"down": {"uv": [1.6, 0, 0, 16], "texture": "#1"}
			}
		},
		{
			"from": [7.648, 8.98, 8.644],
			"to": [8.352, 9.38, 8.944],
			"rotation": {"angle": -45, "axis": "x", "origin": [11.52, 10.08, 11.52]},
			"faces": {
				"north": {"uv": [0, 0, 1.6, 16], "texture": "#1"},
				"east": {"uv": [0, 0, 1.6, 16], "texture": "#1"},
				"south": {"uv": [0, 0, 1.6, 16], "texture": "#1"},
				"west": {"uv": [0, 0, 1.6, 16], "texture": "#1"},
				"up": {"uv": [1.6, 16, 0, 0], "texture": "#1"},
				"down": {"uv": [1.6, 16, 0, 0], "texture": "#1"}
			}
		}
	],
	"display": {
		"thirdperson_righthand": {
			"translation": [0, 6.75, 1.25]
		},
		"thirdperson_lefthand": {
			"translation": [0, 6.75, 1.25]
		},
		"firstperson_righthand": {
			"rotation": [-26, 0, 0]
		},
		"firstperson_lefthand": {
			"rotation": [-26, 0, 0]
		},
		"ground": {
			"rotation": [121, 0, 0],
			"translation": [0, 3, 1]
		},
		"gui": {
			"rotation": [-79, 40, 82],
			"translation": [-0.25, 0, 0]
		}
	}
}