{
	"credit": "Made with Blockbench",
	"parent": "89",
	"textures": {
		"2": "minecraft:block/black_glazed_terracotta",
		"3": "minecraft:block/dirt_path_top",
		"4": "minecraft:block/blast_furnace_front_on",
		"particle": "minecraft:block/blast_furnace_front_on"
	},
	"elements": [
		{
			"from": [6, 4.8, 17.2],
			"to": [8, 7.3, 20.2],
			"rotation": {"angle": 0, "axis": "y", "origin": [0, 0, 12.2]},
			"faces": {
				"north": {"uv": [0, 2, 3.1, 3.9], "texture": "#3"},
				"east": {"uv": [0, 2, 3.1, 3.9], "texture": "#3"},
				"south": {"uv": [0, 2, 3.1, 3.9], "texture": "#3"},
				"west": {"uv": [0, 2, 3.1, 3.9], "texture": "#3"},
				"up": {"uv": [0, 2, 3.1, 3.9], "texture": "#3"},
				"down": {"uv": [0, 2, 3.1, 3.9], "texture": "#3"}
			}
		},
		{
			"from": [6.1, 5.1, 12.1],
			"to": [7.9, 6.9, 14],
			"rotation": {"angle": 0, "axis": "y", "origin": [0, 0, 11.3]},
			"faces": {
				"north": {"uv": [4, 5, 6, 7], "texture": "#4"},
				"east": {"uv": [4, 5, 6, 7], "texture": "#4"},
				"south": {"uv": [4, 5, 6, 7], "texture": "#4"},
				"west": {"uv": [4, 5, 6, 7], "texture": "#4"},
				"up": {"uv": [4, 5, 6, 7], "texture": "#4"},
				"down": {"uv": [4, 5, 6, 7], "texture": "#4"}
			}
		},
		{
			"from": [5.8, 4.9, 14],
			"to": [8.2, 7.1, 17.2],
			"rotation": {"angle": 0, "axis": "y", "origin": [0, 0, 12.2]},
			"faces": {
				"north": {"uv": [0, 2, 3.3, 3.6], "texture": "#3"},
				"east": {"uv": [0, 2, 3.3, 3.6], "texture": "#3"},
				"south": {"uv": [0, 2, 3.3, 3.6], "texture": "#3"},
				"west": {"uv": [0, 2, 3.3, 3.6], "texture": "#3"},
				"up": {"uv": [0, 2, 3.3, 3.6], "texture": "#3"},
				"down": {"uv": [0, 2, 3.3, 3.6], "texture": "#3"}
			}
		},
		{
			"from": [6.1, 3.7, 15.1],
			"to": [7.9, 4.7, 16.1],
			"rotation": {"angle": -45, "axis": "x", "origin": [0, 0, 11.3]},
			"faces": {
				"north": {"uv": [3, 7, 3.5, 7.8], "texture": "#4"},
				"east": {"uv": [3, 7, 3.5, 7.8], "texture": "#4"},
				"south": {"uv": [3, 7, 3.5, 7.8], "texture": "#4"},
				"west": {"uv": [3, 7, 3.5, 7.8], "texture": "#4"},
				"up": {"uv": [3, 7, 3.5, 7.8], "texture": "#4"},
				"down": {"uv": [3, 7, 3.5, 7.8], "texture": "#4"}
			}
		},
		{
			"from": [6.1, 5.2, 13.9],
			"to": [7.9, 6.2, 14.9],
			"rotation": {"angle": -22.5, "axis": "x", "origin": [0, 0, 11.3]},
			"faces": {
				"north": {"uv": [3, 7, 3.5, 7.8], "texture": "#4"},
				"east": {"uv": [3, 7, 3.5, 7.8], "texture": "#4"},
				"south": {"uv": [3, 7, 3.5, 7.8], "texture": "#4"},
				"west": {"uv": [3, 7, 3.5, 7.8], "texture": "#4"},
				"up": {"uv": [3, 7, 3.5, 7.8], "texture": "#4"},
				"down": {"uv": [3, 7, 3.5, 7.8], "texture": "#4"}
			}
		},
		{
			"from": [6.1, 4.9, 9.2],
			"to": [7.9, 5.9, 10.2],
			"rotation": {"angle": 22.5, "axis": "x", "origin": [0, 0, 11.3]},
			"faces": {
				"north": {"uv": [3, 7, 3.5, 7.8], "texture": "#4"},
				"east": {"uv": [3, 7, 3.5, 7.8], "texture": "#4"},
				"south": {"uv": [3, 7, 3.5, 7.8], "texture": "#4"},
				"west": {"uv": [3, 7, 3.5, 7.8], "texture": "#4"},
				"up": {"uv": [3, 7, 3.5, 7.8], "texture": "#4"},
				"down": {"uv": [3, 7, 3.5, 7.8], "texture": "#4"}
			}
		},
		{
			"from": [10.8, 4.8, 17.2],
			"to": [12.8, 7.3, 20.2],
			"rotation": {"angle": 0, "axis": "y", "origin": [4.8, 0, 12.2]},
			"faces": {
				"north": {"uv": [0, 2, 3.1, 3.9], "texture": "#3"},
				"east": {"uv": [0, 2, 3.1, 3.9], "texture": "#3"},
				"south": {"uv": [0, 2, 3.1, 3.9], "texture": "#3"},
				"west": {"uv": [0, 2, 3.1, 3.9], "texture": "#3"},
				"up": {"uv": [0, 2, 3.1, 3.9], "texture": "#3"},
				"down": {"uv": [0, 2, 3.1, 3.9], "texture": "#3"}
			}
		},
		{
			"from": [10.6, 4.9, 14],
			"to": [13, 7.1, 17.2],
			"rotation": {"angle": 0, "axis": "y", "origin": [4.8, 0, 12.2]},
			"faces": {
				"north": {"uv": [0, 2, 3.3, 3.6], "texture": "#3"},
				"east": {"uv": [0, 2, 3.3, 3.6], "texture": "#3"},
				"south": {"uv": [0, 2, 3.3, 3.6], "texture": "#3"},
				"west": {"uv": [0, 2, 3.3, 3.6], "texture": "#3"},
				"up": {"uv": [0, 2, 3.3, 3.6], "texture": "#3"},
				"down": {"uv": [0, 2, 3.3, 3.6], "texture": "#3"}
			}
		},
		{
			"from": [10.9, 5.1, 12.1],
			"to": [12.7, 6.9, 14],
			"rotation": {"angle": 0, "axis": "y", "origin": [4.8, 0, 11.3]},
			"faces": {
				"north": {"uv": [4, 5, 6, 7], "texture": "#4"},
				"east": {"uv": [4, 5, 6, 7], "texture": "#4"},
				"south": {"uv": [4, 5, 6, 7], "texture": "#4"},
				"west": {"uv": [4, 5, 6, 7], "texture": "#4"},
				"up": {"uv": [4, 5, 6, 7], "texture": "#4"},
				"down": {"uv": [4, 5, 6, 7], "texture": "#4"}
			}
		},
		{
			"from": [10.9, 5.2, 13.9],
			"to": [12.7, 6.2, 14.9],
			"rotation": {"angle": -22.5, "axis": "x", "origin": [4.8, 0, 11.3]},
			"faces": {
				"north": {"uv": [3, 7, 3.5, 7.8], "texture": "#4"},
				"east": {"uv": [3, 7, 3.5, 7.8], "texture": "#4"},
				"south": {"uv": [3, 7, 3.5, 7.8], "texture": "#4"},
				"west": {"uv": [3, 7, 3.5, 7.8], "texture": "#4"},
				"up": {"uv": [3, 7, 3.5, 7.8], "texture": "#4"},
				"down": {"uv": [3, 7, 3.5, 7.8], "texture": "#4"}
			}
		},
		{
			"from": [10.9, 3.7, 15.1],
			"to": [12.7, 4.7, 16.1],
			"rotation": {"angle": -45, "axis": "x", "origin": [4.8, 0, 11.3]},
			"faces": {
				"north": {"uv": [3, 7, 3.5, 7.8], "texture": "#4"},
				"east": {"uv": [3, 7, 3.5, 7.8], "texture": "#4"},
				"south": {"uv": [3, 7, 3.5, 7.8], "texture": "#4"},
				"west": {"uv": [3, 7, 3.5, 7.8], "texture": "#4"},
				"up": {"uv": [3, 7, 3.5, 7.8], "texture": "#4"},
				"down": {"uv": [3, 7, 3.5, 7.8], "texture": "#4"}
			}
		},
		{
			"from": [10.9, 4.9, 9.2],
			"to": [12.7, 5.9, 10.2],
			"rotation": {"angle": 22.5, "axis": "x", "origin": [4.8, 0, 11.3]},
			"faces": {
				"north": {"uv": [3, 7, 3.5, 7.8], "texture": "#4"},
				"east": {"uv": [3, 7, 3.5, 7.8], "texture": "#4"},
				"south": {"uv": [3, 7, 3.5, 7.8], "texture": "#4"},
				"west": {"uv": [3, 7, 3.5, 7.8], "texture": "#4"},
				"up": {"uv": [3, 7, 3.5, 7.8], "texture": "#4"},
				"down": {"uv": [3, 7, 3.5, 7.8], "texture": "#4"}
			}
		},
		{
			"from": [8.4, 3.7, 17.2],
			"to": [10.4, 6.2, 20.2],
			"rotation": {"angle": 0, "axis": "y", "origin": [2.4, -1.1, 12.2]},
			"faces": {
				"north": {"uv": [0, 2, 3.1, 3.9], "texture": "#3"},
				"east": {"uv": [0, 2, 3.1, 3.9], "texture": "#3"},
				"south": {"uv": [0, 2, 3.1, 3.9], "texture": "#3"},
				"west": {"uv": [0, 2, 3.1, 3.9], "texture": "#3"},
				"up": {"uv": [0, 2, 3.1, 3.9], "texture": "#3"},
				"down": {"uv": [0, 2, 3.1, 3.9], "texture": "#3"}
			}
		},
		{
			"from": [8.2, 3.8, 14],
			"to": [10.6, 6, 17.2],
			"rotation": {"angle": 0, "axis": "y", "origin": [2.4, -1.1, 12.2]},
			"faces": {
				"north": {"uv": [0, 2, 3.3, 3.6], "texture": "#3"},
				"east": {"uv": [0, 2, 3.3, 3.6], "texture": "#3"},
				"south": {"uv": [0, 2, 3.3, 3.6], "texture": "#3"},
				"west": {"uv": [0, 2, 3.3, 3.6], "texture": "#3"},
				"up": {"uv": [0, 2, 3.3, 3.6], "texture": "#3"},
				"down": {"uv": [0, 2, 3.3, 3.6], "texture": "#3"}
			}
		},
		{
			"from": [8.5, 4, 12.1],
			"to": [10.3, 5.8, 14],
			"rotation": {"angle": 0, "axis": "y", "origin": [2.4, -1.1, 11.3]},
			"faces": {
				"north": {"uv": [4, 5, 6, 7], "texture": "#4"},
				"east": {"uv": [4, 5, 6, 7], "texture": "#4"},
				"south": {"uv": [4, 5, 6, 7], "texture": "#4"},
				"west": {"uv": [4, 5, 6, 7], "texture": "#4"},
				"up": {"uv": [4, 5, 6, 7], "texture": "#4"},
				"down": {"uv": [4, 5, 6, 7], "texture": "#4"}
			}
		},
		{
			"from": [8.5, 4.1, 13.9],
			"to": [10.3, 5.1, 14.9],
			"rotation": {"angle": -22.5, "axis": "x", "origin": [2.4, -1.1, 11.3]},
			"faces": {
				"north": {"uv": [3, 7, 3.5, 7.8], "texture": "#4"},
				"east": {"uv": [3, 7, 3.5, 7.8], "texture": "#4"},
				"south": {"uv": [3, 7, 3.5, 7.8], "texture": "#4"},
				"west": {"uv": [3, 7, 3.5, 7.8], "texture": "#4"},
				"up": {"uv": [3, 7, 3.5, 7.8], "texture": "#4"},
				"down": {"uv": [3, 7, 3.5, 7.8], "texture": "#4"}
			}
		},
		{
			"from": [8.5, 2.6, 15.1],
			"to": [10.3, 3.6, 16.1],
			"rotation": {"angle": -45, "axis": "x", "origin": [2.4, -1.1, 11.3]},
			"faces": {
				"north": {"uv": [3, 7, 3.5, 7.8], "texture": "#4"},
				"east": {"uv": [3, 7, 3.5, 7.8], "texture": "#4"},
				"south": {"uv": [3, 7, 3.5, 7.8], "texture": "#4"},
				"west": {"uv": [3, 7, 3.5, 7.8], "texture": "#4"},
				"up": {"uv": [3, 7, 3.5, 7.8], "texture": "#4"},
				"down": {"uv": [3, 7, 3.5, 7.8], "texture": "#4"}
			}
		},
		{
			"from": [8.5, 3.8, 9.2],
			"to": [10.3, 4.8, 10.2],
			"rotation": {"angle": 22.5, "axis": "x", "origin": [2.4, -1.1, 11.3]},
			"faces": {
				"north": {"uv": [3, 7, 3.5, 7.8], "texture": "#4"},
				"east": {"uv": [3, 7, 3.5, 7.8], "texture": "#4"},
				"south": {"uv": [3, 7, 3.5, 7.8], "texture": "#4"},
				"west": {"uv": [3, 7, 3.5, 7.8], "texture": "#4"},
				"up": {"uv": [3, 7, 3.5, 7.8], "texture": "#4"},
				"down": {"uv": [3, 7, 3.5, 7.8], "texture": "#4"}
			}
		},
		{
			"from": [11.5, 7, 17.2],
			"to": [13.5, 9.5, 20.2],
			"rotation": {"angle": 0, "axis": "y", "origin": [5.5, 2.2, 12.2]},
			"faces": {
				"north": {"uv": [0, 2, 3.1, 3.9], "texture": "#3"},
				"east": {"uv": [0, 2, 3.1, 3.9], "texture": "#3"},
				"south": {"uv": [0, 2, 3.1, 3.9], "texture": "#3"},
				"west": {"uv": [0, 2, 3.1, 3.9], "texture": "#3"},
				"up": {"uv": [0, 2, 3.1, 3.9], "texture": "#3"},
				"down": {"uv": [0, 2, 3.1, 3.9], "texture": "#3"}
			}
		},
		{
			"from": [11.3, 7.1, 14],
			"to": [13.7, 9.3, 17.2],
			"rotation": {"angle": 0, "axis": "y", "origin": [5.5, 2.2, 12.2]},
			"faces": {
				"north": {"uv": [0, 2, 3.3, 3.6], "texture": "#3"},
				"east": {"uv": [0, 2, 3.3, 3.6], "texture": "#3"},
				"south": {"uv": [0, 2, 3.3, 3.6], "texture": "#3"},
				"west": {"uv": [0, 2, 3.3, 3.6], "texture": "#3"},
				"up": {"uv": [0, 2, 3.3, 3.6], "texture": "#3"},
				"down": {"uv": [0, 2, 3.3, 3.6], "texture": "#3"}
			}
		},
		{
			"from": [11.6, 7.3, 12.1],
			"to": [13.4, 9.1, 14],
			"rotation": {"angle": 0, "axis": "y", "origin": [5.5, 2.2, 11.3]},
			"faces": {
				"north": {"uv": [4, 5, 6, 7], "texture": "#4"},
				"east": {"uv": [4, 5, 6, 7], "texture": "#4"},
				"south": {"uv": [4, 5, 6, 7], "texture": "#4"},
				"west": {"uv": [4, 5, 6, 7], "texture": "#4"},
				"up": {"uv": [4, 5, 6, 7], "texture": "#4"},
				"down": {"uv": [4, 5, 6, 7], "texture": "#4"}
			}
		},
		{
			"from": [11.6, 7.4, 13.9],
			"to": [13.4, 8.4, 14.9],
			"rotation": {"angle": -22.5, "axis": "x", "origin": [5.5, 2.2, 11.3]},
			"faces": {
				"north": {"uv": [3, 7, 3.5, 7.8], "texture": "#4"},
				"east": {"uv": [3, 7, 3.5, 7.8], "texture": "#4"},
				"south": {"uv": [3, 7, 3.5, 7.8], "texture": "#4"},
				"west": {"uv": [3, 7, 3.5, 7.8], "texture": "#4"},
				"up": {"uv": [3, 7, 3.5, 7.8], "texture": "#4"},
				"down": {"uv": [3, 7, 3.5, 7.8], "texture": "#4"}
			}
		},
		{
			"from": [11.6, 5.9, 15.1],
			"to": [13.4, 6.9, 16.1],
			"rotation": {"angle": -45, "axis": "x", "origin": [5.5, 2.2, 11.3]},
			"faces": {
				"north": {"uv": [3, 7, 3.5, 7.8], "texture": "#4"},
				"east": {"uv": [3, 7, 3.5, 7.8], "texture": "#4"},
				"south": {"uv": [3, 7, 3.5, 7.8], "texture": "#4"},
				"west": {"uv": [3, 7, 3.5, 7.8], "texture": "#4"},
				"up": {"uv": [3, 7, 3.5, 7.8], "texture": "#4"},
				"down": {"uv": [3, 7, 3.5, 7.8], "texture": "#4"}
			}
		},
		{
			"from": [11.6, 7.1, 9.2],
			"to": [13.4, 8.1, 10.2],
			"rotation": {"angle": 22.5, "axis": "x", "origin": [5.5, 2.2, 11.3]},
			"faces": {
				"north": {"uv": [3, 7, 3.5, 7.8], "texture": "#4"},
				"east": {"uv": [3, 7, 3.5, 7.8], "texture": "#4"},
				"south": {"uv": [3, 7, 3.5, 7.8], "texture": "#4"},
				"west": {"uv": [3, 7, 3.5, 7.8], "texture": "#4"},
				"up": {"uv": [3, 7, 3.5, 7.8], "texture": "#4"},
				"down": {"uv": [3, 7, 3.5, 7.8], "texture": "#4"}
			}
		},
		{
			"from": [10.7, 9.2, 17.2],
			"to": [12.7, 11.7, 20.2],
			"rotation": {"angle": 0, "axis": "y", "origin": [4.7, 4.4, 12.2]},
			"faces": {
				"north": {"uv": [0, 2, 3.1, 3.9], "texture": "#3"},
				"east": {"uv": [0, 2, 3.1, 3.9], "texture": "#3"},
				"south": {"uv": [0, 2, 3.1, 3.9], "texture": "#3"},
				"west": {"uv": [0, 2, 3.1, 3.9], "texture": "#3"},
				"up": {"uv": [0, 2, 3.1, 3.9], "texture": "#3"},
				"down": {"uv": [0, 2, 3.1, 3.9], "texture": "#3"}
			}
		},
		{
			"from": [10.5, 9.3, 14],
			"to": [12.9, 11.5, 17.2],
			"rotation": {"angle": 0, "axis": "y", "origin": [4.7, 4.4, 12.2]},
			"faces": {
				"north": {"uv": [0, 2, 3.3, 3.6], "texture": "#3"},
				"east": {"uv": [0, 2, 3.3, 3.6], "texture": "#3"},
				"south": {"uv": [0, 2, 3.3, 3.6], "texture": "#3"},
				"west": {"uv": [0, 2, 3.3, 3.6], "texture": "#3"},
				"up": {"uv": [0, 2, 3.3, 3.6], "texture": "#3"},
				"down": {"uv": [0, 2, 3.3, 3.6], "texture": "#3"}
			}
		},
		{
			"from": [10.8, 9.5, 12.1],
			"to": [12.6, 11.3, 14],
			"rotation": {"angle": 0, "axis": "y", "origin": [4.7, 4.4, 11.3]},
			"faces": {
				"north": {"uv": [4, 5, 6, 7], "texture": "#4"},
				"east": {"uv": [4, 5, 6, 7], "texture": "#4"},
				"south": {"uv": [4, 5, 6, 7], "texture": "#4"},
				"west": {"uv": [4, 5, 6, 7], "texture": "#4"},
				"up": {"uv": [4, 5, 6, 7], "texture": "#4"},
				"down": {"uv": [4, 5, 6, 7], "texture": "#4"}
			}
		},
		{
			"from": [10.8, 9.6, 13.9],
			"to": [12.6, 10.6, 14.9],
			"rotation": {"angle": -22.5, "axis": "x", "origin": [4.7, 4.4, 11.3]},
			"faces": {
				"north": {"uv": [3, 7, 3.5, 7.8], "texture": "#4"},
				"east": {"uv": [3, 7, 3.5, 7.8], "texture": "#4"},
				"south": {"uv": [3, 7, 3.5, 7.8], "texture": "#4"},
				"west": {"uv": [3, 7, 3.5, 7.8], "texture": "#4"},
				"up": {"uv": [3, 7, 3.5, 7.8], "texture": "#4"},
				"down": {"uv": [3, 7, 3.5, 7.8], "texture": "#4"}
			}
		},
		{
			"from": [10.8, 8.1, 15.1],
			"to": [12.6, 9.1, 16.1],
			"rotation": {"angle": -45, "axis": "x", "origin": [4.7, 4.4, 11.3]},
			"faces": {
				"north": {"uv": [3, 7, 3.5, 7.8], "texture": "#4"},
				"east": {"uv": [3, 7, 3.5, 7.8], "texture": "#4"},
				"south": {"uv": [3, 7, 3.5, 7.8], "texture": "#4"},
				"west": {"uv": [3, 7, 3.5, 7.8], "texture": "#4"},
				"up": {"uv": [3, 7, 3.5, 7.8], "texture": "#4"},
				"down": {"uv": [3, 7, 3.5, 7.8], "texture": "#4"}
			}
		},
		{
			"from": [10.8, 9.3, 9.2],
			"to": [12.6, 10.3, 10.2],
			"rotation": {"angle": 22.5, "axis": "x", "origin": [4.7, 4.4, 11.3]},
			"faces": {
				"north": {"uv": [3, 7, 3.5, 7.8], "texture": "#4"},
				"east": {"uv": [3, 7, 3.5, 7.8], "texture": "#4"},
				"south": {"uv": [3, 7, 3.5, 7.8], "texture": "#4"},
				"west": {"uv": [3, 7, 3.5, 7.8], "texture": "#4"},
				"up": {"uv": [3, 7, 3.5, 7.8], "texture": "#4"},
				"down": {"uv": [3, 7, 3.5, 7.8], "texture": "#4"}
			}
		},
		{
			"from": [8.3, 10.1, 17.2],
			"to": [10.3, 12.6, 20.2],
			"rotation": {"angle": 0, "axis": "y", "origin": [2.3, 5.3, 12.2]},
			"color": 0,
			"faces": {
				"north": {"uv": [0, 0, 3, 2.5], "texture": "#missing"},
				"east": {"uv": [0, 0, 3, 2.5], "texture": "#missing"},
				"south": {"uv": [0, 0, 3, 2.5], "texture": "#missing"},
				"west": {"uv": [0, 0, 3, 2.5], "texture": "#missing"},
				"up": {"uv": [0, 0, 3, 2.5], "texture": "#missing"},
				"down": {"uv": [0, 0, 3, 2.5], "texture": "#missing"}
			}
		},
		{
			"from": [8.1, 10.2, 14],
			"to": [10.5, 12.4, 17.2],
			"rotation": {"angle": 0, "axis": "y", "origin": [2.3, 5.3, 12.2]},
			"color": 9,
			"faces": {
				"north": {"uv": [0, 0, 3.2, 2.2], "texture": "#missing"},
				"east": {"uv": [0, 0, 3.2, 2.2], "texture": "#missing"},
				"south": {"uv": [0, 0, 3.2, 2.2], "texture": "#missing"},
				"west": {"uv": [0, 0, 3.2, 2.2], "texture": "#missing"},
				"up": {"uv": [0, 0, 3.2, 2.2], "texture": "#missing"},
				"down": {"uv": [0, 0, 3.2, 2.2], "texture": "#missing"}
			}
		},
		{
			"from": [8.4, 10.4, 12.1],
			"to": [10.2, 12.2, 14],
			"rotation": {"angle": 0, "axis": "y", "origin": [2.3, 5.3, 11.3]},
			"color": 0,
			"faces": {
				"north": {"uv": [0, 0, 1.9, 1.8], "texture": "#missing"},
				"east": {"uv": [0, 0, 1.9, 1.8], "texture": "#missing"},
				"south": {"uv": [0, 0, 1.9, 1.8], "texture": "#missing"},
				"west": {"uv": [0, 0, 1.9, 1.8], "texture": "#missing"},
				"up": {"uv": [0, 0, 1.9, 1.8], "texture": "#missing"},
				"down": {"uv": [0, 0, 1.9, 1.8], "texture": "#missing"}
			}
		},
		{
			"from": [8.4, 10.5, 13.9],
			"to": [10.2, 11.5, 14.9],
			"rotation": {"angle": -22.5, "axis": "x", "origin": [2.3, 5.3, 11.3]},
			"color": 0,
			"faces": {
				"north": {"uv": [0, 0, 1, 1], "texture": "#missing"},
				"east": {"uv": [0, 0, 1, 1], "texture": "#missing"},
				"south": {"uv": [0, 0, 1, 1], "texture": "#missing"},
				"west": {"uv": [0, 0, 1, 1], "texture": "#missing"},
				"up": {"uv": [0, 0, 1, 1], "texture": "#missing"},
				"down": {"uv": [0, 0, 1, 1], "texture": "#missing"}
			}
		},
		{
			"from": [8.4, 9, 15.1],
			"to": [10.2, 10, 16.1],
			"rotation": {"angle": -45, "axis": "x", "origin": [2.3, 5.3, 11.3]},
			"faces": {
				"north": {"uv": [3, 7, 3.5, 7.8], "texture": "#4"},
				"east": {"uv": [3, 7, 3.5, 7.8], "texture": "#4"},
				"south": {"uv": [3, 7, 3.5, 7.8], "texture": "#4"},
				"west": {"uv": [3, 7, 3.5, 7.8], "texture": "#4"},
				"up": {"uv": [3, 7, 3.5, 7.8], "texture": "#4"},
				"down": {"uv": [3, 7, 3.5, 7.8], "texture": "#4"}
			}
		},
		{
			"from": [8.4, 10.2, 9.2],
			"to": [10.2, 11.2, 10.2],
			"rotation": {"angle": 22.5, "axis": "x", "origin": [2.3, 5.3, 11.3]},
			"faces": {
				"north": {"uv": [0, 0, 1, 1], "texture": "#4"},
				"east": {"uv": [0, 0, 1, 1], "texture": "#4"},
				"south": {"uv": [0, 0, 1, 1], "texture": "#4"},
				"west": {"uv": [0, 0, 1, 1], "texture": "#4"},
				"up": {"uv": [0, 0, 1, 1], "texture": "#4"},
				"down": {"uv": [0, 0, 1, 1], "texture": "#4"}
			}
		},
		{
			"from": [5.9, 9.2, 17.2],
			"to": [7.9, 11.7, 20.2],
			"rotation": {"angle": 0, "axis": "y", "origin": [-0.1, 4.4, 12.2]},
			"faces": {
				"north": {"uv": [0, 2, 3.1, 3.9], "texture": "#3"},
				"east": {"uv": [0, 2, 3.1, 3.9], "texture": "#3"},
				"south": {"uv": [0, 2, 3.1, 3.9], "texture": "#3"},
				"west": {"uv": [0, 2, 3.1, 3.9], "texture": "#3"},
				"up": {"uv": [0, 2, 3.1, 3.9], "texture": "#3"},
				"down": {"uv": [0, 2, 3.1, 3.9], "texture": "#3"}
			}
		},
		{
			"from": [5.7, 9.3, 14],
			"to": [8.1, 11.5, 17.2],
			"rotation": {"angle": 0, "axis": "y", "origin": [-0.1, 4.4, 12.2]},
			"faces": {
				"north": {"uv": [0, 2, 3.3, 3.6], "texture": "#3"},
				"east": {"uv": [0, 2, 3.3, 3.6], "texture": "#3"},
				"south": {"uv": [0, 2, 3.3, 3.6], "texture": "#3"},
				"west": {"uv": [0, 2, 3.3, 3.6], "texture": "#3"},
				"up": {"uv": [0, 2, 3.3, 3.6], "texture": "#3"},
				"down": {"uv": [0, 2, 3.3, 3.6], "texture": "#3"}
			}
		},
		{
			"from": [6, 9.5, 12.1],
			"to": [7.8, 11.3, 14],
			"rotation": {"angle": 0, "axis": "y", "origin": [-0.1, 4.4, 11.3]},
			"faces": {
				"north": {"uv": [4, 5, 6, 7], "texture": "#4"},
				"east": {"uv": [4, 5, 6, 7], "texture": "#4"},
				"south": {"uv": [4, 5, 6, 7], "texture": "#4"},
				"west": {"uv": [4, 5, 6, 7], "texture": "#4"},
				"up": {"uv": [4, 5, 6, 7], "texture": "#4"},
				"down": {"uv": [4, 5, 6, 7], "texture": "#4"}
			}
		},
		{
			"from": [6, 9.6, 13.9],
			"to": [7.8, 10.6, 14.9],
			"rotation": {"angle": -22.5, "axis": "x", "origin": [-0.1, 4.4, 11.3]},
			"faces": {
				"north": {"uv": [3, 7, 3.5, 7.8], "texture": "#4"},
				"east": {"uv": [3, 7, 3.5, 7.8], "texture": "#4"},
				"south": {"uv": [3, 7, 3.5, 7.8], "texture": "#4"},
				"west": {"uv": [3, 7, 3.5, 7.8], "texture": "#4"},
				"up": {"uv": [3, 7, 3.5, 7.8], "texture": "#4"},
				"down": {"uv": [3, 7, 3.5, 7.8], "texture": "#4"}
			}
		},
		{
			"from": [6, 8.1, 15.1],
			"to": [7.8, 9.1, 16.1],
			"rotation": {"angle": -45, "axis": "x", "origin": [-0.1, 4.4, 11.3]},
			"faces": {
				"north": {"uv": [3, 7, 3.5, 7.8], "texture": "#4"},
				"east": {"uv": [3, 7, 3.5, 7.8], "texture": "#4"},
				"south": {"uv": [3, 7, 3.5, 7.8], "texture": "#4"},
				"west": {"uv": [3, 7, 3.5, 7.8], "texture": "#4"},
				"up": {"uv": [3, 7, 3.5, 7.8], "texture": "#4"},
				"down": {"uv": [3, 7, 3.5, 7.8], "texture": "#4"}
			}
		},
		{
			"from": [6, 9.3, 9.2],
			"to": [7.8, 10.3, 10.2],
			"rotation": {"angle": 22.5, "axis": "x", "origin": [-0.1, 4.4, 11.3]},
			"faces": {
				"north": {"uv": [3, 7, 3.5, 7.8], "texture": "#4"},
				"east": {"uv": [3, 7, 3.5, 7.8], "texture": "#4"},
				"south": {"uv": [3, 7, 3.5, 7.8], "texture": "#4"},
				"west": {"uv": [3, 7, 3.5, 7.8], "texture": "#4"},
				"up": {"uv": [3, 7, 3.5, 7.8], "texture": "#4"},
				"down": {"uv": [3, 7, 3.5, 7.8], "texture": "#4"}
			}
		},
		{
			"from": [5.2, 7, 17.2],
			"to": [7.2, 9.5, 20.2],
			"rotation": {"angle": 0, "axis": "y", "origin": [-0.8, 2.2, 12.2]},
			"faces": {
				"north": {"uv": [0, 2, 3.1, 3.9], "texture": "#3"},
				"east": {"uv": [0, 2, 3.1, 3.9], "texture": "#3"},
				"south": {"uv": [0, 2, 3.1, 3.9], "texture": "#3"},
				"west": {"uv": [0, 2, 3.1, 3.9], "texture": "#3"},
				"up": {"uv": [0, 2, 3.1, 3.9], "texture": "#3"},
				"down": {"uv": [0, 2, 3.1, 3.9], "texture": "#3"}
			}
		},
		{
			"from": [5, 7.1, 14],
			"to": [7.4, 9.3, 17.2],
			"rotation": {"angle": 0, "axis": "y", "origin": [-0.8, 2.2, 12.2]},
			"faces": {
				"north": {"uv": [0, 2, 3.3, 3.6], "texture": "#3"},
				"east": {"uv": [0, 2, 3.3, 3.6], "texture": "#3"},
				"south": {"uv": [0, 2, 3.3, 3.6], "texture": "#3"},
				"west": {"uv": [0, 2, 3.3, 3.6], "texture": "#3"},
				"up": {"uv": [0, 2, 3.3, 3.6], "texture": "#3"},
				"down": {"uv": [0, 2, 3.3, 3.6], "texture": "#3"}
			}
		},
		{
			"from": [5.3, 7.3, 12.1],
			"to": [7.1, 9.1, 14],
			"rotation": {"angle": 0, "axis": "y", "origin": [-0.8, 2.2, 11.3]},
			"faces": {
				"north": {"uv": [4, 5, 6, 7], "texture": "#4"},
				"east": {"uv": [4, 5, 6, 7], "texture": "#4"},
				"south": {"uv": [4, 5, 6, 7], "texture": "#4"},
				"west": {"uv": [4, 5, 6, 7], "texture": "#4"},
				"up": {"uv": [4, 5, 6, 7], "texture": "#4"},
				"down": {"uv": [4, 5, 6, 7], "texture": "#4"}
			}
		},
		{
			"from": [5.3, 7.4, 13.9],
			"to": [7.1, 8.4, 14.9],
			"rotation": {"angle": -22.5, "axis": "x", "origin": [-0.8, 2.2, 11.3]},
			"faces": {
				"north": {"uv": [3, 7, 3.5, 7.8], "texture": "#4"},
				"east": {"uv": [3, 7, 3.5, 7.8], "texture": "#4"},
				"south": {"uv": [3, 7, 3.5, 7.8], "texture": "#4"},
				"west": {"uv": [3, 7, 3.5, 7.8], "texture": "#4"},
				"up": {"uv": [3, 7, 3.5, 7.8], "texture": "#4"},
				"down": {"uv": [3, 7, 3.5, 7.8], "texture": "#4"}
			}
		},
		{
			"from": [5.3, 5.9, 15.1],
			"to": [7.1, 6.9, 16.1],
			"rotation": {"angle": -45, "axis": "x", "origin": [-0.8, 2.2, 11.3]},
			"faces": {
				"north": {"uv": [3, 7, 3.5, 7.8], "texture": "#4"},
				"east": {"uv": [3, 7, 3.5, 7.8], "texture": "#4"},
				"south": {"uv": [3, 7, 3.5, 7.8], "texture": "#4"},
				"west": {"uv": [3, 7, 3.5, 7.8], "texture": "#4"},
				"up": {"uv": [3, 7, 3.5, 7.8], "texture": "#4"},
				"down": {"uv": [3, 7, 3.5, 7.8], "texture": "#4"}
			}
		},
		{
			"from": [5.3, 7.1, 9.2],
			"to": [7.1, 8.1, 10.2],
			"rotation": {"angle": 22.5, "axis": "x", "origin": [-0.8, 2.2, 11.3]},
			"faces": {
				"north": {"uv": [3, 7, 3.5, 7.8], "texture": "#4"},
				"east": {"uv": [3, 7, 3.5, 7.8], "texture": "#4"},
				"south": {"uv": [3, 7, 3.5, 7.8], "texture": "#4"},
				"west": {"uv": [3, 7, 3.5, 7.8], "texture": "#4"},
				"up": {"uv": [3, 7, 3.5, 7.8], "texture": "#4"},
				"down": {"uv": [3, 7, 3.5, 7.8], "texture": "#4"}
			}
		},
		{
			"from": [8, 6.3, 11.3],
			"to": [10.7, 9.9, 20.2],
			"rotation": {"angle": 0, "axis": "y", "origin": [5.5, 2.2, 12.2]},
			"faces": {
				"north": {"uv": [4, 3, 7, 5.5], "texture": "#4"},
				"east": {"uv": [4, 3, 7, 5.5], "texture": "#4"},
				"south": {"uv": [4, 3, 7, 5.5], "texture": "#4"},
				"west": {"uv": [4, 3, 7, 5.5], "texture": "#4"},
				"up": {"uv": [4, 3, 7, 5.5], "texture": "#4"},
				"down": {"uv": [4, 3, 7, 5.5], "texture": "#4"}
			}
		},
		{
			"from": [7.3, 6.9, 11.3],
			"to": [11.4, 9.1, 20.2],
			"rotation": {"angle": 0, "axis": "y", "origin": [5.5, 2.2, 12.2]},
			"faces": {
				"north": {"uv": [4, 3, 7, 5.5], "texture": "#4"},
				"east": {"uv": [4, 3, 7, 5.5], "texture": "#4"},
				"south": {"uv": [4, 3, 7, 5.5], "texture": "#4"},
				"west": {"uv": [4, 3, 7, 5.5], "texture": "#4"},
				"up": {"uv": [4, 3, 7, 5.5], "texture": "#4"},
				"down": {"uv": [4, 3, 7, 5.5], "texture": "#4"}
			}
		},
		{
			"from": [6.6, 12.2, 10.7],
			"to": [12, 15.1, 20.5],
			"rotation": {"angle": 0, "axis": "y", "origin": [5.5, 2.2, 12.2]},
			"faces": {
				"north": {"uv": [5, 8, 6, 10.5], "texture": "#2"},
				"east": {"uv": [5, 8, 6, 10.5], "texture": "#2"},
				"south": {"uv": [5, 8, 6, 10.5], "texture": "#2"},
				"west": {"uv": [5, 8, 6, 10.5], "texture": "#2"},
				"up": {"uv": [5, 8, 6, 10.5], "texture": "#2"},
				"down": {"uv": [5, 8, 6, 10.5], "texture": "#2"}
			}
		},
		{
			"from": [7.3, 9.1, 20.2],
			"to": [11.3, 12.2, 20.5],
			"rotation": {"angle": 0, "axis": "y", "origin": [5.5, 2.2, 12.2]},
			"faces": {
				"north": {"uv": [5, 8, 6, 10.5], "texture": "#2"},
				"east": {"uv": [5, 8, 6, 10.5], "texture": "#2"},
				"south": {"uv": [5, 8, 6, 10.5], "texture": "#2"},
				"west": {"uv": [5, 8, 6, 10.5], "texture": "#2"},
				"up": {"uv": [5, 8, 6, 10.5], "texture": "#2"},
				"down": {"uv": [5, 8, 6, 10.5], "texture": "#2"}
			}
		},
		{
			"from": [7.2, 9.9, 20.5],
			"to": [11.4, 14.8, 25.3],
			"rotation": {"angle": 0, "axis": "y", "origin": [5.5, 2.2, 12.2]},
			"faces": {
				"north": {"uv": [1, 4, 4, 6.7], "texture": "#4"},
				"east": {"uv": [1, 4, 4, 6.7], "texture": "#4"},
				"south": {"uv": [1, 4, 4, 6.7], "texture": "#4"},
				"west": {"uv": [1, 4, 4, 6.7], "texture": "#4"},
				"up": {"uv": [1, 4, 4, 6.7], "texture": "#4"},
				"down": {"uv": [1, 4, 4, 6.7], "texture": "#4"}
			}
		},
		{
			"from": [7.8, 5.5, 21.6],
			"to": [10.9, 9.9, 24.5],
			"rotation": {"angle": 0, "axis": "y", "origin": [5.5, 2.2, 12.2]},
			"faces": {
				"north": {"uv": [1, 4, 4, 6.7], "texture": "#4"},
				"east": {"uv": [1, 4, 4, 6.7], "texture": "#4"},
				"south": {"uv": [1, 4, 4, 6.7], "texture": "#4"},
				"west": {"uv": [1, 4, 4, 6.7], "texture": "#4"},
				"up": {"uv": [1, 4, 4, 6.7], "texture": "#4"},
				"down": {"uv": [1, 4, 4, 6.7], "texture": "#4"}
			}
		},
		{
			"from": [6.2, 11, -2.9],
			"to": [12.4, 16.2, 10.8],
			"rotation": {"angle": 0, "axis": "y", "origin": [5.5, 2.2, 12.2]},
			"faces": {
				"north": {"uv": [1, 4, 4, 6.7], "texture": "#4"},
				"east": {"uv": [1, 4, 4, 6.7], "texture": "#4"},
				"south": {"uv": [1, 4, 4, 6.7], "texture": "#4"},
				"west": {"uv": [1, 4, 4, 6.7], "texture": "#4"},
				"up": {"uv": [1, 4, 4, 6.7], "texture": "#4"},
				"down": {"uv": [1, 4, 4, 6.7], "texture": "#4"}
			}
		},
		{
			"from": [12.2, 3.5, -2.9],
			"to": [14.5, 6, 10.8],
			"rotation": {"angle": 45, "axis": "z", "origin": [5.5, 2.2, 12.2]},
			"faces": {
				"north": {"uv": [5, 7, 12, 11.7], "texture": "#4"},
				"east": {"uv": [5, 7, 12, 11.7], "texture": "#4"},
				"south": {"uv": [5, 7, 12, 11.7], "texture": "#4"},
				"west": {"uv": [5, 7, 12, 11.7], "texture": "#4"},
				"up": {"uv": [5, 7, 12, 11.7], "texture": "#4"},
				"down": {"uv": [5, 7, 12, 11.7], "texture": "#4"}
			}
		},
		{
			"from": [7.2, 10.4, -3.5],
			"to": [11.4, 16.2, -2.8],
			"rotation": {"angle": 0, "axis": "y", "origin": [5.5, 2.2, 12.2]},
			"faces": {
				"north": {"uv": [3, 6, 4, 8.7], "texture": "#2"},
				"east": {"uv": [3, 6, 4, 8.7], "texture": "#2"},
				"south": {"uv": [3, 6, 4, 8.7], "texture": "#2"},
				"west": {"uv": [3, 6, 4, 8.7], "texture": "#2"},
				"up": {"uv": [3, 6, 4, 8.7], "texture": "#2"},
				"down": {"uv": [3, 6, 4, 8.7], "texture": "#2"}
			}
		},
		{
			"from": [8.4, 8.8, -4.8],
			"to": [10.1, 11.5, -2.8],
			"rotation": {"angle": 0, "axis": "y", "origin": [5.5, 2.2, 12.2]},
			"faces": {
				"north": {"uv": [4.9, 7, 5.9, 8.7], "texture": "#4"},
				"east": {"uv": [4.9, 7, 5.9, 8.7], "texture": "#4"},
				"south": {"uv": [4.9, 7, 5.9, 8.7], "texture": "#4"},
				"west": {"uv": [4.9, 7, 5.9, 8.7], "texture": "#4"},
				"up": {"uv": [4.9, 7, 5.9, 8.7], "texture": "#4"},
				"down": {"uv": [4.9, 7, 5.9, 8.7], "texture": "#4"}
			}
		},
		{
			"from": [8.4, 8.3, -7.7],
			"to": [10.1, 11.4, -4.8],
			"rotation": {"angle": 0, "axis": "y", "origin": [5.5, 2.2, 12.2]},
			"faces": {
				"north": {"uv": [4.9, 7, 5.9, 8.7], "texture": "#4"},
				"east": {"uv": [4.9, 7, 5.9, 8.7], "texture": "#4"},
				"south": {"uv": [4.9, 7, 5.9, 8.7], "texture": "#4"},
				"west": {"uv": [4.9, 7, 5.9, 8.7], "texture": "#4"},
				"up": {"uv": [4.9, 7, 5.9, 8.7], "texture": "#4"},
				"down": {"uv": [4.9, 7, 5.9, 8.7], "texture": "#4"}
			}
		},
		{
			"from": [8.4, 8.2, -8.5],
			"to": [10.1, 12.2, -7.7],
			"rotation": {"angle": 0, "axis": "y", "origin": [5.5, 2.2, 12.2]},
			"faces": {
				"north": {"uv": [4.9, 7, 5.9, 8.7], "texture": "#4"},
				"east": {"uv": [4.9, 7, 5.9, 8.7], "texture": "#4"},
				"south": {"uv": [4.9, 7, 5.9, 8.7], "texture": "#4"},
				"west": {"uv": [4.9, 7, 5.9, 8.7], "texture": "#4"},
				"up": {"uv": [4.9, 7, 5.9, 8.7], "texture": "#4"},
				"down": {"uv": [4.9, 7, 5.9, 8.7], "texture": "#4"}
			}
		},
		{
			"from": [8.4, 8.5, -10.4],
			"to": [10.1, 12.2, -8.5],
			"rotation": {"angle": 0, "axis": "y", "origin": [5.5, 2.2, 12.2]},
			"faces": {
				"north": {"uv": [4.9, 7, 5.9, 8.7], "texture": "#4"},
				"east": {"uv": [4.9, 7, 5.9, 8.7], "texture": "#4"},
				"south": {"uv": [4.9, 7, 5.9, 8.7], "texture": "#4"},
				"west": {"uv": [4.9, 7, 5.9, 8.7], "texture": "#4"},
				"up": {"uv": [4.9, 7, 5.9, 8.7], "texture": "#4"},
				"down": {"uv": [4.9, 7, 5.9, 8.7], "texture": "#4"}
			}
		},
		{
			"from": [8.4, 9, -11.9],
			"to": [10.1, 12.2, -10.4],
			"rotation": {"angle": 0, "axis": "y", "origin": [5.5, 2.2, 12.2]},
			"faces": {
				"north": {"uv": [4.9, 7, 5.9, 8.7], "texture": "#4"},
				"east": {"uv": [4.9, 7, 5.9, 8.7], "texture": "#4"},
				"south": {"uv": [4.9, 7, 5.9, 8.7], "texture": "#4"},
				"west": {"uv": [4.9, 7, 5.9, 8.7], "texture": "#4"},
				"up": {"uv": [4.9, 7, 5.9, 8.7], "texture": "#4"},
				"down": {"uv": [4.9, 7, 5.9, 8.7], "texture": "#4"}
			}
		},
		{
			"from": [8.4, 9.5, -12.7],
			"to": [10.1, 12.2, -11.9],
			"rotation": {"angle": 0, "axis": "y", "origin": [5.5, 2.2, 12.2]},
			"faces": {
				"north": {"uv": [4.9, 7, 5.9, 8.7], "texture": "#4"},
				"east": {"uv": [4.9, 7, 5.9, 8.7], "texture": "#4"},
				"south": {"uv": [4.9, 7, 5.9, 8.7], "texture": "#4"},
				"west": {"uv": [4.9, 7, 5.9, 8.7], "texture": "#4"},
				"up": {"uv": [4.9, 7, 5.9, 8.7], "texture": "#4"},
				"down": {"uv": [4.9, 7, 5.9, 8.7], "texture": "#4"}
			}
		},
		{
			"from": [8.4, -0.4, -16],
			"to": [10.1, 0.6, -13.5],
			"rotation": {"angle": 22.5, "axis": "x", "origin": [5.5, 2.2, 12.2]},
			"faces": {
				"north": {"uv": [4.9, 7, 5.9, 8.7], "texture": "#4"},
				"east": {"uv": [4.9, 7, 5.9, 8.7], "texture": "#4"},
				"south": {"uv": [4.9, 7, 5.9, 8.7], "texture": "#4"},
				"west": {"uv": [4.9, 7, 5.9, 8.7], "texture": "#4"},
				"up": {"uv": [4.9, 7, 5.9, 8.7], "texture": "#4"},
				"down": {"uv": [4.9, 7, 5.9, 8.7], "texture": "#4"}
			}
		},
		{
			"from": [14.9, 6.3, -5],
			"to": [17.9, 9.3, -3.5],
			"rotation": {"angle": 45, "axis": "z", "origin": [5.5, 2.2, 12.2]},
			"faces": {
				"north": {"uv": [0, 10.4, 1.4, 14.4], "rotation": 90, "texture": "#4"},
				"east": {"uv": [0, 10.4, 1.4, 14.4], "rotation": 90, "texture": "#4"},
				"south": {"uv": [0, 10.4, 1.4, 14.4], "rotation": 90, "texture": "#4"},
				"west": {"uv": [0, 10.4, 1.4, 14.4], "rotation": 90, "texture": "#4"},
				"up": {"uv": [0, 10.4, 1.4, 14.4], "rotation": 90, "texture": "#4"},
				"down": {"uv": [0, 10.4, 1.4, 14.4], "rotation": 90, "texture": "#4"}
			}
		},
		{
			"from": [7.8, 12.4, -5],
			"to": [10.8, 15.4, -3.5],
			"rotation": {"angle": 0, "axis": "z", "origin": [5.5, 2.2, 12.2]},
			"faces": {
				"north": {"uv": [0, 10.4, 1.4, 14.4], "rotation": 90, "texture": "#4"},
				"east": {"uv": [0, 10.4, 1.4, 14.4], "rotation": 90, "texture": "#4"},
				"south": {"uv": [0, 10.4, 1.4, 14.4], "rotation": 90, "texture": "#4"},
				"west": {"uv": [0, 10.4, 1.4, 14.4], "rotation": 90, "texture": "#4"},
				"up": {"uv": [0, 10.4, 1.4, 14.4], "rotation": 90, "texture": "#4"},
				"down": {"uv": [0, 10.4, 1.4, 14.4], "rotation": 90, "texture": "#4"}
			}
		},
		{
			"from": [7.4, 11.3, 10.7],
			"to": [11.1, 12.2, 20.5],
			"rotation": {"angle": 0, "axis": "y", "origin": [5.5, 2.2, 12.2]},
			"faces": {
				"north": {"uv": [3, 6, 4, 8.7], "texture": "#4"},
				"east": {"uv": [3, 6, 4, 8.7], "texture": "#4"},
				"south": {"uv": [3, 6, 4, 8.7], "texture": "#4"},
				"west": {"uv": [3, 6, 4, 8.7], "texture": "#4"},
				"up": {"uv": [3, 6, 4, 8.7], "texture": "#4"},
				"down": {"uv": [3, 6, 4, 8.7], "texture": "#4"}
			}
		},
		{
			"from": [6.7, 9.5, -2.9],
			"to": [11.9, 11, 10.8],
			"rotation": {"angle": 0, "axis": "y", "origin": [5.5, 2.2, 12.2]},
			"faces": {
				"north": {"uv": [1, 4, 4, 6.7], "texture": "#4"},
				"east": {"uv": [1, 4, 4, 6.7], "texture": "#4"},
				"south": {"uv": [1, 4, 4, 6.7], "texture": "#4"},
				"west": {"uv": [1, 4, 4, 6.7], "texture": "#4"},
				"up": {"uv": [1, 4, 4, 6.7], "texture": "#4"},
				"down": {"uv": [1, 4, 4, 6.7], "texture": "#4"}
			}
		},
		{
			"from": [7.9, 16.2, 4],
			"to": [10.8, 17, 9.4],
			"rotation": {"angle": 0, "axis": "y", "origin": [5.5, 2.2, 12.2]},
			"faces": {
				"north": {"uv": [1, 8, 2, 9.7], "texture": "#3"},
				"east": {"uv": [1, 8, 2, 9.7], "texture": "#3"},
				"south": {"uv": [1, 8, 2, 9.7], "texture": "#3"},
				"west": {"uv": [1, 8, 2, 9.7], "texture": "#3"},
				"up": {"uv": [1, 8, 2, 9.7], "texture": "#3"},
				"down": {"uv": [1, 8, 2, 9.7], "texture": "#3"}
			}
		},
		{
			"from": [8.4, 10.7, -15],
			"to": [10.1, 12.2, -12.6],
			"rotation": {"angle": 0, "axis": "y", "origin": [5.5, 2.2, 12.2]},
			"faces": {
				"north": {"uv": [4.9, 7, 5.9, 8.7], "texture": "#4"},
				"east": {"uv": [4.9, 7, 5.9, 8.7], "texture": "#4"},
				"south": {"uv": [4.9, 7, 5.9, 8.7], "texture": "#4"},
				"west": {"uv": [4.9, 7, 5.9, 8.7], "texture": "#4"},
				"up": {"uv": [4.9, 7, 5.9, 8.7], "texture": "#4"},
				"down": {"uv": [4.9, 7, 5.9, 8.7], "texture": "#4"}
			}
		},
		{
			"from": [8.4, 11.2, -15.7],
			"to": [10.1, 12.2, -15],
			"rotation": {"angle": 0, "axis": "y", "origin": [5.5, 2.2, 12.2]},
			"faces": {
				"north": {"uv": [4.9, 7, 5.9, 8.7], "texture": "#4"},
				"east": {"uv": [4.9, 7, 5.9, 8.7], "texture": "#4"},
				"south": {"uv": [4.9, 7, 5.9, 8.7], "texture": "#4"},
				"west": {"uv": [4.9, 7, 5.9, 8.7], "texture": "#4"},
				"up": {"uv": [4.9, 7, 5.9, 8.7], "texture": "#4"},
				"down": {"uv": [4.9, 7, 5.9, 8.7], "texture": "#4"}
			}
		},
		{
			"from": [9.1, 16.2, -1.9],
			"to": [9.6, 17.2, -1.2],
			"rotation": {"angle": 0, "axis": "y", "origin": [5.5, 2.2, 12.2]},
			"faces": {
				"north": {"uv": [12, 13.3, 13, 16], "texture": "#2"},
				"east": {"uv": [12, 13.3, 13, 16], "texture": "#2"},
				"south": {"uv": [12, 13.3, 13, 16], "texture": "#2"},
				"west": {"uv": [12, 13.3, 13, 16], "texture": "#2"},
				"up": {"uv": [12, 13.3, 13, 16], "texture": "#2"},
				"down": {"uv": [12, 13.3, 13, 16], "texture": "#2"}
			}
		},
		{
			"from": [9.1, 17.7, -1.8],
			"to": [9.6, 21.8, -1.3],
			"rotation": {"angle": 0, "axis": "y", "origin": [5.5, 1.3, 12.2]},
			"faces": {
				"north": {"uv": [12, 13.3, 13, 16], "texture": "#2"},
				"east": {"uv": [12, 13.3, 13, 16], "texture": "#2"},
				"south": {"uv": [12, 13.3, 13, 16], "texture": "#2"},
				"west": {"uv": [12, 13.3, 13, 16], "texture": "#2"},
				"up": {"uv": [12, 13.3, 13, 16], "texture": "#2"},
				"down": {"uv": [12, 13.3, 13, 16], "texture": "#2"}
			}
		},
		{
			"from": [7.3, 19.5, -1.8],
			"to": [11.4, 20, -1.3],
			"rotation": {"angle": 0, "axis": "y", "origin": [5.5, 1.3, 12.2]},
			"faces": {
				"north": {"uv": [12, 13.3, 13, 16], "texture": "#2"},
				"east": {"uv": [12, 13.3, 13, 16], "texture": "#2"},
				"south": {"uv": [12, 13.3, 13, 16], "texture": "#2"},
				"west": {"uv": [12, 13.3, 13, 16], "texture": "#2"},
				"up": {"uv": [12, 13.3, 13, 16], "texture": "#2"},
				"down": {"uv": [12, 13.3, 13, 16], "texture": "#2"}
			}
		},
		{
			"from": [8, 17.2, -1.9],
			"to": [10.6, 17.7, -1.2],
			"rotation": {"angle": 0, "axis": "y", "origin": [5.5, 1.3, 12.2]},
			"faces": {
				"north": {"uv": [12, 13.3, 13, 16], "texture": "#2"},
				"east": {"uv": [12, 13.3, 13, 16], "texture": "#2"},
				"south": {"uv": [12, 13.3, 13, 16], "texture": "#2"},
				"west": {"uv": [12, 13.3, 13, 16], "texture": "#2"},
				"up": {"uv": [12, 13.3, 13, 16], "texture": "#2"},
				"down": {"uv": [12, 13.3, 13, 16], "texture": "#2"}
			}
		},
		{
			"from": [8, 21.8, -1.9],
			"to": [10.6, 22.3, -1.2],
			"rotation": {"angle": 0, "axis": "y", "origin": [5.5, 1.3, 12.2]},
			"faces": {
				"north": {"uv": [12, 13.3, 13, 16], "texture": "#2"},
				"east": {"uv": [12, 13.3, 13, 16], "texture": "#2"},
				"south": {"uv": [12, 13.3, 13, 16], "texture": "#2"},
				"west": {"uv": [12, 13.3, 13, 16], "texture": "#2"},
				"up": {"uv": [12, 13.3, 13, 16], "texture": "#2"},
				"down": {"uv": [12, 13.3, 13, 16], "texture": "#2"}
			}
		},
		{
			"from": [-5.7, 19.2, -1.9],
			"to": [-4.1, 19.7, -1.2],
			"rotation": {"angle": -45, "axis": "z", "origin": [5.5, 1.3, 12.2]},
			"faces": {
				"north": {"uv": [12, 13.3, 13, 16], "texture": "#2"},
				"east": {"uv": [12, 13.3, 13, 16], "texture": "#2"},
				"south": {"uv": [12, 13.3, 13, 16], "texture": "#2"},
				"west": {"uv": [12, 13.3, 13, 16], "texture": "#2"},
				"up": {"uv": [12, 13.3, 13, 16], "texture": "#2"},
				"down": {"uv": [12, 13.3, 13, 16], "texture": "#2"}
			}
		},
		{
			"from": [11.3, 18.5, -1.9],
			"to": [11.8, 21.1, -1.2],
			"rotation": {"angle": 0, "axis": "z", "origin": [5.5, 1.3, 12.2]},
			"faces": {
				"north": {"uv": [12, 13.3, 13, 16], "rotation": 270, "texture": "#2"},
				"east": {"uv": [12, 13.3, 13, 16], "rotation": 90, "texture": "#2"},
				"south": {"uv": [12, 13.3, 13, 16], "rotation": 90, "texture": "#2"},
				"west": {"uv": [12, 13.3, 13, 16], "rotation": 90, "texture": "#2"},
				"up": {"uv": [12, 13.3, 13, 16], "rotation": 90, "texture": "#2"},
				"down": {"uv": [12, 13.3, 13, 16], "rotation": 90, "texture": "#2"}
			}
		},
		{
			"from": [6.8, 18.5, -1.9],
			"to": [7.3, 21.1, -1.2],
			"rotation": {"angle": 0, "axis": "y", "origin": [5.5, 1.3, 12.2]},
			"faces": {
				"north": {"uv": [12, 13.3, 13, 16], "rotation": 270, "texture": "#2"},
				"east": {"uv": [12, 13.3, 13, 16], "rotation": 90, "texture": "#2"},
				"south": {"uv": [12, 13.3, 13, 16], "rotation": 90, "texture": "#2"},
				"west": {"uv": [12, 13.3, 13, 16], "rotation": 90, "texture": "#2"},
				"up": {"uv": [12, 13.3, 13, 16], "rotation": 90, "texture": "#2"},
				"down": {"uv": [12, 13.3, 13, 16], "rotation": 90, "texture": "#2"}
			}
		},
		{
			"from": [-5.7, 14.3, -1.9],
			"to": [-4.1, 14.8, -1.2],
			"rotation": {"angle": -45, "axis": "z", "origin": [5.5, 1.3, 12.2]},
			"faces": {
				"north": {"uv": [12, 13.3, 13, 16], "texture": "#2"},
				"east": {"uv": [12, 13.3, 13, 16], "texture": "#2"},
				"south": {"uv": [12, 13.3, 13, 16], "texture": "#2"},
				"west": {"uv": [12, 13.3, 13, 16], "texture": "#2"},
				"up": {"uv": [12, 13.3, 13, 16], "texture": "#2"},
				"down": {"uv": [12, 13.3, 13, 16], "texture": "#2"}
			}
		},
		{
			"from": [-7.6, 16.2, -1.9],
			"to": [-7.1, 17.8, -1.2],
			"rotation": {"angle": -45, "axis": "z", "origin": [5.5, 1.3, 12.2]},
			"faces": {
				"north": {"uv": [12, 13.3, 13, 16], "rotation": 90, "texture": "#2"},
				"east": {"uv": [12, 13.3, 13, 16], "rotation": 270, "texture": "#2"},
				"south": {"uv": [12, 13.3, 13, 16], "rotation": 270, "texture": "#2"},
				"west": {"uv": [12, 13.3, 13, 16], "rotation": 270, "texture": "#2"},
				"up": {"uv": [12, 13.3, 13, 16], "rotation": 270, "texture": "#2"},
				"down": {"uv": [12, 13.3, 13, 16], "rotation": 270, "texture": "#2"}
			}
		},
		{
			"from": [-2.6, 16.3, -1.9],
			"to": [-2.1, 17.9, -1.2],
			"rotation": {"angle": -45, "axis": "z", "origin": [5.5, 1.3, 12.2]},
			"faces": {
				"north": {"uv": [12, 13.3, 13, 16], "rotation": 90, "texture": "#2"},
				"east": {"uv": [12, 13.3, 13, 16], "rotation": 270, "texture": "#2"},
				"south": {"uv": [12, 13.3, 13, 16], "rotation": 270, "texture": "#2"},
				"west": {"uv": [12, 13.3, 13, 16], "rotation": 270, "texture": "#2"},
				"up": {"uv": [12, 13.3, 13, 16], "rotation": 270, "texture": "#2"},
				"down": {"uv": [12, 13.3, 13, 16], "rotation": 270, "texture": "#2"}
			}
		}
	],
	"display": {
		"thirdperson_righthand": {
			"rotation": [68, 0, 0],
			"translation": [-0.25, 4.25, -0.75],
			"scale": [0.7, 0.7, 0.7]
		},
		"thirdperson_lefthand": {
			"rotation": [68, 0, 0],
			"translation": [1.25, 4.25, -0.75],
			"scale": [0.7, 0.7, 0.7]
		},
		"firstperson_righthand": {
			"translation": [0, -4.5, 0]
		},
		"firstperson_lefthand": {
			"translation": [0, -4.5, 0]
		},
		"gui": {
			"rotation": [0, 105, 0],
			"translation": [0, -2.75, 0],
			"scale": [0.63, 0.61, 0.55]
		},
		"head": {
			"translation": [1, -39, 3.5]
		}
	},
	"groups": [
		0,
		1,
		2,
		3,
		4,
		5,
		{
			"name": "group",
			"origin": [8, 8, 8],
			"color": 0,
			"children": []
		},
		6,
		7,
		8,
		9,
		10,
		11,
		12,
		13,
		14,
		15,
		16,
		17,
		18,
		19,
		20,
		21,
		22,
		23,
		24,
		25,
		26,
		27,
		28,
		29,
		30,
		31,
		32,
		33,
		34,
		35,
		36,
		37,
		38,
		39,
		40,
		41,
		42,
		43,
		44,
		45,
		46,
		47,
		48,
		49,
		50,
		51,
		52,
		53,
		54,
		55,
		56,
		57,
		58,
		59,
		60,
		61,
		62,
		63,
		64,
		65,
		66,
		67,
		68,
		69,
		70,
		71,
		72,
		73,
		74,
		75,
		76,
		77,
		78,
		79,
		80,
		81
	]
}